Copyright 1986-2022 Xilinx, Inc. All Rights Reserved. Copyright 2022-2025 Advanced Micro Devices, Inc. All Rights Reserved.
---------------------------------------------------------------------------------------------------------------------------------------------------------------------------------------------------------------------------------------------------------
| Tool Version : Vivado v.2025.2 (lin64) Build 6299465 Fri Nov 14 12:34:56 MST 2025
| Date         : Wed Aug 19 17:53:32 2026
| Host         : borek running 64-bit Ubuntu 26.04 LTS
| Command      : report_timing_summary -delay_type min_max -report_unconstrained -check_timing_verbose -max_paths 20 -file {<isolated-build>/evidence/top_module_new_pcb_jc_timing_summary.rpt}
| Design       : top_module
| Device       : 7a35t-cpg236
| Speed File   : -1  PRODUCTION 1.23 2018-06-13
| Design State : Routed
---------------------------------------------------------------------------------------------------------------------------------------------------------------------------------------------------------------------------------------------------------

Timing Summary Report

------------------------------------------------------------------------------------------------
| Timer Settings
| --------------
------------------------------------------------------------------------------------------------

  Enable Multi Corner Analysis               :  Yes
  Enable Pessimism Removal                   :  Yes
  Pessimism Removal Resolution               :  Nearest Common Node
  Enable Input Delay Default Clock           :  No
  Enable Preset / Clear Arcs                 :  No
  Disable Flight Delays                      :  No
  Ignore I/O Paths                           :  No
  Timing Early Launch at Borrowing Latches   :  No
  Borrow Time for Max Delay Exceptions       :  Yes
  Merge Timing Exceptions                    :  Yes
  Inter-SLR Compensation                     :  Conservative

  Corner  Analyze    Analyze    
  Name    Max Paths  Min Paths  
  ------  ---------  ---------  
  Slow    Yes        Yes        
  Fast    Yes        Yes        


------------------------------------------------------------------------------------------------
| Report Methodology
| ------------------
------------------------------------------------------------------------------------------------

Rule       Severity  Description                    Violations  
---------  --------  -----------------------------  ----------  
TIMING-18  Warning   Missing input or output delay  36          

Note: This report is based on the most recent report_methodology run and may not be up-to-date. Run report_methodology on the current design for the latest report.



check_timing report

Table of Contents
-----------------
1. checking no_clock (0)
2. checking constant_clock (0)
3. checking pulse_width_clock (0)
4. checking unconstrained_internal_endpoints (0)
5. checking no_input_delay (18)
6. checking no_output_delay (18)
7. checking multiple_clock (0)
8. checking generated_clocks (0)
9. checking loops (0)
10. checking partial_input_delay (0)
11. checking partial_output_delay (0)
12. checking latch_loops (0)

1. checking no_clock (0)
------------------------
 There are 0 register/latch pins with no clock.


2. checking constant_clock (0)
------------------------------
 There are 0 register/latch pins with constant_clock.


3. checking pulse_width_clock (0)
---------------------------------
 There are 0 register/latch pins which need pulse_width check


4. checking unconstrained_internal_endpoints (0)
------------------------------------------------
 There are 0 pins that are not constrained for maximum delay.

 There are 0 pins that are not constrained for maximum delay due to constant clock.


5. checking no_input_delay (18)
-------------------------------
 There are 18 input ports with no input delay specified. (HIGH)

debug_enable_in
digit_sw_in[0]
digit_sw_in[1]
digit_sw_in[2]
digit_sw_in[3]
digit_sw_in[4]
digit_sw_in[5]
digit_sw_in[6]
digit_sw_in[7]
digit_sw_in[8]
digit_sw_in[9]
flush
reset_in
spi_miso
start_in
switch
trial_dec_in
trial_inc_in

 There are 0 input ports with no input delay but user has a false path constraint.


6. checking no_output_delay (18)
--------------------------------
 There are 18 ports with no output delay specified. (HIGH)

a_to_g[0]
a_to_g[1]
a_to_g[2]
a_to_g[3]
a_to_g[4]
a_to_g[5]
a_to_g[6]
adcbusy
adcdone
an[0]
an[1]
an[2]
an[3]
cs_out
flush_done
ready_out
spi_clk
txd_out

 There are 0 ports with no output delay but user has a false path constraint

 There are 0 ports with no output delay but with a timing clock defined on it or propagating through it


7. checking multiple_clock (0)
------------------------------
 There are 0 register/latch pins with multiple clocks.


8. checking generated_clocks (0)
--------------------------------
 There are 0 generated clocks that are not connected to a clock source.


9. checking loops (0)
---------------------
 There are 0 combinational loops in the design.


10. checking partial_input_delay (0)
------------------------------------
 There are 0 input ports with partial input delay specified.


11. checking partial_output_delay (0)
-------------------------------------
 There are 0 ports with partial output delay specified.


12. checking latch_loops (0)
----------------------------
 There are 0 combinational latch loops in the design through latch input



------------------------------------------------------------------------------------------------
| Design Timing Summary
| ---------------------
------------------------------------------------------------------------------------------------

    WNS(ns)      TNS(ns)  TNS Failing Endpoints  TNS Total Endpoints      WHS(ns)      THS(ns)  THS Failing Endpoints  THS Total Endpoints     WPWS(ns)     TPWS(ns)  TPWS Failing Endpoints  TPWS Total Endpoints  
    -------      -------  ---------------------  -------------------      -------      -------  ---------------------  -------------------     --------     --------  ----------------------  --------------------  
      0.671        0.000                      0                22420        0.020        0.000                      0                22420        4.020        0.000                       0                  8721  


All user specified timing constraints are met.


------------------------------------------------------------------------------------------------
| Clock Summary
| -------------
------------------------------------------------------------------------------------------------

Clock        Waveform(ns)       Period(ns)      Frequency(MHz)
-----        ------------       ----------      --------------
sys_clk_pin  {0.000 5.000}      10.000          100.000         


------------------------------------------------------------------------------------------------
| Intra Clock Table
| -----------------
------------------------------------------------------------------------------------------------

Clock             WNS(ns)      TNS(ns)  TNS Failing Endpoints  TNS Total Endpoints      WHS(ns)      THS(ns)  THS Failing Endpoints  THS Total Endpoints     WPWS(ns)     TPWS(ns)  TPWS Failing Endpoints  TPWS Total Endpoints  
-----             -------      -------  ---------------------  -------------------      -------      -------  ---------------------  -------------------     --------     --------  ----------------------  --------------------  
sys_clk_pin         0.671        0.000                      0                22420        0.020        0.000                      0                22420        4.020        0.000                       0                  8721  


------------------------------------------------------------------------------------------------
| Inter Clock Table
| -----------------
------------------------------------------------------------------------------------------------

From Clock    To Clock          WNS(ns)      TNS(ns)  TNS Failing Endpoints  TNS Total Endpoints      WHS(ns)      THS(ns)  THS Failing Endpoints  THS Total Endpoints  
----------    --------          -------      -------  ---------------------  -------------------      -------      -------  ---------------------  -------------------  


------------------------------------------------------------------------------------------------
| Other Path Groups Table
| -----------------------
------------------------------------------------------------------------------------------------

Path Group    From Clock    To Clock          WNS(ns)      TNS(ns)  TNS Failing Endpoints  TNS Total Endpoints      WHS(ns)      THS(ns)  THS Failing Endpoints  THS Total Endpoints  
----------    ----------    --------          -------      -------  ---------------------  -------------------      -------      -------  ---------------------  -------------------  


------------------------------------------------------------------------------------------------
| User Ignored Path Table
| -----------------------
------------------------------------------------------------------------------------------------

Path Group    From Clock    To Clock    
----------    ----------    --------    


------------------------------------------------------------------------------------------------
| Unconstrained Path Table
| ------------------------
------------------------------------------------------------------------------------------------

Path Group    From Clock    To Clock    
----------    ----------    --------    
(none)                                    
(none)        sys_clk_pin                 
(none)                      sys_clk_pin   


------------------------------------------------------------------------------------------------
| Timing Details
| --------------
------------------------------------------------------------------------------------------------


---------------------------------------------------------------------------------------------------
From Clock:  sys_clk_pin
  To Clock:  sys_clk_pin

Setup :            0  Failing Endpoints,  Worst Slack        0.671ns,  Total Violation        0.000ns
Hold  :            0  Failing Endpoints,  Worst Slack        0.020ns,  Total Violation        0.000ns
PW    :            0  Failing Endpoints,  Worst Slack        4.020ns,  Total Violation        0.000ns
---------------------------------------------------------------------------------------------------


Max Delay Paths
--------------------------------------------------------------------------------------
Slack (MET) :             0.671ns  (required time - arrival time)
  Source:                 compc/frame_in_reg[96]/C
                            (rising edge-triggered cell FDRE clocked by sys_clk_pin  {rise@0.000ns fall@5.000ns period=10.000ns})
  Destination:            compc/pair_sum_reg[63]/D
                            (rising edge-triggered cell FDRE clocked by sys_clk_pin  {rise@0.000ns fall@5.000ns period=10.000ns})
  Path Group:             sys_clk_pin
  Path Type:              Setup (Max at Slow Process Corner)
  Requirement:            10.000ns  (sys_clk_pin rise@10.000ns - sys_clk_pin rise@0.000ns)
  Data Path Delay:        9.389ns  (logic 5.356ns (57.045%)  route 4.033ns (42.955%))
  Logic Levels:           24  (CARRY4=19 LUT1=1 LUT4=2 LUT5=1 LUT6=1)
  Clock Path Skew:        0.020ns (DCD - SCD + CPR)
    Destination Clock Delay (DCD):    4.843ns = ( 14.843 - 10.000 ) 
    Source Clock Delay      (SCD):    5.083ns
    Clock Pessimism Removal (CPR):    0.260ns
  Clock Uncertainty:      0.035ns  ((TSJ^2 + TIJ^2)^1/2 + DJ) / 2 + PE
    Total System Jitter     (TSJ):    0.071ns
    Total Input Jitter      (TIJ):    0.000ns
    Discrete Jitter          (DJ):    0.000ns
    Phase Error              (PE):    0.000ns

    Location             Delay type                Incr(ns)  Path(ns)    Netlist Resource(s)
  -------------------------------------------------------------------    -------------------
                         (clock sys_clk_pin rise edge)
                                                      0.000     0.000 r  
    W5                                                0.000     0.000 r  clock_in (IN)
                         net (fo=0)                   0.000     0.000    clock_in
    W5                   IBUF (Prop_ibuf_I_O)         1.458     1.458 r  clock_in_IBUF_inst/O
                         net (fo=1, routed)           1.967     3.425    clock_in_IBUF
    BUFGCTRL_X0Y0        BUFG (Prop_bufg_I_O)         0.096     3.521 r  clock_in_IBUF_BUFG_inst/O
                         net (fo=8720, routed)        1.562     5.083    compc/clock_in_IBUF_BUFG
    SLICE_X9Y15          FDRE                                         r  compc/frame_in_reg[96]/C
  -------------------------------------------------------------------    -------------------
    SLICE_X9Y15          FDRE (Prop_fdre_C_Q)         0.456     5.539 r  compc/frame_in_reg[96]/Q
                         net (fo=1, routed)           1.182     6.722    compc/data1[0]
    SLICE_X7Y12          LUT6 (Prop_lut6_I3_O)        0.124     6.846 r  compc/pair_sum[3]_i_23/O
                         net (fo=2, routed)           0.929     7.774    compc/pair_sum[3]_i_23_n_0
    SLICE_X5Y6           LUT5 (Prop_lut5_I2_O)        0.124     7.898 r  compc/pair_sum[3]_i_15/O
                         net (fo=1, routed)           0.000     7.898    compc/pair_sum[3]_i_15_n_0
    SLICE_X5Y6           CARRY4 (Prop_carry4_S[0]_CO[3])
                                                      0.532     8.430 r  compc/pair_sum_reg[3]_i_7/CO[3]
                         net (fo=1, routed)           0.000     8.430    compc/pair_sum_reg[3]_i_7_n_0
    SLICE_X5Y7           CARRY4 (Prop_carry4_CI_O[0])
                                                      0.222     8.652 f  compc/pair_sum_reg[7]_i_7/O[0]
                         net (fo=2, routed)           0.707     9.359    compc/abs_diff_v1[4]
    SLICE_X3Y8           LUT1 (Prop_lut1_I0_O)        0.299     9.658 r  compc/pair_sum[7]_i_18/O
                         net (fo=1, routed)           0.000     9.658    compc/pair_sum[7]_i_18_n_0
    SLICE_X3Y8           CARRY4 (Prop_carry4_S[3]_CO[3])
                                                      0.401    10.059 r  compc/pair_sum_reg[7]_i_8/CO[3]
                         net (fo=1, routed)           0.000    10.059    compc/pair_sum_reg[7]_i_8_n_0
    SLICE_X3Y9           CARRY4 (Prop_carry4_CI_O[0])
                                                      0.222    10.281 r  compc/pair_sum_reg[11]_i_8/O[0]
                         net (fo=1, routed)           0.582    10.863    compc/abs_diff_v0[5]
    SLICE_X4Y9           LUT4 (Prop_lut4_I1_O)        0.299    11.162 r  compc/pair_sum[7]_i_5/O
                         net (fo=1, routed)           0.000    11.162    compc/pair_sum[7]_i_5_n_0
    SLICE_X4Y9           CARRY4 (Prop_carry4_S[1]_CO[3])
                                                      0.550    11.712 r  compc/pair_sum_reg[7]_i_2/CO[3]
                         net (fo=1, routed)           0.000    11.712    compc/pair_sum_reg[7]_i_2_n_0
    SLICE_X4Y10          CARRY4 (Prop_carry4_CI_CO[3])
                                                      0.114    11.826 r  compc/pair_sum_reg[11]_i_2/CO[3]
                         net (fo=1, routed)           0.000    11.826    compc/pair_sum_reg[11]_i_2_n_0
    SLICE_X4Y11          CARRY4 (Prop_carry4_CI_CO[3])
                                                      0.114    11.940 r  compc/pair_sum_reg[15]_i_2/CO[3]
                         net (fo=1, routed)           0.000    11.940    compc/pair_sum_reg[15]_i_2_n_0
    SLICE_X4Y12          CARRY4 (Prop_carry4_CI_CO[3])
                                                      0.114    12.054 r  compc/pair_sum_reg[19]_i_2/CO[3]
                         net (fo=1, routed)           0.000    12.054    compc/pair_sum_reg[19]_i_2_n_0
    SLICE_X4Y13          CARRY4 (Prop_carry4_CI_CO[3])
                                                      0.114    12.168 r  compc/pair_sum_reg[23]_i_2/CO[3]
                         net (fo=1, routed)           0.000    12.168    compc/pair_sum_reg[23]_i_2_n_0
    SLICE_X4Y14          CARRY4 (Prop_carry4_CI_CO[3])
                                                      0.114    12.282 r  compc/pair_sum_reg[27]_i_2/CO[3]
                         net (fo=1, routed)           0.000    12.282    compc/pair_sum_reg[27]_i_2_n_0
    SLICE_X4Y15          CARRY4 (Prop_carry4_CI_CO[3])
                                                      0.114    12.396 r  compc/pair_sum_reg[31]_i_2/CO[3]
                         net (fo=1, routed)           0.000    12.396    compc/pair_sum_reg[31]_i_2_n_0
    SLICE_X4Y16          CARRY4 (Prop_carry4_CI_CO[3])
                                                      0.114    12.510 r  compc/pair_sum_reg[35]_i_2/CO[3]
                         net (fo=1, routed)           0.000    12.510    compc/pair_sum_reg[35]_i_2_n_0
    SLICE_X4Y17          CARRY4 (Prop_carry4_CI_CO[3])
                                                      0.114    12.624 r  compc/pair_sum_reg[39]_i_2/CO[3]
                         net (fo=1, routed)           0.000    12.624    compc/pair_sum_reg[39]_i_2_n_0
    SLICE_X4Y18          CARRY4 (Prop_carry4_CI_CO[3])
                                                      0.114    12.738 r  compc/pair_sum_reg[43]_i_2/CO[3]
                         net (fo=1, routed)           0.000    12.738    compc/pair_sum_reg[43]_i_2_n_0
    SLICE_X4Y19          CARRY4 (Prop_carry4_CI_CO[3])
                                                      0.114    12.852 r  compc/pair_sum_reg[47]_i_2/CO[3]
                         net (fo=1, routed)           0.000    12.852    compc/pair_sum_reg[47]_i_2_n_0
    SLICE_X4Y20          CARRY4 (Prop_carry4_CI_CO[3])
                                                      0.114    12.966 r  compc/pair_sum_reg[51]_i_2/CO[3]
                         net (fo=1, routed)           0.000    12.966    compc/pair_sum_reg[51]_i_2_n_0
    SLICE_X4Y21          CARRY4 (Prop_carry4_CI_CO[3])
                                                      0.114    13.080 r  compc/pair_sum_reg[55]_i_2/CO[3]
                         net (fo=1, routed)           0.000    13.080    compc/pair_sum_reg[55]_i_2_n_0
    SLICE_X4Y22          CARRY4 (Prop_carry4_CI_CO[3])
                                                      0.114    13.194 r  compc/pair_sum_reg[59]_i_2/CO[3]
                         net (fo=1, routed)           0.000    13.194    compc/pair_sum_reg[59]_i_2_n_0
    SLICE_X4Y23          CARRY4 (Prop_carry4_CI_O[3])
                                                      0.313    13.507 r  compc/pair_sum_reg[63]_i_4/O[3]
                         net (fo=1, routed)           0.633    14.140    compc/pair_sum_v0[63]
    SLICE_X7Y23          LUT4 (Prop_lut4_I0_O)        0.332    14.472 r  compc/pair_sum[63]_i_2/O
                         net (fo=1, routed)           0.000    14.472    compc/pair_sum_v1_in[63]
    SLICE_X7Y23          FDRE                                         r  compc/pair_sum_reg[63]/D
  -------------------------------------------------------------------    -------------------

                         (clock sys_clk_pin rise edge)
                                                     10.000    10.000 r  
    W5                                                0.000    10.000 r  clock_in (IN)
                         net (fo=0)                   0.000    10.000    clock_in
    W5                   IBUF (Prop_ibuf_I_O)         1.388    11.388 r  clock_in_IBUF_inst/O
                         net (fo=1, routed)           1.862    13.250    clock_in_IBUF
    BUFGCTRL_X0Y0        BUFG (Prop_bufg_I_O)         0.091    13.341 r  clock_in_IBUF_BUFG_inst/O
                         net (fo=8720, routed)        1.502    14.843    compc/clock_in_IBUF_BUFG
    SLICE_X7Y23          FDRE                                         r  compc/pair_sum_reg[63]/C
                         clock pessimism              0.260    15.103    
                         clock uncertainty           -0.035    15.068    
    SLICE_X7Y23          FDRE (Setup_fdre_C_D)        0.075    15.143    compc/pair_sum_reg[63]
  -------------------------------------------------------------------
                         required time                         15.143    
                         arrival time                         -14.472    
  -------------------------------------------------------------------
                         slack                                  0.671    

Slack (MET) :             0.721ns  (required time - arrival time)
  Source:                 compc/frame_in_reg[96]/C
                            (rising edge-triggered cell FDRE clocked by sys_clk_pin  {rise@0.000ns fall@5.000ns period=10.000ns})
  Destination:            compc/pair_sum_reg[61]/D
                            (rising edge-triggered cell FDRE clocked by sys_clk_pin  {rise@0.000ns fall@5.000ns period=10.000ns})
  Path Group:             sys_clk_pin
  Path Type:              Setup (Max at Slow Process Corner)
  Requirement:            10.000ns  (sys_clk_pin rise@10.000ns - sys_clk_pin rise@0.000ns)
  Data Path Delay:        9.292ns  (logic 5.348ns (57.553%)  route 3.944ns (42.447%))
  Logic Levels:           24  (CARRY4=19 LUT1=1 LUT4=2 LUT5=1 LUT6=1)
  Clock Path Skew:        0.020ns (DCD - SCD + CPR)
    Destination Clock Delay (DCD):    4.843ns = ( 14.843 - 10.000 ) 
    Source Clock Delay      (SCD):    5.083ns
    Clock Pessimism Removal (CPR):    0.260ns
  Clock Uncertainty:      0.035ns  ((TSJ^2 + TIJ^2)^1/2 + DJ) / 2 + PE
    Total System Jitter     (TSJ):    0.071ns
    Total Input Jitter      (TIJ):    0.000ns
    Discrete Jitter          (DJ):    0.000ns
    Phase Error              (PE):    0.000ns

    Location             Delay type                Incr(ns)  Path(ns)    Netlist Resource(s)
  -------------------------------------------------------------------    -------------------
                         (clock sys_clk_pin rise edge)
                                                      0.000     0.000 r  
    W5                                                0.000     0.000 r  clock_in (IN)
                         net (fo=0)                   0.000     0.000    clock_in
    W5                   IBUF (Prop_ibuf_I_O)         1.458     1.458 r  clock_in_IBUF_inst/O
                         net (fo=1, routed)           1.967     3.425    clock_in_IBUF
    BUFGCTRL_X0Y0        BUFG (Prop_bufg_I_O)         0.096     3.521 r  clock_in_IBUF_BUFG_inst/O
                         net (fo=8720, routed)        1.562     5.083    compc/clock_in_IBUF_BUFG
    SLICE_X9Y15          FDRE                                         r  compc/frame_in_reg[96]/C
  -------------------------------------------------------------------    -------------------
    SLICE_X9Y15          FDRE (Prop_fdre_C_Q)         0.456     5.539 r  compc/frame_in_reg[96]/Q
                         net (fo=1, routed)           1.182     6.722    compc/data1[0]
    SLICE_X7Y12          LUT6 (Prop_lut6_I3_O)        0.124     6.846 r  compc/pair_sum[3]_i_23/O
                         net (fo=2, routed)           0.929     7.774    compc/pair_sum[3]_i_23_n_0
    SLICE_X5Y6           LUT5 (Prop_lut5_I2_O)        0.124     7.898 r  compc/pair_sum[3]_i_15/O
                         net (fo=1, routed)           0.000     7.898    compc/pair_sum[3]_i_15_n_0
    SLICE_X5Y6           CARRY4 (Prop_carry4_S[0]_CO[3])
                                                      0.532     8.430 r  compc/pair_sum_reg[3]_i_7/CO[3]
                         net (fo=1, routed)           0.000     8.430    compc/pair_sum_reg[3]_i_7_n_0
    SLICE_X5Y7           CARRY4 (Prop_carry4_CI_O[0])
                                                      0.222     8.652 f  compc/pair_sum_reg[7]_i_7/O[0]
                         net (fo=2, routed)           0.707     9.359    compc/abs_diff_v1[4]
    SLICE_X3Y8           LUT1 (Prop_lut1_I0_O)        0.299     9.658 r  compc/pair_sum[7]_i_18/O
                         net (fo=1, routed)           0.000     9.658    compc/pair_sum[7]_i_18_n_0
    SLICE_X3Y8           CARRY4 (Prop_carry4_S[3]_CO[3])
                                                      0.401    10.059 r  compc/pair_sum_reg[7]_i_8/CO[3]
                         net (fo=1, routed)           0.000    10.059    compc/pair_sum_reg[7]_i_8_n_0
    SLICE_X3Y9           CARRY4 (Prop_carry4_CI_O[0])
                                                      0.222    10.281 r  compc/pair_sum_reg[11]_i_8/O[0]
                         net (fo=1, routed)           0.582    10.863    compc/abs_diff_v0[5]
    SLICE_X4Y9           LUT4 (Prop_lut4_I1_O)        0.299    11.162 r  compc/pair_sum[7]_i_5/O
                         net (fo=1, routed)           0.000    11.162    compc/pair_sum[7]_i_5_n_0
    SLICE_X4Y9           CARRY4 (Prop_carry4_S[1]_CO[3])
                                                      0.550    11.712 r  compc/pair_sum_reg[7]_i_2/CO[3]
                         net (fo=1, routed)           0.000    11.712    compc/pair_sum_reg[7]_i_2_n_0
    SLICE_X4Y10          CARRY4 (Prop_carry4_CI_CO[3])
                                                      0.114    11.826 r  compc/pair_sum_reg[11]_i_2/CO[3]
                         net (fo=1, routed)           0.000    11.826    compc/pair_sum_reg[11]_i_2_n_0
    SLICE_X4Y11          CARRY4 (Prop_carry4_CI_CO[3])
                                                      0.114    11.940 r  compc/pair_sum_reg[15]_i_2/CO[3]
                         net (fo=1, routed)           0.000    11.940    compc/pair_sum_reg[15]_i_2_n_0
    SLICE_X4Y12          CARRY4 (Prop_carry4_CI_CO[3])
                                                      0.114    12.054 r  compc/pair_sum_reg[19]_i_2/CO[3]
                         net (fo=1, routed)           0.000    12.054    compc/pair_sum_reg[19]_i_2_n_0
    SLICE_X4Y13          CARRY4 (Prop_carry4_CI_CO[3])
                                                      0.114    12.168 r  compc/pair_sum_reg[23]_i_2/CO[3]
                         net (fo=1, routed)           0.000    12.168    compc/pair_sum_reg[23]_i_2_n_0
    SLICE_X4Y14          CARRY4 (Prop_carry4_CI_CO[3])
                                                      0.114    12.282 r  compc/pair_sum_reg[27]_i_2/CO[3]
                         net (fo=1, routed)           0.000    12.282    compc/pair_sum_reg[27]_i_2_n_0
    SLICE_X4Y15          CARRY4 (Prop_carry4_CI_CO[3])
                                                      0.114    12.396 r  compc/pair_sum_reg[31]_i_2/CO[3]
                         net (fo=1, routed)           0.000    12.396    compc/pair_sum_reg[31]_i_2_n_0
    SLICE_X4Y16          CARRY4 (Prop_carry4_CI_CO[3])
                                                      0.114    12.510 r  compc/pair_sum_reg[35]_i_2/CO[3]
                         net (fo=1, routed)           0.000    12.510    compc/pair_sum_reg[35]_i_2_n_0
    SLICE_X4Y17          CARRY4 (Prop_carry4_CI_CO[3])
                                                      0.114    12.624 r  compc/pair_sum_reg[39]_i_2/CO[3]
                         net (fo=1, routed)           0.000    12.624    compc/pair_sum_reg[39]_i_2_n_0
    SLICE_X4Y18          CARRY4 (Prop_carry4_CI_CO[3])
                                                      0.114    12.738 r  compc/pair_sum_reg[43]_i_2/CO[3]
                         net (fo=1, routed)           0.000    12.738    compc/pair_sum_reg[43]_i_2_n_0
    SLICE_X4Y19          CARRY4 (Prop_carry4_CI_CO[3])
                                                      0.114    12.852 r  compc/pair_sum_reg[47]_i_2/CO[3]
                         net (fo=1, routed)           0.000    12.852    compc/pair_sum_reg[47]_i_2_n_0
    SLICE_X4Y20          CARRY4 (Prop_carry4_CI_CO[3])
                                                      0.114    12.966 r  compc/pair_sum_reg[51]_i_2/CO[3]
                         net (fo=1, routed)           0.000    12.966    compc/pair_sum_reg[51]_i_2_n_0
    SLICE_X4Y21          CARRY4 (Prop_carry4_CI_CO[3])
                                                      0.114    13.080 r  compc/pair_sum_reg[55]_i_2/CO[3]
                         net (fo=1, routed)           0.000    13.080    compc/pair_sum_reg[55]_i_2_n_0
    SLICE_X4Y22          CARRY4 (Prop_carry4_CI_CO[3])
                                                      0.114    13.194 r  compc/pair_sum_reg[59]_i_2/CO[3]
                         net (fo=1, routed)           0.000    13.194    compc/pair_sum_reg[59]_i_2_n_0
    SLICE_X4Y23          CARRY4 (Prop_carry4_CI_O[1])
                                                      0.334    13.528 r  compc/pair_sum_reg[63]_i_4/O[1]
                         net (fo=1, routed)           0.544    14.073    compc/pair_sum_v0[61]
    SLICE_X7Y23          LUT4 (Prop_lut4_I0_O)        0.303    14.376 r  compc/pair_sum[61]_i_1/O
                         net (fo=1, routed)           0.000    14.376    compc/pair_sum_v1_in[61]
    SLICE_X7Y23          FDRE                                         r  compc/pair_sum_reg[61]/D
  -------------------------------------------------------------------    -------------------

                         (clock sys_clk_pin rise edge)
                                                     10.000    10.000 r  
    W5                                                0.000    10.000 r  clock_in (IN)
                         net (fo=0)                   0.000    10.000    clock_in
    W5                   IBUF (Prop_ibuf_I_O)         1.388    11.388 r  clock_in_IBUF_inst/O
                         net (fo=1, routed)           1.862    13.250    clock_in_IBUF
    BUFGCTRL_X0Y0        BUFG (Prop_bufg_I_O)         0.091    13.341 r  clock_in_IBUF_BUFG_inst/O
                         net (fo=8720, routed)        1.502    14.843    compc/clock_in_IBUF_BUFG
    SLICE_X7Y23          FDRE                                         r  compc/pair_sum_reg[61]/C
                         clock pessimism              0.260    15.103    
                         clock uncertainty           -0.035    15.068    
    SLICE_X7Y23          FDRE (Setup_fdre_C_D)        0.029    15.097    compc/pair_sum_reg[61]
  -------------------------------------------------------------------
                         required time                         15.097    
                         arrival time                         -14.376    
  -------------------------------------------------------------------
                         slack                                  0.721    

Slack (MET) :             0.756ns  (required time - arrival time)
  Source:                 compc/frame_in_reg[96]/C
                            (rising edge-triggered cell FDRE clocked by sys_clk_pin  {rise@0.000ns fall@5.000ns period=10.000ns})
  Destination:            compc/pair_sum_reg[60]/D
                            (rising edge-triggered cell FDRE clocked by sys_clk_pin  {rise@0.000ns fall@5.000ns period=10.000ns})
  Path Group:             sys_clk_pin
  Path Type:              Setup (Max at Slow Process Corner)
  Requirement:            10.000ns  (sys_clk_pin rise@10.000ns - sys_clk_pin rise@0.000ns)
  Data Path Delay:        9.258ns  (logic 5.232ns (56.516%)  route 4.026ns (43.484%))
  Logic Levels:           24  (CARRY4=19 LUT1=1 LUT4=2 LUT5=1 LUT6=1)
  Clock Path Skew:        0.020ns (DCD - SCD + CPR)
    Destination Clock Delay (DCD):    4.843ns = ( 14.843 - 10.000 ) 
    Source Clock Delay      (SCD):    5.083ns
    Clock Pessimism Removal (CPR):    0.260ns
  Clock Uncertainty:      0.035ns  ((TSJ^2 + TIJ^2)^1/2 + DJ) / 2 + PE
    Total System Jitter     (TSJ):    0.071ns
    Total Input Jitter      (TIJ):    0.000ns
    Discrete Jitter          (DJ):    0.000ns
    Phase Error              (PE):    0.000ns

    Location             Delay type                Incr(ns)  Path(ns)    Netlist Resource(s)
  -------------------------------------------------------------------    -------------------
                         (clock sys_clk_pin rise edge)
                                                      0.000     0.000 r  
    W5                                                0.000     0.000 r  clock_in (IN)
                         net (fo=0)                   0.000     0.000    clock_in
    W5                   IBUF (Prop_ibuf_I_O)         1.458     1.458 r  clock_in_IBUF_inst/O
                         net (fo=1, routed)           1.967     3.425    clock_in_IBUF
    BUFGCTRL_X0Y0        BUFG (Prop_bufg_I_O)         0.096     3.521 r  clock_in_IBUF_BUFG_inst/O
                         net (fo=8720, routed)        1.562     5.083    compc/clock_in_IBUF_BUFG
    SLICE_X9Y15          FDRE                                         r  compc/frame_in_reg[96]/C
  -------------------------------------------------------------------    -------------------
    SLICE_X9Y15          FDRE (Prop_fdre_C_Q)         0.456     5.539 r  compc/frame_in_reg[96]/Q
                         net (fo=1, routed)           1.182     6.722    compc/data1[0]
    SLICE_X7Y12          LUT6 (Prop_lut6_I3_O)        0.124     6.846 r  compc/pair_sum[3]_i_23/O
                         net (fo=2, routed)           0.929     7.774    compc/pair_sum[3]_i_23_n_0
    SLICE_X5Y6           LUT5 (Prop_lut5_I2_O)        0.124     7.898 r  compc/pair_sum[3]_i_15/O
                         net (fo=1, routed)           0.000     7.898    compc/pair_sum[3]_i_15_n_0
    SLICE_X5Y6           CARRY4 (Prop_carry4_S[0]_CO[3])
                                                      0.532     8.430 r  compc/pair_sum_reg[3]_i_7/CO[3]
                         net (fo=1, routed)           0.000     8.430    compc/pair_sum_reg[3]_i_7_n_0
    SLICE_X5Y7           CARRY4 (Prop_carry4_CI_O[0])
                                                      0.222     8.652 f  compc/pair_sum_reg[7]_i_7/O[0]
                         net (fo=2, routed)           0.707     9.359    compc/abs_diff_v1[4]
    SLICE_X3Y8           LUT1 (Prop_lut1_I0_O)        0.299     9.658 r  compc/pair_sum[7]_i_18/O
                         net (fo=1, routed)           0.000     9.658    compc/pair_sum[7]_i_18_n_0
    SLICE_X3Y8           CARRY4 (Prop_carry4_S[3]_CO[3])
                                                      0.401    10.059 r  compc/pair_sum_reg[7]_i_8/CO[3]
                         net (fo=1, routed)           0.000    10.059    compc/pair_sum_reg[7]_i_8_n_0
    SLICE_X3Y9           CARRY4 (Prop_carry4_CI_O[0])
                                                      0.222    10.281 r  compc/pair_sum_reg[11]_i_8/O[0]
                         net (fo=1, routed)           0.582    10.863    compc/abs_diff_v0[5]
    SLICE_X4Y9           LUT4 (Prop_lut4_I1_O)        0.299    11.162 r  compc/pair_sum[7]_i_5/O
                         net (fo=1, routed)           0.000    11.162    compc/pair_sum[7]_i_5_n_0
    SLICE_X4Y9           CARRY4 (Prop_carry4_S[1]_CO[3])
                                                      0.550    11.712 r  compc/pair_sum_reg[7]_i_2/CO[3]
                         net (fo=1, routed)           0.000    11.712    compc/pair_sum_reg[7]_i_2_n_0
    SLICE_X4Y10          CARRY4 (Prop_carry4_CI_CO[3])
                                                      0.114    11.826 r  compc/pair_sum_reg[11]_i_2/CO[3]
                         net (fo=1, routed)           0.000    11.826    compc/pair_sum_reg[11]_i_2_n_0
    SLICE_X4Y11          CARRY4 (Prop_carry4_CI_CO[3])
                                                      0.114    11.940 r  compc/pair_sum_reg[15]_i_2/CO[3]
                         net (fo=1, routed)           0.000    11.940    compc/pair_sum_reg[15]_i_2_n_0
    SLICE_X4Y12          CARRY4 (Prop_carry4_CI_CO[3])
                                                      0.114    12.054 r  compc/pair_sum_reg[19]_i_2/CO[3]
                         net (fo=1, routed)           0.000    12.054    compc/pair_sum_reg[19]_i_2_n_0
    SLICE_X4Y13          CARRY4 (Prop_carry4_CI_CO[3])
                                                      0.114    12.168 r  compc/pair_sum_reg[23]_i_2/CO[3]
                         net (fo=1, routed)           0.000    12.168    compc/pair_sum_reg[23]_i_2_n_0
    SLICE_X4Y14          CARRY4 (Prop_carry4_CI_CO[3])
                                                      0.114    12.282 r  compc/pair_sum_reg[27]_i_2/CO[3]
                         net (fo=1, routed)           0.000    12.282    compc/pair_sum_reg[27]_i_2_n_0
    SLICE_X4Y15          CARRY4 (Prop_carry4_CI_CO[3])
                                                      0.114    12.396 r  compc/pair_sum_reg[31]_i_2/CO[3]
                         net (fo=1, routed)           0.000    12.396    compc/pair_sum_reg[31]_i_2_n_0
    SLICE_X4Y16          CARRY4 (Prop_carry4_CI_CO[3])
                                                      0.114    12.510 r  compc/pair_sum_reg[35]_i_2/CO[3]
                         net (fo=1, routed)           0.000    12.510    compc/pair_sum_reg[35]_i_2_n_0
    SLICE_X4Y17          CARRY4 (Prop_carry4_CI_CO[3])
                                                      0.114    12.624 r  compc/pair_sum_reg[39]_i_2/CO[3]
                         net (fo=1, routed)           0.000    12.624    compc/pair_sum_reg[39]_i_2_n_0
    SLICE_X4Y18          CARRY4 (Prop_carry4_CI_CO[3])
                                                      0.114    12.738 r  compc/pair_sum_reg[43]_i_2/CO[3]
                         net (fo=1, routed)           0.000    12.738    compc/pair_sum_reg[43]_i_2_n_0
    SLICE_X4Y19          CARRY4 (Prop_carry4_CI_CO[3])
                                                      0.114    12.852 r  compc/pair_sum_reg[47]_i_2/CO[3]
                         net (fo=1, routed)           0.000    12.852    compc/pair_sum_reg[47]_i_2_n_0
    SLICE_X4Y20          CARRY4 (Prop_carry4_CI_CO[3])
                                                      0.114    12.966 r  compc/pair_sum_reg[51]_i_2/CO[3]
                         net (fo=1, routed)           0.000    12.966    compc/pair_sum_reg[51]_i_2_n_0
    SLICE_X4Y21          CARRY4 (Prop_carry4_CI_CO[3])
                                                      0.114    13.080 r  compc/pair_sum_reg[55]_i_2/CO[3]
                         net (fo=1, routed)           0.000    13.080    compc/pair_sum_reg[55]_i_2_n_0
    SLICE_X4Y22          CARRY4 (Prop_carry4_CI_CO[3])
                                                      0.114    13.194 r  compc/pair_sum_reg[59]_i_2/CO[3]
                         net (fo=1, routed)           0.000    13.194    compc/pair_sum_reg[59]_i_2_n_0
    SLICE_X4Y23          CARRY4 (Prop_carry4_CI_O[0])
                                                      0.222    13.416 r  compc/pair_sum_reg[63]_i_4/O[0]
                         net (fo=1, routed)           0.626    14.042    compc/pair_sum_v0[60]
    SLICE_X5Y23          LUT4 (Prop_lut4_I0_O)        0.299    14.341 r  compc/pair_sum[60]_i_1/O
                         net (fo=1, routed)           0.000    14.341    compc/pair_sum_v1_in[60]
    SLICE_X5Y23          FDRE                                         r  compc/pair_sum_reg[60]/D
  -------------------------------------------------------------------    -------------------

                         (clock sys_clk_pin rise edge)
                                                     10.000    10.000 r  
    W5                                                0.000    10.000 r  clock_in (IN)
                         net (fo=0)                   0.000    10.000    clock_in
    W5                   IBUF (Prop_ibuf_I_O)         1.388    11.388 r  clock_in_IBUF_inst/O
                         net (fo=1, routed)           1.862    13.250    clock_in_IBUF
    BUFGCTRL_X0Y0        BUFG (Prop_bufg_I_O)         0.091    13.341 r  clock_in_IBUF_BUFG_inst/O
                         net (fo=8720, routed)        1.502    14.843    compc/clock_in_IBUF_BUFG
    SLICE_X5Y23          FDRE                                         r  compc/pair_sum_reg[60]/C
                         clock pessimism              0.260    15.103    
                         clock uncertainty           -0.035    15.068    
    SLICE_X5Y23          FDRE (Setup_fdre_C_D)        0.029    15.097    compc/pair_sum_reg[60]
  -------------------------------------------------------------------
                         required time                         15.097    
                         arrival time                         -14.341    
  -------------------------------------------------------------------
                         slack                                  0.756    

Slack (MET) :             0.779ns  (required time - arrival time)
  Source:                 compc/frame_in_reg[96]/C
                            (rising edge-triggered cell FDRE clocked by sys_clk_pin  {rise@0.000ns fall@5.000ns period=10.000ns})
  Destination:            compc/pair_sum_reg[59]/D
                            (rising edge-triggered cell FDRE clocked by sys_clk_pin  {rise@0.000ns fall@5.000ns period=10.000ns})
  Path Group:             sys_clk_pin
  Path Type:              Setup (Max at Slow Process Corner)
  Requirement:            10.000ns  (sys_clk_pin rise@10.000ns - sys_clk_pin rise@0.000ns)
  Data Path Delay:        9.282ns  (logic 5.244ns (56.496%)  route 4.038ns (43.504%))
  Logic Levels:           23  (CARRY4=18 LUT1=1 LUT4=2 LUT5=1 LUT6=1)
  Clock Path Skew:        0.021ns (DCD - SCD + CPR)
    Destination Clock Delay (DCD):    4.844ns = ( 14.844 - 10.000 ) 
    Source Clock Delay      (SCD):    5.083ns
    Clock Pessimism Removal (CPR):    0.260ns
  Clock Uncertainty:      0.035ns  ((TSJ^2 + TIJ^2)^1/2 + DJ) / 2 + PE
    Total System Jitter     (TSJ):    0.071ns
    Total Input Jitter      (TIJ):    0.000ns
    Discrete Jitter          (DJ):    0.000ns
    Phase Error              (PE):    0.000ns

    Location             Delay type                Incr(ns)  Path(ns)    Netlist Resource(s)
  -------------------------------------------------------------------    -------------------
                         (clock sys_clk_pin rise edge)
                                                      0.000     0.000 r  
    W5                                                0.000     0.000 r  clock_in (IN)
                         net (fo=0)                   0.000     0.000    clock_in
    W5                   IBUF (Prop_ibuf_I_O)         1.458     1.458 r  clock_in_IBUF_inst/O
                         net (fo=1, routed)           1.967     3.425    clock_in_IBUF
    BUFGCTRL_X0Y0        BUFG (Prop_bufg_I_O)         0.096     3.521 r  clock_in_IBUF_BUFG_inst/O
                         net (fo=8720, routed)        1.562     5.083    compc/clock_in_IBUF_BUFG
    SLICE_X9Y15          FDRE                                         r  compc/frame_in_reg[96]/C
  -------------------------------------------------------------------    -------------------
    SLICE_X9Y15          FDRE (Prop_fdre_C_Q)         0.456     5.539 r  compc/frame_in_reg[96]/Q
                         net (fo=1, routed)           1.182     6.722    compc/data1[0]
    SLICE_X7Y12          LUT6 (Prop_lut6_I3_O)        0.124     6.846 r  compc/pair_sum[3]_i_23/O
                         net (fo=2, routed)           0.929     7.774    compc/pair_sum[3]_i_23_n_0
    SLICE_X5Y6           LUT5 (Prop_lut5_I2_O)        0.124     7.898 r  compc/pair_sum[3]_i_15/O
                         net (fo=1, routed)           0.000     7.898    compc/pair_sum[3]_i_15_n_0
    SLICE_X5Y6           CARRY4 (Prop_carry4_S[0]_CO[3])
                                                      0.532     8.430 r  compc/pair_sum_reg[3]_i_7/CO[3]
                         net (fo=1, routed)           0.000     8.430    compc/pair_sum_reg[3]_i_7_n_0
    SLICE_X5Y7           CARRY4 (Prop_carry4_CI_O[0])
                                                      0.222     8.652 f  compc/pair_sum_reg[7]_i_7/O[0]
                         net (fo=2, routed)           0.707     9.359    compc/abs_diff_v1[4]
    SLICE_X3Y8           LUT1 (Prop_lut1_I0_O)        0.299     9.658 r  compc/pair_sum[7]_i_18/O
                         net (fo=1, routed)           0.000     9.658    compc/pair_sum[7]_i_18_n_0
    SLICE_X3Y8           CARRY4 (Prop_carry4_S[3]_CO[3])
                                                      0.401    10.059 r  compc/pair_sum_reg[7]_i_8/CO[3]
                         net (fo=1, routed)           0.000    10.059    compc/pair_sum_reg[7]_i_8_n_0
    SLICE_X3Y9           CARRY4 (Prop_carry4_CI_O[0])
                                                      0.222    10.281 r  compc/pair_sum_reg[11]_i_8/O[0]
                         net (fo=1, routed)           0.582    10.863    compc/abs_diff_v0[5]
    SLICE_X4Y9           LUT4 (Prop_lut4_I1_O)        0.299    11.162 r  compc/pair_sum[7]_i_5/O
                         net (fo=1, routed)           0.000    11.162    compc/pair_sum[7]_i_5_n_0
    SLICE_X4Y9           CARRY4 (Prop_carry4_S[1]_CO[3])
                                                      0.550    11.712 r  compc/pair_sum_reg[7]_i_2/CO[3]
                         net (fo=1, routed)           0.000    11.712    compc/pair_sum_reg[7]_i_2_n_0
    SLICE_X4Y10          CARRY4 (Prop_carry4_CI_CO[3])
                                                      0.114    11.826 r  compc/pair_sum_reg[11]_i_2/CO[3]
                         net (fo=1, routed)           0.000    11.826    compc/pair_sum_reg[11]_i_2_n_0
    SLICE_X4Y11          CARRY4 (Prop_carry4_CI_CO[3])
                                                      0.114    11.940 r  compc/pair_sum_reg[15]_i_2/CO[3]
                         net (fo=1, routed)           0.000    11.940    compc/pair_sum_reg[15]_i_2_n_0
    SLICE_X4Y12          CARRY4 (Prop_carry4_CI_CO[3])
                                                      0.114    12.054 r  compc/pair_sum_reg[19]_i_2/CO[3]
                         net (fo=1, routed)           0.000    12.054    compc/pair_sum_reg[19]_i_2_n_0
    SLICE_X4Y13          CARRY4 (Prop_carry4_CI_CO[3])
                                                      0.114    12.168 r  compc/pair_sum_reg[23]_i_2/CO[3]
                         net (fo=1, routed)           0.000    12.168    compc/pair_sum_reg[23]_i_2_n_0
    SLICE_X4Y14          CARRY4 (Prop_carry4_CI_CO[3])
                                                      0.114    12.282 r  compc/pair_sum_reg[27]_i_2/CO[3]
                         net (fo=1, routed)           0.000    12.282    compc/pair_sum_reg[27]_i_2_n_0
    SLICE_X4Y15          CARRY4 (Prop_carry4_CI_CO[3])
                                                      0.114    12.396 r  compc/pair_sum_reg[31]_i_2/CO[3]
                         net (fo=1, routed)           0.000    12.396    compc/pair_sum_reg[31]_i_2_n_0
    SLICE_X4Y16          CARRY4 (Prop_carry4_CI_CO[3])
                                                      0.114    12.510 r  compc/pair_sum_reg[35]_i_2/CO[3]
                         net (fo=1, routed)           0.000    12.510    compc/pair_sum_reg[35]_i_2_n_0
    SLICE_X4Y17          CARRY4 (Prop_carry4_CI_CO[3])
                                                      0.114    12.624 r  compc/pair_sum_reg[39]_i_2/CO[3]
                         net (fo=1, routed)           0.000    12.624    compc/pair_sum_reg[39]_i_2_n_0
    SLICE_X4Y18          CARRY4 (Prop_carry4_CI_CO[3])
                                                      0.114    12.738 r  compc/pair_sum_reg[43]_i_2/CO[3]
                         net (fo=1, routed)           0.000    12.738    compc/pair_sum_reg[43]_i_2_n_0
    SLICE_X4Y19          CARRY4 (Prop_carry4_CI_CO[3])
                                                      0.114    12.852 r  compc/pair_sum_reg[47]_i_2/CO[3]
                         net (fo=1, routed)           0.000    12.852    compc/pair_sum_reg[47]_i_2_n_0
    SLICE_X4Y20          CARRY4 (Prop_carry4_CI_CO[3])
                                                      0.114    12.966 r  compc/pair_sum_reg[51]_i_2/CO[3]
                         net (fo=1, routed)           0.000    12.966    compc/pair_sum_reg[51]_i_2_n_0
    SLICE_X4Y21          CARRY4 (Prop_carry4_CI_CO[3])
                                                      0.114    13.080 r  compc/pair_sum_reg[55]_i_2/CO[3]
                         net (fo=1, routed)           0.000    13.080    compc/pair_sum_reg[55]_i_2_n_0
    SLICE_X4Y22          CARRY4 (Prop_carry4_CI_O[3])
                                                      0.313    13.393 r  compc/pair_sum_reg[59]_i_2/O[3]
                         net (fo=1, routed)           0.638    14.031    compc/pair_sum_v0[59]
    SLICE_X7Y22          LUT4 (Prop_lut4_I0_O)        0.334    14.365 r  compc/pair_sum[59]_i_1/O
                         net (fo=1, routed)           0.000    14.365    compc/pair_sum_v1_in[59]
    SLICE_X7Y22          FDRE                                         r  compc/pair_sum_reg[59]/D
  -------------------------------------------------------------------    -------------------

                         (clock sys_clk_pin rise edge)
                                                     10.000    10.000 r  
    W5                                                0.000    10.000 r  clock_in (IN)
                         net (fo=0)                   0.000    10.000    clock_in
    W5                   IBUF (Prop_ibuf_I_O)         1.388    11.388 r  clock_in_IBUF_inst/O
                         net (fo=1, routed)           1.862    13.250    clock_in_IBUF
    BUFGCTRL_X0Y0        BUFG (Prop_bufg_I_O)         0.091    13.341 r  clock_in_IBUF_BUFG_inst/O
                         net (fo=8720, routed)        1.503    14.844    compc/clock_in_IBUF_BUFG
    SLICE_X7Y22          FDRE                                         r  compc/pair_sum_reg[59]/C
                         clock pessimism              0.260    15.104    
                         clock uncertainty           -0.035    15.069    
    SLICE_X7Y22          FDRE (Setup_fdre_C_D)        0.075    15.144    compc/pair_sum_reg[59]
  -------------------------------------------------------------------
                         required time                         15.144    
                         arrival time                         -14.365    
  -------------------------------------------------------------------
                         slack                                  0.779    

Slack (MET) :             0.834ns  (required time - arrival time)
  Source:                 compc/frame_in_reg[96]/C
                            (rising edge-triggered cell FDRE clocked by sys_clk_pin  {rise@0.000ns fall@5.000ns period=10.000ns})
  Destination:            compc/pair_sum_reg[57]/D
                            (rising edge-triggered cell FDRE clocked by sys_clk_pin  {rise@0.000ns fall@5.000ns period=10.000ns})
  Path Group:             sys_clk_pin
  Path Type:              Setup (Max at Slow Process Corner)
  Requirement:            10.000ns  (sys_clk_pin rise@10.000ns - sys_clk_pin rise@0.000ns)
  Data Path Delay:        9.182ns  (logic 5.234ns (57.001%)  route 3.948ns (42.999%))
  Logic Levels:           23  (CARRY4=18 LUT1=1 LUT4=2 LUT5=1 LUT6=1)
  Clock Path Skew:        0.021ns (DCD - SCD + CPR)
    Destination Clock Delay (DCD):    4.844ns = ( 14.844 - 10.000 ) 
    Source Clock Delay      (SCD):    5.083ns
    Clock Pessimism Removal (CPR):    0.260ns
  Clock Uncertainty:      0.035ns  ((TSJ^2 + TIJ^2)^1/2 + DJ) / 2 + PE
    Total System Jitter     (TSJ):    0.071ns
    Total Input Jitter      (TIJ):    0.000ns
    Discrete Jitter          (DJ):    0.000ns
    Phase Error              (PE):    0.000ns

    Location             Delay type                Incr(ns)  Path(ns)    Netlist Resource(s)
  -------------------------------------------------------------------    -------------------
                         (clock sys_clk_pin rise edge)
                                                      0.000     0.000 r  
    W5                                                0.000     0.000 r  clock_in (IN)
                         net (fo=0)                   0.000     0.000    clock_in
    W5                   IBUF (Prop_ibuf_I_O)         1.458     1.458 r  clock_in_IBUF_inst/O
                         net (fo=1, routed)           1.967     3.425    clock_in_IBUF
    BUFGCTRL_X0Y0        BUFG (Prop_bufg_I_O)         0.096     3.521 r  clock_in_IBUF_BUFG_inst/O
                         net (fo=8720, routed)        1.562     5.083    compc/clock_in_IBUF_BUFG
    SLICE_X9Y15          FDRE                                         r  compc/frame_in_reg[96]/C
  -------------------------------------------------------------------    -------------------
    SLICE_X9Y15          FDRE (Prop_fdre_C_Q)         0.456     5.539 r  compc/frame_in_reg[96]/Q
                         net (fo=1, routed)           1.182     6.722    compc/data1[0]
    SLICE_X7Y12          LUT6 (Prop_lut6_I3_O)        0.124     6.846 r  compc/pair_sum[3]_i_23/O
                         net (fo=2, routed)           0.929     7.774    compc/pair_sum[3]_i_23_n_0
    SLICE_X5Y6           LUT5 (Prop_lut5_I2_O)        0.124     7.898 r  compc/pair_sum[3]_i_15/O
                         net (fo=1, routed)           0.000     7.898    compc/pair_sum[3]_i_15_n_0
    SLICE_X5Y6           CARRY4 (Prop_carry4_S[0]_CO[3])
                                                      0.532     8.430 r  compc/pair_sum_reg[3]_i_7/CO[3]
                         net (fo=1, routed)           0.000     8.430    compc/pair_sum_reg[3]_i_7_n_0
    SLICE_X5Y7           CARRY4 (Prop_carry4_CI_O[0])
                                                      0.222     8.652 f  compc/pair_sum_reg[7]_i_7/O[0]
                         net (fo=2, routed)           0.707     9.359    compc/abs_diff_v1[4]
    SLICE_X3Y8           LUT1 (Prop_lut1_I0_O)        0.299     9.658 r  compc/pair_sum[7]_i_18/O
                         net (fo=1, routed)           0.000     9.658    compc/pair_sum[7]_i_18_n_0
    SLICE_X3Y8           CARRY4 (Prop_carry4_S[3]_CO[3])
                                                      0.401    10.059 r  compc/pair_sum_reg[7]_i_8/CO[3]
                         net (fo=1, routed)           0.000    10.059    compc/pair_sum_reg[7]_i_8_n_0
    SLICE_X3Y9           CARRY4 (Prop_carry4_CI_O[0])
                                                      0.222    10.281 r  compc/pair_sum_reg[11]_i_8/O[0]
                         net (fo=1, routed)           0.582    10.863    compc/abs_diff_v0[5]
    SLICE_X4Y9           LUT4 (Prop_lut4_I1_O)        0.299    11.162 r  compc/pair_sum[7]_i_5/O
                         net (fo=1, routed)           0.000    11.162    compc/pair_sum[7]_i_5_n_0
    SLICE_X4Y9           CARRY4 (Prop_carry4_S[1]_CO[3])
                                                      0.550    11.712 r  compc/pair_sum_reg[7]_i_2/CO[3]
                         net (fo=1, routed)           0.000    11.712    compc/pair_sum_reg[7]_i_2_n_0
    SLICE_X4Y10          CARRY4 (Prop_carry4_CI_CO[3])
                                                      0.114    11.826 r  compc/pair_sum_reg[11]_i_2/CO[3]
                         net (fo=1, routed)           0.000    11.826    compc/pair_sum_reg[11]_i_2_n_0
    SLICE_X4Y11          CARRY4 (Prop_carry4_CI_CO[3])
                                                      0.114    11.940 r  compc/pair_sum_reg[15]_i_2/CO[3]
                         net (fo=1, routed)           0.000    11.940    compc/pair_sum_reg[15]_i_2_n_0
    SLICE_X4Y12          CARRY4 (Prop_carry4_CI_CO[3])
                                                      0.114    12.054 r  compc/pair_sum_reg[19]_i_2/CO[3]
                         net (fo=1, routed)           0.000    12.054    compc/pair_sum_reg[19]_i_2_n_0
    SLICE_X4Y13          CARRY4 (Prop_carry4_CI_CO[3])
                                                      0.114    12.168 r  compc/pair_sum_reg[23]_i_2/CO[3]
                         net (fo=1, routed)           0.000    12.168    compc/pair_sum_reg[23]_i_2_n_0
    SLICE_X4Y14          CARRY4 (Prop_carry4_CI_CO[3])
                                                      0.114    12.282 r  compc/pair_sum_reg[27]_i_2/CO[3]
                         net (fo=1, routed)           0.000    12.282    compc/pair_sum_reg[27]_i_2_n_0
    SLICE_X4Y15          CARRY4 (Prop_carry4_CI_CO[3])
                                                      0.114    12.396 r  compc/pair_sum_reg[31]_i_2/CO[3]
                         net (fo=1, routed)           0.000    12.396    compc/pair_sum_reg[31]_i_2_n_0
    SLICE_X4Y16          CARRY4 (Prop_carry4_CI_CO[3])
                                                      0.114    12.510 r  compc/pair_sum_reg[35]_i_2/CO[3]
                         net (fo=1, routed)           0.000    12.510    compc/pair_sum_reg[35]_i_2_n_0
    SLICE_X4Y17          CARRY4 (Prop_carry4_CI_CO[3])
                                                      0.114    12.624 r  compc/pair_sum_reg[39]_i_2/CO[3]
                         net (fo=1, routed)           0.000    12.624    compc/pair_sum_reg[39]_i_2_n_0
    SLICE_X4Y18          CARRY4 (Prop_carry4_CI_CO[3])
                                                      0.114    12.738 r  compc/pair_sum_reg[43]_i_2/CO[3]
                         net (fo=1, routed)           0.000    12.738    compc/pair_sum_reg[43]_i_2_n_0
    SLICE_X4Y19          CARRY4 (Prop_carry4_CI_CO[3])
                                                      0.114    12.852 r  compc/pair_sum_reg[47]_i_2/CO[3]
                         net (fo=1, routed)           0.000    12.852    compc/pair_sum_reg[47]_i_2_n_0
    SLICE_X4Y20          CARRY4 (Prop_carry4_CI_CO[3])
                                                      0.114    12.966 r  compc/pair_sum_reg[51]_i_2/CO[3]
                         net (fo=1, routed)           0.000    12.966    compc/pair_sum_reg[51]_i_2_n_0
    SLICE_X4Y21          CARRY4 (Prop_carry4_CI_CO[3])
                                                      0.114    13.080 r  compc/pair_sum_reg[55]_i_2/CO[3]
                         net (fo=1, routed)           0.000    13.080    compc/pair_sum_reg[55]_i_2_n_0
    SLICE_X4Y22          CARRY4 (Prop_carry4_CI_O[1])
                                                      0.334    13.414 r  compc/pair_sum_reg[59]_i_2/O[1]
                         net (fo=1, routed)           0.548    13.963    compc/pair_sum_v0[57]
    SLICE_X7Y22          LUT4 (Prop_lut4_I0_O)        0.303    14.266 r  compc/pair_sum[57]_i_1/O
                         net (fo=1, routed)           0.000    14.266    compc/pair_sum_v1_in[57]
    SLICE_X7Y22          FDRE                                         r  compc/pair_sum_reg[57]/D
  -------------------------------------------------------------------    -------------------

                         (clock sys_clk_pin rise edge)
                                                     10.000    10.000 r  
    W5                                                0.000    10.000 r  clock_in (IN)
                         net (fo=0)                   0.000    10.000    clock_in
    W5                   IBUF (Prop_ibuf_I_O)         1.388    11.388 r  clock_in_IBUF_inst/O
                         net (fo=1, routed)           1.862    13.250    clock_in_IBUF
    BUFGCTRL_X0Y0        BUFG (Prop_bufg_I_O)         0.091    13.341 r  clock_in_IBUF_BUFG_inst/O
                         net (fo=8720, routed)        1.503    14.844    compc/clock_in_IBUF_BUFG
    SLICE_X7Y22          FDRE                                         r  compc/pair_sum_reg[57]/C
                         clock pessimism              0.260    15.104    
                         clock uncertainty           -0.035    15.069    
    SLICE_X7Y22          FDRE (Setup_fdre_C_D)        0.031    15.100    compc/pair_sum_reg[57]
  -------------------------------------------------------------------
                         required time                         15.100    
                         arrival time                         -14.266    
  -------------------------------------------------------------------
                         slack                                  0.834    

Slack (MET) :             0.869ns  (required time - arrival time)
  Source:                 melc/mel_ram/U0/inst_blk_mem_gen/gnbram.gnativebmg.native_blk_mem_gen/valid.cstr/ramloop[0].ram.r/prim_noinit.ram/DEVICE_7SERIES.NO_BMM_INFO.SDP.WIDE_PRIM18.ram/CLKARDCLK
                            (rising edge-triggered cell RAMB18E1 clocked by sys_clk_pin  {rise@0.000ns fall@5.000ns period=10.000ns})
  Destination:            compc/max_mel_energy_reg[35]/CE
                            (rising edge-triggered cell FDRE clocked by sys_clk_pin  {rise@0.000ns fall@5.000ns period=10.000ns})
  Path Group:             sys_clk_pin
  Path Type:              Setup (Max at Slow Process Corner)
  Requirement:            10.000ns  (sys_clk_pin rise@10.000ns - sys_clk_pin rise@0.000ns)
  Data Path Delay:        8.725ns  (logic 4.296ns (49.239%)  route 4.429ns (50.761%))
  Logic Levels:           20  (CARRY4=17 LUT2=1 LUT4=2)
  Clock Path Skew:        -0.166ns (DCD - SCD + CPR)
    Destination Clock Delay (DCD):    4.780ns = ( 14.780 - 10.000 ) 
    Source Clock Delay      (SCD):    5.126ns
    Clock Pessimism Removal (CPR):    0.180ns
  Clock Uncertainty:      0.035ns  ((TSJ^2 + TIJ^2)^1/2 + DJ) / 2 + PE
    Total System Jitter     (TSJ):    0.071ns
    Total Input Jitter      (TIJ):    0.000ns
    Discrete Jitter          (DJ):    0.000ns
    Phase Error              (PE):    0.000ns

    Location             Delay type                Incr(ns)  Path(ns)    Netlist Resource(s)
  -------------------------------------------------------------------    -------------------
                         (clock sys_clk_pin rise edge)
                                                      0.000     0.000 r  
    W5                                                0.000     0.000 r  clock_in (IN)
                         net (fo=0)                   0.000     0.000    clock_in
    W5                   IBUF (Prop_ibuf_I_O)         1.458     1.458 r  clock_in_IBUF_inst/O
                         net (fo=1, routed)           1.967     3.425    clock_in_IBUF
    BUFGCTRL_X0Y0        BUFG (Prop_bufg_I_O)         0.096     3.521 r  clock_in_IBUF_BUFG_inst/O
                         net (fo=8720, routed)        1.605     5.126    melc/mel_ram/U0/inst_blk_mem_gen/gnbram.gnativebmg.native_blk_mem_gen/valid.cstr/ramloop[0].ram.r/prim_noinit.ram/clkb
    RAMB18_X1Y13         RAMB18E1                                     r  melc/mel_ram/U0/inst_blk_mem_gen/gnbram.gnativebmg.native_blk_mem_gen/valid.cstr/ramloop[0].ram.r/prim_noinit.ram/DEVICE_7SERIES.NO_BMM_INFO.SDP.WIDE_PRIM18.ram/CLKARDCLK
  -------------------------------------------------------------------    -------------------
    RAMB18_X1Y13         RAMB18E1 (Prop_ramb18e1_CLKARDCLK_DOADO[1])
                                                      0.882     6.008 r  melc/mel_ram/U0/inst_blk_mem_gen/gnbram.gnativebmg.native_blk_mem_gen/valid.cstr/ramloop[0].ram.r/prim_noinit.ram/DEVICE_7SERIES.NO_BMM_INFO.SDP.WIDE_PRIM18.ram/DOADO[1]
                         net (fo=7, routed)           0.923     6.931    compc/mel_energy_sum_reg[31]_i_2_0[1]
    SLICE_X44Y31         LUT2 (Prop_lut2_I1_O)        0.124     7.055 r  compc/mel_energy_sum[3]_i_5/O
                         net (fo=1, routed)           0.000     7.055    compc/mel_energy_sum[3]_i_5_n_0
    SLICE_X44Y31         CARRY4 (Prop_carry4_S[1]_CO[3])
                                                      0.550     7.605 r  compc/mel_energy_sum_reg[3]_i_2/CO[3]
                         net (fo=1, routed)           0.000     7.605    compc/mel_energy_sum_reg[3]_i_2_n_0
    SLICE_X44Y32         CARRY4 (Prop_carry4_CI_CO[3])
                                                      0.114     7.719 r  compc/mel_energy_sum_reg[7]_i_2/CO[3]
                         net (fo=1, routed)           0.000     7.719    compc/mel_energy_sum_reg[7]_i_2_n_0
    SLICE_X44Y33         CARRY4 (Prop_carry4_CI_CO[3])
                                                      0.114     7.833 r  compc/mel_energy_sum_reg[11]_i_2/CO[3]
                         net (fo=1, routed)           0.000     7.833    compc/mel_energy_sum_reg[11]_i_2_n_0
    SLICE_X44Y34         CARRY4 (Prop_carry4_CI_CO[3])
                                                      0.114     7.947 r  compc/mel_energy_sum_reg[15]_i_2/CO[3]
                         net (fo=1, routed)           0.000     7.947    compc/mel_energy_sum_reg[15]_i_2_n_0
    SLICE_X44Y35         CARRY4 (Prop_carry4_CI_CO[3])
                                                      0.114     8.061 r  compc/mel_energy_sum_reg[19]_i_2/CO[3]
                         net (fo=1, routed)           0.000     8.061    compc/mel_energy_sum_reg[19]_i_2_n_0
    SLICE_X44Y36         CARRY4 (Prop_carry4_CI_CO[3])
                                                      0.114     8.175 r  compc/mel_energy_sum_reg[23]_i_2/CO[3]
                         net (fo=1, routed)           0.000     8.175    compc/mel_energy_sum_reg[23]_i_2_n_0
    SLICE_X44Y37         CARRY4 (Prop_carry4_CI_CO[3])
                                                      0.114     8.289 r  compc/mel_energy_sum_reg[27]_i_2/CO[3]
                         net (fo=1, routed)           0.000     8.289    compc/mel_energy_sum_reg[27]_i_2_n_0
    SLICE_X44Y38         CARRY4 (Prop_carry4_CI_CO[3])
                                                      0.114     8.403 r  compc/mel_energy_sum_reg[31]_i_2/CO[3]
                         net (fo=1, routed)           0.000     8.403    compc/mel_energy_sum_reg[31]_i_2_n_0
    SLICE_X44Y39         CARRY4 (Prop_carry4_CI_CO[3])
                                                      0.114     8.517 r  compc/mel_energy_sum_reg[35]_i_2/CO[3]
                         net (fo=1, routed)           0.000     8.517    compc/mel_energy_sum_reg[35]_i_2_n_0
    SLICE_X44Y40         CARRY4 (Prop_carry4_CI_CO[3])
                                                      0.114     8.631 r  compc/mel_energy_sum_reg[39]_i_2/CO[3]
                         net (fo=1, routed)           0.000     8.631    compc/mel_energy_sum_reg[39]_i_2_n_0
    SLICE_X44Y41         CARRY4 (Prop_carry4_CI_CO[3])
                                                      0.114     8.745 r  compc/mel_energy_sum_reg[43]_i_2/CO[3]
                         net (fo=1, routed)           0.000     8.745    compc/mel_energy_sum_reg[43]_i_2_n_0
    SLICE_X44Y42         CARRY4 (Prop_carry4_CI_CO[3])
                                                      0.114     8.859 r  compc/mel_energy_sum_reg[47]_i_2/CO[3]
                         net (fo=1, routed)           0.000     8.859    compc/mel_energy_sum_reg[47]_i_2_n_0
    SLICE_X44Y43         CARRY4 (Prop_carry4_CI_CO[3])
                                                      0.114     8.973 r  compc/mel_energy_sum_reg[51]_i_2/CO[3]
                         net (fo=1, routed)           0.000     8.973    compc/mel_energy_sum_reg[51]_i_2_n_0
    SLICE_X44Y44         CARRY4 (Prop_carry4_CI_CO[3])
                                                      0.114     9.087 r  compc/mel_energy_sum_reg[55]_i_2/CO[3]
                         net (fo=1, routed)           0.000     9.087    compc/mel_energy_sum_reg[55]_i_2_n_0
    SLICE_X44Y45         CARRY4 (Prop_carry4_CI_CO[3])
                                                      0.114     9.201 r  compc/mel_energy_sum_reg[59]_i_2/CO[3]
                         net (fo=1, routed)           0.000     9.201    compc/mel_energy_sum_reg[59]_i_2_n_0
    SLICE_X44Y46         CARRY4 (Prop_carry4_CI_O[3])
                                                      0.313     9.514 r  compc/mel_energy_sum_reg[63]_i_2/O[3]
                         net (fo=3, routed)           0.904    10.418    compc/mel_energy_v0[63]
    SLICE_X43Y43         LUT4 (Prop_lut4_I0_O)        0.306    10.724 r  compc/max_mel_energy[63]_i_9/O
                         net (fo=1, routed)           0.000    10.724    compc/max_mel_energy[63]_i_9_n_0
    SLICE_X43Y43         CARRY4 (Prop_carry4_S[3]_CO[3])
                                                      0.401    11.125 r  compc/max_mel_energy_reg[63]_i_2/CO[3]
                         net (fo=1, routed)           0.967    12.092    compc/max_mel_v0
    SLICE_X34Y38         LUT4 (Prop_lut4_I1_O)        0.124    12.216 r  compc/max_mel_energy[63]_i_1/O
                         net (fo=64, routed)          1.635    13.851    compc/max_mel_v[0]
    SLICE_X15Y58         FDRE                                         r  compc/max_mel_energy_reg[35]/CE
  -------------------------------------------------------------------    -------------------

                         (clock sys_clk_pin rise edge)
                                                     10.000    10.000 r  
    W5                                                0.000    10.000 r  clock_in (IN)
                         net (fo=0)                   0.000    10.000    clock_in
    W5                   IBUF (Prop_ibuf_I_O)         1.388    11.388 r  clock_in_IBUF_inst/O
                         net (fo=1, routed)           1.862    13.250    clock_in_IBUF
    BUFGCTRL_X0Y0        BUFG (Prop_bufg_I_O)         0.091    13.341 r  clock_in_IBUF_BUFG_inst/O
                         net (fo=8720, routed)        1.439    14.780    compc/clock_in_IBUF_BUFG
    SLICE_X15Y58         FDRE                                         r  compc/max_mel_energy_reg[35]/C
                         clock pessimism              0.180    14.960    
                         clock uncertainty           -0.035    14.924    
    SLICE_X15Y58         FDRE (Setup_fdre_C_CE)      -0.205    14.719    compc/max_mel_energy_reg[35]
  -------------------------------------------------------------------
                         required time                         14.719    
                         arrival time                         -13.851    
  -------------------------------------------------------------------
                         slack                                  0.869    

Slack (MET) :             0.869ns  (required time - arrival time)
  Source:                 melc/mel_ram/U0/inst_blk_mem_gen/gnbram.gnativebmg.native_blk_mem_gen/valid.cstr/ramloop[0].ram.r/prim_noinit.ram/DEVICE_7SERIES.NO_BMM_INFO.SDP.WIDE_PRIM18.ram/CLKARDCLK
                            (rising edge-triggered cell RAMB18E1 clocked by sys_clk_pin  {rise@0.000ns fall@5.000ns period=10.000ns})
  Destination:            compc/max_mel_energy_reg[62]/CE
                            (rising edge-triggered cell FDRE clocked by sys_clk_pin  {rise@0.000ns fall@5.000ns period=10.000ns})
  Path Group:             sys_clk_pin
  Path Type:              Setup (Max at Slow Process Corner)
  Requirement:            10.000ns  (sys_clk_pin rise@10.000ns - sys_clk_pin rise@0.000ns)
  Data Path Delay:        8.725ns  (logic 4.296ns (49.239%)  route 4.429ns (50.761%))
  Logic Levels:           20  (CARRY4=17 LUT2=1 LUT4=2)
  Clock Path Skew:        -0.166ns (DCD - SCD + CPR)
    Destination Clock Delay (DCD):    4.780ns = ( 14.780 - 10.000 ) 
    Source Clock Delay      (SCD):    5.126ns
    Clock Pessimism Removal (CPR):    0.180ns
  Clock Uncertainty:      0.035ns  ((TSJ^2 + TIJ^2)^1/2 + DJ) / 2 + PE
    Total System Jitter     (TSJ):    0.071ns
    Total Input Jitter      (TIJ):    0.000ns
    Discrete Jitter          (DJ):    0.000ns
    Phase Error              (PE):    0.000ns

    Location             Delay type                Incr(ns)  Path(ns)    Netlist Resource(s)
  -------------------------------------------------------------------    -------------------
                         (clock sys_clk_pin rise edge)
                                                      0.000     0.000 r  
    W5                                                0.000     0.000 r  clock_in (IN)
                         net (fo=0)                   0.000     0.000    clock_in
    W5                   IBUF (Prop_ibuf_I_O)         1.458     1.458 r  clock_in_IBUF_inst/O
                         net (fo=1, routed)           1.967     3.425    clock_in_IBUF
    BUFGCTRL_X0Y0        BUFG (Prop_bufg_I_O)         0.096     3.521 r  clock_in_IBUF_BUFG_inst/O
                         net (fo=8720, routed)        1.605     5.126    melc/mel_ram/U0/inst_blk_mem_gen/gnbram.gnativebmg.native_blk_mem_gen/valid.cstr/ramloop[0].ram.r/prim_noinit.ram/clkb
    RAMB18_X1Y13         RAMB18E1                                     r  melc/mel_ram/U0/inst_blk_mem_gen/gnbram.gnativebmg.native_blk_mem_gen/valid.cstr/ramloop[0].ram.r/prim_noinit.ram/DEVICE_7SERIES.NO_BMM_INFO.SDP.WIDE_PRIM18.ram/CLKARDCLK
  -------------------------------------------------------------------    -------------------
    RAMB18_X1Y13         RAMB18E1 (Prop_ramb18e1_CLKARDCLK_DOADO[1])
                                                      0.882     6.008 r  melc/mel_ram/U0/inst_blk_mem_gen/gnbram.gnativebmg.native_blk_mem_gen/valid.cstr/ramloop[0].ram.r/prim_noinit.ram/DEVICE_7SERIES.NO_BMM_INFO.SDP.WIDE_PRIM18.ram/DOADO[1]
                         net (fo=7, routed)           0.923     6.931    compc/mel_energy_sum_reg[31]_i_2_0[1]
    SLICE_X44Y31         LUT2 (Prop_lut2_I1_O)        0.124     7.055 r  compc/mel_energy_sum[3]_i_5/O
                         net (fo=1, routed)           0.000     7.055    compc/mel_energy_sum[3]_i_5_n_0
    SLICE_X44Y31         CARRY4 (Prop_carry4_S[1]_CO[3])
                                                      0.550     7.605 r  compc/mel_energy_sum_reg[3]_i_2/CO[3]
                         net (fo=1, routed)           0.000     7.605    compc/mel_energy_sum_reg[3]_i_2_n_0
    SLICE_X44Y32         CARRY4 (Prop_carry4_CI_CO[3])
                                                      0.114     7.719 r  compc/mel_energy_sum_reg[7]_i_2/CO[3]
                         net (fo=1, routed)           0.000     7.719    compc/mel_energy_sum_reg[7]_i_2_n_0
    SLICE_X44Y33         CARRY4 (Prop_carry4_CI_CO[3])
                                                      0.114     7.833 r  compc/mel_energy_sum_reg[11]_i_2/CO[3]
                         net (fo=1, routed)           0.000     7.833    compc/mel_energy_sum_reg[11]_i_2_n_0
    SLICE_X44Y34         CARRY4 (Prop_carry4_CI_CO[3])
                                                      0.114     7.947 r  compc/mel_energy_sum_reg[15]_i_2/CO[3]
                         net (fo=1, routed)           0.000     7.947    compc/mel_energy_sum_reg[15]_i_2_n_0
    SLICE_X44Y35         CARRY4 (Prop_carry4_CI_CO[3])
                                                      0.114     8.061 r  compc/mel_energy_sum_reg[19]_i_2/CO[3]
                         net (fo=1, routed)           0.000     8.061    compc/mel_energy_sum_reg[19]_i_2_n_0
    SLICE_X44Y36         CARRY4 (Prop_carry4_CI_CO[3])
                                                      0.114     8.175 r  compc/mel_energy_sum_reg[23]_i_2/CO[3]
                         net (fo=1, routed)           0.000     8.175    compc/mel_energy_sum_reg[23]_i_2_n_0
    SLICE_X44Y37         CARRY4 (Prop_carry4_CI_CO[3])
                                                      0.114     8.289 r  compc/mel_energy_sum_reg[27]_i_2/CO[3]
                         net (fo=1, routed)           0.000     8.289    compc/mel_energy_sum_reg[27]_i_2_n_0
    SLICE_X44Y38         CARRY4 (Prop_carry4_CI_CO[3])
                                                      0.114     8.403 r  compc/mel_energy_sum_reg[31]_i_2/CO[3]
                         net (fo=1, routed)           0.000     8.403    compc/mel_energy_sum_reg[31]_i_2_n_0
    SLICE_X44Y39         CARRY4 (Prop_carry4_CI_CO[3])
                                                      0.114     8.517 r  compc/mel_energy_sum_reg[35]_i_2/CO[3]
                         net (fo=1, routed)           0.000     8.517    compc/mel_energy_sum_reg[35]_i_2_n_0
    SLICE_X44Y40         CARRY4 (Prop_carry4_CI_CO[3])
                                                      0.114     8.631 r  compc/mel_energy_sum_reg[39]_i_2/CO[3]
                         net (fo=1, routed)           0.000     8.631    compc/mel_energy_sum_reg[39]_i_2_n_0
    SLICE_X44Y41         CARRY4 (Prop_carry4_CI_CO[3])
                                                      0.114     8.745 r  compc/mel_energy_sum_reg[43]_i_2/CO[3]
                         net (fo=1, routed)           0.000     8.745    compc/mel_energy_sum_reg[43]_i_2_n_0
    SLICE_X44Y42         CARRY4 (Prop_carry4_CI_CO[3])
                                                      0.114     8.859 r  compc/mel_energy_sum_reg[47]_i_2/CO[3]
                         net (fo=1, routed)           0.000     8.859    compc/mel_energy_sum_reg[47]_i_2_n_0
    SLICE_X44Y43         CARRY4 (Prop_carry4_CI_CO[3])
                                                      0.114     8.973 r  compc/mel_energy_sum_reg[51]_i_2/CO[3]
                         net (fo=1, routed)           0.000     8.973    compc/mel_energy_sum_reg[51]_i_2_n_0
    SLICE_X44Y44         CARRY4 (Prop_carry4_CI_CO[3])
                                                      0.114     9.087 r  compc/mel_energy_sum_reg[55]_i_2/CO[3]
                         net (fo=1, routed)           0.000     9.087    compc/mel_energy_sum_reg[55]_i_2_n_0
    SLICE_X44Y45         CARRY4 (Prop_carry4_CI_CO[3])
                                                      0.114     9.201 r  compc/mel_energy_sum_reg[59]_i_2/CO[3]
                         net (fo=1, routed)           0.000     9.201    compc/mel_energy_sum_reg[59]_i_2_n_0
    SLICE_X44Y46         CARRY4 (Prop_carry4_CI_O[3])
                                                      0.313     9.514 r  compc/mel_energy_sum_reg[63]_i_2/O[3]
                         net (fo=3, routed)           0.904    10.418    compc/mel_energy_v0[63]
    SLICE_X43Y43         LUT4 (Prop_lut4_I0_O)        0.306    10.724 r  compc/max_mel_energy[63]_i_9/O
                         net (fo=1, routed)           0.000    10.724    compc/max_mel_energy[63]_i_9_n_0
    SLICE_X43Y43         CARRY4 (Prop_carry4_S[3]_CO[3])
                                                      0.401    11.125 r  compc/max_mel_energy_reg[63]_i_2/CO[3]
                         net (fo=1, routed)           0.967    12.092    compc/max_mel_v0
    SLICE_X34Y38         LUT4 (Prop_lut4_I1_O)        0.124    12.216 r  compc/max_mel_energy[63]_i_1/O
                         net (fo=64, routed)          1.635    13.851    compc/max_mel_v[0]
    SLICE_X15Y58         FDRE                                         r  compc/max_mel_energy_reg[62]/CE
  -------------------------------------------------------------------    -------------------

                         (clock sys_clk_pin rise edge)
                                                     10.000    10.000 r  
    W5                                                0.000    10.000 r  clock_in (IN)
                         net (fo=0)                   0.000    10.000    clock_in
    W5                   IBUF (Prop_ibuf_I_O)         1.388    11.388 r  clock_in_IBUF_inst/O
                         net (fo=1, routed)           1.862    13.250    clock_in_IBUF
    BUFGCTRL_X0Y0        BUFG (Prop_bufg_I_O)         0.091    13.341 r  clock_in_IBUF_BUFG_inst/O
                         net (fo=8720, routed)        1.439    14.780    compc/clock_in_IBUF_BUFG
    SLICE_X15Y58         FDRE                                         r  compc/max_mel_energy_reg[62]/C
                         clock pessimism              0.180    14.960    
                         clock uncertainty           -0.035    14.924    
    SLICE_X15Y58         FDRE (Setup_fdre_C_CE)      -0.205    14.719    compc/max_mel_energy_reg[62]
  -------------------------------------------------------------------
                         required time                         14.719    
                         arrival time                         -13.851    
  -------------------------------------------------------------------
                         slack                                  0.869    

Slack (MET) :             0.871ns  (required time - arrival time)
  Source:                 compc/frame_in_reg[96]/C
                            (rising edge-triggered cell FDRE clocked by sys_clk_pin  {rise@0.000ns fall@5.000ns period=10.000ns})
  Destination:            compc/pair_sum_reg[56]/D
                            (rising edge-triggered cell FDRE clocked by sys_clk_pin  {rise@0.000ns fall@5.000ns period=10.000ns})
  Path Group:             sys_clk_pin
  Path Type:              Setup (Max at Slow Process Corner)
  Requirement:            10.000ns  (sys_clk_pin rise@10.000ns - sys_clk_pin rise@0.000ns)
  Data Path Delay:        9.144ns  (logic 5.118ns (55.974%)  route 4.026ns (44.026%))
  Logic Levels:           23  (CARRY4=18 LUT1=1 LUT4=2 LUT5=1 LUT6=1)
  Clock Path Skew:        0.021ns (DCD - SCD + CPR)
    Destination Clock Delay (DCD):    4.844ns = ( 14.844 - 10.000 ) 
    Source Clock Delay      (SCD):    5.083ns
    Clock Pessimism Removal (CPR):    0.260ns
  Clock Uncertainty:      0.035ns  ((TSJ^2 + TIJ^2)^1/2 + DJ) / 2 + PE
    Total System Jitter     (TSJ):    0.071ns
    Total Input Jitter      (TIJ):    0.000ns
    Discrete Jitter          (DJ):    0.000ns
    Phase Error              (PE):    0.000ns

    Location             Delay type                Incr(ns)  Path(ns)    Netlist Resource(s)
  -------------------------------------------------------------------    -------------------
                         (clock sys_clk_pin rise edge)
                                                      0.000     0.000 r  
    W5                                                0.000     0.000 r  clock_in (IN)
                         net (fo=0)                   0.000     0.000    clock_in
    W5                   IBUF (Prop_ibuf_I_O)         1.458     1.458 r  clock_in_IBUF_inst/O
                         net (fo=1, routed)           1.967     3.425    clock_in_IBUF
    BUFGCTRL_X0Y0        BUFG (Prop_bufg_I_O)         0.096     3.521 r  clock_in_IBUF_BUFG_inst/O
                         net (fo=8720, routed)        1.562     5.083    compc/clock_in_IBUF_BUFG
    SLICE_X9Y15          FDRE                                         r  compc/frame_in_reg[96]/C
  -------------------------------------------------------------------    -------------------
    SLICE_X9Y15          FDRE (Prop_fdre_C_Q)         0.456     5.539 r  compc/frame_in_reg[96]/Q
                         net (fo=1, routed)           1.182     6.722    compc/data1[0]
    SLICE_X7Y12          LUT6 (Prop_lut6_I3_O)        0.124     6.846 r  compc/pair_sum[3]_i_23/O
                         net (fo=2, routed)           0.929     7.774    compc/pair_sum[3]_i_23_n_0
    SLICE_X5Y6           LUT5 (Prop_lut5_I2_O)        0.124     7.898 r  compc/pair_sum[3]_i_15/O
                         net (fo=1, routed)           0.000     7.898    compc/pair_sum[3]_i_15_n_0
    SLICE_X5Y6           CARRY4 (Prop_carry4_S[0]_CO[3])
                                                      0.532     8.430 r  compc/pair_sum_reg[3]_i_7/CO[3]
                         net (fo=1, routed)           0.000     8.430    compc/pair_sum_reg[3]_i_7_n_0
    SLICE_X5Y7           CARRY4 (Prop_carry4_CI_O[0])
                                                      0.222     8.652 f  compc/pair_sum_reg[7]_i_7/O[0]
                         net (fo=2, routed)           0.707     9.359    compc/abs_diff_v1[4]
    SLICE_X3Y8           LUT1 (Prop_lut1_I0_O)        0.299     9.658 r  compc/pair_sum[7]_i_18/O
                         net (fo=1, routed)           0.000     9.658    compc/pair_sum[7]_i_18_n_0
    SLICE_X3Y8           CARRY4 (Prop_carry4_S[3]_CO[3])
                                                      0.401    10.059 r  compc/pair_sum_reg[7]_i_8/CO[3]
                         net (fo=1, routed)           0.000    10.059    compc/pair_sum_reg[7]_i_8_n_0
    SLICE_X3Y9           CARRY4 (Prop_carry4_CI_O[0])
                                                      0.222    10.281 r  compc/pair_sum_reg[11]_i_8/O[0]
                         net (fo=1, routed)           0.582    10.863    compc/abs_diff_v0[5]
    SLICE_X4Y9           LUT4 (Prop_lut4_I1_O)        0.299    11.162 r  compc/pair_sum[7]_i_5/O
                         net (fo=1, routed)           0.000    11.162    compc/pair_sum[7]_i_5_n_0
    SLICE_X4Y9           CARRY4 (Prop_carry4_S[1]_CO[3])
                                                      0.550    11.712 r  compc/pair_sum_reg[7]_i_2/CO[3]
                         net (fo=1, routed)           0.000    11.712    compc/pair_sum_reg[7]_i_2_n_0
    SLICE_X4Y10          CARRY4 (Prop_carry4_CI_CO[3])
                                                      0.114    11.826 r  compc/pair_sum_reg[11]_i_2/CO[3]
                         net (fo=1, routed)           0.000    11.826    compc/pair_sum_reg[11]_i_2_n_0
    SLICE_X4Y11          CARRY4 (Prop_carry4_CI_CO[3])
                                                      0.114    11.940 r  compc/pair_sum_reg[15]_i_2/CO[3]
                         net (fo=1, routed)           0.000    11.940    compc/pair_sum_reg[15]_i_2_n_0
    SLICE_X4Y12          CARRY4 (Prop_carry4_CI_CO[3])
                                                      0.114    12.054 r  compc/pair_sum_reg[19]_i_2/CO[3]
                         net (fo=1, routed)           0.000    12.054    compc/pair_sum_reg[19]_i_2_n_0
    SLICE_X4Y13          CARRY4 (Prop_carry4_CI_CO[3])
                                                      0.114    12.168 r  compc/pair_sum_reg[23]_i_2/CO[3]
                         net (fo=1, routed)           0.000    12.168    compc/pair_sum_reg[23]_i_2_n_0
    SLICE_X4Y14          CARRY4 (Prop_carry4_CI_CO[3])
                                                      0.114    12.282 r  compc/pair_sum_reg[27]_i_2/CO[3]
                         net (fo=1, routed)           0.000    12.282    compc/pair_sum_reg[27]_i_2_n_0
    SLICE_X4Y15          CARRY4 (Prop_carry4_CI_CO[3])
                                                      0.114    12.396 r  compc/pair_sum_reg[31]_i_2/CO[3]
                         net (fo=1, routed)           0.000    12.396    compc/pair_sum_reg[31]_i_2_n_0
    SLICE_X4Y16          CARRY4 (Prop_carry4_CI_CO[3])
                                                      0.114    12.510 r  compc/pair_sum_reg[35]_i_2/CO[3]
                         net (fo=1, routed)           0.000    12.510    compc/pair_sum_reg[35]_i_2_n_0
    SLICE_X4Y17          CARRY4 (Prop_carry4_CI_CO[3])
                                                      0.114    12.624 r  compc/pair_sum_reg[39]_i_2/CO[3]
                         net (fo=1, routed)           0.000    12.624    compc/pair_sum_reg[39]_i_2_n_0
    SLICE_X4Y18          CARRY4 (Prop_carry4_CI_CO[3])
                                                      0.114    12.738 r  compc/pair_sum_reg[43]_i_2/CO[3]
                         net (fo=1, routed)           0.000    12.738    compc/pair_sum_reg[43]_i_2_n_0
    SLICE_X4Y19          CARRY4 (Prop_carry4_CI_CO[3])
                                                      0.114    12.852 r  compc/pair_sum_reg[47]_i_2/CO[3]
                         net (fo=1, routed)           0.000    12.852    compc/pair_sum_reg[47]_i_2_n_0
    SLICE_X4Y20          CARRY4 (Prop_carry4_CI_CO[3])
                                                      0.114    12.966 r  compc/pair_sum_reg[51]_i_2/CO[3]
                         net (fo=1, routed)           0.000    12.966    compc/pair_sum_reg[51]_i_2_n_0
    SLICE_X4Y21          CARRY4 (Prop_carry4_CI_CO[3])
                                                      0.114    13.080 r  compc/pair_sum_reg[55]_i_2/CO[3]
                         net (fo=1, routed)           0.000    13.080    compc/pair_sum_reg[55]_i_2_n_0
    SLICE_X4Y22          CARRY4 (Prop_carry4_CI_O[0])
                                                      0.222    13.302 r  compc/pair_sum_reg[59]_i_2/O[0]
                         net (fo=1, routed)           0.626    13.928    compc/pair_sum_v0[56]
    SLICE_X5Y22          LUT4 (Prop_lut4_I0_O)        0.299    14.227 r  compc/pair_sum[56]_i_1/O
                         net (fo=1, routed)           0.000    14.227    compc/pair_sum_v1_in[56]
    SLICE_X5Y22          FDRE                                         r  compc/pair_sum_reg[56]/D
  -------------------------------------------------------------------    -------------------

                         (clock sys_clk_pin rise edge)
                                                     10.000    10.000 r  
    W5                                                0.000    10.000 r  clock_in (IN)
                         net (fo=0)                   0.000    10.000    clock_in
    W5                   IBUF (Prop_ibuf_I_O)         1.388    11.388 r  clock_in_IBUF_inst/O
                         net (fo=1, routed)           1.862    13.250    clock_in_IBUF
    BUFGCTRL_X0Y0        BUFG (Prop_bufg_I_O)         0.091    13.341 r  clock_in_IBUF_BUFG_inst/O
                         net (fo=8720, routed)        1.503    14.844    compc/clock_in_IBUF_BUFG
    SLICE_X5Y22          FDRE                                         r  compc/pair_sum_reg[56]/C
                         clock pessimism              0.260    15.104    
                         clock uncertainty           -0.035    15.069    
    SLICE_X5Y22          FDRE (Setup_fdre_C_D)        0.029    15.098    compc/pair_sum_reg[56]
  -------------------------------------------------------------------
                         required time                         15.098    
                         arrival time                         -14.227    
  -------------------------------------------------------------------
                         slack                                  0.871    

Slack (MET) :             0.872ns  (required time - arrival time)
  Source:                 compc/frame_in_reg[96]/C
                            (rising edge-triggered cell FDRE clocked by sys_clk_pin  {rise@0.000ns fall@5.000ns period=10.000ns})
  Destination:            compc/pair_sum_reg[55]/D
                            (rising edge-triggered cell FDRE clocked by sys_clk_pin  {rise@0.000ns fall@5.000ns period=10.000ns})
  Path Group:             sys_clk_pin
  Path Type:              Setup (Max at Slow Process Corner)
  Requirement:            10.000ns  (sys_clk_pin rise@10.000ns - sys_clk_pin rise@0.000ns)
  Data Path Delay:        9.191ns  (logic 5.130ns (55.817%)  route 4.061ns (44.183%))
  Logic Levels:           22  (CARRY4=17 LUT1=1 LUT4=2 LUT5=1 LUT6=1)
  Clock Path Skew:        0.023ns (DCD - SCD + CPR)
    Destination Clock Delay (DCD):    4.846ns = ( 14.846 - 10.000 ) 
    Source Clock Delay      (SCD):    5.083ns
    Clock Pessimism Removal (CPR):    0.260ns
  Clock Uncertainty:      0.035ns  ((TSJ^2 + TIJ^2)^1/2 + DJ) / 2 + PE
    Total System Jitter     (TSJ):    0.071ns
    Total Input Jitter      (TIJ):    0.000ns
    Discrete Jitter          (DJ):    0.000ns
    Phase Error              (PE):    0.000ns

    Location             Delay type                Incr(ns)  Path(ns)    Netlist Resource(s)
  -------------------------------------------------------------------    -------------------
                         (clock sys_clk_pin rise edge)
                                                      0.000     0.000 r  
    W5                                                0.000     0.000 r  clock_in (IN)
                         net (fo=0)                   0.000     0.000    clock_in
    W5                   IBUF (Prop_ibuf_I_O)         1.458     1.458 r  clock_in_IBUF_inst/O
                         net (fo=1, routed)           1.967     3.425    clock_in_IBUF
    BUFGCTRL_X0Y0        BUFG (Prop_bufg_I_O)         0.096     3.521 r  clock_in_IBUF_BUFG_inst/O
                         net (fo=8720, routed)        1.562     5.083    compc/clock_in_IBUF_BUFG
    SLICE_X9Y15          FDRE                                         r  compc/frame_in_reg[96]/C
  -------------------------------------------------------------------    -------------------
    SLICE_X9Y15          FDRE (Prop_fdre_C_Q)         0.456     5.539 r  compc/frame_in_reg[96]/Q
                         net (fo=1, routed)           1.182     6.722    compc/data1[0]
    SLICE_X7Y12          LUT6 (Prop_lut6_I3_O)        0.124     6.846 r  compc/pair_sum[3]_i_23/O
                         net (fo=2, routed)           0.929     7.774    compc/pair_sum[3]_i_23_n_0
    SLICE_X5Y6           LUT5 (Prop_lut5_I2_O)        0.124     7.898 r  compc/pair_sum[3]_i_15/O
                         net (fo=1, routed)           0.000     7.898    compc/pair_sum[3]_i_15_n_0
    SLICE_X5Y6           CARRY4 (Prop_carry4_S[0]_CO[3])
                                                      0.532     8.430 r  compc/pair_sum_reg[3]_i_7/CO[3]
                         net (fo=1, routed)           0.000     8.430    compc/pair_sum_reg[3]_i_7_n_0
    SLICE_X5Y7           CARRY4 (Prop_carry4_CI_O[0])
                                                      0.222     8.652 f  compc/pair_sum_reg[7]_i_7/O[0]
                         net (fo=2, routed)           0.707     9.359    compc/abs_diff_v1[4]
    SLICE_X3Y8           LUT1 (Prop_lut1_I0_O)        0.299     9.658 r  compc/pair_sum[7]_i_18/O
                         net (fo=1, routed)           0.000     9.658    compc/pair_sum[7]_i_18_n_0
    SLICE_X3Y8           CARRY4 (Prop_carry4_S[3]_CO[3])
                                                      0.401    10.059 r  compc/pair_sum_reg[7]_i_8/CO[3]
                         net (fo=1, routed)           0.000    10.059    compc/pair_sum_reg[7]_i_8_n_0
    SLICE_X3Y9           CARRY4 (Prop_carry4_CI_O[0])
                                                      0.222    10.281 r  compc/pair_sum_reg[11]_i_8/O[0]
                         net (fo=1, routed)           0.582    10.863    compc/abs_diff_v0[5]
    SLICE_X4Y9           LUT4 (Prop_lut4_I1_O)        0.299    11.162 r  compc/pair_sum[7]_i_5/O
                         net (fo=1, routed)           0.000    11.162    compc/pair_sum[7]_i_5_n_0
    SLICE_X4Y9           CARRY4 (Prop_carry4_S[1]_CO[3])
                                                      0.550    11.712 r  compc/pair_sum_reg[7]_i_2/CO[3]
                         net (fo=1, routed)           0.000    11.712    compc/pair_sum_reg[7]_i_2_n_0
    SLICE_X4Y10          CARRY4 (Prop_carry4_CI_CO[3])
                                                      0.114    11.826 r  compc/pair_sum_reg[11]_i_2/CO[3]
                         net (fo=1, routed)           0.000    11.826    compc/pair_sum_reg[11]_i_2_n_0
    SLICE_X4Y11          CARRY4 (Prop_carry4_CI_CO[3])
                                                      0.114    11.940 r  compc/pair_sum_reg[15]_i_2/CO[3]
                         net (fo=1, routed)           0.000    11.940    compc/pair_sum_reg[15]_i_2_n_0
    SLICE_X4Y12          CARRY4 (Prop_carry4_CI_CO[3])
                                                      0.114    12.054 r  compc/pair_sum_reg[19]_i_2/CO[3]
                         net (fo=1, routed)           0.000    12.054    compc/pair_sum_reg[19]_i_2_n_0
    SLICE_X4Y13          CARRY4 (Prop_carry4_CI_CO[3])
                                                      0.114    12.168 r  compc/pair_sum_reg[23]_i_2/CO[3]
                         net (fo=1, routed)           0.000    12.168    compc/pair_sum_reg[23]_i_2_n_0
    SLICE_X4Y14          CARRY4 (Prop_carry4_CI_CO[3])
                                                      0.114    12.282 r  compc/pair_sum_reg[27]_i_2/CO[3]
                         net (fo=1, routed)           0.000    12.282    compc/pair_sum_reg[27]_i_2_n_0
    SLICE_X4Y15          CARRY4 (Prop_carry4_CI_CO[3])
                                                      0.114    12.396 r  compc/pair_sum_reg[31]_i_2/CO[3]
                         net (fo=1, routed)           0.000    12.396    compc/pair_sum_reg[31]_i_2_n_0
    SLICE_X4Y16          CARRY4 (Prop_carry4_CI_CO[3])
                                                      0.114    12.510 r  compc/pair_sum_reg[35]_i_2/CO[3]
                         net (fo=1, routed)           0.000    12.510    compc/pair_sum_reg[35]_i_2_n_0
    SLICE_X4Y17          CARRY4 (Prop_carry4_CI_CO[3])
                                                      0.114    12.624 r  compc/pair_sum_reg[39]_i_2/CO[3]
                         net (fo=1, routed)           0.000    12.624    compc/pair_sum_reg[39]_i_2_n_0
    SLICE_X4Y18          CARRY4 (Prop_carry4_CI_CO[3])
                                                      0.114    12.738 r  compc/pair_sum_reg[43]_i_2/CO[3]
                         net (fo=1, routed)           0.000    12.738    compc/pair_sum_reg[43]_i_2_n_0
    SLICE_X4Y19          CARRY4 (Prop_carry4_CI_CO[3])
                                                      0.114    12.852 r  compc/pair_sum_reg[47]_i_2/CO[3]
                         net (fo=1, routed)           0.000    12.852    compc/pair_sum_reg[47]_i_2_n_0
    SLICE_X4Y20          CARRY4 (Prop_carry4_CI_CO[3])
                                                      0.114    12.966 r  compc/pair_sum_reg[51]_i_2/CO[3]
                         net (fo=1, routed)           0.000    12.966    compc/pair_sum_reg[51]_i_2_n_0
    SLICE_X4Y21          CARRY4 (Prop_carry4_CI_O[3])
                                                      0.313    13.279 r  compc/pair_sum_reg[55]_i_2/O[3]
                         net (fo=1, routed)           0.661    13.940    compc/pair_sum_v0[55]
    SLICE_X5Y21          LUT4 (Prop_lut4_I0_O)        0.334    14.274 r  compc/pair_sum[55]_i_1/O
                         net (fo=1, routed)           0.000    14.274    compc/pair_sum_v1_in[55]
    SLICE_X5Y21          FDRE                                         r  compc/pair_sum_reg[55]/D
  -------------------------------------------------------------------    -------------------

                         (clock sys_clk_pin rise edge)
                                                     10.000    10.000 r  
    W5                                                0.000    10.000 r  clock_in (IN)
                         net (fo=0)                   0.000    10.000    clock_in
    W5                   IBUF (Prop_ibuf_I_O)         1.388    11.388 r  clock_in_IBUF_inst/O
                         net (fo=1, routed)           1.862    13.250    clock_in_IBUF
    BUFGCTRL_X0Y0        BUFG (Prop_bufg_I_O)         0.091    13.341 r  clock_in_IBUF_BUFG_inst/O
                         net (fo=8720, routed)        1.505    14.846    compc/clock_in_IBUF_BUFG
    SLICE_X5Y21          FDRE                                         r  compc/pair_sum_reg[55]/C
                         clock pessimism              0.260    15.106    
                         clock uncertainty           -0.035    15.071    
    SLICE_X5Y21          FDRE (Setup_fdre_C_D)        0.075    15.146    compc/pair_sum_reg[55]
  -------------------------------------------------------------------
                         required time                         15.146    
                         arrival time                         -14.274    
  -------------------------------------------------------------------
                         slack                                  0.872    

Slack (MET) :             0.885ns  (required time - arrival time)
  Source:                 compc/frame_in_reg[96]/C
                            (rising edge-triggered cell FDRE clocked by sys_clk_pin  {rise@0.000ns fall@5.000ns period=10.000ns})
  Destination:            compc/pair_sum_reg[62]/D
                            (rising edge-triggered cell FDRE clocked by sys_clk_pin  {rise@0.000ns fall@5.000ns period=10.000ns})
  Path Group:             sys_clk_pin
  Path Type:              Setup (Max at Slow Process Corner)
  Requirement:            10.000ns  (sys_clk_pin rise@10.000ns - sys_clk_pin rise@0.000ns)
  Data Path Delay:        9.174ns  (logic 5.278ns (57.531%)  route 3.896ns (42.469%))
  Logic Levels:           24  (CARRY4=19 LUT1=1 LUT4=2 LUT5=1 LUT6=1)
  Clock Path Skew:        0.020ns (DCD - SCD + CPR)
    Destination Clock Delay (DCD):    4.843ns = ( 14.843 - 10.000 ) 
    Source Clock Delay      (SCD):    5.083ns
    Clock Pessimism Removal (CPR):    0.260ns
  Clock Uncertainty:      0.035ns  ((TSJ^2 + TIJ^2)^1/2 + DJ) / 2 + PE
    Total System Jitter     (TSJ):    0.071ns
    Total Input Jitter      (TIJ):    0.000ns
    Discrete Jitter          (DJ):    0.000ns
    Phase Error              (PE):    0.000ns

    Location             Delay type                Incr(ns)  Path(ns)    Netlist Resource(s)
  -------------------------------------------------------------------    -------------------
                         (clock sys_clk_pin rise edge)
                                                      0.000     0.000 r  
    W5                                                0.000     0.000 r  clock_in (IN)
                         net (fo=0)                   0.000     0.000    clock_in
    W5                   IBUF (Prop_ibuf_I_O)         1.458     1.458 r  clock_in_IBUF_inst/O
                         net (fo=1, routed)           1.967     3.425    clock_in_IBUF
    BUFGCTRL_X0Y0        BUFG (Prop_bufg_I_O)         0.096     3.521 r  clock_in_IBUF_BUFG_inst/O
                         net (fo=8720, routed)        1.562     5.083    compc/clock_in_IBUF_BUFG
    SLICE_X9Y15          FDRE                                         r  compc/frame_in_reg[96]/C
  -------------------------------------------------------------------    -------------------
    SLICE_X9Y15          FDRE (Prop_fdre_C_Q)         0.456     5.539 r  compc/frame_in_reg[96]/Q
                         net (fo=1, routed)           1.182     6.722    compc/data1[0]
    SLICE_X7Y12          LUT6 (Prop_lut6_I3_O)        0.124     6.846 r  compc/pair_sum[3]_i_23/O
                         net (fo=2, routed)           0.929     7.774    compc/pair_sum[3]_i_23_n_0
    SLICE_X5Y6           LUT5 (Prop_lut5_I2_O)        0.124     7.898 r  compc/pair_sum[3]_i_15/O
                         net (fo=1, routed)           0.000     7.898    compc/pair_sum[3]_i_15_n_0
    SLICE_X5Y6           CARRY4 (Prop_carry4_S[0]_CO[3])
                                                      0.532     8.430 r  compc/pair_sum_reg[3]_i_7/CO[3]
                         net (fo=1, routed)           0.000     8.430    compc/pair_sum_reg[3]_i_7_n_0
    SLICE_X5Y7           CARRY4 (Prop_carry4_CI_O[0])
                                                      0.222     8.652 f  compc/pair_sum_reg[7]_i_7/O[0]
                         net (fo=2, routed)           0.707     9.359    compc/abs_diff_v1[4]
    SLICE_X3Y8           LUT1 (Prop_lut1_I0_O)        0.299     9.658 r  compc/pair_sum[7]_i_18/O
                         net (fo=1, routed)           0.000     9.658    compc/pair_sum[7]_i_18_n_0
    SLICE_X3Y8           CARRY4 (Prop_carry4_S[3]_CO[3])
                                                      0.401    10.059 r  compc/pair_sum_reg[7]_i_8/CO[3]
                         net (fo=1, routed)           0.000    10.059    compc/pair_sum_reg[7]_i_8_n_0
    SLICE_X3Y9           CARRY4 (Prop_carry4_CI_O[0])
                                                      0.222    10.281 r  compc/pair_sum_reg[11]_i_8/O[0]
                         net (fo=1, routed)           0.582    10.863    compc/abs_diff_v0[5]
    SLICE_X4Y9           LUT4 (Prop_lut4_I1_O)        0.299    11.162 r  compc/pair_sum[7]_i_5/O
                         net (fo=1, routed)           0.000    11.162    compc/pair_sum[7]_i_5_n_0
    SLICE_X4Y9           CARRY4 (Prop_carry4_S[1]_CO[3])
                                                      0.550    11.712 r  compc/pair_sum_reg[7]_i_2/CO[3]
                         net (fo=1, routed)           0.000    11.712    compc/pair_sum_reg[7]_i_2_n_0
    SLICE_X4Y10          CARRY4 (Prop_carry4_CI_CO[3])
                                                      0.114    11.826 r  compc/pair_sum_reg[11]_i_2/CO[3]
                         net (fo=1, routed)           0.000    11.826    compc/pair_sum_reg[11]_i_2_n_0
    SLICE_X4Y11          CARRY4 (Prop_carry4_CI_CO[3])
                                                      0.114    11.940 r  compc/pair_sum_reg[15]_i_2/CO[3]
                         net (fo=1, routed)           0.000    11.940    compc/pair_sum_reg[15]_i_2_n_0
    SLICE_X4Y12          CARRY4 (Prop_carry4_CI_CO[3])
                                                      0.114    12.054 r  compc/pair_sum_reg[19]_i_2/CO[3]
                         net (fo=1, routed)           0.000    12.054    compc/pair_sum_reg[19]_i_2_n_0
    SLICE_X4Y13          CARRY4 (Prop_carry4_CI_CO[3])
                                                      0.114    12.168 r  compc/pair_sum_reg[23]_i_2/CO[3]
                         net (fo=1, routed)           0.000    12.168    compc/pair_sum_reg[23]_i_2_n_0
    SLICE_X4Y14          CARRY4 (Prop_carry4_CI_CO[3])
                                                      0.114    12.282 r  compc/pair_sum_reg[27]_i_2/CO[3]
                         net (fo=1, routed)           0.000    12.282    compc/pair_sum_reg[27]_i_2_n_0
    SLICE_X4Y15          CARRY4 (Prop_carry4_CI_CO[3])
                                                      0.114    12.396 r  compc/pair_sum_reg[31]_i_2/CO[3]
                         net (fo=1, routed)           0.000    12.396    compc/pair_sum_reg[31]_i_2_n_0
    SLICE_X4Y16          CARRY4 (Prop_carry4_CI_CO[3])
                                                      0.114    12.510 r  compc/pair_sum_reg[35]_i_2/CO[3]
                         net (fo=1, routed)           0.000    12.510    compc/pair_sum_reg[35]_i_2_n_0
    SLICE_X4Y17          CARRY4 (Prop_carry4_CI_CO[3])
                                                      0.114    12.624 r  compc/pair_sum_reg[39]_i_2/CO[3]
                         net (fo=1, routed)           0.000    12.624    compc/pair_sum_reg[39]_i_2_n_0
    SLICE_X4Y18          CARRY4 (Prop_carry4_CI_CO[3])
                                                      0.114    12.738 r  compc/pair_sum_reg[43]_i_2/CO[3]
                         net (fo=1, routed)           0.000    12.738    compc/pair_sum_reg[43]_i_2_n_0
    SLICE_X4Y19          CARRY4 (Prop_carry4_CI_CO[3])
                                                      0.114    12.852 r  compc/pair_sum_reg[47]_i_2/CO[3]
                         net (fo=1, routed)           0.000    12.852    compc/pair_sum_reg[47]_i_2_n_0
    SLICE_X4Y20          CARRY4 (Prop_carry4_CI_CO[3])
                                                      0.114    12.966 r  compc/pair_sum_reg[51]_i_2/CO[3]
                         net (fo=1, routed)           0.000    12.966    compc/pair_sum_reg[51]_i_2_n_0
    SLICE_X4Y21          CARRY4 (Prop_carry4_CI_CO[3])
                                                      0.114    13.080 r  compc/pair_sum_reg[55]_i_2/CO[3]
                         net (fo=1, routed)           0.000    13.080    compc/pair_sum_reg[55]_i_2_n_0
    SLICE_X4Y22          CARRY4 (Prop_carry4_CI_CO[3])
                                                      0.114    13.194 r  compc/pair_sum_reg[59]_i_2/CO[3]
                         net (fo=1, routed)           0.000    13.194    compc/pair_sum_reg[59]_i_2_n_0
    SLICE_X4Y23          CARRY4 (Prop_carry4_CI_O[2])
                                                      0.239    13.433 r  compc/pair_sum_reg[63]_i_4/O[2]
                         net (fo=1, routed)           0.496    13.929    compc/pair_sum_v0[62]
    SLICE_X5Y23          LUT4 (Prop_lut4_I0_O)        0.328    14.257 r  compc/pair_sum[62]_i_1/O
                         net (fo=1, routed)           0.000    14.257    compc/pair_sum_v1_in[62]
    SLICE_X5Y23          FDRE                                         r  compc/pair_sum_reg[62]/D
  -------------------------------------------------------------------    -------------------

                         (clock sys_clk_pin rise edge)
                                                     10.000    10.000 r  
    W5                                                0.000    10.000 r  clock_in (IN)
                         net (fo=0)                   0.000    10.000    clock_in
    W5                   IBUF (Prop_ibuf_I_O)         1.388    11.388 r  clock_in_IBUF_inst/O
                         net (fo=1, routed)           1.862    13.250    clock_in_IBUF
    BUFGCTRL_X0Y0        BUFG (Prop_bufg_I_O)         0.091    13.341 r  clock_in_IBUF_BUFG_inst/O
                         net (fo=8720, routed)        1.502    14.843    compc/clock_in_IBUF_BUFG
    SLICE_X5Y23          FDRE                                         r  compc/pair_sum_reg[62]/C
                         clock pessimism              0.260    15.103    
                         clock uncertainty           -0.035    15.068    
    SLICE_X5Y23          FDRE (Setup_fdre_C_D)        0.075    15.143    compc/pair_sum_reg[62]
  -------------------------------------------------------------------
                         required time                         15.143    
                         arrival time                         -14.257    
  -------------------------------------------------------------------
                         slack                                  0.885    

Slack (MET) :             0.977ns  (required time - arrival time)
  Source:                 compc/max_mel_energy_reg[6]/C
                            (rising edge-triggered cell FDRE clocked by sys_clk_pin  {rise@0.000ns fall@5.000ns period=10.000ns})
  Destination:            compc/active_start_reg[4]/D
                            (rising edge-triggered cell FDRE clocked by sys_clk_pin  {rise@0.000ns fall@5.000ns period=10.000ns})
  Path Group:             sys_clk_pin
  Path Type:              Setup (Max at Slow Process Corner)
  Requirement:            10.000ns  (sys_clk_pin rise@10.000ns - sys_clk_pin rise@0.000ns)
  Data Path Delay:        8.993ns  (logic 3.123ns (34.727%)  route 5.870ns (65.273%))
  Logic Levels:           14  (CARRY4=8 LUT4=2 LUT5=2 LUT6=2)
  Clock Path Skew:        -0.026ns (DCD - SCD + CPR)
    Destination Clock Delay (DCD):    4.777ns = ( 14.777 - 10.000 ) 
    Source Clock Delay      (SCD):    5.075ns
    Clock Pessimism Removal (CPR):    0.272ns
  Clock Uncertainty:      0.035ns  ((TSJ^2 + TIJ^2)^1/2 + DJ) / 2 + PE
    Total System Jitter     (TSJ):    0.071ns
    Total Input Jitter      (TIJ):    0.000ns
    Discrete Jitter          (DJ):    0.000ns
    Phase Error              (PE):    0.000ns

    Location             Delay type                Incr(ns)  Path(ns)    Netlist Resource(s)
  -------------------------------------------------------------------    -------------------
                         (clock sys_clk_pin rise edge)
                                                      0.000     0.000 r  
    W5                                                0.000     0.000 r  clock_in (IN)
                         net (fo=0)                   0.000     0.000    clock_in
    W5                   IBUF (Prop_ibuf_I_O)         1.458     1.458 r  clock_in_IBUF_inst/O
                         net (fo=1, routed)           1.967     3.425    clock_in_IBUF
    BUFGCTRL_X0Y0        BUFG (Prop_bufg_I_O)         0.096     3.521 r  clock_in_IBUF_BUFG_inst/O
                         net (fo=8720, routed)        1.554     5.075    compc/clock_in_IBUF_BUFG
    SLICE_X28Y56         FDRE                                         r  compc/max_mel_energy_reg[6]/C
  -------------------------------------------------------------------    -------------------
    SLICE_X28Y56         FDRE (Prop_fdre_C_Q)         0.419     5.494 r  compc/max_mel_energy_reg[6]/Q
                         net (fo=128, routed)         1.559     7.053    compc/max_mel_energy[6]
    SLICE_X14Y69         LUT4 (Prop_lut4_I1_O)        0.299     7.352 r  compc/active_start[3]_i_2138/O
                         net (fo=1, routed)           0.000     7.352    compc/active_start[3]_i_2138_n_0
    SLICE_X14Y69         CARRY4 (Prop_carry4_S[1]_CO[3])
                                                      0.533     7.885 r  compc/active_start_reg[3]_i_1919/CO[3]
                         net (fo=1, routed)           0.000     7.885    compc/active_start_reg[3]_i_1919_n_0
    SLICE_X14Y70         CARRY4 (Prop_carry4_CI_CO[3])
                                                      0.117     8.002 r  compc/active_start_reg[3]_i_1653/CO[3]
                         net (fo=1, routed)           0.000     8.002    compc/active_start_reg[3]_i_1653_n_0
    SLICE_X14Y71         CARRY4 (Prop_carry4_CI_CO[3])
                                                      0.117     8.119 r  compc/active_start_reg[3]_i_1383/CO[3]
                         net (fo=1, routed)           0.000     8.119    compc/active_start_reg[3]_i_1383_n_0
    SLICE_X14Y72         CARRY4 (Prop_carry4_CI_CO[3])
                                                      0.117     8.236 r  compc/active_start_reg[3]_i_1113/CO[3]
                         net (fo=1, routed)           0.000     8.236    compc/active_start_reg[3]_i_1113_n_0
    SLICE_X14Y73         CARRY4 (Prop_carry4_CI_CO[3])
                                                      0.117     8.353 r  compc/active_start_reg[3]_i_843/CO[3]
                         net (fo=1, routed)           0.000     8.353    compc/active_start_reg[3]_i_843_n_0
    SLICE_X14Y74         CARRY4 (Prop_carry4_CI_CO[3])
                                                      0.117     8.470 r  compc/active_start_reg[3]_i_573/CO[3]
                         net (fo=1, routed)           0.009     8.479    compc/active_start_reg[3]_i_573_n_0
    SLICE_X14Y75         CARRY4 (Prop_carry4_CI_CO[3])
                                                      0.117     8.596 r  compc/active_start_reg[3]_i_303/CO[3]
                         net (fo=1, routed)           0.000     8.596    compc/active_start_reg[3]_i_303_n_0
    SLICE_X14Y76         CARRY4 (Prop_carry4_CI_CO[3])
                                                      0.117     8.713 r  compc/active_start_reg[3]_i_73/CO[3]
                         net (fo=3, routed)           1.892    10.605    compc/found_v238_in
    SLICE_X33Y62         LUT4 (Prop_lut4_I3_O)        0.152    10.757 r  compc/active_start[3]_i_13/O
                         net (fo=8, routed)           0.472    11.229    compc/active_start[3]_i_13_n_0
    SLICE_X31Y60         LUT6 (Prop_lut6_I5_O)        0.326    11.555 r  compc/active_start[5]_i_22/O
                         net (fo=5, routed)           0.468    12.023    compc/active_start[5]_i_22_n_0
    SLICE_X31Y58         LUT6 (Prop_lut6_I5_O)        0.124    12.147 f  compc/active_start[5]_i_9/O
                         net (fo=9, routed)           0.630    12.777    compc/active_start[5]_i_9_n_0
    SLICE_X28Y57         LUT5 (Prop_lut5_I4_O)        0.119    12.896 r  compc/active_start[5]_i_5/O
                         net (fo=2, routed)           0.840    13.736    compc/active_start[5]_i_5_n_0
    SLICE_X28Y57         LUT5 (Prop_lut5_I0_O)        0.332    14.068 r  compc/active_start[4]_i_1/O
                         net (fo=1, routed)           0.000    14.068    compc/active_start[4]_i_1_n_0
    SLICE_X28Y57         FDRE                                         r  compc/active_start_reg[4]/D
  -------------------------------------------------------------------    -------------------

                         (clock sys_clk_pin rise edge)
                                                     10.000    10.000 r  
    W5                                                0.000    10.000 r  clock_in (IN)
                         net (fo=0)                   0.000    10.000    clock_in
    W5                   IBUF (Prop_ibuf_I_O)         1.388    11.388 r  clock_in_IBUF_inst/O
                         net (fo=1, routed)           1.862    13.250    clock_in_IBUF
    BUFGCTRL_X0Y0        BUFG (Prop_bufg_I_O)         0.091    13.341 r  clock_in_IBUF_BUFG_inst/O
                         net (fo=8720, routed)        1.436    14.777    compc/clock_in_IBUF_BUFG
    SLICE_X28Y57         FDRE                                         r  compc/active_start_reg[4]/C
                         clock pessimism              0.272    15.049    
                         clock uncertainty           -0.035    15.014    
    SLICE_X28Y57         FDRE (Setup_fdre_C_D)        0.031    15.045    compc/active_start_reg[4]
  -------------------------------------------------------------------
                         required time                         15.045    
                         arrival time                         -14.068    
  -------------------------------------------------------------------
                         slack                                  0.977    

Slack (MET) :             0.987ns  (required time - arrival time)
  Source:                 compc/frame_in_reg[96]/C
                            (rising edge-triggered cell FDRE clocked by sys_clk_pin  {rise@0.000ns fall@5.000ns period=10.000ns})
  Destination:            compc/pair_sum_reg[51]/D
                            (rising edge-triggered cell FDRE clocked by sys_clk_pin  {rise@0.000ns fall@5.000ns period=10.000ns})
  Path Group:             sys_clk_pin
  Path Type:              Setup (Max at Slow Process Corner)
  Requirement:            10.000ns  (sys_clk_pin rise@10.000ns - sys_clk_pin rise@0.000ns)
  Data Path Delay:        9.077ns  (logic 5.016ns (55.262%)  route 4.061ns (44.738%))
  Logic Levels:           21  (CARRY4=16 LUT1=1 LUT4=2 LUT5=1 LUT6=1)
  Clock Path Skew:        0.024ns (DCD - SCD + CPR)
    Destination Clock Delay (DCD):    4.847ns = ( 14.847 - 10.000 ) 
    Source Clock Delay      (SCD):    5.083ns
    Clock Pessimism Removal (CPR):    0.260ns
  Clock Uncertainty:      0.035ns  ((TSJ^2 + TIJ^2)^1/2 + DJ) / 2 + PE
    Total System Jitter     (TSJ):    0.071ns
    Total Input Jitter      (TIJ):    0.000ns
    Discrete Jitter          (DJ):    0.000ns
    Phase Error              (PE):    0.000ns

    Location             Delay type                Incr(ns)  Path(ns)    Netlist Resource(s)
  -------------------------------------------------------------------    -------------------
                         (clock sys_clk_pin rise edge)
                                                      0.000     0.000 r  
    W5                                                0.000     0.000 r  clock_in (IN)
                         net (fo=0)                   0.000     0.000    clock_in
    W5                   IBUF (Prop_ibuf_I_O)         1.458     1.458 r  clock_in_IBUF_inst/O
                         net (fo=1, routed)           1.967     3.425    clock_in_IBUF
    BUFGCTRL_X0Y0        BUFG (Prop_bufg_I_O)         0.096     3.521 r  clock_in_IBUF_BUFG_inst/O
                         net (fo=8720, routed)        1.562     5.083    compc/clock_in_IBUF_BUFG
    SLICE_X9Y15          FDRE                                         r  compc/frame_in_reg[96]/C
  -------------------------------------------------------------------    -------------------
    SLICE_X9Y15          FDRE (Prop_fdre_C_Q)         0.456     5.539 r  compc/frame_in_reg[96]/Q
                         net (fo=1, routed)           1.182     6.722    compc/data1[0]
    SLICE_X7Y12          LUT6 (Prop_lut6_I3_O)        0.124     6.846 r  compc/pair_sum[3]_i_23/O
                         net (fo=2, routed)           0.929     7.774    compc/pair_sum[3]_i_23_n_0
    SLICE_X5Y6           LUT5 (Prop_lut5_I2_O)        0.124     7.898 r  compc/pair_sum[3]_i_15/O
                         net (fo=1, routed)           0.000     7.898    compc/pair_sum[3]_i_15_n_0
    SLICE_X5Y6           CARRY4 (Prop_carry4_S[0]_CO[3])
                                                      0.532     8.430 r  compc/pair_sum_reg[3]_i_7/CO[3]
                         net (fo=1, routed)           0.000     8.430    compc/pair_sum_reg[3]_i_7_n_0
    SLICE_X5Y7           CARRY4 (Prop_carry4_CI_O[0])
                                                      0.222     8.652 f  compc/pair_sum_reg[7]_i_7/O[0]
                         net (fo=2, routed)           0.707     9.359    compc/abs_diff_v1[4]
    SLICE_X3Y8           LUT1 (Prop_lut1_I0_O)        0.299     9.658 r  compc/pair_sum[7]_i_18/O
                         net (fo=1, routed)           0.000     9.658    compc/pair_sum[7]_i_18_n_0
    SLICE_X3Y8           CARRY4 (Prop_carry4_S[3]_CO[3])
                                                      0.401    10.059 r  compc/pair_sum_reg[7]_i_8/CO[3]
                         net (fo=1, routed)           0.000    10.059    compc/pair_sum_reg[7]_i_8_n_0
    SLICE_X3Y9           CARRY4 (Prop_carry4_CI_O[0])
                                                      0.222    10.281 r  compc/pair_sum_reg[11]_i_8/O[0]
                         net (fo=1, routed)           0.582    10.863    compc/abs_diff_v0[5]
    SLICE_X4Y9           LUT4 (Prop_lut4_I1_O)        0.299    11.162 r  compc/pair_sum[7]_i_5/O
                         net (fo=1, routed)           0.000    11.162    compc/pair_sum[7]_i_5_n_0
    SLICE_X4Y9           CARRY4 (Prop_carry4_S[1]_CO[3])
                                                      0.550    11.712 r  compc/pair_sum_reg[7]_i_2/CO[3]
                         net (fo=1, routed)           0.000    11.712    compc/pair_sum_reg[7]_i_2_n_0
    SLICE_X4Y10          CARRY4 (Prop_carry4_CI_CO[3])
                                                      0.114    11.826 r  compc/pair_sum_reg[11]_i_2/CO[3]
                         net (fo=1, routed)           0.000    11.826    compc/pair_sum_reg[11]_i_2_n_0
    SLICE_X4Y11          CARRY4 (Prop_carry4_CI_CO[3])
                                                      0.114    11.940 r  compc/pair_sum_reg[15]_i_2/CO[3]
                         net (fo=1, routed)           0.000    11.940    compc/pair_sum_reg[15]_i_2_n_0
    SLICE_X4Y12          CARRY4 (Prop_carry4_CI_CO[3])
                                                      0.114    12.054 r  compc/pair_sum_reg[19]_i_2/CO[3]
                         net (fo=1, routed)           0.000    12.054    compc/pair_sum_reg[19]_i_2_n_0
    SLICE_X4Y13          CARRY4 (Prop_carry4_CI_CO[3])
                                                      0.114    12.168 r  compc/pair_sum_reg[23]_i_2/CO[3]
                         net (fo=1, routed)           0.000    12.168    compc/pair_sum_reg[23]_i_2_n_0
    SLICE_X4Y14          CARRY4 (Prop_carry4_CI_CO[3])
                                                      0.114    12.282 r  compc/pair_sum_reg[27]_i_2/CO[3]
                         net (fo=1, routed)           0.000    12.282    compc/pair_sum_reg[27]_i_2_n_0
    SLICE_X4Y15          CARRY4 (Prop_carry4_CI_CO[3])
                                                      0.114    12.396 r  compc/pair_sum_reg[31]_i_2/CO[3]
                         net (fo=1, routed)           0.000    12.396    compc/pair_sum_reg[31]_i_2_n_0
    SLICE_X4Y16          CARRY4 (Prop_carry4_CI_CO[3])
                                                      0.114    12.510 r  compc/pair_sum_reg[35]_i_2/CO[3]
                         net (fo=1, routed)           0.000    12.510    compc/pair_sum_reg[35]_i_2_n_0
    SLICE_X4Y17          CARRY4 (Prop_carry4_CI_CO[3])
                                                      0.114    12.624 r  compc/pair_sum_reg[39]_i_2/CO[3]
                         net (fo=1, routed)           0.000    12.624    compc/pair_sum_reg[39]_i_2_n_0
    SLICE_X4Y18          CARRY4 (Prop_carry4_CI_CO[3])
                                                      0.114    12.738 r  compc/pair_sum_reg[43]_i_2/CO[3]
                         net (fo=1, routed)           0.000    12.738    compc/pair_sum_reg[43]_i_2_n_0
    SLICE_X4Y19          CARRY4 (Prop_carry4_CI_CO[3])
                                                      0.114    12.852 r  compc/pair_sum_reg[47]_i_2/CO[3]
                         net (fo=1, routed)           0.000    12.852    compc/pair_sum_reg[47]_i_2_n_0
    SLICE_X4Y20          CARRY4 (Prop_carry4_CI_O[3])
                                                      0.313    13.165 r  compc/pair_sum_reg[51]_i_2/O[3]
                         net (fo=1, routed)           0.661    13.826    compc/pair_sum_v0[51]
    SLICE_X5Y20          LUT4 (Prop_lut4_I0_O)        0.334    14.160 r  compc/pair_sum[51]_i_1/O
                         net (fo=1, routed)           0.000    14.160    compc/pair_sum_v1_in[51]
    SLICE_X5Y20          FDRE                                         r  compc/pair_sum_reg[51]/D
  -------------------------------------------------------------------    -------------------

                         (clock sys_clk_pin rise edge)
                                                     10.000    10.000 r  
    W5                                                0.000    10.000 r  clock_in (IN)
                         net (fo=0)                   0.000    10.000    clock_in
    W5                   IBUF (Prop_ibuf_I_O)         1.388    11.388 r  clock_in_IBUF_inst/O
                         net (fo=1, routed)           1.862    13.250    clock_in_IBUF
    BUFGCTRL_X0Y0        BUFG (Prop_bufg_I_O)         0.091    13.341 r  clock_in_IBUF_BUFG_inst/O
                         net (fo=8720, routed)        1.506    14.847    compc/clock_in_IBUF_BUFG
    SLICE_X5Y20          FDRE                                         r  compc/pair_sum_reg[51]/C
                         clock pessimism              0.260    15.107    
                         clock uncertainty           -0.035    15.072    
    SLICE_X5Y20          FDRE (Setup_fdre_C_D)        0.075    15.147    compc/pair_sum_reg[51]
  -------------------------------------------------------------------
                         required time                         15.147    
                         arrival time                         -14.160    
  -------------------------------------------------------------------
                         slack                                  0.987    

Slack (MET) :             0.987ns  (required time - arrival time)
  Source:                 compc/frame_in_reg[96]/C
                            (rising edge-triggered cell FDRE clocked by sys_clk_pin  {rise@0.000ns fall@5.000ns period=10.000ns})
  Destination:            compc/pair_sum_reg[52]/D
                            (rising edge-triggered cell FDRE clocked by sys_clk_pin  {rise@0.000ns fall@5.000ns period=10.000ns})
  Path Group:             sys_clk_pin
  Path Type:              Setup (Max at Slow Process Corner)
  Requirement:            10.000ns  (sys_clk_pin rise@10.000ns - sys_clk_pin rise@0.000ns)
  Data Path Delay:        9.030ns  (logic 5.004ns (55.418%)  route 4.026ns (44.582%))
  Logic Levels:           22  (CARRY4=17 LUT1=1 LUT4=2 LUT5=1 LUT6=1)
  Clock Path Skew:        0.023ns (DCD - SCD + CPR)
    Destination Clock Delay (DCD):    4.846ns = ( 14.846 - 10.000 ) 
    Source Clock Delay      (SCD):    5.083ns
    Clock Pessimism Removal (CPR):    0.260ns
  Clock Uncertainty:      0.035ns  ((TSJ^2 + TIJ^2)^1/2 + DJ) / 2 + PE
    Total System Jitter     (TSJ):    0.071ns
    Total Input Jitter      (TIJ):    0.000ns
    Discrete Jitter          (DJ):    0.000ns
    Phase Error              (PE):    0.000ns

    Location             Delay type                Incr(ns)  Path(ns)    Netlist Resource(s)
  -------------------------------------------------------------------    -------------------
                         (clock sys_clk_pin rise edge)
                                                      0.000     0.000 r  
    W5                                                0.000     0.000 r  clock_in (IN)
                         net (fo=0)                   0.000     0.000    clock_in
    W5                   IBUF (Prop_ibuf_I_O)         1.458     1.458 r  clock_in_IBUF_inst/O
                         net (fo=1, routed)           1.967     3.425    clock_in_IBUF
    BUFGCTRL_X0Y0        BUFG (Prop_bufg_I_O)         0.096     3.521 r  clock_in_IBUF_BUFG_inst/O
                         net (fo=8720, routed)        1.562     5.083    compc/clock_in_IBUF_BUFG
    SLICE_X9Y15          FDRE                                         r  compc/frame_in_reg[96]/C
  -------------------------------------------------------------------    -------------------
    SLICE_X9Y15          FDRE (Prop_fdre_C_Q)         0.456     5.539 r  compc/frame_in_reg[96]/Q
                         net (fo=1, routed)           1.182     6.722    compc/data1[0]
    SLICE_X7Y12          LUT6 (Prop_lut6_I3_O)        0.124     6.846 r  compc/pair_sum[3]_i_23/O
                         net (fo=2, routed)           0.929     7.774    compc/pair_sum[3]_i_23_n_0
    SLICE_X5Y6           LUT5 (Prop_lut5_I2_O)        0.124     7.898 r  compc/pair_sum[3]_i_15/O
                         net (fo=1, routed)           0.000     7.898    compc/pair_sum[3]_i_15_n_0
    SLICE_X5Y6           CARRY4 (Prop_carry4_S[0]_CO[3])
                                                      0.532     8.430 r  compc/pair_sum_reg[3]_i_7/CO[3]
                         net (fo=1, routed)           0.000     8.430    compc/pair_sum_reg[3]_i_7_n_0
    SLICE_X5Y7           CARRY4 (Prop_carry4_CI_O[0])
                                                      0.222     8.652 f  compc/pair_sum_reg[7]_i_7/O[0]
                         net (fo=2, routed)           0.707     9.359    compc/abs_diff_v1[4]
    SLICE_X3Y8           LUT1 (Prop_lut1_I0_O)        0.299     9.658 r  compc/pair_sum[7]_i_18/O
                         net (fo=1, routed)           0.000     9.658    compc/pair_sum[7]_i_18_n_0
    SLICE_X3Y8           CARRY4 (Prop_carry4_S[3]_CO[3])
                                                      0.401    10.059 r  compc/pair_sum_reg[7]_i_8/CO[3]
                         net (fo=1, routed)           0.000    10.059    compc/pair_sum_reg[7]_i_8_n_0
    SLICE_X3Y9           CARRY4 (Prop_carry4_CI_O[0])
                                                      0.222    10.281 r  compc/pair_sum_reg[11]_i_8/O[0]
                         net (fo=1, routed)           0.582    10.863    compc/abs_diff_v0[5]
    SLICE_X4Y9           LUT4 (Prop_lut4_I1_O)        0.299    11.162 r  compc/pair_sum[7]_i_5/O
                         net (fo=1, routed)           0.000    11.162    compc/pair_sum[7]_i_5_n_0
    SLICE_X4Y9           CARRY4 (Prop_carry4_S[1]_CO[3])
                                                      0.550    11.712 r  compc/pair_sum_reg[7]_i_2/CO[3]
                         net (fo=1, routed)           0.000    11.712    compc/pair_sum_reg[7]_i_2_n_0
    SLICE_X4Y10          CARRY4 (Prop_carry4_CI_CO[3])
                                                      0.114    11.826 r  compc/pair_sum_reg[11]_i_2/CO[3]
                         net (fo=1, routed)           0.000    11.826    compc/pair_sum_reg[11]_i_2_n_0
    SLICE_X4Y11          CARRY4 (Prop_carry4_CI_CO[3])
                                                      0.114    11.940 r  compc/pair_sum_reg[15]_i_2/CO[3]
                         net (fo=1, routed)           0.000    11.940    compc/pair_sum_reg[15]_i_2_n_0
    SLICE_X4Y12          CARRY4 (Prop_carry4_CI_CO[3])
                                                      0.114    12.054 r  compc/pair_sum_reg[19]_i_2/CO[3]
                         net (fo=1, routed)           0.000    12.054    compc/pair_sum_reg[19]_i_2_n_0
    SLICE_X4Y13          CARRY4 (Prop_carry4_CI_CO[3])
                                                      0.114    12.168 r  compc/pair_sum_reg[23]_i_2/CO[3]
                         net (fo=1, routed)           0.000    12.168    compc/pair_sum_reg[23]_i_2_n_0
    SLICE_X4Y14          CARRY4 (Prop_carry4_CI_CO[3])
                                                      0.114    12.282 r  compc/pair_sum_reg[27]_i_2/CO[3]
                         net (fo=1, routed)           0.000    12.282    compc/pair_sum_reg[27]_i_2_n_0
    SLICE_X4Y15          CARRY4 (Prop_carry4_CI_CO[3])
                                                      0.114    12.396 r  compc/pair_sum_reg[31]_i_2/CO[3]
                         net (fo=1, routed)           0.000    12.396    compc/pair_sum_reg[31]_i_2_n_0
    SLICE_X4Y16          CARRY4 (Prop_carry4_CI_CO[3])
                                                      0.114    12.510 r  compc/pair_sum_reg[35]_i_2/CO[3]
                         net (fo=1, routed)           0.000    12.510    compc/pair_sum_reg[35]_i_2_n_0
    SLICE_X4Y17          CARRY4 (Prop_carry4_CI_CO[3])
                                                      0.114    12.624 r  compc/pair_sum_reg[39]_i_2/CO[3]
                         net (fo=1, routed)           0.000    12.624    compc/pair_sum_reg[39]_i_2_n_0
    SLICE_X4Y18          CARRY4 (Prop_carry4_CI_CO[3])
                                                      0.114    12.738 r  compc/pair_sum_reg[43]_i_2/CO[3]
                         net (fo=1, routed)           0.000    12.738    compc/pair_sum_reg[43]_i_2_n_0
    SLICE_X4Y19          CARRY4 (Prop_carry4_CI_CO[3])
                                                      0.114    12.852 r  compc/pair_sum_reg[47]_i_2/CO[3]
                         net (fo=1, routed)           0.000    12.852    compc/pair_sum_reg[47]_i_2_n_0
    SLICE_X4Y20          CARRY4 (Prop_carry4_CI_CO[3])
                                                      0.114    12.966 r  compc/pair_sum_reg[51]_i_2/CO[3]
                         net (fo=1, routed)           0.000    12.966    compc/pair_sum_reg[51]_i_2_n_0
    SLICE_X4Y21          CARRY4 (Prop_carry4_CI_O[0])
                                                      0.222    13.188 r  compc/pair_sum_reg[55]_i_2/O[0]
                         net (fo=1, routed)           0.626    13.814    compc/pair_sum_v0[52]
    SLICE_X5Y21          LUT4 (Prop_lut4_I0_O)        0.299    14.113 r  compc/pair_sum[52]_i_1/O
                         net (fo=1, routed)           0.000    14.113    compc/pair_sum_v1_in[52]
    SLICE_X5Y21          FDRE                                         r  compc/pair_sum_reg[52]/D
  -------------------------------------------------------------------    -------------------

                         (clock sys_clk_pin rise edge)
                                                     10.000    10.000 r  
    W5                                                0.000    10.000 r  clock_in (IN)
                         net (fo=0)                   0.000    10.000    clock_in
    W5                   IBUF (Prop_ibuf_I_O)         1.388    11.388 r  clock_in_IBUF_inst/O
                         net (fo=1, routed)           1.862    13.250    clock_in_IBUF
    BUFGCTRL_X0Y0        BUFG (Prop_bufg_I_O)         0.091    13.341 r  clock_in_IBUF_BUFG_inst/O
                         net (fo=8720, routed)        1.505    14.846    compc/clock_in_IBUF_BUFG
    SLICE_X5Y21          FDRE                                         r  compc/pair_sum_reg[52]/C
                         clock pessimism              0.260    15.106    
                         clock uncertainty           -0.035    15.071    
    SLICE_X5Y21          FDRE (Setup_fdre_C_D)        0.029    15.100    compc/pair_sum_reg[52]
  -------------------------------------------------------------------
                         required time                         15.100    
                         arrival time                         -14.113    
  -------------------------------------------------------------------
                         slack                                  0.987    

Slack (MET) :             1.000ns  (required time - arrival time)
  Source:                 compc/frame_in_reg[96]/C
                            (rising edge-triggered cell FDRE clocked by sys_clk_pin  {rise@0.000ns fall@5.000ns period=10.000ns})
  Destination:            compc/pair_sum_reg[58]/D
                            (rising edge-triggered cell FDRE clocked by sys_clk_pin  {rise@0.000ns fall@5.000ns period=10.000ns})
  Path Group:             sys_clk_pin
  Path Type:              Setup (Max at Slow Process Corner)
  Requirement:            10.000ns  (sys_clk_pin rise@10.000ns - sys_clk_pin rise@0.000ns)
  Data Path Delay:        9.060ns  (logic 5.164ns (56.997%)  route 3.896ns (43.003%))
  Logic Levels:           23  (CARRY4=18 LUT1=1 LUT4=2 LUT5=1 LUT6=1)
  Clock Path Skew:        0.021ns (DCD - SCD + CPR)
    Destination Clock Delay (DCD):    4.844ns = ( 14.844 - 10.000 ) 
    Source Clock Delay      (SCD):    5.083ns
    Clock Pessimism Removal (CPR):    0.260ns
  Clock Uncertainty:      0.035ns  ((TSJ^2 + TIJ^2)^1/2 + DJ) / 2 + PE
    Total System Jitter     (TSJ):    0.071ns
    Total Input Jitter      (TIJ):    0.000ns
    Discrete Jitter          (DJ):    0.000ns
    Phase Error              (PE):    0.000ns

    Location             Delay type                Incr(ns)  Path(ns)    Netlist Resource(s)
  -------------------------------------------------------------------    -------------------
                         (clock sys_clk_pin rise edge)
                                                      0.000     0.000 r  
    W5                                                0.000     0.000 r  clock_in (IN)
                         net (fo=0)                   0.000     0.000    clock_in
    W5                   IBUF (Prop_ibuf_I_O)         1.458     1.458 r  clock_in_IBUF_inst/O
                         net (fo=1, routed)           1.967     3.425    clock_in_IBUF
    BUFGCTRL_X0Y0        BUFG (Prop_bufg_I_O)         0.096     3.521 r  clock_in_IBUF_BUFG_inst/O
                         net (fo=8720, routed)        1.562     5.083    compc/clock_in_IBUF_BUFG
    SLICE_X9Y15          FDRE                                         r  compc/frame_in_reg[96]/C
  -------------------------------------------------------------------    -------------------
    SLICE_X9Y15          FDRE (Prop_fdre_C_Q)         0.456     5.539 r  compc/frame_in_reg[96]/Q
                         net (fo=1, routed)           1.182     6.722    compc/data1[0]
    SLICE_X7Y12          LUT6 (Prop_lut6_I3_O)        0.124     6.846 r  compc/pair_sum[3]_i_23/O
                         net (fo=2, routed)           0.929     7.774    compc/pair_sum[3]_i_23_n_0
    SLICE_X5Y6           LUT5 (Prop_lut5_I2_O)        0.124     7.898 r  compc/pair_sum[3]_i_15/O
                         net (fo=1, routed)           0.000     7.898    compc/pair_sum[3]_i_15_n_0
    SLICE_X5Y6           CARRY4 (Prop_carry4_S[0]_CO[3])
                                                      0.532     8.430 r  compc/pair_sum_reg[3]_i_7/CO[3]
                         net (fo=1, routed)           0.000     8.430    compc/pair_sum_reg[3]_i_7_n_0
    SLICE_X5Y7           CARRY4 (Prop_carry4_CI_O[0])
                                                      0.222     8.652 f  compc/pair_sum_reg[7]_i_7/O[0]
                         net (fo=2, routed)           0.707     9.359    compc/abs_diff_v1[4]
    SLICE_X3Y8           LUT1 (Prop_lut1_I0_O)        0.299     9.658 r  compc/pair_sum[7]_i_18/O
                         net (fo=1, routed)           0.000     9.658    compc/pair_sum[7]_i_18_n_0
    SLICE_X3Y8           CARRY4 (Prop_carry4_S[3]_CO[3])
                                                      0.401    10.059 r  compc/pair_sum_reg[7]_i_8/CO[3]
                         net (fo=1, routed)           0.000    10.059    compc/pair_sum_reg[7]_i_8_n_0
    SLICE_X3Y9           CARRY4 (Prop_carry4_CI_O[0])
                                                      0.222    10.281 r  compc/pair_sum_reg[11]_i_8/O[0]
                         net (fo=1, routed)           0.582    10.863    compc/abs_diff_v0[5]
    SLICE_X4Y9           LUT4 (Prop_lut4_I1_O)        0.299    11.162 r  compc/pair_sum[7]_i_5/O
                         net (fo=1, routed)           0.000    11.162    compc/pair_sum[7]_i_5_n_0
    SLICE_X4Y9           CARRY4 (Prop_carry4_S[1]_CO[3])
                                                      0.550    11.712 r  compc/pair_sum_reg[7]_i_2/CO[3]
                         net (fo=1, routed)           0.000    11.712    compc/pair_sum_reg[7]_i_2_n_0
    SLICE_X4Y10          CARRY4 (Prop_carry4_CI_CO[3])
                                                      0.114    11.826 r  compc/pair_sum_reg[11]_i_2/CO[3]
                         net (fo=1, routed)           0.000    11.826    compc/pair_sum_reg[11]_i_2_n_0
    SLICE_X4Y11          CARRY4 (Prop_carry4_CI_CO[3])
                                                      0.114    11.940 r  compc/pair_sum_reg[15]_i_2/CO[3]
                         net (fo=1, routed)           0.000    11.940    compc/pair_sum_reg[15]_i_2_n_0
    SLICE_X4Y12          CARRY4 (Prop_carry4_CI_CO[3])
                                                      0.114    12.054 r  compc/pair_sum_reg[19]_i_2/CO[3]
                         net (fo=1, routed)           0.000    12.054    compc/pair_sum_reg[19]_i_2_n_0
    SLICE_X4Y13          CARRY4 (Prop_carry4_CI_CO[3])
                                                      0.114    12.168 r  compc/pair_sum_reg[23]_i_2/CO[3]
                         net (fo=1, routed)           0.000    12.168    compc/pair_sum_reg[23]_i_2_n_0
    SLICE_X4Y14          CARRY4 (Prop_carry4_CI_CO[3])
                                                      0.114    12.282 r  compc/pair_sum_reg[27]_i_2/CO[3]
                         net (fo=1, routed)           0.000    12.282    compc/pair_sum_reg[27]_i_2_n_0
    SLICE_X4Y15          CARRY4 (Prop_carry4_CI_CO[3])
                                                      0.114    12.396 r  compc/pair_sum_reg[31]_i_2/CO[3]
                         net (fo=1, routed)           0.000    12.396    compc/pair_sum_reg[31]_i_2_n_0
    SLICE_X4Y16          CARRY4 (Prop_carry4_CI_CO[3])
                                                      0.114    12.510 r  compc/pair_sum_reg[35]_i_2/CO[3]
                         net (fo=1, routed)           0.000    12.510    compc/pair_sum_reg[35]_i_2_n_0
    SLICE_X4Y17          CARRY4 (Prop_carry4_CI_CO[3])
                                                      0.114    12.624 r  compc/pair_sum_reg[39]_i_2/CO[3]
                         net (fo=1, routed)           0.000    12.624    compc/pair_sum_reg[39]_i_2_n_0
    SLICE_X4Y18          CARRY4 (Prop_carry4_CI_CO[3])
                                                      0.114    12.738 r  compc/pair_sum_reg[43]_i_2/CO[3]
                         net (fo=1, routed)           0.000    12.738    compc/pair_sum_reg[43]_i_2_n_0
    SLICE_X4Y19          CARRY4 (Prop_carry4_CI_CO[3])
                                                      0.114    12.852 r  compc/pair_sum_reg[47]_i_2/CO[3]
                         net (fo=1, routed)           0.000    12.852    compc/pair_sum_reg[47]_i_2_n_0
    SLICE_X4Y20          CARRY4 (Prop_carry4_CI_CO[3])
                                                      0.114    12.966 r  compc/pair_sum_reg[51]_i_2/CO[3]
                         net (fo=1, routed)           0.000    12.966    compc/pair_sum_reg[51]_i_2_n_0
    SLICE_X4Y21          CARRY4 (Prop_carry4_CI_CO[3])
                                                      0.114    13.080 r  compc/pair_sum_reg[55]_i_2/CO[3]
                         net (fo=1, routed)           0.000    13.080    compc/pair_sum_reg[55]_i_2_n_0
    SLICE_X4Y22          CARRY4 (Prop_carry4_CI_O[2])
                                                      0.239    13.319 r  compc/pair_sum_reg[59]_i_2/O[2]
                         net (fo=1, routed)           0.496    13.815    compc/pair_sum_v0[58]
    SLICE_X5Y22          LUT4 (Prop_lut4_I0_O)        0.328    14.143 r  compc/pair_sum[58]_i_1/O
                         net (fo=1, routed)           0.000    14.143    compc/pair_sum_v1_in[58]
    SLICE_X5Y22          FDRE                                         r  compc/pair_sum_reg[58]/D
  -------------------------------------------------------------------    -------------------

                         (clock sys_clk_pin rise edge)
                                                     10.000    10.000 r  
    W5                                                0.000    10.000 r  clock_in (IN)
                         net (fo=0)                   0.000    10.000    clock_in
    W5                   IBUF (Prop_ibuf_I_O)         1.388    11.388 r  clock_in_IBUF_inst/O
                         net (fo=1, routed)           1.862    13.250    clock_in_IBUF
    BUFGCTRL_X0Y0        BUFG (Prop_bufg_I_O)         0.091    13.341 r  clock_in_IBUF_BUFG_inst/O
                         net (fo=8720, routed)        1.503    14.844    compc/clock_in_IBUF_BUFG
    SLICE_X5Y22          FDRE                                         r  compc/pair_sum_reg[58]/C
                         clock pessimism              0.260    15.104    
                         clock uncertainty           -0.035    15.069    
    SLICE_X5Y22          FDRE (Setup_fdre_C_D)        0.075    15.144    compc/pair_sum_reg[58]
  -------------------------------------------------------------------
                         required time                         15.144    
                         arrival time                         -14.143    
  -------------------------------------------------------------------
                         slack                                  1.000    

Slack (MET) :             1.011ns  (required time - arrival time)
  Source:                 melc/mel_ram/U0/inst_blk_mem_gen/gnbram.gnativebmg.native_blk_mem_gen/valid.cstr/ramloop[0].ram.r/prim_noinit.ram/DEVICE_7SERIES.NO_BMM_INFO.SDP.WIDE_PRIM18.ram/CLKARDCLK
                            (rising edge-triggered cell RAMB18E1 clocked by sys_clk_pin  {rise@0.000ns fall@5.000ns period=10.000ns})
  Destination:            compc/max_mel_energy_reg[18]/CE
                            (rising edge-triggered cell FDRE clocked by sys_clk_pin  {rise@0.000ns fall@5.000ns period=10.000ns})
  Path Group:             sys_clk_pin
  Path Type:              Setup (Max at Slow Process Corner)
  Requirement:            10.000ns  (sys_clk_pin rise@10.000ns - sys_clk_pin rise@0.000ns)
  Data Path Delay:        8.584ns  (logic 4.296ns (50.048%)  route 4.288ns (49.952%))
  Logic Levels:           20  (CARRY4=17 LUT2=1 LUT4=2)
  Clock Path Skew:        -0.165ns (DCD - SCD + CPR)
    Destination Clock Delay (DCD):    4.781ns = ( 14.781 - 10.000 ) 
    Source Clock Delay      (SCD):    5.126ns
    Clock Pessimism Removal (CPR):    0.180ns
  Clock Uncertainty:      0.035ns  ((TSJ^2 + TIJ^2)^1/2 + DJ) / 2 + PE
    Total System Jitter     (TSJ):    0.071ns
    Total Input Jitter      (TIJ):    0.000ns
    Discrete Jitter          (DJ):    0.000ns
    Phase Error              (PE):    0.000ns

    Location             Delay type                Incr(ns)  Path(ns)    Netlist Resource(s)
  -------------------------------------------------------------------    -------------------
                         (clock sys_clk_pin rise edge)
                                                      0.000     0.000 r  
    W5                                                0.000     0.000 r  clock_in (IN)
                         net (fo=0)                   0.000     0.000    clock_in
    W5                   IBUF (Prop_ibuf_I_O)         1.458     1.458 r  clock_in_IBUF_inst/O
                         net (fo=1, routed)           1.967     3.425    clock_in_IBUF
    BUFGCTRL_X0Y0        BUFG (Prop_bufg_I_O)         0.096     3.521 r  clock_in_IBUF_BUFG_inst/O
                         net (fo=8720, routed)        1.605     5.126    melc/mel_ram/U0/inst_blk_mem_gen/gnbram.gnativebmg.native_blk_mem_gen/valid.cstr/ramloop[0].ram.r/prim_noinit.ram/clkb
    RAMB18_X1Y13         RAMB18E1                                     r  melc/mel_ram/U0/inst_blk_mem_gen/gnbram.gnativebmg.native_blk_mem_gen/valid.cstr/ramloop[0].ram.r/prim_noinit.ram/DEVICE_7SERIES.NO_BMM_INFO.SDP.WIDE_PRIM18.ram/CLKARDCLK
  -------------------------------------------------------------------    -------------------
    RAMB18_X1Y13         RAMB18E1 (Prop_ramb18e1_CLKARDCLK_DOADO[1])
                                                      0.882     6.008 r  melc/mel_ram/U0/inst_blk_mem_gen/gnbram.gnativebmg.native_blk_mem_gen/valid.cstr/ramloop[0].ram.r/prim_noinit.ram/DEVICE_7SERIES.NO_BMM_INFO.SDP.WIDE_PRIM18.ram/DOADO[1]
                         net (fo=7, routed)           0.923     6.931    compc/mel_energy_sum_reg[31]_i_2_0[1]
    SLICE_X44Y31         LUT2 (Prop_lut2_I1_O)        0.124     7.055 r  compc/mel_energy_sum[3]_i_5/O
                         net (fo=1, routed)           0.000     7.055    compc/mel_energy_sum[3]_i_5_n_0
    SLICE_X44Y31         CARRY4 (Prop_carry4_S[1]_CO[3])
                                                      0.550     7.605 r  compc/mel_energy_sum_reg[3]_i_2/CO[3]
                         net (fo=1, routed)           0.000     7.605    compc/mel_energy_sum_reg[3]_i_2_n_0
    SLICE_X44Y32         CARRY4 (Prop_carry4_CI_CO[3])
                                                      0.114     7.719 r  compc/mel_energy_sum_reg[7]_i_2/CO[3]
                         net (fo=1, routed)           0.000     7.719    compc/mel_energy_sum_reg[7]_i_2_n_0
    SLICE_X44Y33         CARRY4 (Prop_carry4_CI_CO[3])
                                                      0.114     7.833 r  compc/mel_energy_sum_reg[11]_i_2/CO[3]
                         net (fo=1, routed)           0.000     7.833    compc/mel_energy_sum_reg[11]_i_2_n_0
    SLICE_X44Y34         CARRY4 (Prop_carry4_CI_CO[3])
                                                      0.114     7.947 r  compc/mel_energy_sum_reg[15]_i_2/CO[3]
                         net (fo=1, routed)           0.000     7.947    compc/mel_energy_sum_reg[15]_i_2_n_0
    SLICE_X44Y35         CARRY4 (Prop_carry4_CI_CO[3])
                                                      0.114     8.061 r  compc/mel_energy_sum_reg[19]_i_2/CO[3]
                         net (fo=1, routed)           0.000     8.061    compc/mel_energy_sum_reg[19]_i_2_n_0
    SLICE_X44Y36         CARRY4 (Prop_carry4_CI_CO[3])
                                                      0.114     8.175 r  compc/mel_energy_sum_reg[23]_i_2/CO[3]
                         net (fo=1, routed)           0.000     8.175    compc/mel_energy_sum_reg[23]_i_2_n_0
    SLICE_X44Y37         CARRY4 (Prop_carry4_CI_CO[3])
                                                      0.114     8.289 r  compc/mel_energy_sum_reg[27]_i_2/CO[3]
                         net (fo=1, routed)           0.000     8.289    compc/mel_energy_sum_reg[27]_i_2_n_0
    SLICE_X44Y38         CARRY4 (Prop_carry4_CI_CO[3])
                                                      0.114     8.403 r  compc/mel_energy_sum_reg[31]_i_2/CO[3]
                         net (fo=1, routed)           0.000     8.403    compc/mel_energy_sum_reg[31]_i_2_n_0
    SLICE_X44Y39         CARRY4 (Prop_carry4_CI_CO[3])
                                                      0.114     8.517 r  compc/mel_energy_sum_reg[35]_i_2/CO[3]
                         net (fo=1, routed)           0.000     8.517    compc/mel_energy_sum_reg[35]_i_2_n_0
    SLICE_X44Y40         CARRY4 (Prop_carry4_CI_CO[3])
                                                      0.114     8.631 r  compc/mel_energy_sum_reg[39]_i_2/CO[3]
                         net (fo=1, routed)           0.000     8.631    compc/mel_energy_sum_reg[39]_i_2_n_0
    SLICE_X44Y41         CARRY4 (Prop_carry4_CI_CO[3])
                                                      0.114     8.745 r  compc/mel_energy_sum_reg[43]_i_2/CO[3]
                         net (fo=1, routed)           0.000     8.745    compc/mel_energy_sum_reg[43]_i_2_n_0
    SLICE_X44Y42         CARRY4 (Prop_carry4_CI_CO[3])
                                                      0.114     8.859 r  compc/mel_energy_sum_reg[47]_i_2/CO[3]
                         net (fo=1, routed)           0.000     8.859    compc/mel_energy_sum_reg[47]_i_2_n_0
    SLICE_X44Y43         CARRY4 (Prop_carry4_CI_CO[3])
                                                      0.114     8.973 r  compc/mel_energy_sum_reg[51]_i_2/CO[3]
                         net (fo=1, routed)           0.000     8.973    compc/mel_energy_sum_reg[51]_i_2_n_0
    SLICE_X44Y44         CARRY4 (Prop_carry4_CI_CO[3])
                                                      0.114     9.087 r  compc/mel_energy_sum_reg[55]_i_2/CO[3]
                         net (fo=1, routed)           0.000     9.087    compc/mel_energy_sum_reg[55]_i_2_n_0
    SLICE_X44Y45         CARRY4 (Prop_carry4_CI_CO[3])
                                                      0.114     9.201 r  compc/mel_energy_sum_reg[59]_i_2/CO[3]
                         net (fo=1, routed)           0.000     9.201    compc/mel_energy_sum_reg[59]_i_2_n_0
    SLICE_X44Y46         CARRY4 (Prop_carry4_CI_O[3])
                                                      0.313     9.514 r  compc/mel_energy_sum_reg[63]_i_2/O[3]
                         net (fo=3, routed)           0.904    10.418    compc/mel_energy_v0[63]
    SLICE_X43Y43         LUT4 (Prop_lut4_I0_O)        0.306    10.724 r  compc/max_mel_energy[63]_i_9/O
                         net (fo=1, routed)           0.000    10.724    compc/max_mel_energy[63]_i_9_n_0
    SLICE_X43Y43         CARRY4 (Prop_carry4_S[3]_CO[3])
                                                      0.401    11.125 r  compc/max_mel_energy_reg[63]_i_2/CO[3]
                         net (fo=1, routed)           0.967    12.092    compc/max_mel_v0
    SLICE_X34Y38         LUT4 (Prop_lut4_I1_O)        0.124    12.216 r  compc/max_mel_energy[63]_i_1/O
                         net (fo=64, routed)          1.494    13.709    compc/max_mel_v[0]
    SLICE_X15Y56         FDRE                                         r  compc/max_mel_energy_reg[18]/CE
  -------------------------------------------------------------------    -------------------

                         (clock sys_clk_pin rise edge)
                                                     10.000    10.000 r  
    W5                                                0.000    10.000 r  clock_in (IN)
                         net (fo=0)                   0.000    10.000    clock_in
    W5                   IBUF (Prop_ibuf_I_O)         1.388    11.388 r  clock_in_IBUF_inst/O
                         net (fo=1, routed)           1.862    13.250    clock_in_IBUF
    BUFGCTRL_X0Y0        BUFG (Prop_bufg_I_O)         0.091    13.341 r  clock_in_IBUF_BUFG_inst/O
                         net (fo=8720, routed)        1.440    14.781    compc/clock_in_IBUF_BUFG
    SLICE_X15Y56         FDRE                                         r  compc/max_mel_energy_reg[18]/C
                         clock pessimism              0.180    14.961    
                         clock uncertainty           -0.035    14.925    
    SLICE_X15Y56         FDRE (Setup_fdre_C_CE)      -0.205    14.720    compc/max_mel_energy_reg[18]
  -------------------------------------------------------------------
                         required time                         14.720    
                         arrival time                         -13.709    
  -------------------------------------------------------------------
                         slack                                  1.011    

Slack (MET) :             1.011ns  (required time - arrival time)
  Source:                 melc/mel_ram/U0/inst_blk_mem_gen/gnbram.gnativebmg.native_blk_mem_gen/valid.cstr/ramloop[0].ram.r/prim_noinit.ram/DEVICE_7SERIES.NO_BMM_INFO.SDP.WIDE_PRIM18.ram/CLKARDCLK
                            (rising edge-triggered cell RAMB18E1 clocked by sys_clk_pin  {rise@0.000ns fall@5.000ns period=10.000ns})
  Destination:            compc/max_mel_energy_reg[29]/CE
                            (rising edge-triggered cell FDRE clocked by sys_clk_pin  {rise@0.000ns fall@5.000ns period=10.000ns})
  Path Group:             sys_clk_pin
  Path Type:              Setup (Max at Slow Process Corner)
  Requirement:            10.000ns  (sys_clk_pin rise@10.000ns - sys_clk_pin rise@0.000ns)
  Data Path Delay:        8.584ns  (logic 4.296ns (50.048%)  route 4.288ns (49.952%))
  Logic Levels:           20  (CARRY4=17 LUT2=1 LUT4=2)
  Clock Path Skew:        -0.165ns (DCD - SCD + CPR)
    Destination Clock Delay (DCD):    4.781ns = ( 14.781 - 10.000 ) 
    Source Clock Delay      (SCD):    5.126ns
    Clock Pessimism Removal (CPR):    0.180ns
  Clock Uncertainty:      0.035ns  ((TSJ^2 + TIJ^2)^1/2 + DJ) / 2 + PE
    Total System Jitter     (TSJ):    0.071ns
    Total Input Jitter      (TIJ):    0.000ns
    Discrete Jitter          (DJ):    0.000ns
    Phase Error              (PE):    0.000ns

    Location             Delay type                Incr(ns)  Path(ns)    Netlist Resource(s)
  -------------------------------------------------------------------    -------------------
                         (clock sys_clk_pin rise edge)
                                                      0.000     0.000 r  
    W5                                                0.000     0.000 r  clock_in (IN)
                         net (fo=0)                   0.000     0.000    clock_in
    W5                   IBUF (Prop_ibuf_I_O)         1.458     1.458 r  clock_in_IBUF_inst/O
                         net (fo=1, routed)           1.967     3.425    clock_in_IBUF
    BUFGCTRL_X0Y0        BUFG (Prop_bufg_I_O)         0.096     3.521 r  clock_in_IBUF_BUFG_inst/O
                         net (fo=8720, routed)        1.605     5.126    melc/mel_ram/U0/inst_blk_mem_gen/gnbram.gnativebmg.native_blk_mem_gen/valid.cstr/ramloop[0].ram.r/prim_noinit.ram/clkb
    RAMB18_X1Y13         RAMB18E1                                     r  melc/mel_ram/U0/inst_blk_mem_gen/gnbram.gnativebmg.native_blk_mem_gen/valid.cstr/ramloop[0].ram.r/prim_noinit.ram/DEVICE_7SERIES.NO_BMM_INFO.SDP.WIDE_PRIM18.ram/CLKARDCLK
  -------------------------------------------------------------------    -------------------
    RAMB18_X1Y13         RAMB18E1 (Prop_ramb18e1_CLKARDCLK_DOADO[1])
                                                      0.882     6.008 r  melc/mel_ram/U0/inst_blk_mem_gen/gnbram.gnativebmg.native_blk_mem_gen/valid.cstr/ramloop[0].ram.r/prim_noinit.ram/DEVICE_7SERIES.NO_BMM_INFO.SDP.WIDE_PRIM18.ram/DOADO[1]
                         net (fo=7, routed)           0.923     6.931    compc/mel_energy_sum_reg[31]_i_2_0[1]
    SLICE_X44Y31         LUT2 (Prop_lut2_I1_O)        0.124     7.055 r  compc/mel_energy_sum[3]_i_5/O
                         net (fo=1, routed)           0.000     7.055    compc/mel_energy_sum[3]_i_5_n_0
    SLICE_X44Y31         CARRY4 (Prop_carry4_S[1]_CO[3])
                                                      0.550     7.605 r  compc/mel_energy_sum_reg[3]_i_2/CO[3]
                         net (fo=1, routed)           0.000     7.605    compc/mel_energy_sum_reg[3]_i_2_n_0
    SLICE_X44Y32         CARRY4 (Prop_carry4_CI_CO[3])
                                                      0.114     7.719 r  compc/mel_energy_sum_reg[7]_i_2/CO[3]
                         net (fo=1, routed)           0.000     7.719    compc/mel_energy_sum_reg[7]_i_2_n_0
    SLICE_X44Y33         CARRY4 (Prop_carry4_CI_CO[3])
                                                      0.114     7.833 r  compc/mel_energy_sum_reg[11]_i_2/CO[3]
                         net (fo=1, routed)           0.000     7.833    compc/mel_energy_sum_reg[11]_i_2_n_0
    SLICE_X44Y34         CARRY4 (Prop_carry4_CI_CO[3])
                                                      0.114     7.947 r  compc/mel_energy_sum_reg[15]_i_2/CO[3]
                         net (fo=1, routed)           0.000     7.947    compc/mel_energy_sum_reg[15]_i_2_n_0
    SLICE_X44Y35         CARRY4 (Prop_carry4_CI_CO[3])
                                                      0.114     8.061 r  compc/mel_energy_sum_reg[19]_i_2/CO[3]
                         net (fo=1, routed)           0.000     8.061    compc/mel_energy_sum_reg[19]_i_2_n_0
    SLICE_X44Y36         CARRY4 (Prop_carry4_CI_CO[3])
                                                      0.114     8.175 r  compc/mel_energy_sum_reg[23]_i_2/CO[3]
                         net (fo=1, routed)           0.000     8.175    compc/mel_energy_sum_reg[23]_i_2_n_0
    SLICE_X44Y37         CARRY4 (Prop_carry4_CI_CO[3])
                                                      0.114     8.289 r  compc/mel_energy_sum_reg[27]_i_2/CO[3]
                         net (fo=1, routed)           0.000     8.289    compc/mel_energy_sum_reg[27]_i_2_n_0
    SLICE_X44Y38         CARRY4 (Prop_carry4_CI_CO[3])
                                                      0.114     8.403 r  compc/mel_energy_sum_reg[31]_i_2/CO[3]
                         net (fo=1, routed)           0.000     8.403    compc/mel_energy_sum_reg[31]_i_2_n_0
    SLICE_X44Y39         CARRY4 (Prop_carry4_CI_CO[3])
                                                      0.114     8.517 r  compc/mel_energy_sum_reg[35]_i_2/CO[3]
                         net (fo=1, routed)           0.000     8.517    compc/mel_energy_sum_reg[35]_i_2_n_0
    SLICE_X44Y40         CARRY4 (Prop_carry4_CI_CO[3])
                                                      0.114     8.631 r  compc/mel_energy_sum_reg[39]_i_2/CO[3]
                         net (fo=1, routed)           0.000     8.631    compc/mel_energy_sum_reg[39]_i_2_n_0
    SLICE_X44Y41         CARRY4 (Prop_carry4_CI_CO[3])
                                                      0.114     8.745 r  compc/mel_energy_sum_reg[43]_i_2/CO[3]
                         net (fo=1, routed)           0.000     8.745    compc/mel_energy_sum_reg[43]_i_2_n_0
    SLICE_X44Y42         CARRY4 (Prop_carry4_CI_CO[3])
                                                      0.114     8.859 r  compc/mel_energy_sum_reg[47]_i_2/CO[3]
                         net (fo=1, routed)           0.000     8.859    compc/mel_energy_sum_reg[47]_i_2_n_0
    SLICE_X44Y43         CARRY4 (Prop_carry4_CI_CO[3])
                                                      0.114     8.973 r  compc/mel_energy_sum_reg[51]_i_2/CO[3]
                         net (fo=1, routed)           0.000     8.973    compc/mel_energy_sum_reg[51]_i_2_n_0
    SLICE_X44Y44         CARRY4 (Prop_carry4_CI_CO[3])
                                                      0.114     9.087 r  compc/mel_energy_sum_reg[55]_i_2/CO[3]
                         net (fo=1, routed)           0.000     9.087    compc/mel_energy_sum_reg[55]_i_2_n_0
    SLICE_X44Y45         CARRY4 (Prop_carry4_CI_CO[3])
                                                      0.114     9.201 r  compc/mel_energy_sum_reg[59]_i_2/CO[3]
                         net (fo=1, routed)           0.000     9.201    compc/mel_energy_sum_reg[59]_i_2_n_0
    SLICE_X44Y46         CARRY4 (Prop_carry4_CI_O[3])
                                                      0.313     9.514 r  compc/mel_energy_sum_reg[63]_i_2/O[3]
                         net (fo=3, routed)           0.904    10.418    compc/mel_energy_v0[63]
    SLICE_X43Y43         LUT4 (Prop_lut4_I0_O)        0.306    10.724 r  compc/max_mel_energy[63]_i_9/O
                         net (fo=1, routed)           0.000    10.724    compc/max_mel_energy[63]_i_9_n_0
    SLICE_X43Y43         CARRY4 (Prop_carry4_S[3]_CO[3])
                                                      0.401    11.125 r  compc/max_mel_energy_reg[63]_i_2/CO[3]
                         net (fo=1, routed)           0.967    12.092    compc/max_mel_v0
    SLICE_X34Y38         LUT4 (Prop_lut4_I1_O)        0.124    12.216 r  compc/max_mel_energy[63]_i_1/O
                         net (fo=64, routed)          1.494    13.709    compc/max_mel_v[0]
    SLICE_X15Y56         FDRE                                         r  compc/max_mel_energy_reg[29]/CE
  -------------------------------------------------------------------    -------------------

                         (clock sys_clk_pin rise edge)
                                                     10.000    10.000 r  
    W5                                                0.000    10.000 r  clock_in (IN)
                         net (fo=0)                   0.000    10.000    clock_in
    W5                   IBUF (Prop_ibuf_I_O)         1.388    11.388 r  clock_in_IBUF_inst/O
                         net (fo=1, routed)           1.862    13.250    clock_in_IBUF
    BUFGCTRL_X0Y0        BUFG (Prop_bufg_I_O)         0.091    13.341 r  clock_in_IBUF_BUFG_inst/O
                         net (fo=8720, routed)        1.440    14.781    compc/clock_in_IBUF_BUFG
    SLICE_X15Y56         FDRE                                         r  compc/max_mel_energy_reg[29]/C
                         clock pessimism              0.180    14.961    
                         clock uncertainty           -0.035    14.925    
    SLICE_X15Y56         FDRE (Setup_fdre_C_CE)      -0.205    14.720    compc/max_mel_energy_reg[29]
  -------------------------------------------------------------------
                         required time                         14.720    
                         arrival time                         -13.709    
  -------------------------------------------------------------------
                         slack                                  1.011    

Slack (MET) :             1.076ns  (required time - arrival time)
  Source:                 compc/max_mel_energy_reg[6]/C
                            (rising edge-triggered cell FDRE clocked by sys_clk_pin  {rise@0.000ns fall@5.000ns period=10.000ns})
  Destination:            compc/active_start_reg[0]/D
                            (rising edge-triggered cell FDRE clocked by sys_clk_pin  {rise@0.000ns fall@5.000ns period=10.000ns})
  Path Group:             sys_clk_pin
  Path Type:              Setup (Max at Slow Process Corner)
  Requirement:            10.000ns  (sys_clk_pin rise@10.000ns - sys_clk_pin rise@0.000ns)
  Data Path Delay:        8.878ns  (logic 2.920ns (32.892%)  route 5.958ns (67.108%))
  Logic Levels:           14  (CARRY4=8 LUT4=2 LUT5=1 LUT6=3)
  Clock Path Skew:        -0.042ns (DCD - SCD + CPR)
    Destination Clock Delay (DCD):    4.775ns = ( 14.775 - 10.000 ) 
    Source Clock Delay      (SCD):    5.075ns
    Clock Pessimism Removal (CPR):    0.258ns
  Clock Uncertainty:      0.035ns  ((TSJ^2 + TIJ^2)^1/2 + DJ) / 2 + PE
    Total System Jitter     (TSJ):    0.071ns
    Total Input Jitter      (TIJ):    0.000ns
    Discrete Jitter          (DJ):    0.000ns
    Phase Error              (PE):    0.000ns

    Location             Delay type                Incr(ns)  Path(ns)    Netlist Resource(s)
  -------------------------------------------------------------------    -------------------
                         (clock sys_clk_pin rise edge)
                                                      0.000     0.000 r  
    W5                                                0.000     0.000 r  clock_in (IN)
                         net (fo=0)                   0.000     0.000    clock_in
    W5                   IBUF (Prop_ibuf_I_O)         1.458     1.458 r  clock_in_IBUF_inst/O
                         net (fo=1, routed)           1.967     3.425    clock_in_IBUF
    BUFGCTRL_X0Y0        BUFG (Prop_bufg_I_O)         0.096     3.521 r  clock_in_IBUF_BUFG_inst/O
                         net (fo=8720, routed)        1.554     5.075    compc/clock_in_IBUF_BUFG
    SLICE_X28Y56         FDRE                                         r  compc/max_mel_energy_reg[6]/C
  -------------------------------------------------------------------    -------------------
    SLICE_X28Y56         FDRE (Prop_fdre_C_Q)         0.419     5.494 r  compc/max_mel_energy_reg[6]/Q
                         net (fo=128, routed)         1.559     7.053    compc/max_mel_energy[6]
    SLICE_X14Y69         LUT4 (Prop_lut4_I1_O)        0.299     7.352 r  compc/active_start[3]_i_2138/O
                         net (fo=1, routed)           0.000     7.352    compc/active_start[3]_i_2138_n_0
    SLICE_X14Y69         CARRY4 (Prop_carry4_S[1]_CO[3])
                                                      0.533     7.885 r  compc/active_start_reg[3]_i_1919/CO[3]
                         net (fo=1, routed)           0.000     7.885    compc/active_start_reg[3]_i_1919_n_0
    SLICE_X14Y70         CARRY4 (Prop_carry4_CI_CO[3])
                                                      0.117     8.002 r  compc/active_start_reg[3]_i_1653/CO[3]
                         net (fo=1, routed)           0.000     8.002    compc/active_start_reg[3]_i_1653_n_0
    SLICE_X14Y71         CARRY4 (Prop_carry4_CI_CO[3])
                                                      0.117     8.119 r  compc/active_start_reg[3]_i_1383/CO[3]
                         net (fo=1, routed)           0.000     8.119    compc/active_start_reg[3]_i_1383_n_0
    SLICE_X14Y72         CARRY4 (Prop_carry4_CI_CO[3])
                                                      0.117     8.236 r  compc/active_start_reg[3]_i_1113/CO[3]
                         net (fo=1, routed)           0.000     8.236    compc/active_start_reg[3]_i_1113_n_0
    SLICE_X14Y73         CARRY4 (Prop_carry4_CI_CO[3])
                                                      0.117     8.353 r  compc/active_start_reg[3]_i_843/CO[3]
                         net (fo=1, routed)           0.000     8.353    compc/active_start_reg[3]_i_843_n_0
    SLICE_X14Y74         CARRY4 (Prop_carry4_CI_CO[3])
                                                      0.117     8.470 r  compc/active_start_reg[3]_i_573/CO[3]
                         net (fo=1, routed)           0.009     8.479    compc/active_start_reg[3]_i_573_n_0
    SLICE_X14Y75         CARRY4 (Prop_carry4_CI_CO[3])
                                                      0.117     8.596 r  compc/active_start_reg[3]_i_303/CO[3]
                         net (fo=1, routed)           0.000     8.596    compc/active_start_reg[3]_i_303_n_0
    SLICE_X14Y76         CARRY4 (Prop_carry4_CI_CO[3])
                                                      0.117     8.713 f  compc/active_start_reg[3]_i_73/CO[3]
                         net (fo=3, routed)           1.892    10.605    compc/found_v238_in
    SLICE_X33Y62         LUT4 (Prop_lut4_I3_O)        0.152    10.757 f  compc/active_start[3]_i_13/O
                         net (fo=8, routed)           0.472    11.229    compc/active_start[3]_i_13_n_0
    SLICE_X31Y60         LUT6 (Prop_lut6_I5_O)        0.326    11.555 f  compc/active_start[5]_i_22/O
                         net (fo=5, routed)           0.468    12.023    compc/active_start[5]_i_22_n_0
    SLICE_X31Y58         LUT6 (Prop_lut6_I5_O)        0.124    12.147 r  compc/active_start[5]_i_9/O
                         net (fo=9, routed)           0.753    12.899    compc/active_start[5]_i_9_n_0
    SLICE_X34Y57         LUT5 (Prop_lut5_I2_O)        0.124    13.023 r  compc/active_start[0]_i_4/O
                         net (fo=1, routed)           0.805    13.828    compc/active_start[0]_i_4_n_0
    SLICE_X33Y57         LUT6 (Prop_lut6_I2_O)        0.124    13.952 r  compc/active_start[0]_i_1/O
                         net (fo=1, routed)           0.000    13.952    compc/active_start[0]_i_1_n_0
    SLICE_X33Y57         FDRE                                         r  compc/active_start_reg[0]/D
  -------------------------------------------------------------------    -------------------

                         (clock sys_clk_pin rise edge)
                                                     10.000    10.000 r  
    W5                                                0.000    10.000 r  clock_in (IN)
                         net (fo=0)                   0.000    10.000    clock_in
    W5                   IBUF (Prop_ibuf_I_O)         1.388    11.388 r  clock_in_IBUF_inst/O
                         net (fo=1, routed)           1.862    13.250    clock_in_IBUF
    BUFGCTRL_X0Y0        BUFG (Prop_bufg_I_O)         0.091    13.341 r  clock_in_IBUF_BUFG_inst/O
                         net (fo=8720, routed)        1.434    14.775    compc/clock_in_IBUF_BUFG
    SLICE_X33Y57         FDRE                                         r  compc/active_start_reg[0]/C
                         clock pessimism              0.258    15.033    
                         clock uncertainty           -0.035    14.998    
    SLICE_X33Y57         FDRE (Setup_fdre_C_D)        0.031    15.029    compc/active_start_reg[0]
  -------------------------------------------------------------------
                         required time                         15.029    
                         arrival time                         -13.952    
  -------------------------------------------------------------------
                         slack                                  1.076    

Slack (MET) :             1.083ns  (required time - arrival time)
  Source:                 compc/frame_in_reg[96]/C
                            (rising edge-triggered cell FDRE clocked by sys_clk_pin  {rise@0.000ns fall@5.000ns period=10.000ns})
  Destination:            compc/pair_sum_reg[53]/D
                            (rising edge-triggered cell FDRE clocked by sys_clk_pin  {rise@0.000ns fall@5.000ns period=10.000ns})
  Path Group:             sys_clk_pin
  Path Type:              Setup (Max at Slow Process Corner)
  Requirement:            10.000ns  (sys_clk_pin rise@10.000ns - sys_clk_pin rise@0.000ns)
  Data Path Delay:        8.935ns  (logic 5.120ns (57.300%)  route 3.815ns (42.700%))
  Logic Levels:           22  (CARRY4=17 LUT1=1 LUT4=2 LUT5=1 LUT6=1)
  Clock Path Skew:        0.023ns (DCD - SCD + CPR)
    Destination Clock Delay (DCD):    4.846ns = ( 14.846 - 10.000 ) 
    Source Clock Delay      (SCD):    5.083ns
    Clock Pessimism Removal (CPR):    0.260ns
  Clock Uncertainty:      0.035ns  ((TSJ^2 + TIJ^2)^1/2 + DJ) / 2 + PE
    Total System Jitter     (TSJ):    0.071ns
    Total Input Jitter      (TIJ):    0.000ns
    Discrete Jitter          (DJ):    0.000ns
    Phase Error              (PE):    0.000ns

    Location             Delay type                Incr(ns)  Path(ns)    Netlist Resource(s)
  -------------------------------------------------------------------    -------------------
                         (clock sys_clk_pin rise edge)
                                                      0.000     0.000 r  
    W5                                                0.000     0.000 r  clock_in (IN)
                         net (fo=0)                   0.000     0.000    clock_in
    W5                   IBUF (Prop_ibuf_I_O)         1.458     1.458 r  clock_in_IBUF_inst/O
                         net (fo=1, routed)           1.967     3.425    clock_in_IBUF
    BUFGCTRL_X0Y0        BUFG (Prop_bufg_I_O)         0.096     3.521 r  clock_in_IBUF_BUFG_inst/O
                         net (fo=8720, routed)        1.562     5.083    compc/clock_in_IBUF_BUFG
    SLICE_X9Y15          FDRE                                         r  compc/frame_in_reg[96]/C
  -------------------------------------------------------------------    -------------------
    SLICE_X9Y15          FDRE (Prop_fdre_C_Q)         0.456     5.539 r  compc/frame_in_reg[96]/Q
                         net (fo=1, routed)           1.182     6.722    compc/data1[0]
    SLICE_X7Y12          LUT6 (Prop_lut6_I3_O)        0.124     6.846 r  compc/pair_sum[3]_i_23/O
                         net (fo=2, routed)           0.929     7.774    compc/pair_sum[3]_i_23_n_0
    SLICE_X5Y6           LUT5 (Prop_lut5_I2_O)        0.124     7.898 r  compc/pair_sum[3]_i_15/O
                         net (fo=1, routed)           0.000     7.898    compc/pair_sum[3]_i_15_n_0
    SLICE_X5Y6           CARRY4 (Prop_carry4_S[0]_CO[3])
                                                      0.532     8.430 r  compc/pair_sum_reg[3]_i_7/CO[3]
                         net (fo=1, routed)           0.000     8.430    compc/pair_sum_reg[3]_i_7_n_0
    SLICE_X5Y7           CARRY4 (Prop_carry4_CI_O[0])
                                                      0.222     8.652 f  compc/pair_sum_reg[7]_i_7/O[0]
                         net (fo=2, routed)           0.707     9.359    compc/abs_diff_v1[4]
    SLICE_X3Y8           LUT1 (Prop_lut1_I0_O)        0.299     9.658 r  compc/pair_sum[7]_i_18/O
                         net (fo=1, routed)           0.000     9.658    compc/pair_sum[7]_i_18_n_0
    SLICE_X3Y8           CARRY4 (Prop_carry4_S[3]_CO[3])
                                                      0.401    10.059 r  compc/pair_sum_reg[7]_i_8/CO[3]
                         net (fo=1, routed)           0.000    10.059    compc/pair_sum_reg[7]_i_8_n_0
    SLICE_X3Y9           CARRY4 (Prop_carry4_CI_O[0])
                                                      0.222    10.281 r  compc/pair_sum_reg[11]_i_8/O[0]
                         net (fo=1, routed)           0.582    10.863    compc/abs_diff_v0[5]
    SLICE_X4Y9           LUT4 (Prop_lut4_I1_O)        0.299    11.162 r  compc/pair_sum[7]_i_5/O
                         net (fo=1, routed)           0.000    11.162    compc/pair_sum[7]_i_5_n_0
    SLICE_X4Y9           CARRY4 (Prop_carry4_S[1]_CO[3])
                                                      0.550    11.712 r  compc/pair_sum_reg[7]_i_2/CO[3]
                         net (fo=1, routed)           0.000    11.712    compc/pair_sum_reg[7]_i_2_n_0
    SLICE_X4Y10          CARRY4 (Prop_carry4_CI_CO[3])
                                                      0.114    11.826 r  compc/pair_sum_reg[11]_i_2/CO[3]
                         net (fo=1, routed)           0.000    11.826    compc/pair_sum_reg[11]_i_2_n_0
    SLICE_X4Y11          CARRY4 (Prop_carry4_CI_CO[3])
                                                      0.114    11.940 r  compc/pair_sum_reg[15]_i_2/CO[3]
                         net (fo=1, routed)           0.000    11.940    compc/pair_sum_reg[15]_i_2_n_0
    SLICE_X4Y12          CARRY4 (Prop_carry4_CI_CO[3])
                                                      0.114    12.054 r  compc/pair_sum_reg[19]_i_2/CO[3]
                         net (fo=1, routed)           0.000    12.054    compc/pair_sum_reg[19]_i_2_n_0
    SLICE_X4Y13          CARRY4 (Prop_carry4_CI_CO[3])
                                                      0.114    12.168 r  compc/pair_sum_reg[23]_i_2/CO[3]
                         net (fo=1, routed)           0.000    12.168    compc/pair_sum_reg[23]_i_2_n_0
    SLICE_X4Y14          CARRY4 (Prop_carry4_CI_CO[3])
                                                      0.114    12.282 r  compc/pair_sum_reg[27]_i_2/CO[3]
                         net (fo=1, routed)           0.000    12.282    compc/pair_sum_reg[27]_i_2_n_0
    SLICE_X4Y15          CARRY4 (Prop_carry4_CI_CO[3])
                                                      0.114    12.396 r  compc/pair_sum_reg[31]_i_2/CO[3]
                         net (fo=1, routed)           0.000    12.396    compc/pair_sum_reg[31]_i_2_n_0
    SLICE_X4Y16          CARRY4 (Prop_carry4_CI_CO[3])
                                                      0.114    12.510 r  compc/pair_sum_reg[35]_i_2/CO[3]
                         net (fo=1, routed)           0.000    12.510    compc/pair_sum_reg[35]_i_2_n_0
    SLICE_X4Y17          CARRY4 (Prop_carry4_CI_CO[3])
                                                      0.114    12.624 r  compc/pair_sum_reg[39]_i_2/CO[3]
                         net (fo=1, routed)           0.000    12.624    compc/pair_sum_reg[39]_i_2_n_0
    SLICE_X4Y18          CARRY4 (Prop_carry4_CI_CO[3])
                                                      0.114    12.738 r  compc/pair_sum_reg[43]_i_2/CO[3]
                         net (fo=1, routed)           0.000    12.738    compc/pair_sum_reg[43]_i_2_n_0
    SLICE_X4Y19          CARRY4 (Prop_carry4_CI_CO[3])
                                                      0.114    12.852 r  compc/pair_sum_reg[47]_i_2/CO[3]
                         net (fo=1, routed)           0.000    12.852    compc/pair_sum_reg[47]_i_2_n_0
    SLICE_X4Y20          CARRY4 (Prop_carry4_CI_CO[3])
                                                      0.114    12.966 r  compc/pair_sum_reg[51]_i_2/CO[3]
                         net (fo=1, routed)           0.000    12.966    compc/pair_sum_reg[51]_i_2_n_0
    SLICE_X4Y21          CARRY4 (Prop_carry4_CI_O[1])
                                                      0.334    13.300 r  compc/pair_sum_reg[55]_i_2/O[1]
                         net (fo=1, routed)           0.415    13.716    compc/pair_sum_v0[53]
    SLICE_X5Y21          LUT4 (Prop_lut4_I0_O)        0.303    14.019 r  compc/pair_sum[53]_i_1/O
                         net (fo=1, routed)           0.000    14.019    compc/pair_sum_v1_in[53]
    SLICE_X5Y21          FDRE                                         r  compc/pair_sum_reg[53]/D
  -------------------------------------------------------------------    -------------------

                         (clock sys_clk_pin rise edge)
                                                     10.000    10.000 r  
    W5                                                0.000    10.000 r  clock_in (IN)
                         net (fo=0)                   0.000    10.000    clock_in
    W5                   IBUF (Prop_ibuf_I_O)         1.388    11.388 r  clock_in_IBUF_inst/O
                         net (fo=1, routed)           1.862    13.250    clock_in_IBUF
    BUFGCTRL_X0Y0        BUFG (Prop_bufg_I_O)         0.091    13.341 r  clock_in_IBUF_BUFG_inst/O
                         net (fo=8720, routed)        1.505    14.846    compc/clock_in_IBUF_BUFG
    SLICE_X5Y21          FDRE                                         r  compc/pair_sum_reg[53]/C
                         clock pessimism              0.260    15.106    
                         clock uncertainty           -0.035    15.071    
    SLICE_X5Y21          FDRE (Setup_fdre_C_D)        0.031    15.102    compc/pair_sum_reg[53]
  -------------------------------------------------------------------
                         required time                         15.102    
                         arrival time                         -14.019    
  -------------------------------------------------------------------
                         slack                                  1.083    

Slack (MET) :             1.101ns  (required time - arrival time)
  Source:                 compc/frame_in_reg[96]/C
                            (rising edge-triggered cell FDRE clocked by sys_clk_pin  {rise@0.000ns fall@5.000ns period=10.000ns})
  Destination:            compc/pair_sum_reg[47]/D
                            (rising edge-triggered cell FDRE clocked by sys_clk_pin  {rise@0.000ns fall@5.000ns period=10.000ns})
  Path Group:             sys_clk_pin
  Path Type:              Setup (Max at Slow Process Corner)
  Requirement:            10.000ns  (sys_clk_pin rise@10.000ns - sys_clk_pin rise@0.000ns)
  Data Path Delay:        8.963ns  (logic 4.902ns (54.693%)  route 4.061ns (45.307%))
  Logic Levels:           20  (CARRY4=15 LUT1=1 LUT4=2 LUT5=1 LUT6=1)
  Clock Path Skew:        0.024ns (DCD - SCD + CPR)
    Destination Clock Delay (DCD):    4.847ns = ( 14.847 - 10.000 ) 
    Source Clock Delay      (SCD):    5.083ns
    Clock Pessimism Removal (CPR):    0.260ns
  Clock Uncertainty:      0.035ns  ((TSJ^2 + TIJ^2)^1/2 + DJ) / 2 + PE
    Total System Jitter     (TSJ):    0.071ns
    Total Input Jitter      (TIJ):    0.000ns
    Discrete Jitter          (DJ):    0.000ns
    Phase Error              (PE):    0.000ns

    Location             Delay type                Incr(ns)  Path(ns)    Netlist Resource(s)
  -------------------------------------------------------------------    -------------------
                         (clock sys_clk_pin rise edge)
                                                      0.000     0.000 r  
    W5                                                0.000     0.000 r  clock_in (IN)
                         net (fo=0)                   0.000     0.000    clock_in
    W5                   IBUF (Prop_ibuf_I_O)         1.458     1.458 r  clock_in_IBUF_inst/O
                         net (fo=1, routed)           1.967     3.425    clock_in_IBUF
    BUFGCTRL_X0Y0        BUFG (Prop_bufg_I_O)         0.096     3.521 r  clock_in_IBUF_BUFG_inst/O
                         net (fo=8720, routed)        1.562     5.083    compc/clock_in_IBUF_BUFG
    SLICE_X9Y15          FDRE                                         r  compc/frame_in_reg[96]/C
  -------------------------------------------------------------------    -------------------
    SLICE_X9Y15          FDRE (Prop_fdre_C_Q)         0.456     5.539 r  compc/frame_in_reg[96]/Q
                         net (fo=1, routed)           1.182     6.722    compc/data1[0]
    SLICE_X7Y12          LUT6 (Prop_lut6_I3_O)        0.124     6.846 r  compc/pair_sum[3]_i_23/O
                         net (fo=2, routed)           0.929     7.774    compc/pair_sum[3]_i_23_n_0
    SLICE_X5Y6           LUT5 (Prop_lut5_I2_O)        0.124     7.898 r  compc/pair_sum[3]_i_15/O
                         net (fo=1, routed)           0.000     7.898    compc/pair_sum[3]_i_15_n_0
    SLICE_X5Y6           CARRY4 (Prop_carry4_S[0]_CO[3])
                                                      0.532     8.430 r  compc/pair_sum_reg[3]_i_7/CO[3]
                         net (fo=1, routed)           0.000     8.430    compc/pair_sum_reg[3]_i_7_n_0
    SLICE_X5Y7           CARRY4 (Prop_carry4_CI_O[0])
                                                      0.222     8.652 f  compc/pair_sum_reg[7]_i_7/O[0]
                         net (fo=2, routed)           0.707     9.359    compc/abs_diff_v1[4]
    SLICE_X3Y8           LUT1 (Prop_lut1_I0_O)        0.299     9.658 r  compc/pair_sum[7]_i_18/O
                         net (fo=1, routed)           0.000     9.658    compc/pair_sum[7]_i_18_n_0
    SLICE_X3Y8           CARRY4 (Prop_carry4_S[3]_CO[3])
                                                      0.401    10.059 r  compc/pair_sum_reg[7]_i_8/CO[3]
                         net (fo=1, routed)           0.000    10.059    compc/pair_sum_reg[7]_i_8_n_0
    SLICE_X3Y9           CARRY4 (Prop_carry4_CI_O[0])
                                                      0.222    10.281 r  compc/pair_sum_reg[11]_i_8/O[0]
                         net (fo=1, routed)           0.582    10.863    compc/abs_diff_v0[5]
    SLICE_X4Y9           LUT4 (Prop_lut4_I1_O)        0.299    11.162 r  compc/pair_sum[7]_i_5/O
                         net (fo=1, routed)           0.000    11.162    compc/pair_sum[7]_i_5_n_0
    SLICE_X4Y9           CARRY4 (Prop_carry4_S[1]_CO[3])
                                                      0.550    11.712 r  compc/pair_sum_reg[7]_i_2/CO[3]
                         net (fo=1, routed)           0.000    11.712    compc/pair_sum_reg[7]_i_2_n_0
    SLICE_X4Y10          CARRY4 (Prop_carry4_CI_CO[3])
                                                      0.114    11.826 r  compc/pair_sum_reg[11]_i_2/CO[3]
                         net (fo=1, routed)           0.000    11.826    compc/pair_sum_reg[11]_i_2_n_0
    SLICE_X4Y11          CARRY4 (Prop_carry4_CI_CO[3])
                                                      0.114    11.940 r  compc/pair_sum_reg[15]_i_2/CO[3]
                         net (fo=1, routed)           0.000    11.940    compc/pair_sum_reg[15]_i_2_n_0
    SLICE_X4Y12          CARRY4 (Prop_carry4_CI_CO[3])
                                                      0.114    12.054 r  compc/pair_sum_reg[19]_i_2/CO[3]
                         net (fo=1, routed)           0.000    12.054    compc/pair_sum_reg[19]_i_2_n_0
    SLICE_X4Y13          CARRY4 (Prop_carry4_CI_CO[3])
                                                      0.114    12.168 r  compc/pair_sum_reg[23]_i_2/CO[3]
                         net (fo=1, routed)           0.000    12.168    compc/pair_sum_reg[23]_i_2_n_0
    SLICE_X4Y14          CARRY4 (Prop_carry4_CI_CO[3])
                                                      0.114    12.282 r  compc/pair_sum_reg[27]_i_2/CO[3]
                         net (fo=1, routed)           0.000    12.282    compc/pair_sum_reg[27]_i_2_n_0
    SLICE_X4Y15          CARRY4 (Prop_carry4_CI_CO[3])
                                                      0.114    12.396 r  compc/pair_sum_reg[31]_i_2/CO[3]
                         net (fo=1, routed)           0.000    12.396    compc/pair_sum_reg[31]_i_2_n_0
    SLICE_X4Y16          CARRY4 (Prop_carry4_CI_CO[3])
                                                      0.114    12.510 r  compc/pair_sum_reg[35]_i_2/CO[3]
                         net (fo=1, routed)           0.000    12.510    compc/pair_sum_reg[35]_i_2_n_0
    SLICE_X4Y17          CARRY4 (Prop_carry4_CI_CO[3])
                                                      0.114    12.624 r  compc/pair_sum_reg[39]_i_2/CO[3]
                         net (fo=1, routed)           0.000    12.624    compc/pair_sum_reg[39]_i_2_n_0
    SLICE_X4Y18          CARRY4 (Prop_carry4_CI_CO[3])
                                                      0.114    12.738 r  compc/pair_sum_reg[43]_i_2/CO[3]
                         net (fo=1, routed)           0.000    12.738    compc/pair_sum_reg[43]_i_2_n_0
    SLICE_X4Y19          CARRY4 (Prop_carry4_CI_O[3])
                                                      0.313    13.051 r  compc/pair_sum_reg[47]_i_2/O[3]
                         net (fo=1, routed)           0.661    13.712    compc/pair_sum_v0[47]
    SLICE_X5Y19          LUT4 (Prop_lut4_I0_O)        0.334    14.046 r  compc/pair_sum[47]_i_1/O
                         net (fo=1, routed)           0.000    14.046    compc/pair_sum_v1_in[47]
    SLICE_X5Y19          FDRE                                         r  compc/pair_sum_reg[47]/D
  -------------------------------------------------------------------    -------------------

                         (clock sys_clk_pin rise edge)
                                                     10.000    10.000 r  
    W5                                                0.000    10.000 r  clock_in (IN)
                         net (fo=0)                   0.000    10.000    clock_in
    W5                   IBUF (Prop_ibuf_I_O)         1.388    11.388 r  clock_in_IBUF_inst/O
                         net (fo=1, routed)           1.862    13.250    clock_in_IBUF
    BUFGCTRL_X0Y0        BUFG (Prop_bufg_I_O)         0.091    13.341 r  clock_in_IBUF_BUFG_inst/O
                         net (fo=8720, routed)        1.506    14.847    compc/clock_in_IBUF_BUFG
    SLICE_X5Y19          FDRE                                         r  compc/pair_sum_reg[47]/C
                         clock pessimism              0.260    15.107    
                         clock uncertainty           -0.035    15.072    
    SLICE_X5Y19          FDRE (Setup_fdre_C_D)        0.075    15.147    compc/pair_sum_reg[47]
  -------------------------------------------------------------------
                         required time                         15.147    
                         arrival time                         -14.046    
  -------------------------------------------------------------------
                         slack                                  1.101    

Slack (MET) :             1.102ns  (required time - arrival time)
  Source:                 compc/frame_in_reg[96]/C
                            (rising edge-triggered cell FDRE clocked by sys_clk_pin  {rise@0.000ns fall@5.000ns period=10.000ns})
  Destination:            compc/pair_sum_reg[48]/D
                            (rising edge-triggered cell FDRE clocked by sys_clk_pin  {rise@0.000ns fall@5.000ns period=10.000ns})
  Path Group:             sys_clk_pin
  Path Type:              Setup (Max at Slow Process Corner)
  Requirement:            10.000ns  (sys_clk_pin rise@10.000ns - sys_clk_pin rise@0.000ns)
  Data Path Delay:        8.916ns  (logic 4.890ns (54.848%)  route 4.026ns (45.152%))
  Logic Levels:           21  (CARRY4=16 LUT1=1 LUT4=2 LUT5=1 LUT6=1)
  Clock Path Skew:        0.024ns (DCD - SCD + CPR)
    Destination Clock Delay (DCD):    4.847ns = ( 14.847 - 10.000 ) 
    Source Clock Delay      (SCD):    5.083ns
    Clock Pessimism Removal (CPR):    0.260ns
  Clock Uncertainty:      0.035ns  ((TSJ^2 + TIJ^2)^1/2 + DJ) / 2 + PE
    Total System Jitter     (TSJ):    0.071ns
    Total Input Jitter      (TIJ):    0.000ns
    Discrete Jitter          (DJ):    0.000ns
    Phase Error              (PE):    0.000ns

    Location             Delay type                Incr(ns)  Path(ns)    Netlist Resource(s)
  -------------------------------------------------------------------    -------------------
                         (clock sys_clk_pin rise edge)
                                                      0.000     0.000 r  
    W5                                                0.000     0.000 r  clock_in (IN)
                         net (fo=0)                   0.000     0.000    clock_in
    W5                   IBUF (Prop_ibuf_I_O)         1.458     1.458 r  clock_in_IBUF_inst/O
                         net (fo=1, routed)           1.967     3.425    clock_in_IBUF
    BUFGCTRL_X0Y0        BUFG (Prop_bufg_I_O)         0.096     3.521 r  clock_in_IBUF_BUFG_inst/O
                         net (fo=8720, routed)        1.562     5.083    compc/clock_in_IBUF_BUFG
    SLICE_X9Y15          FDRE                                         r  compc/frame_in_reg[96]/C
  -------------------------------------------------------------------    -------------------
    SLICE_X9Y15          FDRE (Prop_fdre_C_Q)         0.456     5.539 r  compc/frame_in_reg[96]/Q
                         net (fo=1, routed)           1.182     6.722    compc/data1[0]
    SLICE_X7Y12          LUT6 (Prop_lut6_I3_O)        0.124     6.846 r  compc/pair_sum[3]_i_23/O
                         net (fo=2, routed)           0.929     7.774    compc/pair_sum[3]_i_23_n_0
    SLICE_X5Y6           LUT5 (Prop_lut5_I2_O)        0.124     7.898 r  compc/pair_sum[3]_i_15/O
                         net (fo=1, routed)           0.000     7.898    compc/pair_sum[3]_i_15_n_0
    SLICE_X5Y6           CARRY4 (Prop_carry4_S[0]_CO[3])
                                                      0.532     8.430 r  compc/pair_sum_reg[3]_i_7/CO[3]
                         net (fo=1, routed)           0.000     8.430    compc/pair_sum_reg[3]_i_7_n_0
    SLICE_X5Y7           CARRY4 (Prop_carry4_CI_O[0])
                                                      0.222     8.652 f  compc/pair_sum_reg[7]_i_7/O[0]
                         net (fo=2, routed)           0.707     9.359    compc/abs_diff_v1[4]
    SLICE_X3Y8           LUT1 (Prop_lut1_I0_O)        0.299     9.658 r  compc/pair_sum[7]_i_18/O
                         net (fo=1, routed)           0.000     9.658    compc/pair_sum[7]_i_18_n_0
    SLICE_X3Y8           CARRY4 (Prop_carry4_S[3]_CO[3])
                                                      0.401    10.059 r  compc/pair_sum_reg[7]_i_8/CO[3]
                         net (fo=1, routed)           0.000    10.059    compc/pair_sum_reg[7]_i_8_n_0
    SLICE_X3Y9           CARRY4 (Prop_carry4_CI_O[0])
                                                      0.222    10.281 r  compc/pair_sum_reg[11]_i_8/O[0]
                         net (fo=1, routed)           0.582    10.863    compc/abs_diff_v0[5]
    SLICE_X4Y9           LUT4 (Prop_lut4_I1_O)        0.299    11.162 r  compc/pair_sum[7]_i_5/O
                         net (fo=1, routed)           0.000    11.162    compc/pair_sum[7]_i_5_n_0
    SLICE_X4Y9           CARRY4 (Prop_carry4_S[1]_CO[3])
                                                      0.550    11.712 r  compc/pair_sum_reg[7]_i_2/CO[3]
                         net (fo=1, routed)           0.000    11.712    compc/pair_sum_reg[7]_i_2_n_0
    SLICE_X4Y10          CARRY4 (Prop_carry4_CI_CO[3])
                                                      0.114    11.826 r  compc/pair_sum_reg[11]_i_2/CO[3]
                         net (fo=1, routed)           0.000    11.826    compc/pair_sum_reg[11]_i_2_n_0
    SLICE_X4Y11          CARRY4 (Prop_carry4_CI_CO[3])
                                                      0.114    11.940 r  compc/pair_sum_reg[15]_i_2/CO[3]
                         net (fo=1, routed)           0.000    11.940    compc/pair_sum_reg[15]_i_2_n_0
    SLICE_X4Y12          CARRY4 (Prop_carry4_CI_CO[3])
                                                      0.114    12.054 r  compc/pair_sum_reg[19]_i_2/CO[3]
                         net (fo=1, routed)           0.000    12.054    compc/pair_sum_reg[19]_i_2_n_0
    SLICE_X4Y13          CARRY4 (Prop_carry4_CI_CO[3])
                                                      0.114    12.168 r  compc/pair_sum_reg[23]_i_2/CO[3]
                         net (fo=1, routed)           0.000    12.168    compc/pair_sum_reg[23]_i_2_n_0
    SLICE_X4Y14          CARRY4 (Prop_carry4_CI_CO[3])
                                                      0.114    12.282 r  compc/pair_sum_reg[27]_i_2/CO[3]
                         net (fo=1, routed)           0.000    12.282    compc/pair_sum_reg[27]_i_2_n_0
    SLICE_X4Y15          CARRY4 (Prop_carry4_CI_CO[3])
                                                      0.114    12.396 r  compc/pair_sum_reg[31]_i_2/CO[3]
                         net (fo=1, routed)           0.000    12.396    compc/pair_sum_reg[31]_i_2_n_0
    SLICE_X4Y16          CARRY4 (Prop_carry4_CI_CO[3])
                                                      0.114    12.510 r  compc/pair_sum_reg[35]_i_2/CO[3]
                         net (fo=1, routed)           0.000    12.510    compc/pair_sum_reg[35]_i_2_n_0
    SLICE_X4Y17          CARRY4 (Prop_carry4_CI_CO[3])
                                                      0.114    12.624 r  compc/pair_sum_reg[39]_i_2/CO[3]
                         net (fo=1, routed)           0.000    12.624    compc/pair_sum_reg[39]_i_2_n_0
    SLICE_X4Y18          CARRY4 (Prop_carry4_CI_CO[3])
                                                      0.114    12.738 r  compc/pair_sum_reg[43]_i_2/CO[3]
                         net (fo=1, routed)           0.000    12.738    compc/pair_sum_reg[43]_i_2_n_0
    SLICE_X4Y19          CARRY4 (Prop_carry4_CI_CO[3])
                                                      0.114    12.852 r  compc/pair_sum_reg[47]_i_2/CO[3]
                         net (fo=1, routed)           0.000    12.852    compc/pair_sum_reg[47]_i_2_n_0
    SLICE_X4Y20          CARRY4 (Prop_carry4_CI_O[0])
                                                      0.222    13.074 r  compc/pair_sum_reg[51]_i_2/O[0]
                         net (fo=1, routed)           0.626    13.700    compc/pair_sum_v0[48]
    SLICE_X5Y20          LUT4 (Prop_lut4_I0_O)        0.299    13.999 r  compc/pair_sum[48]_i_1/O
                         net (fo=1, routed)           0.000    13.999    compc/pair_sum_v1_in[48]
    SLICE_X5Y20          FDRE                                         r  compc/pair_sum_reg[48]/D
  -------------------------------------------------------------------    -------------------

                         (clock sys_clk_pin rise edge)
                                                     10.000    10.000 r  
    W5                                                0.000    10.000 r  clock_in (IN)
                         net (fo=0)                   0.000    10.000    clock_in
    W5                   IBUF (Prop_ibuf_I_O)         1.388    11.388 r  clock_in_IBUF_inst/O
                         net (fo=1, routed)           1.862    13.250    clock_in_IBUF
    BUFGCTRL_X0Y0        BUFG (Prop_bufg_I_O)         0.091    13.341 r  clock_in_IBUF_BUFG_inst/O
                         net (fo=8720, routed)        1.506    14.847    compc/clock_in_IBUF_BUFG
    SLICE_X5Y20          FDRE                                         r  compc/pair_sum_reg[48]/C
                         clock pessimism              0.260    15.107    
                         clock uncertainty           -0.035    15.072    
    SLICE_X5Y20          FDRE (Setup_fdre_C_D)        0.029    15.101    compc/pair_sum_reg[48]
  -------------------------------------------------------------------
                         required time                         15.101    
                         arrival time                         -13.999    
  -------------------------------------------------------------------
                         slack                                  1.102    





Min Delay Paths
--------------------------------------------------------------------------------------
Slack (MET) :             0.020ns  (arrival time - required time)
  Source:                 top_module/FFT/xfft_0/<hidden>/<hidden>/<hidden>/<hidden>
                            (rising edge-triggered cell FDRE clocked by sys_clk_pin  {rise@0.000ns fall@5.000ns period=10.000ns})
  Destination:            fftc/real_latch_reg[9]/D
                            (rising edge-triggered cell FDRE clocked by sys_clk_pin  {rise@0.000ns fall@5.000ns period=10.000ns})
  Path Group:             sys_clk_pin
  Path Type:              Hold (Min at Fast Process Corner)
  Requirement:            0.000ns  (sys_clk_pin rise@0.000ns - sys_clk_pin rise@0.000ns)
  Data Path Delay:        0.364ns  (logic 0.141ns (38.759%)  route 0.223ns (61.241%))
  Logic Levels:           0  
  Clock Path Skew:        0.261ns (DCD - SCD - CPR)
    Destination Clock Delay (DCD):    1.954ns
    Source Clock Delay      (SCD):    1.444ns
    Clock Pessimism Removal (CPR):    0.249ns

    Location             Delay type                Incr(ns)  Path(ns)    Netlist Resource(s)
  -------------------------------------------------------------------    -------------------
                         (clock sys_clk_pin rise edge)
                                                      0.000     0.000 r  
    W5                                                0.000     0.000 r  clock_in (IN)
                         net (fo=0)                   0.000     0.000    clock_in
    W5                   IBUF (Prop_ibuf_I_O)         0.226     0.226 r  clock_in_IBUF_inst/O
                         net (fo=1, routed)           0.631     0.858    clock_in_IBUF
    BUFGCTRL_X0Y0        BUFG (Prop_bufg_I_O)         0.026     0.884 r  clock_in_IBUF_BUFG_inst/O
                         net (fo=8720, routed)        0.561     1.444    top_module/FFT/xfft_0/<hidden>/<hidden>/<hidden>/<hidden>
    SLICE_X37Y11         FDRE                                         r  top_module/FFT/xfft_0/<hidden>/<hidden>/<hidden>/<hidden>
  -------------------------------------------------------------------    -------------------
    SLICE_X37Y11         FDRE (Prop_fdre_C_Q)         0.141     1.585 r  top_module/FFT/xfft_0/<hidden>/<hidden>/<hidden>/<hidden>
                         net (fo=1, routed)           0.223     1.808    fftc/m_axis_data_tdata[9]
    SLICE_X30Y14         FDRE                                         r  fftc/real_latch_reg[9]/D
  -------------------------------------------------------------------    -------------------

                         (clock sys_clk_pin rise edge)
                                                      0.000     0.000 r  
    W5                                                0.000     0.000 r  clock_in (IN)
                         net (fo=0)                   0.000     0.000    clock_in
    W5                   IBUF (Prop_ibuf_I_O)         0.414     0.414 r  clock_in_IBUF_inst/O
                         net (fo=1, routed)           0.685     1.099    clock_in_IBUF
    BUFGCTRL_X0Y0        BUFG (Prop_bufg_I_O)         0.029     1.128 r  clock_in_IBUF_BUFG_inst/O
                         net (fo=8720, routed)        0.827     1.954    fftc/clock_in_IBUF_BUFG
    SLICE_X30Y14         FDRE                                         r  fftc/real_latch_reg[9]/C
                         clock pessimism             -0.249     1.705    
    SLICE_X30Y14         FDRE (Hold_fdre_C_D)         0.083     1.788    fftc/real_latch_reg[9]
  -------------------------------------------------------------------
                         required time                         -1.788    
                         arrival time                           1.808    
  -------------------------------------------------------------------
                         slack                                  0.020    

Slack (MET) :             0.025ns  (arrival time - required time)
  Source:                 top_module/FFT/xfft_0/<hidden>/<hidden>/<hidden>/<hidden>
                            (rising edge-triggered cell FDRE clocked by sys_clk_pin  {rise@0.000ns fall@5.000ns period=10.000ns})
  Destination:            fftc/real_latch_reg[28]/D
                            (rising edge-triggered cell FDRE clocked by sys_clk_pin  {rise@0.000ns fall@5.000ns period=10.000ns})
  Path Group:             sys_clk_pin
  Path Type:              Hold (Min at Fast Process Corner)
  Requirement:            0.000ns  (sys_clk_pin rise@0.000ns - sys_clk_pin rise@0.000ns)
  Data Path Delay:        0.350ns  (logic 0.141ns (40.307%)  route 0.209ns (59.693%))
  Logic Levels:           0  
  Clock Path Skew:        0.262ns (DCD - SCD - CPR)
    Destination Clock Delay (DCD):    1.953ns
    Source Clock Delay      (SCD):    1.442ns
    Clock Pessimism Removal (CPR):    0.249ns

    Location             Delay type                Incr(ns)  Path(ns)    Netlist Resource(s)
  -------------------------------------------------------------------    -------------------
                         (clock sys_clk_pin rise edge)
                                                      0.000     0.000 r  
    W5                                                0.000     0.000 r  clock_in (IN)
                         net (fo=0)                   0.000     0.000    clock_in
    W5                   IBUF (Prop_ibuf_I_O)         0.226     0.226 r  clock_in_IBUF_inst/O
                         net (fo=1, routed)           0.631     0.858    clock_in_IBUF
    BUFGCTRL_X0Y0        BUFG (Prop_bufg_I_O)         0.026     0.884 r  clock_in_IBUF_BUFG_inst/O
                         net (fo=8720, routed)        0.559     1.442    top_module/FFT/xfft_0/<hidden>/<hidden>/<hidden>/<hidden>
    SLICE_X37Y13         FDRE                                         r  top_module/FFT/xfft_0/<hidden>/<hidden>/<hidden>/<hidden>
  -------------------------------------------------------------------    -------------------
    SLICE_X37Y13         FDRE (Prop_fdre_C_Q)         0.141     1.583 r  top_module/FFT/xfft_0/<hidden>/<hidden>/<hidden>/<hidden>
                         net (fo=1, routed)           0.209     1.792    fftc/m_axis_data_tdata[28]
    SLICE_X34Y14         FDRE                                         r  fftc/real_latch_reg[28]/D
  -------------------------------------------------------------------    -------------------

                         (clock sys_clk_pin rise edge)
                                                      0.000     0.000 r  
    W5                                                0.000     0.000 r  clock_in (IN)
                         net (fo=0)                   0.000     0.000    clock_in
    W5                   IBUF (Prop_ibuf_I_O)         0.414     0.414 r  clock_in_IBUF_inst/O
                         net (fo=1, routed)           0.685     1.099    clock_in_IBUF
    BUFGCTRL_X0Y0        BUFG (Prop_bufg_I_O)         0.029     1.128 r  clock_in_IBUF_BUFG_inst/O
                         net (fo=8720, routed)        0.826     1.953    fftc/clock_in_IBUF_BUFG
    SLICE_X34Y14         FDRE                                         r  fftc/real_latch_reg[28]/C
                         clock pessimism             -0.249     1.704    
    SLICE_X34Y14         FDRE (Hold_fdre_C_D)         0.063     1.767    fftc/real_latch_reg[28]
  -------------------------------------------------------------------
                         required time                         -1.767    
                         arrival time                           1.792    
  -------------------------------------------------------------------
                         slack                                  0.025    

Slack (MET) :             0.036ns  (arrival time - required time)
  Source:                 melc/ram_data_in_reg[21]/C
                            (rising edge-triggered cell FDRE clocked by sys_clk_pin  {rise@0.000ns fall@5.000ns period=10.000ns})
  Destination:            melc/mel_ram/U0/inst_blk_mem_gen/gnbram.gnativebmg.native_blk_mem_gen/valid.cstr/ramloop[0].ram.r/prim_noinit.ram/DEVICE_7SERIES.NO_BMM_INFO.SDP.WIDE_PRIM18.ram/DIBDI[5]
                            (rising edge-triggered cell RAMB18E1 clocked by sys_clk_pin  {rise@0.000ns fall@5.000ns period=10.000ns})
  Path Group:             sys_clk_pin
  Path Type:              Hold (Min at Fast Process Corner)
  Requirement:            0.000ns  (sys_clk_pin rise@0.000ns - sys_clk_pin rise@0.000ns)
  Data Path Delay:        0.392ns  (logic 0.141ns (35.986%)  route 0.251ns (64.014%))
  Logic Levels:           0  
  Clock Path Skew:        0.059ns (DCD - SCD - CPR)
    Destination Clock Delay (DCD):    1.997ns
    Source Clock Delay      (SCD):    1.439ns
    Clock Pessimism Removal (CPR):    0.498ns

    Location             Delay type                Incr(ns)  Path(ns)    Netlist Resource(s)
  -------------------------------------------------------------------    -------------------
                         (clock sys_clk_pin rise edge)
                                                      0.000     0.000 r  
    W5                                                0.000     0.000 r  clock_in (IN)
                         net (fo=0)                   0.000     0.000    clock_in
    W5                   IBUF (Prop_ibuf_I_O)         0.226     0.226 r  clock_in_IBUF_inst/O
                         net (fo=1, routed)           0.631     0.858    clock_in_IBUF
    BUFGCTRL_X0Y0        BUFG (Prop_bufg_I_O)         0.026     0.884 r  clock_in_IBUF_BUFG_inst/O
                         net (fo=8720, routed)        0.556     1.439    melc/clock_in_IBUF_BUFG
    SLICE_X49Y28         FDRE                                         r  melc/ram_data_in_reg[21]/C
  -------------------------------------------------------------------    -------------------
    SLICE_X49Y28         FDRE (Prop_fdre_C_Q)         0.141     1.580 r  melc/ram_data_in_reg[21]/Q
                         net (fo=1, routed)           0.251     1.831    melc/mel_ram/U0/inst_blk_mem_gen/gnbram.gnativebmg.native_blk_mem_gen/valid.cstr/ramloop[0].ram.r/prim_noinit.ram/dina[21]
    RAMB18_X1Y13         RAMB18E1                                     r  melc/mel_ram/U0/inst_blk_mem_gen/gnbram.gnativebmg.native_blk_mem_gen/valid.cstr/ramloop[0].ram.r/prim_noinit.ram/DEVICE_7SERIES.NO_BMM_INFO.SDP.WIDE_PRIM18.ram/DIBDI[5]
  -------------------------------------------------------------------    -------------------

                         (clock sys_clk_pin rise edge)
                                                      0.000     0.000 r  
    W5                                                0.000     0.000 r  clock_in (IN)
                         net (fo=0)                   0.000     0.000    clock_in
    W5                   IBUF (Prop_ibuf_I_O)         0.414     0.414 r  clock_in_IBUF_inst/O
                         net (fo=1, routed)           0.685     1.099    clock_in_IBUF
    BUFGCTRL_X0Y0        BUFG (Prop_bufg_I_O)         0.029     1.128 r  clock_in_IBUF_BUFG_inst/O
                         net (fo=8720, routed)        0.869     1.997    melc/mel_ram/U0/inst_blk_mem_gen/gnbram.gnativebmg.native_blk_mem_gen/valid.cstr/ramloop[0].ram.r/prim_noinit.ram/clka
    RAMB18_X1Y13         RAMB18E1                                     r  melc/mel_ram/U0/inst_blk_mem_gen/gnbram.gnativebmg.native_blk_mem_gen/valid.cstr/ramloop[0].ram.r/prim_noinit.ram/DEVICE_7SERIES.NO_BMM_INFO.SDP.WIDE_PRIM18.ram/CLKBWRCLK
                         clock pessimism             -0.498     1.499    
    RAMB18_X1Y13         RAMB18E1 (Hold_ramb18e1_CLKBWRCLK_DIBDI[5])
                                                      0.296     1.795    melc/mel_ram/U0/inst_blk_mem_gen/gnbram.gnativebmg.native_blk_mem_gen/valid.cstr/ramloop[0].ram.r/prim_noinit.ram/DEVICE_7SERIES.NO_BMM_INFO.SDP.WIDE_PRIM18.ram
  -------------------------------------------------------------------
                         required time                         -1.795    
                         arrival time                           1.831    
  -------------------------------------------------------------------
                         slack                                  0.036    

Slack (MET) :             0.037ns  (arrival time - required time)
  Source:                 top_module/FFT/xfft_0/<hidden>/<hidden>/<hidden>/<hidden>
                            (rising edge-triggered cell FDRE clocked by sys_clk_pin  {rise@0.000ns fall@5.000ns period=10.000ns})
  Destination:            fftc/real_latch_reg[22]/D
                            (rising edge-triggered cell FDRE clocked by sys_clk_pin  {rise@0.000ns fall@5.000ns period=10.000ns})
  Path Group:             sys_clk_pin
  Path Type:              Hold (Min at Fast Process Corner)
  Requirement:            0.000ns  (sys_clk_pin rise@0.000ns - sys_clk_pin rise@0.000ns)
  Data Path Delay:        0.365ns  (logic 0.164ns (44.992%)  route 0.201ns (55.008%))
  Logic Levels:           0  
  Clock Path Skew:        0.262ns (DCD - SCD - CPR)
    Destination Clock Delay (DCD):    1.953ns
    Source Clock Delay      (SCD):    1.442ns
    Clock Pessimism Removal (CPR):    0.249ns

    Location             Delay type                Incr(ns)  Path(ns)    Netlist Resource(s)
  -------------------------------------------------------------------    -------------------
                         (clock sys_clk_pin rise edge)
                                                      0.000     0.000 r  
    W5                                                0.000     0.000 r  clock_in (IN)
                         net (fo=0)                   0.000     0.000    clock_in
    W5                   IBUF (Prop_ibuf_I_O)         0.226     0.226 r  clock_in_IBUF_inst/O
                         net (fo=1, routed)           0.631     0.858    clock_in_IBUF
    BUFGCTRL_X0Y0        BUFG (Prop_bufg_I_O)         0.026     0.884 r  clock_in_IBUF_BUFG_inst/O
                         net (fo=8720, routed)        0.559     1.442    top_module/FFT/xfft_0/<hidden>/<hidden>/<hidden>/<hidden>
    SLICE_X38Y15         FDRE                                         r  top_module/FFT/xfft_0/<hidden>/<hidden>/<hidden>/<hidden>
  -------------------------------------------------------------------    -------------------
    SLICE_X38Y15         FDRE (Prop_fdre_C_Q)         0.164     1.606 r  top_module/FFT/xfft_0/<hidden>/<hidden>/<hidden>/<hidden>
                         net (fo=1, routed)           0.201     1.807    fftc/m_axis_data_tdata[22]
    SLICE_X32Y15         FDRE                                         r  fftc/real_latch_reg[22]/D
  -------------------------------------------------------------------    -------------------

                         (clock sys_clk_pin rise edge)
                                                      0.000     0.000 r  
    W5                                                0.000     0.000 r  clock_in (IN)
                         net (fo=0)                   0.000     0.000    clock_in
    W5                   IBUF (Prop_ibuf_I_O)         0.414     0.414 r  clock_in_IBUF_inst/O
                         net (fo=1, routed)           0.685     1.099    clock_in_IBUF
    BUFGCTRL_X0Y0        BUFG (Prop_bufg_I_O)         0.029     1.128 r  clock_in_IBUF_BUFG_inst/O
                         net (fo=8720, routed)        0.826     1.953    fftc/clock_in_IBUF_BUFG
    SLICE_X32Y15         FDRE                                         r  fftc/real_latch_reg[22]/C
                         clock pessimism             -0.249     1.704    
    SLICE_X32Y15         FDRE (Hold_fdre_C_D)         0.066     1.770    fftc/real_latch_reg[22]
  -------------------------------------------------------------------
                         required time                         -1.770    
                         arrival time                           1.807    
  -------------------------------------------------------------------
                         slack                                  0.037    

Slack (MET) :             0.038ns  (arrival time - required time)
  Source:                 top_module/FFT/xfft_0/<hidden>/<hidden>/<hidden>/<hidden>
                            (rising edge-triggered cell FDRE clocked by sys_clk_pin  {rise@0.000ns fall@5.000ns period=10.000ns})
  Destination:            fftc/real_latch_reg[27]/D
                            (rising edge-triggered cell FDRE clocked by sys_clk_pin  {rise@0.000ns fall@5.000ns period=10.000ns})
  Path Group:             sys_clk_pin
  Path Type:              Hold (Min at Fast Process Corner)
  Requirement:            0.000ns  (sys_clk_pin rise@0.000ns - sys_clk_pin rise@0.000ns)
  Data Path Delay:        0.352ns  (logic 0.141ns (40.037%)  route 0.211ns (59.963%))
  Logic Levels:           0  
  Clock Path Skew:        0.262ns (DCD - SCD - CPR)
    Destination Clock Delay (DCD):    1.953ns
    Source Clock Delay      (SCD):    1.442ns
    Clock Pessimism Removal (CPR):    0.249ns

    Location             Delay type                Incr(ns)  Path(ns)    Netlist Resource(s)
  -------------------------------------------------------------------    -------------------
                         (clock sys_clk_pin rise edge)
                                                      0.000     0.000 r  
    W5                                                0.000     0.000 r  clock_in (IN)
                         net (fo=0)                   0.000     0.000    clock_in
    W5                   IBUF (Prop_ibuf_I_O)         0.226     0.226 r  clock_in_IBUF_inst/O
                         net (fo=1, routed)           0.631     0.858    clock_in_IBUF
    BUFGCTRL_X0Y0        BUFG (Prop_bufg_I_O)         0.026     0.884 r  clock_in_IBUF_BUFG_inst/O
                         net (fo=8720, routed)        0.559     1.442    top_module/FFT/xfft_0/<hidden>/<hidden>/<hidden>/<hidden>
    SLICE_X36Y13         FDRE                                         r  top_module/FFT/xfft_0/<hidden>/<hidden>/<hidden>/<hidden>
  -------------------------------------------------------------------    -------------------
    SLICE_X36Y13         FDRE (Prop_fdre_C_Q)         0.141     1.583 r  top_module/FFT/xfft_0/<hidden>/<hidden>/<hidden>/<hidden>
                         net (fo=1, routed)           0.211     1.794    fftc/m_axis_data_tdata[27]
    SLICE_X34Y14         FDRE                                         r  fftc/real_latch_reg[27]/D
  -------------------------------------------------------------------    -------------------

                         (clock sys_clk_pin rise edge)
                                                      0.000     0.000 r  
    W5                                                0.000     0.000 r  clock_in (IN)
                         net (fo=0)                   0.000     0.000    clock_in
    W5                   IBUF (Prop_ibuf_I_O)         0.414     0.414 r  clock_in_IBUF_inst/O
                         net (fo=1, routed)           0.685     1.099    clock_in_IBUF
    BUFGCTRL_X0Y0        BUFG (Prop_bufg_I_O)         0.029     1.128 r  clock_in_IBUF_BUFG_inst/O
                         net (fo=8720, routed)        0.826     1.953    fftc/clock_in_IBUF_BUFG
    SLICE_X34Y14         FDRE                                         r  fftc/real_latch_reg[27]/C
                         clock pessimism             -0.249     1.704    
    SLICE_X34Y14         FDRE (Hold_fdre_C_D)         0.052     1.756    fftc/real_latch_reg[27]
  -------------------------------------------------------------------
                         required time                         -1.756    
                         arrival time                           1.794    
  -------------------------------------------------------------------
                         slack                                  0.038    

Slack (MET) :             0.045ns  (arrival time - required time)
  Source:                 melc/ram_data_in_reg[4]/C
                            (rising edge-triggered cell FDRE clocked by sys_clk_pin  {rise@0.000ns fall@5.000ns period=10.000ns})
  Destination:            melc/mel_ram/U0/inst_blk_mem_gen/gnbram.gnativebmg.native_blk_mem_gen/valid.cstr/ramloop[0].ram.r/prim_noinit.ram/DEVICE_7SERIES.NO_BMM_INFO.SDP.WIDE_PRIM18.ram/DIADI[4]
                            (rising edge-triggered cell RAMB18E1 clocked by sys_clk_pin  {rise@0.000ns fall@5.000ns period=10.000ns})
  Path Group:             sys_clk_pin
  Path Type:              Hold (Min at Fast Process Corner)
  Requirement:            0.000ns  (sys_clk_pin rise@0.000ns - sys_clk_pin rise@0.000ns)
  Data Path Delay:        0.420ns  (logic 0.164ns (39.020%)  route 0.256ns (60.980%))
  Logic Levels:           0  
  Clock Path Skew:        0.079ns (DCD - SCD - CPR)
    Destination Clock Delay (DCD):    1.997ns
    Source Clock Delay      (SCD):    1.439ns
    Clock Pessimism Removal (CPR):    0.478ns

    Location             Delay type                Incr(ns)  Path(ns)    Netlist Resource(s)
  -------------------------------------------------------------------    -------------------
                         (clock sys_clk_pin rise edge)
                                                      0.000     0.000 r  
    W5                                                0.000     0.000 r  clock_in (IN)
                         net (fo=0)                   0.000     0.000    clock_in
    W5                   IBUF (Prop_ibuf_I_O)         0.226     0.226 r  clock_in_IBUF_inst/O
                         net (fo=1, routed)           0.631     0.858    clock_in_IBUF
    BUFGCTRL_X0Y0        BUFG (Prop_bufg_I_O)         0.026     0.884 r  clock_in_IBUF_BUFG_inst/O
                         net (fo=8720, routed)        0.556     1.439    melc/clock_in_IBUF_BUFG
    SLICE_X52Y27         FDRE                                         r  melc/ram_data_in_reg[4]/C
  -------------------------------------------------------------------    -------------------
    SLICE_X52Y27         FDRE (Prop_fdre_C_Q)         0.164     1.603 r  melc/ram_data_in_reg[4]/Q
                         net (fo=1, routed)           0.256     1.859    melc/mel_ram/U0/inst_blk_mem_gen/gnbram.gnativebmg.native_blk_mem_gen/valid.cstr/ramloop[0].ram.r/prim_noinit.ram/dina[4]
    RAMB18_X1Y13         RAMB18E1                                     r  melc/mel_ram/U0/inst_blk_mem_gen/gnbram.gnativebmg.native_blk_mem_gen/valid.cstr/ramloop[0].ram.r/prim_noinit.ram/DEVICE_7SERIES.NO_BMM_INFO.SDP.WIDE_PRIM18.ram/DIADI[4]
  -------------------------------------------------------------------    -------------------

                         (clock sys_clk_pin rise edge)
                                                      0.000     0.000 r  
    W5                                                0.000     0.000 r  clock_in (IN)
                         net (fo=0)                   0.000     0.000    clock_in
    W5                   IBUF (Prop_ibuf_I_O)         0.414     0.414 r  clock_in_IBUF_inst/O
                         net (fo=1, routed)           0.685     1.099    clock_in_IBUF
    BUFGCTRL_X0Y0        BUFG (Prop_bufg_I_O)         0.029     1.128 r  clock_in_IBUF_BUFG_inst/O
                         net (fo=8720, routed)        0.869     1.997    melc/mel_ram/U0/inst_blk_mem_gen/gnbram.gnativebmg.native_blk_mem_gen/valid.cstr/ramloop[0].ram.r/prim_noinit.ram/clka
    RAMB18_X1Y13         RAMB18E1                                     r  melc/mel_ram/U0/inst_blk_mem_gen/gnbram.gnativebmg.native_blk_mem_gen/valid.cstr/ramloop[0].ram.r/prim_noinit.ram/DEVICE_7SERIES.NO_BMM_INFO.SDP.WIDE_PRIM18.ram/CLKBWRCLK
                         clock pessimism             -0.478     1.519    
    RAMB18_X1Y13         RAMB18E1 (Hold_ramb18e1_CLKBWRCLK_DIADI[4])
                                                      0.296     1.815    melc/mel_ram/U0/inst_blk_mem_gen/gnbram.gnativebmg.native_blk_mem_gen/valid.cstr/ramloop[0].ram.r/prim_noinit.ram/DEVICE_7SERIES.NO_BMM_INFO.SDP.WIDE_PRIM18.ram
  -------------------------------------------------------------------
                         required time                         -1.815    
                         arrival time                           1.859    
  -------------------------------------------------------------------
                         slack                                  0.045    

Slack (MET) :             0.045ns  (arrival time - required time)
  Source:                 top_module/FFT/xfft_0/<hidden>/<hidden>/<hidden>/<hidden>
                            (rising edge-triggered cell FDRE clocked by sys_clk_pin  {rise@0.000ns fall@5.000ns period=10.000ns})
  Destination:            fftc/imag_latch_reg[12]/D
                            (rising edge-triggered cell FDRE clocked by sys_clk_pin  {rise@0.000ns fall@5.000ns period=10.000ns})
  Path Group:             sys_clk_pin
  Path Type:              Hold (Min at Fast Process Corner)
  Requirement:            0.000ns  (sys_clk_pin rise@0.000ns - sys_clk_pin rise@0.000ns)
  Data Path Delay:        0.379ns  (logic 0.141ns (37.206%)  route 0.238ns (62.794%))
  Logic Levels:           0  
  Clock Path Skew:        0.264ns (DCD - SCD - CPR)
    Destination Clock Delay (DCD):    1.958ns
    Source Clock Delay      (SCD):    1.445ns
    Clock Pessimism Removal (CPR):    0.249ns

    Location             Delay type                Incr(ns)  Path(ns)    Netlist Resource(s)
  -------------------------------------------------------------------    -------------------
                         (clock sys_clk_pin rise edge)
                                                      0.000     0.000 r  
    W5                                                0.000     0.000 r  clock_in (IN)
                         net (fo=0)                   0.000     0.000    clock_in
    W5                   IBUF (Prop_ibuf_I_O)         0.226     0.226 r  clock_in_IBUF_inst/O
                         net (fo=1, routed)           0.631     0.858    clock_in_IBUF
    BUFGCTRL_X0Y0        BUFG (Prop_bufg_I_O)         0.026     0.884 r  clock_in_IBUF_BUFG_inst/O
                         net (fo=8720, routed)        0.562     1.445    top_module/FFT/xfft_0/<hidden>/<hidden>/<hidden>/<hidden>
    SLICE_X40Y8          FDRE                                         r  top_module/FFT/xfft_0/<hidden>/<hidden>/<hidden>/<hidden>
  -------------------------------------------------------------------    -------------------
    SLICE_X40Y8          FDRE (Prop_fdre_C_Q)         0.141     1.586 r  top_module/FFT/xfft_0/<hidden>/<hidden>/<hidden>/<hidden>
                         net (fo=1, routed)           0.238     1.824    fftc/m_axis_data_tdata[44]
    SLICE_X31Y8          FDRE                                         r  fftc/imag_latch_reg[12]/D
  -------------------------------------------------------------------    -------------------

                         (clock sys_clk_pin rise edge)
                                                      0.000     0.000 r  
    W5                                                0.000     0.000 r  clock_in (IN)
                         net (fo=0)                   0.000     0.000    clock_in
    W5                   IBUF (Prop_ibuf_I_O)         0.414     0.414 r  clock_in_IBUF_inst/O
                         net (fo=1, routed)           0.685     1.099    clock_in_IBUF
    BUFGCTRL_X0Y0        BUFG (Prop_bufg_I_O)         0.029     1.128 r  clock_in_IBUF_BUFG_inst/O
                         net (fo=8720, routed)        0.831     1.958    fftc/clock_in_IBUF_BUFG
    SLICE_X31Y8          FDRE                                         r  fftc/imag_latch_reg[12]/C
                         clock pessimism             -0.249     1.709    
    SLICE_X31Y8          FDRE (Hold_fdre_C_D)         0.070     1.779    fftc/imag_latch_reg[12]
  -------------------------------------------------------------------
                         required time                         -1.779    
                         arrival time                           1.824    
  -------------------------------------------------------------------
                         slack                                  0.045    

Slack (MET) :             0.048ns  (arrival time - required time)
  Source:                 compc/utt_din_reg[91]/C
                            (rising edge-triggered cell FDRE clocked by sys_clk_pin  {rise@0.000ns fall@5.000ns period=10.000ns})
  Destination:            compc/utterance_ram/U0/inst_blk_mem_gen/gnbram.gnativebmg.native_blk_mem_gen/valid.cstr/ramloop[1].ram.r/prim_noinit.ram/DEVICE_7SERIES.NO_BMM_INFO.SDP.WIDE_PRIM36_NO_ECC.ram/DIADI[21]
                            (rising edge-triggered cell RAMB36E1 clocked by sys_clk_pin  {rise@0.000ns fall@5.000ns period=10.000ns})
  Path Group:             sys_clk_pin
  Path Type:              Hold (Min at Fast Process Corner)
  Requirement:            0.000ns  (sys_clk_pin rise@0.000ns - sys_clk_pin rise@0.000ns)
  Data Path Delay:        0.369ns  (logic 0.128ns (34.701%)  route 0.241ns (65.299%))
  Logic Levels:           0  
  Clock Path Skew:        0.077ns (DCD - SCD - CPR)
    Destination Clock Delay (DCD):    1.999ns
    Source Clock Delay      (SCD):    1.443ns
    Clock Pessimism Removal (CPR):    0.478ns

    Location             Delay type                Incr(ns)  Path(ns)    Netlist Resource(s)
  -------------------------------------------------------------------    -------------------
                         (clock sys_clk_pin rise edge)
                                                      0.000     0.000 r  
    W5                                                0.000     0.000 r  clock_in (IN)
                         net (fo=0)                   0.000     0.000    clock_in
    W5                   IBUF (Prop_ibuf_I_O)         0.226     0.226 r  clock_in_IBUF_inst/O
                         net (fo=1, routed)           0.631     0.858    clock_in_IBUF
    BUFGCTRL_X0Y0        BUFG (Prop_bufg_I_O)         0.026     0.884 r  clock_in_IBUF_BUFG_inst/O
                         net (fo=8720, routed)        0.560     1.443    compc/clock_in_IBUF_BUFG
    SLICE_X13Y17         FDRE                                         r  compc/utt_din_reg[91]/C
  -------------------------------------------------------------------    -------------------
    SLICE_X13Y17         FDRE (Prop_fdre_C_Q)         0.128     1.571 r  compc/utt_din_reg[91]/Q
                         net (fo=1, routed)           0.241     1.812    compc/utterance_ram/U0/inst_blk_mem_gen/gnbram.gnativebmg.native_blk_mem_gen/valid.cstr/ramloop[1].ram.r/prim_noinit.ram/dina[19]
    RAMB36_X0Y3          RAMB36E1                                     r  compc/utterance_ram/U0/inst_blk_mem_gen/gnbram.gnativebmg.native_blk_mem_gen/valid.cstr/ramloop[1].ram.r/prim_noinit.ram/DEVICE_7SERIES.NO_BMM_INFO.SDP.WIDE_PRIM36_NO_ECC.ram/DIADI[21]
  -------------------------------------------------------------------    -------------------

                         (clock sys_clk_pin rise edge)
                                                      0.000     0.000 r  
    W5                                                0.000     0.000 r  clock_in (IN)
                         net (fo=0)                   0.000     0.000    clock_in
    W5                   IBUF (Prop_ibuf_I_O)         0.414     0.414 r  clock_in_IBUF_inst/O
                         net (fo=1, routed)           0.685     1.099    clock_in_IBUF
    BUFGCTRL_X0Y0        BUFG (Prop_bufg_I_O)         0.029     1.128 r  clock_in_IBUF_BUFG_inst/O
                         net (fo=8720, routed)        0.871     1.999    compc/utterance_ram/U0/inst_blk_mem_gen/gnbram.gnativebmg.native_blk_mem_gen/valid.cstr/ramloop[1].ram.r/prim_noinit.ram/clkb
    RAMB36_X0Y3          RAMB36E1                                     r  compc/utterance_ram/U0/inst_blk_mem_gen/gnbram.gnativebmg.native_blk_mem_gen/valid.cstr/ramloop[1].ram.r/prim_noinit.ram/DEVICE_7SERIES.NO_BMM_INFO.SDP.WIDE_PRIM36_NO_ECC.ram/CLKBWRCLK
                         clock pessimism             -0.478     1.521    
    RAMB36_X0Y3          RAMB36E1 (Hold_ramb36e1_CLKBWRCLK_DIADI[21])
                                                      0.243     1.764    compc/utterance_ram/U0/inst_blk_mem_gen/gnbram.gnativebmg.native_blk_mem_gen/valid.cstr/ramloop[1].ram.r/prim_noinit.ram/DEVICE_7SERIES.NO_BMM_INFO.SDP.WIDE_PRIM36_NO_ECC.ram
  -------------------------------------------------------------------
                         required time                         -1.764    
                         arrival time                           1.812    
  -------------------------------------------------------------------
                         slack                                  0.048    

Slack (MET) :             0.050ns  (arrival time - required time)
  Source:                 top_module/FFT/xfft_0/<hidden>/<hidden>/<hidden>/<hidden>
                            (rising edge-triggered cell FDRE clocked by sys_clk_pin  {rise@0.000ns fall@5.000ns period=10.000ns})
  Destination:            fftc/imag_latch_reg[25]/D
                            (rising edge-triggered cell FDRE clocked by sys_clk_pin  {rise@0.000ns fall@5.000ns period=10.000ns})
  Path Group:             sys_clk_pin
  Path Type:              Hold (Min at Fast Process Corner)
  Requirement:            0.000ns  (sys_clk_pin rise@0.000ns - sys_clk_pin rise@0.000ns)
  Data Path Delay:        0.400ns  (logic 0.141ns (35.223%)  route 0.259ns (64.777%))
  Logic Levels:           0  
  Clock Path Skew:        0.263ns (DCD - SCD - CPR)
    Destination Clock Delay (DCD):    1.956ns
    Source Clock Delay      (SCD):    1.444ns
    Clock Pessimism Removal (CPR):    0.249ns

    Location             Delay type                Incr(ns)  Path(ns)    Netlist Resource(s)
  -------------------------------------------------------------------    -------------------
                         (clock sys_clk_pin rise edge)
                                                      0.000     0.000 r  
    W5                                                0.000     0.000 r  clock_in (IN)
                         net (fo=0)                   0.000     0.000    clock_in
    W5                   IBUF (Prop_ibuf_I_O)         0.226     0.226 r  clock_in_IBUF_inst/O
                         net (fo=1, routed)           0.631     0.858    clock_in_IBUF
    BUFGCTRL_X0Y0        BUFG (Prop_bufg_I_O)         0.026     0.884 r  clock_in_IBUF_BUFG_inst/O
                         net (fo=8720, routed)        0.561     1.444    top_module/FFT/xfft_0/<hidden>/<hidden>/<hidden>/<hidden>
    SLICE_X43Y11         FDRE                                         r  top_module/FFT/xfft_0/<hidden>/<hidden>/<hidden>/<hidden>
  -------------------------------------------------------------------    -------------------
    SLICE_X43Y11         FDRE (Prop_fdre_C_Q)         0.141     1.585 r  top_module/FFT/xfft_0/<hidden>/<hidden>/<hidden>/<hidden>
                         net (fo=1, routed)           0.259     1.844    fftc/m_axis_data_tdata[57]
    SLICE_X34Y11         FDRE                                         r  fftc/imag_latch_reg[25]/D
  -------------------------------------------------------------------    -------------------

                         (clock sys_clk_pin rise edge)
                                                      0.000     0.000 r  
    W5                                                0.000     0.000 r  clock_in (IN)
                         net (fo=0)                   0.000     0.000    clock_in
    W5                   IBUF (Prop_ibuf_I_O)         0.414     0.414 r  clock_in_IBUF_inst/O
                         net (fo=1, routed)           0.685     1.099    clock_in_IBUF
    BUFGCTRL_X0Y0        BUFG (Prop_bufg_I_O)         0.029     1.128 r  clock_in_IBUF_BUFG_inst/O
                         net (fo=8720, routed)        0.829     1.956    fftc/clock_in_IBUF_BUFG
    SLICE_X34Y11         FDRE                                         r  fftc/imag_latch_reg[25]/C
                         clock pessimism             -0.249     1.707    
    SLICE_X34Y11         FDRE (Hold_fdre_C_D)         0.087     1.794    fftc/imag_latch_reg[25]
  -------------------------------------------------------------------
                         required time                         -1.794    
                         arrival time                           1.844    
  -------------------------------------------------------------------
                         slack                                  0.050    

Slack (MET) :             0.055ns  (arrival time - required time)
  Source:                 compc/utt_din_reg[87]/C
                            (rising edge-triggered cell FDRE clocked by sys_clk_pin  {rise@0.000ns fall@5.000ns period=10.000ns})
  Destination:            compc/utterance_ram/U0/inst_blk_mem_gen/gnbram.gnativebmg.native_blk_mem_gen/valid.cstr/ramloop[1].ram.r/prim_noinit.ram/DEVICE_7SERIES.NO_BMM_INFO.SDP.WIDE_PRIM36_NO_ECC.ram/DIADI[17]
                            (rising edge-triggered cell RAMB36E1 clocked by sys_clk_pin  {rise@0.000ns fall@5.000ns period=10.000ns})
  Path Group:             sys_clk_pin
  Path Type:              Hold (Min at Fast Process Corner)
  Requirement:            0.000ns  (sys_clk_pin rise@0.000ns - sys_clk_pin rise@0.000ns)
  Data Path Delay:        0.375ns  (logic 0.128ns (34.109%)  route 0.247ns (65.891%))
  Logic Levels:           0  
  Clock Path Skew:        0.077ns (DCD - SCD - CPR)
    Destination Clock Delay (DCD):    1.999ns
    Source Clock Delay      (SCD):    1.443ns
    Clock Pessimism Removal (CPR):    0.478ns

    Location             Delay type                Incr(ns)  Path(ns)    Netlist Resource(s)
  -------------------------------------------------------------------    -------------------
                         (clock sys_clk_pin rise edge)
                                                      0.000     0.000 r  
    W5                                                0.000     0.000 r  clock_in (IN)
                         net (fo=0)                   0.000     0.000    clock_in
    W5                   IBUF (Prop_ibuf_I_O)         0.226     0.226 r  clock_in_IBUF_inst/O
                         net (fo=1, routed)           0.631     0.858    clock_in_IBUF
    BUFGCTRL_X0Y0        BUFG (Prop_bufg_I_O)         0.026     0.884 r  clock_in_IBUF_BUFG_inst/O
                         net (fo=8720, routed)        0.560     1.443    compc/clock_in_IBUF_BUFG
    SLICE_X13Y17         FDRE                                         r  compc/utt_din_reg[87]/C
  -------------------------------------------------------------------    -------------------
    SLICE_X13Y17         FDRE (Prop_fdre_C_Q)         0.128     1.571 r  compc/utt_din_reg[87]/Q
                         net (fo=1, routed)           0.247     1.818    compc/utterance_ram/U0/inst_blk_mem_gen/gnbram.gnativebmg.native_blk_mem_gen/valid.cstr/ramloop[1].ram.r/prim_noinit.ram/dina[15]
    RAMB36_X0Y3          RAMB36E1                                     r  compc/utterance_ram/U0/inst_blk_mem_gen/gnbram.gnativebmg.native_blk_mem_gen/valid.cstr/ramloop[1].ram.r/prim_noinit.ram/DEVICE_7SERIES.NO_BMM_INFO.SDP.WIDE_PRIM36_NO_ECC.ram/DIADI[17]
  -------------------------------------------------------------------    -------------------

                         (clock sys_clk_pin rise edge)
                                                      0.000     0.000 r  
    W5                                                0.000     0.000 r  clock_in (IN)
                         net (fo=0)                   0.000     0.000    clock_in
    W5                   IBUF (Prop_ibuf_I_O)         0.414     0.414 r  clock_in_IBUF_inst/O
                         net (fo=1, routed)           0.685     1.099    clock_in_IBUF
    BUFGCTRL_X0Y0        BUFG (Prop_bufg_I_O)         0.029     1.128 r  clock_in_IBUF_BUFG_inst/O
                         net (fo=8720, routed)        0.871     1.999    compc/utterance_ram/U0/inst_blk_mem_gen/gnbram.gnativebmg.native_blk_mem_gen/valid.cstr/ramloop[1].ram.r/prim_noinit.ram/clkb
    RAMB36_X0Y3          RAMB36E1                                     r  compc/utterance_ram/U0/inst_blk_mem_gen/gnbram.gnativebmg.native_blk_mem_gen/valid.cstr/ramloop[1].ram.r/prim_noinit.ram/DEVICE_7SERIES.NO_BMM_INFO.SDP.WIDE_PRIM36_NO_ECC.ram/CLKBWRCLK
                         clock pessimism             -0.478     1.521    
    RAMB36_X0Y3          RAMB36E1 (Hold_ramb36e1_CLKBWRCLK_DIADI[17])
                                                      0.243     1.764    compc/utterance_ram/U0/inst_blk_mem_gen/gnbram.gnativebmg.native_blk_mem_gen/valid.cstr/ramloop[1].ram.r/prim_noinit.ram/DEVICE_7SERIES.NO_BMM_INFO.SDP.WIDE_PRIM36_NO_ECC.ram
  -------------------------------------------------------------------
                         required time                         -1.764    
                         arrival time                           1.818    
  -------------------------------------------------------------------
                         slack                                  0.055    

Slack (MET) :             0.055ns  (arrival time - required time)
  Source:                 dctc/ram_data_reg[15]/C
                            (rising edge-triggered cell FDRE clocked by sys_clk_pin  {rise@0.000ns fall@5.000ns period=10.000ns})
  Destination:            dctc/ram_inst/U0/inst_blk_mem_gen/gnbram.gnativebmg.native_blk_mem_gen/valid.cstr/ramloop[0].ram.r/prim_noinit.ram/DEVICE_7SERIES.NO_BMM_INFO.SDP.WIDE_PRIM18.ram/DIBDI[11]
                            (rising edge-triggered cell RAMB18E1 clocked by sys_clk_pin  {rise@0.000ns fall@5.000ns period=10.000ns})
  Path Group:             sys_clk_pin
  Path Type:              Hold (Min at Fast Process Corner)
  Requirement:            0.000ns  (sys_clk_pin rise@0.000ns - sys_clk_pin rise@0.000ns)
  Data Path Delay:        0.373ns  (logic 0.148ns (39.689%)  route 0.225ns (60.311%))
  Logic Levels:           0  
  Clock Path Skew:        0.074ns (DCD - SCD - CPR)
    Destination Clock Delay (DCD):    1.997ns
    Source Clock Delay      (SCD):    1.444ns
    Clock Pessimism Removal (CPR):    0.478ns

    Location             Delay type                Incr(ns)  Path(ns)    Netlist Resource(s)
  -------------------------------------------------------------------    -------------------
                         (clock sys_clk_pin rise edge)
                                                      0.000     0.000 r  
    W5                                                0.000     0.000 r  clock_in (IN)
                         net (fo=0)                   0.000     0.000    clock_in
    W5                   IBUF (Prop_ibuf_I_O)         0.226     0.226 r  clock_in_IBUF_inst/O
                         net (fo=1, routed)           0.631     0.858    clock_in_IBUF
    BUFGCTRL_X0Y0        BUFG (Prop_bufg_I_O)         0.026     0.884 r  clock_in_IBUF_BUFG_inst/O
                         net (fo=8720, routed)        0.561     1.444    dctc/clock_in_IBUF_BUFG
    SLICE_X50Y33         FDRE                                         r  dctc/ram_data_reg[15]/C
  -------------------------------------------------------------------    -------------------
    SLICE_X50Y33         FDRE (Prop_fdre_C_Q)         0.148     1.592 r  dctc/ram_data_reg[15]/Q
                         net (fo=1, routed)           0.225     1.817    dctc/ram_inst/U0/inst_blk_mem_gen/gnbram.gnativebmg.native_blk_mem_gen/valid.cstr/ramloop[0].ram.r/prim_noinit.ram/dina[15]
    RAMB18_X1Y12         RAMB18E1                                     r  dctc/ram_inst/U0/inst_blk_mem_gen/gnbram.gnativebmg.native_blk_mem_gen/valid.cstr/ramloop[0].ram.r/prim_noinit.ram/DEVICE_7SERIES.NO_BMM_INFO.SDP.WIDE_PRIM18.ram/DIBDI[11]
  -------------------------------------------------------------------    -------------------

                         (clock sys_clk_pin rise edge)
                                                      0.000     0.000 r  
    W5                                                0.000     0.000 r  clock_in (IN)
                         net (fo=0)                   0.000     0.000    clock_in
    W5                   IBUF (Prop_ibuf_I_O)         0.414     0.414 r  clock_in_IBUF_inst/O
                         net (fo=1, routed)           0.685     1.099    clock_in_IBUF
    BUFGCTRL_X0Y0        BUFG (Prop_bufg_I_O)         0.029     1.128 r  clock_in_IBUF_BUFG_inst/O
                         net (fo=8720, routed)        0.869     1.997    dctc/ram_inst/U0/inst_blk_mem_gen/gnbram.gnativebmg.native_blk_mem_gen/valid.cstr/ramloop[0].ram.r/prim_noinit.ram/clka
    RAMB18_X1Y12         RAMB18E1                                     r  dctc/ram_inst/U0/inst_blk_mem_gen/gnbram.gnativebmg.native_blk_mem_gen/valid.cstr/ramloop[0].ram.r/prim_noinit.ram/DEVICE_7SERIES.NO_BMM_INFO.SDP.WIDE_PRIM18.ram/CLKBWRCLK
                         clock pessimism             -0.478     1.519    
    RAMB18_X1Y12         RAMB18E1 (Hold_ramb18e1_CLKBWRCLK_DIBDI[11])
                                                      0.243     1.762    dctc/ram_inst/U0/inst_blk_mem_gen/gnbram.gnativebmg.native_blk_mem_gen/valid.cstr/ramloop[0].ram.r/prim_noinit.ram/DEVICE_7SERIES.NO_BMM_INFO.SDP.WIDE_PRIM18.ram
  -------------------------------------------------------------------
                         required time                         -1.762    
                         arrival time                           1.817    
  -------------------------------------------------------------------
                         slack                                  0.055    

Slack (MET) :             0.057ns  (arrival time - required time)
  Source:                 compc/utt_din_reg[66]/C
                            (rising edge-triggered cell FDRE clocked by sys_clk_pin  {rise@0.000ns fall@5.000ns period=10.000ns})
  Destination:            compc/utterance_ram/U0/inst_blk_mem_gen/gnbram.gnativebmg.native_blk_mem_gen/valid.cstr/ramloop[0].ram.r/prim_noinit.ram/DEVICE_7SERIES.NO_BMM_INFO.SDP.WIDE_PRIM36_NO_ECC.ram/DIBDI[27]
                            (rising edge-triggered cell RAMB36E1 clocked by sys_clk_pin  {rise@0.000ns fall@5.000ns period=10.000ns})
  Path Group:             sys_clk_pin
  Path Type:              Hold (Min at Fast Process Corner)
  Requirement:            0.000ns  (sys_clk_pin rise@0.000ns - sys_clk_pin rise@0.000ns)
  Data Path Delay:        0.433ns  (logic 0.164ns (37.917%)  route 0.269ns (62.083%))
  Logic Levels:           0  
  Clock Path Skew:        0.079ns (DCD - SCD - CPR)
    Destination Clock Delay (DCD):    2.007ns
    Source Clock Delay      (SCD):    1.449ns
    Clock Pessimism Removal (CPR):    0.478ns

    Location             Delay type                Incr(ns)  Path(ns)    Netlist Resource(s)
  -------------------------------------------------------------------    -------------------
                         (clock sys_clk_pin rise edge)
                                                      0.000     0.000 r  
    W5                                                0.000     0.000 r  clock_in (IN)
                         net (fo=0)                   0.000     0.000    clock_in
    W5                   IBUF (Prop_ibuf_I_O)         0.226     0.226 r  clock_in_IBUF_inst/O
                         net (fo=1, routed)           0.631     0.858    clock_in_IBUF
    BUFGCTRL_X0Y0        BUFG (Prop_bufg_I_O)         0.026     0.884 r  clock_in_IBUF_BUFG_inst/O
                         net (fo=8720, routed)        0.566     1.449    compc/clock_in_IBUF_BUFG
    SLICE_X12Y6          FDRE                                         r  compc/utt_din_reg[66]/C
  -------------------------------------------------------------------    -------------------
    SLICE_X12Y6          FDRE (Prop_fdre_C_Q)         0.164     1.613 r  compc/utt_din_reg[66]/Q
                         net (fo=1, routed)           0.269     1.882    compc/utterance_ram/U0/inst_blk_mem_gen/gnbram.gnativebmg.native_blk_mem_gen/valid.cstr/ramloop[0].ram.r/prim_noinit.ram/dina[66]
    RAMB36_X0Y0          RAMB36E1                                     r  compc/utterance_ram/U0/inst_blk_mem_gen/gnbram.gnativebmg.native_blk_mem_gen/valid.cstr/ramloop[0].ram.r/prim_noinit.ram/DEVICE_7SERIES.NO_BMM_INFO.SDP.WIDE_PRIM36_NO_ECC.ram/DIBDI[27]
  -------------------------------------------------------------------    -------------------

                         (clock sys_clk_pin rise edge)
                                                      0.000     0.000 r  
    W5                                                0.000     0.000 r  clock_in (IN)
                         net (fo=0)                   0.000     0.000    clock_in
    W5                   IBUF (Prop_ibuf_I_O)         0.414     0.414 r  clock_in_IBUF_inst/O
                         net (fo=1, routed)           0.685     1.099    clock_in_IBUF
    BUFGCTRL_X0Y0        BUFG (Prop_bufg_I_O)         0.029     1.128 r  clock_in_IBUF_BUFG_inst/O
                         net (fo=8720, routed)        0.879     2.007    compc/utterance_ram/U0/inst_blk_mem_gen/gnbram.gnativebmg.native_blk_mem_gen/valid.cstr/ramloop[0].ram.r/prim_noinit.ram/clkb
    RAMB36_X0Y0          RAMB36E1                                     r  compc/utterance_ram/U0/inst_blk_mem_gen/gnbram.gnativebmg.native_blk_mem_gen/valid.cstr/ramloop[0].ram.r/prim_noinit.ram/DEVICE_7SERIES.NO_BMM_INFO.SDP.WIDE_PRIM36_NO_ECC.ram/CLKBWRCLK
                         clock pessimism             -0.478     1.529    
    RAMB36_X0Y0          RAMB36E1 (Hold_ramb36e1_CLKBWRCLK_DIBDI[27])
                                                      0.296     1.825    compc/utterance_ram/U0/inst_blk_mem_gen/gnbram.gnativebmg.native_blk_mem_gen/valid.cstr/ramloop[0].ram.r/prim_noinit.ram/DEVICE_7SERIES.NO_BMM_INFO.SDP.WIDE_PRIM36_NO_ECC.ram
  -------------------------------------------------------------------
                         required time                         -1.825    
                         arrival time                           1.882    
  -------------------------------------------------------------------
                         slack                                  0.057    

Slack (MET) :             0.058ns  (arrival time - required time)
  Source:                 melc/ram_data_in_reg[14]/C
                            (rising edge-triggered cell FDRE clocked by sys_clk_pin  {rise@0.000ns fall@5.000ns period=10.000ns})
  Destination:            melc/mel_ram/U0/inst_blk_mem_gen/gnbram.gnativebmg.native_blk_mem_gen/valid.cstr/ramloop[0].ram.r/prim_noinit.ram/DEVICE_7SERIES.NO_BMM_INFO.SDP.WIDE_PRIM18.ram/DIADI[14]
                            (rising edge-triggered cell RAMB18E1 clocked by sys_clk_pin  {rise@0.000ns fall@5.000ns period=10.000ns})
  Path Group:             sys_clk_pin
  Path Type:              Hold (Min at Fast Process Corner)
  Requirement:            0.000ns  (sys_clk_pin rise@0.000ns - sys_clk_pin rise@0.000ns)
  Data Path Delay:        0.433ns  (logic 0.164ns (37.908%)  route 0.269ns (62.092%))
  Logic Levels:           0  
  Clock Path Skew:        0.078ns (DCD - SCD - CPR)
    Destination Clock Delay (DCD):    1.997ns
    Source Clock Delay      (SCD):    1.440ns
    Clock Pessimism Removal (CPR):    0.478ns

    Location             Delay type                Incr(ns)  Path(ns)    Netlist Resource(s)
  -------------------------------------------------------------------    -------------------
                         (clock sys_clk_pin rise edge)
                                                      0.000     0.000 r  
    W5                                                0.000     0.000 r  clock_in (IN)
                         net (fo=0)                   0.000     0.000    clock_in
    W5                   IBUF (Prop_ibuf_I_O)         0.226     0.226 r  clock_in_IBUF_inst/O
                         net (fo=1, routed)           0.631     0.858    clock_in_IBUF
    BUFGCTRL_X0Y0        BUFG (Prop_bufg_I_O)         0.026     0.884 r  clock_in_IBUF_BUFG_inst/O
                         net (fo=8720, routed)        0.557     1.440    melc/clock_in_IBUF_BUFG
    SLICE_X50Y29         FDRE                                         r  melc/ram_data_in_reg[14]/C
  -------------------------------------------------------------------    -------------------
    SLICE_X50Y29         FDRE (Prop_fdre_C_Q)         0.164     1.604 r  melc/ram_data_in_reg[14]/Q
                         net (fo=1, routed)           0.269     1.873    melc/mel_ram/U0/inst_blk_mem_gen/gnbram.gnativebmg.native_blk_mem_gen/valid.cstr/ramloop[0].ram.r/prim_noinit.ram/dina[14]
    RAMB18_X1Y13         RAMB18E1                                     r  melc/mel_ram/U0/inst_blk_mem_gen/gnbram.gnativebmg.native_blk_mem_gen/valid.cstr/ramloop[0].ram.r/prim_noinit.ram/DEVICE_7SERIES.NO_BMM_INFO.SDP.WIDE_PRIM18.ram/DIADI[14]
  -------------------------------------------------------------------    -------------------

                         (clock sys_clk_pin rise edge)
                                                      0.000     0.000 r  
    W5                                                0.000     0.000 r  clock_in (IN)
                         net (fo=0)                   0.000     0.000    clock_in
    W5                   IBUF (Prop_ibuf_I_O)         0.414     0.414 r  clock_in_IBUF_inst/O
                         net (fo=1, routed)           0.685     1.099    clock_in_IBUF
    BUFGCTRL_X0Y0        BUFG (Prop_bufg_I_O)         0.029     1.128 r  clock_in_IBUF_BUFG_inst/O
                         net (fo=8720, routed)        0.869     1.997    melc/mel_ram/U0/inst_blk_mem_gen/gnbram.gnativebmg.native_blk_mem_gen/valid.cstr/ramloop[0].ram.r/prim_noinit.ram/clka
    RAMB18_X1Y13         RAMB18E1                                     r  melc/mel_ram/U0/inst_blk_mem_gen/gnbram.gnativebmg.native_blk_mem_gen/valid.cstr/ramloop[0].ram.r/prim_noinit.ram/DEVICE_7SERIES.NO_BMM_INFO.SDP.WIDE_PRIM18.ram/CLKBWRCLK
                         clock pessimism             -0.478     1.519    
    RAMB18_X1Y13         RAMB18E1 (Hold_ramb18e1_CLKBWRCLK_DIADI[14])
                                                      0.296     1.815    melc/mel_ram/U0/inst_blk_mem_gen/gnbram.gnativebmg.native_blk_mem_gen/valid.cstr/ramloop[0].ram.r/prim_noinit.ram/DEVICE_7SERIES.NO_BMM_INFO.SDP.WIDE_PRIM18.ram
  -------------------------------------------------------------------
                         required time                         -1.815    
                         arrival time                           1.873    
  -------------------------------------------------------------------
                         slack                                  0.058    

Slack (MET) :             0.059ns  (arrival time - required time)
  Source:                 compc/utt_din_reg[98]/C
                            (rising edge-triggered cell FDRE clocked by sys_clk_pin  {rise@0.000ns fall@5.000ns period=10.000ns})
  Destination:            compc/utterance_ram/U0/inst_blk_mem_gen/gnbram.gnativebmg.native_blk_mem_gen/valid.cstr/ramloop[1].ram.r/prim_noinit.ram/DEVICE_7SERIES.NO_BMM_INFO.SDP.WIDE_PRIM36_NO_ECC.ram/DIADI[29]
                            (rising edge-triggered cell RAMB36E1 clocked by sys_clk_pin  {rise@0.000ns fall@5.000ns period=10.000ns})
  Path Group:             sys_clk_pin
  Path Type:              Hold (Min at Fast Process Corner)
  Requirement:            0.000ns  (sys_clk_pin rise@0.000ns - sys_clk_pin rise@0.000ns)
  Data Path Delay:        0.379ns  (logic 0.148ns (39.072%)  route 0.231ns (60.928%))
  Logic Levels:           0  
  Clock Path Skew:        0.076ns (DCD - SCD - CPR)
    Destination Clock Delay (DCD):    1.999ns
    Source Clock Delay      (SCD):    1.444ns
    Clock Pessimism Removal (CPR):    0.478ns

    Location             Delay type                Incr(ns)  Path(ns)    Netlist Resource(s)
  -------------------------------------------------------------------    -------------------
                         (clock sys_clk_pin rise edge)
                                                      0.000     0.000 r  
    W5                                                0.000     0.000 r  clock_in (IN)
                         net (fo=0)                   0.000     0.000    clock_in
    W5                   IBUF (Prop_ibuf_I_O)         0.226     0.226 r  clock_in_IBUF_inst/O
                         net (fo=1, routed)           0.631     0.858    clock_in_IBUF
    BUFGCTRL_X0Y0        BUFG (Prop_bufg_I_O)         0.026     0.884 r  clock_in_IBUF_BUFG_inst/O
                         net (fo=8720, routed)        0.561     1.444    compc/clock_in_IBUF_BUFG
    SLICE_X10Y16         FDRE                                         r  compc/utt_din_reg[98]/C
  -------------------------------------------------------------------    -------------------
    SLICE_X10Y16         FDRE (Prop_fdre_C_Q)         0.148     1.592 r  compc/utt_din_reg[98]/Q
                         net (fo=1, routed)           0.231     1.823    compc/utterance_ram/U0/inst_blk_mem_gen/gnbram.gnativebmg.native_blk_mem_gen/valid.cstr/ramloop[1].ram.r/prim_noinit.ram/dina[26]
    RAMB36_X0Y3          RAMB36E1                                     r  compc/utterance_ram/U0/inst_blk_mem_gen/gnbram.gnativebmg.native_blk_mem_gen/valid.cstr/ramloop[1].ram.r/prim_noinit.ram/DEVICE_7SERIES.NO_BMM_INFO.SDP.WIDE_PRIM36_NO_ECC.ram/DIADI[29]
  -------------------------------------------------------------------    -------------------

                         (clock sys_clk_pin rise edge)
                                                      0.000     0.000 r  
    W5                                                0.000     0.000 r  clock_in (IN)
                         net (fo=0)                   0.000     0.000    clock_in
    W5                   IBUF (Prop_ibuf_I_O)         0.414     0.414 r  clock_in_IBUF_inst/O
                         net (fo=1, routed)           0.685     1.099    clock_in_IBUF
    BUFGCTRL_X0Y0        BUFG (Prop_bufg_I_O)         0.029     1.128 r  clock_in_IBUF_BUFG_inst/O
                         net (fo=8720, routed)        0.871     1.999    compc/utterance_ram/U0/inst_blk_mem_gen/gnbram.gnativebmg.native_blk_mem_gen/valid.cstr/ramloop[1].ram.r/prim_noinit.ram/clkb
    RAMB36_X0Y3          RAMB36E1                                     r  compc/utterance_ram/U0/inst_blk_mem_gen/gnbram.gnativebmg.native_blk_mem_gen/valid.cstr/ramloop[1].ram.r/prim_noinit.ram/DEVICE_7SERIES.NO_BMM_INFO.SDP.WIDE_PRIM36_NO_ECC.ram/CLKBWRCLK
                         clock pessimism             -0.478     1.521    
    RAMB36_X0Y3          RAMB36E1 (Hold_ramb36e1_CLKBWRCLK_DIADI[29])
                                                      0.243     1.764    compc/utterance_ram/U0/inst_blk_mem_gen/gnbram.gnativebmg.native_blk_mem_gen/valid.cstr/ramloop[1].ram.r/prim_noinit.ram/DEVICE_7SERIES.NO_BMM_INFO.SDP.WIDE_PRIM36_NO_ECC.ram
  -------------------------------------------------------------------
                         required time                         -1.764    
                         arrival time                           1.823    
  -------------------------------------------------------------------
                         slack                                  0.059    

Slack (MET) :             0.068ns  (arrival time - required time)
  Source:                 top_module/FFT/xfft_0/<hidden>/<hidden>/<hidden>/<hidden>
                            (rising edge-triggered cell FDRE clocked by sys_clk_pin  {rise@0.000ns fall@5.000ns period=10.000ns})
  Destination:            fftc/real_latch_reg[10]/D
                            (rising edge-triggered cell FDRE clocked by sys_clk_pin  {rise@0.000ns fall@5.000ns period=10.000ns})
  Path Group:             sys_clk_pin
  Path Type:              Hold (Min at Fast Process Corner)
  Requirement:            0.000ns  (sys_clk_pin rise@0.000ns - sys_clk_pin rise@0.000ns)
  Data Path Delay:        0.398ns  (logic 0.164ns (41.178%)  route 0.234ns (58.822%))
  Logic Levels:           0  
  Clock Path Skew:        0.260ns (DCD - SCD - CPR)
    Destination Clock Delay (DCD):    1.953ns
    Source Clock Delay      (SCD):    1.444ns
    Clock Pessimism Removal (CPR):    0.249ns

    Location             Delay type                Incr(ns)  Path(ns)    Netlist Resource(s)
  -------------------------------------------------------------------    -------------------
                         (clock sys_clk_pin rise edge)
                                                      0.000     0.000 r  
    W5                                                0.000     0.000 r  clock_in (IN)
                         net (fo=0)                   0.000     0.000    clock_in
    W5                   IBUF (Prop_ibuf_I_O)         0.226     0.226 r  clock_in_IBUF_inst/O
                         net (fo=1, routed)           0.631     0.858    clock_in_IBUF
    BUFGCTRL_X0Y0        BUFG (Prop_bufg_I_O)         0.026     0.884 r  clock_in_IBUF_BUFG_inst/O
                         net (fo=8720, routed)        0.561     1.444    top_module/FFT/xfft_0/<hidden>/<hidden>/<hidden>/<hidden>
    SLICE_X42Y11         FDRE                                         r  top_module/FFT/xfft_0/<hidden>/<hidden>/<hidden>/<hidden>
  -------------------------------------------------------------------    -------------------
    SLICE_X42Y11         FDRE (Prop_fdre_C_Q)         0.164     1.608 r  top_module/FFT/xfft_0/<hidden>/<hidden>/<hidden>/<hidden>
                         net (fo=1, routed)           0.234     1.842    fftc/m_axis_data_tdata[10]
    SLICE_X35Y14         FDRE                                         r  fftc/real_latch_reg[10]/D
  -------------------------------------------------------------------    -------------------

                         (clock sys_clk_pin rise edge)
                                                      0.000     0.000 r  
    W5                                                0.000     0.000 r  clock_in (IN)
                         net (fo=0)                   0.000     0.000    clock_in
    W5                   IBUF (Prop_ibuf_I_O)         0.414     0.414 r  clock_in_IBUF_inst/O
                         net (fo=1, routed)           0.685     1.099    clock_in_IBUF
    BUFGCTRL_X0Y0        BUFG (Prop_bufg_I_O)         0.029     1.128 r  clock_in_IBUF_BUFG_inst/O
                         net (fo=8720, routed)        0.826     1.953    fftc/clock_in_IBUF_BUFG
    SLICE_X35Y14         FDRE                                         r  fftc/real_latch_reg[10]/C
                         clock pessimism             -0.249     1.704    
    SLICE_X35Y14         FDRE (Hold_fdre_C_D)         0.070     1.774    fftc/real_latch_reg[10]
  -------------------------------------------------------------------
                         required time                         -1.774    
                         arrival time                           1.842    
  -------------------------------------------------------------------
                         slack                                  0.068    

Slack (MET) :             0.068ns  (arrival time - required time)
  Source:                 top_module/FFT/xfft_0/<hidden>/<hidden>/<hidden>/<hidden>
                            (rising edge-triggered cell FDRE clocked by sys_clk_pin  {rise@0.000ns fall@5.000ns period=10.000ns})
  Destination:            fftc/real_latch_reg[23]/D
                            (rising edge-triggered cell FDRE clocked by sys_clk_pin  {rise@0.000ns fall@5.000ns period=10.000ns})
  Path Group:             sys_clk_pin
  Path Type:              Hold (Min at Fast Process Corner)
  Requirement:            0.000ns  (sys_clk_pin rise@0.000ns - sys_clk_pin rise@0.000ns)
  Data Path Delay:        0.400ns  (logic 0.141ns (35.224%)  route 0.259ns (64.776%))
  Logic Levels:           0  
  Clock Path Skew:        0.262ns (DCD - SCD - CPR)
    Destination Clock Delay (DCD):    1.953ns
    Source Clock Delay      (SCD):    1.442ns
    Clock Pessimism Removal (CPR):    0.249ns

    Location             Delay type                Incr(ns)  Path(ns)    Netlist Resource(s)
  -------------------------------------------------------------------    -------------------
                         (clock sys_clk_pin rise edge)
                                                      0.000     0.000 r  
    W5                                                0.000     0.000 r  clock_in (IN)
                         net (fo=0)                   0.000     0.000    clock_in
    W5                   IBUF (Prop_ibuf_I_O)         0.226     0.226 r  clock_in_IBUF_inst/O
                         net (fo=1, routed)           0.631     0.858    clock_in_IBUF
    BUFGCTRL_X0Y0        BUFG (Prop_bufg_I_O)         0.026     0.884 r  clock_in_IBUF_BUFG_inst/O
                         net (fo=8720, routed)        0.559     1.442    top_module/FFT/xfft_0/<hidden>/<hidden>/<hidden>/<hidden>
    SLICE_X36Y13         FDRE                                         r  top_module/FFT/xfft_0/<hidden>/<hidden>/<hidden>/<hidden>
  -------------------------------------------------------------------    -------------------
    SLICE_X36Y13         FDRE (Prop_fdre_C_Q)         0.141     1.583 r  top_module/FFT/xfft_0/<hidden>/<hidden>/<hidden>/<hidden>
                         net (fo=1, routed)           0.259     1.842    fftc/m_axis_data_tdata[23]
    SLICE_X32Y15         FDRE                                         r  fftc/real_latch_reg[23]/D
  -------------------------------------------------------------------    -------------------

                         (clock sys_clk_pin rise edge)
                                                      0.000     0.000 r  
    W5                                                0.000     0.000 r  clock_in (IN)
                         net (fo=0)                   0.000     0.000    clock_in
    W5                   IBUF (Prop_ibuf_I_O)         0.414     0.414 r  clock_in_IBUF_inst/O
                         net (fo=1, routed)           0.685     1.099    clock_in_IBUF
    BUFGCTRL_X0Y0        BUFG (Prop_bufg_I_O)         0.029     1.128 r  clock_in_IBUF_BUFG_inst/O
                         net (fo=8720, routed)        0.826     1.953    fftc/clock_in_IBUF_BUFG
    SLICE_X32Y15         FDRE                                         r  fftc/real_latch_reg[23]/C
                         clock pessimism             -0.249     1.704    
    SLICE_X32Y15         FDRE (Hold_fdre_C_D)         0.070     1.774    fftc/real_latch_reg[23]
  -------------------------------------------------------------------
                         required time                         -1.774    
                         arrival time                           1.842    
  -------------------------------------------------------------------
                         slack                                  0.068    

Slack (MET) :             0.070ns  (arrival time - required time)
  Source:                 logmelc/ram_data_reg[8]/C
                            (rising edge-triggered cell FDRE clocked by sys_clk_pin  {rise@0.000ns fall@5.000ns period=10.000ns})
  Destination:            logmelc/logmel_ram/U0/inst_blk_mem_gen/gnbram.gnativebmg.native_blk_mem_gen/valid.cstr/ramloop[0].ram.r/prim_noinit.ram/DEVICE_7SERIES.NO_BMM_INFO.SDP.WIDE_PRIM18.ram/DIADI[8]
                            (rising edge-triggered cell RAMB18E1 clocked by sys_clk_pin  {rise@0.000ns fall@5.000ns period=10.000ns})
  Path Group:             sys_clk_pin
  Path Type:              Hold (Min at Fast Process Corner)
  Requirement:            0.000ns  (sys_clk_pin rise@0.000ns - sys_clk_pin rise@0.000ns)
  Data Path Delay:        0.443ns  (logic 0.164ns (36.989%)  route 0.279ns (63.011%))
  Logic Levels:           0  
  Clock Path Skew:        0.077ns (DCD - SCD - CPR)
    Destination Clock Delay (DCD):    1.994ns
    Source Clock Delay      (SCD):    1.438ns
    Clock Pessimism Removal (CPR):    0.478ns

    Location             Delay type                Incr(ns)  Path(ns)    Netlist Resource(s)
  -------------------------------------------------------------------    -------------------
                         (clock sys_clk_pin rise edge)
                                                      0.000     0.000 r  
    W5                                                0.000     0.000 r  clock_in (IN)
                         net (fo=0)                   0.000     0.000    clock_in
    W5                   IBUF (Prop_ibuf_I_O)         0.226     0.226 r  clock_in_IBUF_inst/O
                         net (fo=1, routed)           0.631     0.858    clock_in_IBUF
    BUFGCTRL_X0Y0        BUFG (Prop_bufg_I_O)         0.026     0.884 r  clock_in_IBUF_BUFG_inst/O
                         net (fo=8720, routed)        0.555     1.438    logmelc/clock_in_IBUF_BUFG
    SLICE_X56Y25         FDRE                                         r  logmelc/ram_data_reg[8]/C
  -------------------------------------------------------------------    -------------------
    SLICE_X56Y25         FDRE (Prop_fdre_C_Q)         0.164     1.602 r  logmelc/ram_data_reg[8]/Q
                         net (fo=1, routed)           0.279     1.881    logmelc/logmel_ram/U0/inst_blk_mem_gen/gnbram.gnativebmg.native_blk_mem_gen/valid.cstr/ramloop[0].ram.r/prim_noinit.ram/dina[8]
    RAMB18_X1Y9          RAMB18E1                                     r  logmelc/logmel_ram/U0/inst_blk_mem_gen/gnbram.gnativebmg.native_blk_mem_gen/valid.cstr/ramloop[0].ram.r/prim_noinit.ram/DEVICE_7SERIES.NO_BMM_INFO.SDP.WIDE_PRIM18.ram/DIADI[8]
  -------------------------------------------------------------------    -------------------

                         (clock sys_clk_pin rise edge)
                                                      0.000     0.000 r  
    W5                                                0.000     0.000 r  clock_in (IN)
                         net (fo=0)                   0.000     0.000    clock_in
    W5                   IBUF (Prop_ibuf_I_O)         0.414     0.414 r  clock_in_IBUF_inst/O
                         net (fo=1, routed)           0.685     1.099    clock_in_IBUF
    BUFGCTRL_X0Y0        BUFG (Prop_bufg_I_O)         0.029     1.128 r  clock_in_IBUF_BUFG_inst/O
                         net (fo=8720, routed)        0.866     1.994    logmelc/logmel_ram/U0/inst_blk_mem_gen/gnbram.gnativebmg.native_blk_mem_gen/valid.cstr/ramloop[0].ram.r/prim_noinit.ram/clka
    RAMB18_X1Y9          RAMB18E1                                     r  logmelc/logmel_ram/U0/inst_blk_mem_gen/gnbram.gnativebmg.native_blk_mem_gen/valid.cstr/ramloop[0].ram.r/prim_noinit.ram/DEVICE_7SERIES.NO_BMM_INFO.SDP.WIDE_PRIM18.ram/CLKBWRCLK
                         clock pessimism             -0.478     1.516    
    RAMB18_X1Y9          RAMB18E1 (Hold_ramb18e1_CLKBWRCLK_DIADI[8])
                                                      0.296     1.812    logmelc/logmel_ram/U0/inst_blk_mem_gen/gnbram.gnativebmg.native_blk_mem_gen/valid.cstr/ramloop[0].ram.r/prim_noinit.ram/DEVICE_7SERIES.NO_BMM_INFO.SDP.WIDE_PRIM18.ram
  -------------------------------------------------------------------
                         required time                         -1.812    
                         arrival time                           1.881    
  -------------------------------------------------------------------
                         slack                                  0.070    

Slack (MET) :             0.072ns  (arrival time - required time)
  Source:                 dctc/ram_data_reg[5]/C
                            (rising edge-triggered cell FDRE clocked by sys_clk_pin  {rise@0.000ns fall@5.000ns period=10.000ns})
  Destination:            dctc/ram_inst/U0/inst_blk_mem_gen/gnbram.gnativebmg.native_blk_mem_gen/valid.cstr/ramloop[0].ram.r/prim_noinit.ram/DEVICE_7SERIES.NO_BMM_INFO.SDP.WIDE_PRIM18.ram/DIADI[9]
                            (rising edge-triggered cell RAMB18E1 clocked by sys_clk_pin  {rise@0.000ns fall@5.000ns period=10.000ns})
  Path Group:             sys_clk_pin
  Path Type:              Hold (Min at Fast Process Corner)
  Requirement:            0.000ns  (sys_clk_pin rise@0.000ns - sys_clk_pin rise@0.000ns)
  Data Path Delay:        0.391ns  (logic 0.148ns (37.870%)  route 0.243ns (62.130%))
  Logic Levels:           0  
  Clock Path Skew:        0.076ns (DCD - SCD - CPR)
    Destination Clock Delay (DCD):    1.997ns
    Source Clock Delay      (SCD):    1.442ns
    Clock Pessimism Removal (CPR):    0.478ns

    Location             Delay type                Incr(ns)  Path(ns)    Netlist Resource(s)
  -------------------------------------------------------------------    -------------------
                         (clock sys_clk_pin rise edge)
                                                      0.000     0.000 r  
    W5                                                0.000     0.000 r  clock_in (IN)
                         net (fo=0)                   0.000     0.000    clock_in
    W5                   IBUF (Prop_ibuf_I_O)         0.226     0.226 r  clock_in_IBUF_inst/O
                         net (fo=1, routed)           0.631     0.858    clock_in_IBUF
    BUFGCTRL_X0Y0        BUFG (Prop_bufg_I_O)         0.026     0.884 r  clock_in_IBUF_BUFG_inst/O
                         net (fo=8720, routed)        0.559     1.442    dctc/clock_in_IBUF_BUFG
    SLICE_X50Y31         FDRE                                         r  dctc/ram_data_reg[5]/C
  -------------------------------------------------------------------    -------------------
    SLICE_X50Y31         FDRE (Prop_fdre_C_Q)         0.148     1.590 r  dctc/ram_data_reg[5]/Q
                         net (fo=1, routed)           0.243     1.833    dctc/ram_inst/U0/inst_blk_mem_gen/gnbram.gnativebmg.native_blk_mem_gen/valid.cstr/ramloop[0].ram.r/prim_noinit.ram/dina[5]
    RAMB18_X1Y12         RAMB18E1                                     r  dctc/ram_inst/U0/inst_blk_mem_gen/gnbram.gnativebmg.native_blk_mem_gen/valid.cstr/ramloop[0].ram.r/prim_noinit.ram/DEVICE_7SERIES.NO_BMM_INFO.SDP.WIDE_PRIM18.ram/DIADI[9]
  -------------------------------------------------------------------    -------------------

                         (clock sys_clk_pin rise edge)
                                                      0.000     0.000 r  
    W5                                                0.000     0.000 r  clock_in (IN)
                         net (fo=0)                   0.000     0.000    clock_in
    W5                   IBUF (Prop_ibuf_I_O)         0.414     0.414 r  clock_in_IBUF_inst/O
                         net (fo=1, routed)           0.685     1.099    clock_in_IBUF
    BUFGCTRL_X0Y0        BUFG (Prop_bufg_I_O)         0.029     1.128 r  clock_in_IBUF_BUFG_inst/O
                         net (fo=8720, routed)        0.869     1.997    dctc/ram_inst/U0/inst_blk_mem_gen/gnbram.gnativebmg.native_blk_mem_gen/valid.cstr/ramloop[0].ram.r/prim_noinit.ram/clka
    RAMB18_X1Y12         RAMB18E1                                     r  dctc/ram_inst/U0/inst_blk_mem_gen/gnbram.gnativebmg.native_blk_mem_gen/valid.cstr/ramloop[0].ram.r/prim_noinit.ram/DEVICE_7SERIES.NO_BMM_INFO.SDP.WIDE_PRIM18.ram/CLKBWRCLK
                         clock pessimism             -0.478     1.519    
    RAMB18_X1Y12         RAMB18E1 (Hold_ramb18e1_CLKBWRCLK_DIADI[9])
                                                      0.242     1.761    dctc/ram_inst/U0/inst_blk_mem_gen/gnbram.gnativebmg.native_blk_mem_gen/valid.cstr/ramloop[0].ram.r/prim_noinit.ram/DEVICE_7SERIES.NO_BMM_INFO.SDP.WIDE_PRIM18.ram
  -------------------------------------------------------------------
                         required time                         -1.761    
                         arrival time                           1.833    
  -------------------------------------------------------------------
                         slack                                  0.072    

Slack (MET) :             0.075ns  (arrival time - required time)
  Source:                 compc/utt_din_reg[26]/C
                            (rising edge-triggered cell FDRE clocked by sys_clk_pin  {rise@0.000ns fall@5.000ns period=10.000ns})
  Destination:            compc/utterance_ram/U0/inst_blk_mem_gen/gnbram.gnativebmg.native_blk_mem_gen/valid.cstr/ramloop[0].ram.r/prim_noinit.ram/DEVICE_7SERIES.NO_BMM_INFO.SDP.WIDE_PRIM36_NO_ECC.ram/DIPADIP[2]
                            (rising edge-triggered cell RAMB36E1 clocked by sys_clk_pin  {rise@0.000ns fall@5.000ns period=10.000ns})
  Path Group:             sys_clk_pin
  Path Type:              Hold (Min at Fast Process Corner)
  Requirement:            0.000ns  (sys_clk_pin rise@0.000ns - sys_clk_pin rise@0.000ns)
  Data Path Delay:        0.449ns  (logic 0.164ns (36.518%)  route 0.285ns (63.482%))
  Logic Levels:           0  
  Clock Path Skew:        0.078ns (DCD - SCD - CPR)
    Destination Clock Delay (DCD):    2.007ns
    Source Clock Delay      (SCD):    1.450ns
    Clock Pessimism Removal (CPR):    0.478ns

    Location             Delay type                Incr(ns)  Path(ns)    Netlist Resource(s)
  -------------------------------------------------------------------    -------------------
                         (clock sys_clk_pin rise edge)
                                                      0.000     0.000 r  
    W5                                                0.000     0.000 r  clock_in (IN)
                         net (fo=0)                   0.000     0.000    clock_in
    W5                   IBUF (Prop_ibuf_I_O)         0.226     0.226 r  clock_in_IBUF_inst/O
                         net (fo=1, routed)           0.631     0.858    clock_in_IBUF
    BUFGCTRL_X0Y0        BUFG (Prop_bufg_I_O)         0.026     0.884 r  clock_in_IBUF_BUFG_inst/O
                         net (fo=8720, routed)        0.567     1.450    compc/clock_in_IBUF_BUFG
    SLICE_X14Y1          FDRE                                         r  compc/utt_din_reg[26]/C
  -------------------------------------------------------------------    -------------------
    SLICE_X14Y1          FDRE (Prop_fdre_C_Q)         0.164     1.614 r  compc/utt_din_reg[26]/Q
                         net (fo=1, routed)           0.285     1.899    compc/utterance_ram/U0/inst_blk_mem_gen/gnbram.gnativebmg.native_blk_mem_gen/valid.cstr/ramloop[0].ram.r/prim_noinit.ram/dina[26]
    RAMB36_X0Y0          RAMB36E1                                     r  compc/utterance_ram/U0/inst_blk_mem_gen/gnbram.gnativebmg.native_blk_mem_gen/valid.cstr/ramloop[0].ram.r/prim_noinit.ram/DEVICE_7SERIES.NO_BMM_INFO.SDP.WIDE_PRIM36_NO_ECC.ram/DIPADIP[2]
  -------------------------------------------------------------------    -------------------

                         (clock sys_clk_pin rise edge)
                                                      0.000     0.000 r  
    W5                                                0.000     0.000 r  clock_in (IN)
                         net (fo=0)                   0.000     0.000    clock_in
    W5                   IBUF (Prop_ibuf_I_O)         0.414     0.414 r  clock_in_IBUF_inst/O
                         net (fo=1, routed)           0.685     1.099    clock_in_IBUF
    BUFGCTRL_X0Y0        BUFG (Prop_bufg_I_O)         0.029     1.128 r  clock_in_IBUF_BUFG_inst/O
                         net (fo=8720, routed)        0.879     2.007    compc/utterance_ram/U0/inst_blk_mem_gen/gnbram.gnativebmg.native_blk_mem_gen/valid.cstr/ramloop[0].ram.r/prim_noinit.ram/clkb
    RAMB36_X0Y0          RAMB36E1                                     r  compc/utterance_ram/U0/inst_blk_mem_gen/gnbram.gnativebmg.native_blk_mem_gen/valid.cstr/ramloop[0].ram.r/prim_noinit.ram/DEVICE_7SERIES.NO_BMM_INFO.SDP.WIDE_PRIM36_NO_ECC.ram/CLKBWRCLK
                         clock pessimism             -0.478     1.529    
    RAMB36_X0Y0          RAMB36E1 (Hold_ramb36e1_CLKBWRCLK_DIPADIP[2])
                                                      0.296     1.825    compc/utterance_ram/U0/inst_blk_mem_gen/gnbram.gnativebmg.native_blk_mem_gen/valid.cstr/ramloop[0].ram.r/prim_noinit.ram/DEVICE_7SERIES.NO_BMM_INFO.SDP.WIDE_PRIM36_NO_ECC.ram
  -------------------------------------------------------------------
                         required time                         -1.825    
                         arrival time                           1.899    
  -------------------------------------------------------------------
                         slack                                  0.075    

Slack (MET) :             0.075ns  (arrival time - required time)
  Source:                 top_module/FFT/xfft_0/<hidden>/<hidden>/<hidden>/<hidden>/<hidden>
                            (rising edge-triggered cell FDRE clocked by sys_clk_pin  {rise@0.000ns fall@5.000ns period=10.000ns})
  Destination:            top_module/FFT/xfft_0/<hidden>/<hidden>/<hidden>/<hidden>/<hidden>/<hidden>/<hidden>
                            (rising edge-triggered cell RAMB18E1 clocked by sys_clk_pin  {rise@0.000ns fall@5.000ns period=10.000ns})
  Path Group:             sys_clk_pin
  Path Type:              Hold (Min at Fast Process Corner)
  Requirement:            0.000ns  (sys_clk_pin rise@0.000ns - sys_clk_pin rise@0.000ns)
  Data Path Delay:        0.308ns  (logic 0.141ns (45.729%)  route 0.167ns (54.271%))
  Logic Levels:           0  
  Clock Path Skew:        0.078ns (DCD - SCD - CPR)
    Destination Clock Delay (DCD):    2.004ns
    Source Clock Delay      (SCD):    1.447ns
    Clock Pessimism Removal (CPR):    0.478ns

    Location             Delay type                Incr(ns)  Path(ns)    Netlist Resource(s)
  -------------------------------------------------------------------    -------------------
                         (clock sys_clk_pin rise edge)
                                                      0.000     0.000 r  
    W5                                                0.000     0.000 r  clock_in (IN)
                         net (fo=0)                   0.000     0.000    clock_in
    W5                   IBUF (Prop_ibuf_I_O)         0.226     0.226 r  clock_in_IBUF_inst/O
                         net (fo=1, routed)           0.631     0.858    clock_in_IBUF
    BUFGCTRL_X0Y0        BUFG (Prop_bufg_I_O)         0.026     0.884 r  clock_in_IBUF_BUFG_inst/O
                         net (fo=8720, routed)        0.564     1.447    top_module/FFT/xfft_0/<hidden>/<hidden>/<hidden>/<hidden>/<hidden>
    SLICE_X51Y10         FDRE                                         r  top_module/FFT/xfft_0/<hidden>/<hidden>/<hidden>/<hidden>/<hidden>
  -------------------------------------------------------------------    -------------------
    SLICE_X51Y10         FDRE (Prop_fdre_C_Q)         0.141     1.588 r  top_module/FFT/xfft_0/<hidden>/<hidden>/<hidden>/<hidden>/<hidden>
                         net (fo=1, routed)           0.167     1.755    top_module/FFT/xfft_0/<hidden>/<hidden>/<hidden>/<hidden>/<hidden>/<hidden>/<hidden>
    RAMB18_X1Y5          RAMB18E1                                     r  top_module/FFT/xfft_0/<hidden>/<hidden>/<hidden>/<hidden>/<hidden>/<hidden>/<hidden>
  -------------------------------------------------------------------    -------------------

                         (clock sys_clk_pin rise edge)
                                                      0.000     0.000 r  
    W5                                                0.000     0.000 r  clock_in (IN)
                         net (fo=0)                   0.000     0.000    clock_in
    W5                   IBUF (Prop_ibuf_I_O)         0.414     0.414 r  clock_in_IBUF_inst/O
                         net (fo=1, routed)           0.685     1.099    clock_in_IBUF
    BUFGCTRL_X0Y0        BUFG (Prop_bufg_I_O)         0.029     1.128 r  clock_in_IBUF_BUFG_inst/O
                         net (fo=8720, routed)        0.876     2.004    top_module/FFT/xfft_0/<hidden>/<hidden>/<hidden>/<hidden>/<hidden>/<hidden>/<hidden>
    RAMB18_X1Y5          RAMB18E1                                     r  top_module/FFT/xfft_0/<hidden>/<hidden>/<hidden>/<hidden>/<hidden>/<hidden>/<hidden>
                         clock pessimism             -0.478     1.526    
    RAMB18_X1Y5          RAMB18E1 (Hold_ramb18e1_CLKBWRCLK_DIBDI[0])
                                                      0.155     1.681    top_module/FFT/xfft_0/<hidden>/<hidden>/<hidden>/<hidden>/<hidden>/<hidden>/<hidden>
  -------------------------------------------------------------------
                         required time                         -1.681    
                         arrival time                           1.755    
  -------------------------------------------------------------------
                         slack                                  0.075    





Pulse Width Checks
--------------------------------------------------------------------------------------
Clock Name:         sys_clk_pin
Waveform(ns):       { 0.000 5.000 }
Period(ns):         10.000
Sources:            { clock_in }

Check Type        Corner  Lib Pin             Reference Pin  Required(ns)  Actual(ns)  Slack(ns)  Location      Pin
Min Period        n/a     RAMB18E1/CLKARDCLK  n/a            2.944         10.000      7.056      RAMB18_X1Y4   top_module/FFT/xfft_0/<hidden>/<hidden>/<hidden>/<hidden>/<hidden>/<hidden>/<hidden>
Min Period        n/a     RAMB18E1/CLKBWRCLK  n/a            2.944         10.000      7.056      RAMB18_X1Y4   top_module/FFT/xfft_0/<hidden>/<hidden>/<hidden>/<hidden>/<hidden>/<hidden>/<hidden>
Min Period        n/a     RAMB18E1/CLKARDCLK  n/a            2.944         10.000      7.056      RAMB18_X1Y5   top_module/FFT/xfft_0/<hidden>/<hidden>/<hidden>/<hidden>/<hidden>/<hidden>/<hidden>
Min Period        n/a     RAMB18E1/CLKBWRCLK  n/a            2.944         10.000      7.056      RAMB18_X1Y5   top_module/FFT/xfft_0/<hidden>/<hidden>/<hidden>/<hidden>/<hidden>/<hidden>/<hidden>
Min Period        n/a     RAMB36E1/CLKARDCLK  n/a            2.576         10.000      7.424      RAMB36_X1Y0   ac/preroll_buf/U0/inst_blk_mem_gen/gnbram.gnativebmg.native_blk_mem_gen/valid.cstr/ramloop[0].ram.r/prim_noinit.ram/DEVICE_7SERIES.NO_BMM_INFO.SDP.SIMPLE_PRIM36.ram/CLKARDCLK
Min Period        n/a     RAMB36E1/CLKBWRCLK  n/a            2.576         10.000      7.424      RAMB36_X1Y0   ac/preroll_buf/U0/inst_blk_mem_gen/gnbram.gnativebmg.native_blk_mem_gen/valid.cstr/ramloop[0].ram.r/prim_noinit.ram/DEVICE_7SERIES.NO_BMM_INFO.SDP.SIMPLE_PRIM36.ram/CLKBWRCLK
Min Period        n/a     RAMB18E1/CLKARDCLK  n/a            2.576         10.000      7.424      RAMB18_X0Y8   ac/ram/U0/inst_blk_mem_gen/gnbram.gnativebmg.native_blk_mem_gen/valid.cstr/ramloop[0].ram.r/prim_noinit.ram/DEVICE_7SERIES.NO_BMM_INFO.SDP.SIMPLE_PRIM18.ram/CLKARDCLK
Min Period        n/a     RAMB18E1/CLKBWRCLK  n/a            2.576         10.000      7.424      RAMB18_X0Y8   ac/ram/U0/inst_blk_mem_gen/gnbram.gnativebmg.native_blk_mem_gen/valid.cstr/ramloop[0].ram.r/prim_noinit.ram/DEVICE_7SERIES.NO_BMM_INFO.SDP.SIMPLE_PRIM18.ram/CLKBWRCLK
Min Period        n/a     RAMB36E1/CLKARDCLK  n/a            2.576         10.000      7.424      RAMB36_X0Y5   ac/ram/U0/inst_blk_mem_gen/gnbram.gnativebmg.native_blk_mem_gen/valid.cstr/ramloop[1].ram.r/prim_noinit.ram/DEVICE_7SERIES.NO_BMM_INFO.SDP.SIMPLE_PRIM36.ram/CLKARDCLK
Min Period        n/a     RAMB36E1/CLKBWRCLK  n/a            2.576         10.000      7.424      RAMB36_X0Y5   ac/ram/U0/inst_blk_mem_gen/gnbram.gnativebmg.native_blk_mem_gen/valid.cstr/ramloop[1].ram.r/prim_noinit.ram/DEVICE_7SERIES.NO_BMM_INFO.SDP.SIMPLE_PRIM36.ram/CLKBWRCLK
Min Period        n/a     RAMB36E1/CLKARDCLK  n/a            2.576         10.000      7.424      RAMB36_X0Y8   ac/ram/U0/inst_blk_mem_gen/gnbram.gnativebmg.native_blk_mem_gen/valid.cstr/ramloop[2].ram.r/prim_noinit.ram/DEVICE_7SERIES.NO_BMM_INFO.SDP.SIMPLE_PRIM36.ram/CLKARDCLK
Min Period        n/a     RAMB36E1/CLKBWRCLK  n/a            2.576         10.000      7.424      RAMB36_X0Y8   ac/ram/U0/inst_blk_mem_gen/gnbram.gnativebmg.native_blk_mem_gen/valid.cstr/ramloop[2].ram.r/prim_noinit.ram/DEVICE_7SERIES.NO_BMM_INFO.SDP.SIMPLE_PRIM36.ram/CLKBWRCLK
Min Period        n/a     RAMB36E1/CLKARDCLK  n/a            2.576         10.000      7.424      RAMB36_X0Y9   ac/ram/U0/inst_blk_mem_gen/gnbram.gnativebmg.native_blk_mem_gen/valid.cstr/ramloop[3].ram.r/prim_noinit.ram/DEVICE_7SERIES.NO_BMM_INFO.SDP.SIMPLE_PRIM36.ram/CLKARDCLK
Min Period        n/a     RAMB36E1/CLKBWRCLK  n/a            2.576         10.000      7.424      RAMB36_X0Y9   ac/ram/U0/inst_blk_mem_gen/gnbram.gnativebmg.native_blk_mem_gen/valid.cstr/ramloop[3].ram.r/prim_noinit.ram/DEVICE_7SERIES.NO_BMM_INFO.SDP.SIMPLE_PRIM36.ram/CLKBWRCLK
Min Period        n/a     RAMB36E1/CLKARDCLK  n/a            2.576         10.000      7.424      RAMB36_X0Y6   ac/ram/U0/inst_blk_mem_gen/gnbram.gnativebmg.native_blk_mem_gen/valid.cstr/ramloop[4].ram.r/prim_noinit.ram/DEVICE_7SERIES.NO_BMM_INFO.SDP.SIMPLE_PRIM36.ram/CLKARDCLK
Min Period        n/a     RAMB36E1/CLKBWRCLK  n/a            2.576         10.000      7.424      RAMB36_X0Y6   ac/ram/U0/inst_blk_mem_gen/gnbram.gnativebmg.native_blk_mem_gen/valid.cstr/ramloop[4].ram.r/prim_noinit.ram/DEVICE_7SERIES.NO_BMM_INFO.SDP.SIMPLE_PRIM36.ram/CLKBWRCLK
Min Period        n/a     RAMB36E1/CLKARDCLK  n/a            2.576         10.000      7.424      RAMB36_X0Y7   ac/ram/U0/inst_blk_mem_gen/gnbram.gnativebmg.native_blk_mem_gen/valid.cstr/ramloop[5].ram.r/prim_noinit.ram/DEVICE_7SERIES.NO_BMM_INFO.SDP.SIMPLE_PRIM36.ram/CLKARDCLK
Min Period        n/a     RAMB36E1/CLKBWRCLK  n/a            2.576         10.000      7.424      RAMB36_X0Y7   ac/ram/U0/inst_blk_mem_gen/gnbram.gnativebmg.native_blk_mem_gen/valid.cstr/ramloop[5].ram.r/prim_noinit.ram/DEVICE_7SERIES.NO_BMM_INFO.SDP.SIMPLE_PRIM36.ram/CLKBWRCLK
Min Period        n/a     RAMB36E1/CLKARDCLK  n/a            2.576         10.000      7.424      RAMB36_X0Y1   compc/ref_ram/U0/inst_blk_mem_gen/gnbram.gnativebmg.native_blk_mem_gen/valid.cstr/ramloop[0].ram.r/prim_init.ram/DEVICE_7SERIES.NO_BMM_INFO.SDP.WIDE_PRIM36.ram/CLKARDCLK
Min Period        n/a     RAMB36E1/CLKBWRCLK  n/a            2.576         10.000      7.424      RAMB36_X0Y1   compc/ref_ram/U0/inst_blk_mem_gen/gnbram.gnativebmg.native_blk_mem_gen/valid.cstr/ramloop[0].ram.r/prim_init.ram/DEVICE_7SERIES.NO_BMM_INFO.SDP.WIDE_PRIM36.ram/CLKBWRCLK
Low Pulse Width   Slow    SRL16E/CLK          n/a            0.980         5.000       4.020      SLICE_X50Y0   top_module/FFT/xfft_0/<hidden>/<hidden>/<hidden>/<hidden>/<hidden>/<hidden>/<hidden>/<hidden>/<hidden>/<hidden>
Low Pulse Width   Fast    SRL16E/CLK          n/a            0.980         5.000       4.020      SLICE_X50Y0   top_module/FFT/xfft_0/<hidden>/<hidden>/<hidden>/<hidden>/<hidden>/<hidden>/<hidden>/<hidden>/<hidden>/<hidden>
Low Pulse Width   Slow    SRL16E/CLK          n/a            0.980         5.000       4.020      SLICE_X50Y10  top_module/FFT/xfft_0/<hidden>/<hidden>/<hidden>/<hidden>/<hidden>/<hidden>/<hidden>/<hidden>/<hidden>/<hidden>
Low Pulse Width   Fast    SRL16E/CLK          n/a            0.980         5.000       4.020      SLICE_X50Y10  top_module/FFT/xfft_0/<hidden>/<hidden>/<hidden>/<hidden>/<hidden>/<hidden>/<hidden>/<hidden>/<hidden>/<hidden>
Low Pulse Width   Slow    SRL16E/CLK          n/a            0.980         5.000       4.020      SLICE_X52Y5   top_module/FFT/xfft_0/<hidden>/<hidden>/<hidden>/<hidden>/<hidden>/<hidden>/<hidden>/<hidden>/<hidden>/<hidden>
Low Pulse Width   Fast    SRL16E/CLK          n/a            0.980         5.000       4.020      SLICE_X52Y5   top_module/FFT/xfft_0/<hidden>/<hidden>/<hidden>/<hidden>/<hidden>/<hidden>/<hidden>/<hidden>/<hidden>/<hidden>
Low Pulse Width   Slow    SRL16E/CLK          n/a            0.980         5.000       4.020      SLICE_X50Y0   top_module/FFT/xfft_0/<hidden>/<hidden>/<hidden>/<hidden>/<hidden>/<hidden>/<hidden>/<hidden>/<hidden>/<hidden>
Low Pulse Width   Fast    SRL16E/CLK          n/a            0.980         5.000       4.020      SLICE_X50Y0   top_module/FFT/xfft_0/<hidden>/<hidden>/<hidden>/<hidden>/<hidden>/<hidden>/<hidden>/<hidden>/<hidden>/<hidden>
Low Pulse Width   Slow    SRL16E/CLK          n/a            0.980         5.000       4.020      SLICE_X56Y3   top_module/FFT/xfft_0/<hidden>/<hidden>/<hidden>/<hidden>/<hidden>/<hidden>/<hidden>/<hidden>
Low Pulse Width   Fast    SRL16E/CLK          n/a            0.980         5.000       4.020      SLICE_X56Y3   top_module/FFT/xfft_0/<hidden>/<hidden>/<hidden>/<hidden>/<hidden>/<hidden>/<hidden>/<hidden>
Low Pulse Width   Slow    SRL16E/CLK          n/a            0.980         5.000       4.020      SLICE_X56Y3   top_module/FFT/xfft_0/<hidden>/<hidden>/<hidden>/<hidden>/<hidden>/<hidden>/<hidden>/<hidden>
Low Pulse Width   Fast    SRL16E/CLK          n/a            0.980         5.000       4.020      SLICE_X56Y3   top_module/FFT/xfft_0/<hidden>/<hidden>/<hidden>/<hidden>/<hidden>/<hidden>/<hidden>/<hidden>
Low Pulse Width   Slow    SRL16E/CLK          n/a            0.980         5.000       4.020      SLICE_X56Y3   top_module/FFT/xfft_0/<hidden>/<hidden>/<hidden>/<hidden>/<hidden>/<hidden>/<hidden>/<hidden>
Low Pulse Width   Fast    SRL16E/CLK          n/a            0.980         5.000       4.020      SLICE_X56Y3   top_module/FFT/xfft_0/<hidden>/<hidden>/<hidden>/<hidden>/<hidden>/<hidden>/<hidden>/<hidden>
Low Pulse Width   Slow    SRL16E/CLK          n/a            0.980         5.000       4.020      SLICE_X50Y3   top_module/FFT/xfft_0/<hidden>/<hidden>/<hidden>/<hidden>/<hidden>/<hidden>/<hidden>/<hidden>
Low Pulse Width   Fast    SRL16E/CLK          n/a            0.980         5.000       4.020      SLICE_X50Y3   top_module/FFT/xfft_0/<hidden>/<hidden>/<hidden>/<hidden>/<hidden>/<hidden>/<hidden>/<hidden>
Low Pulse Width   Slow    SRL16E/CLK          n/a            0.980         5.000       4.020      SLICE_X50Y3   top_module/FFT/xfft_0/<hidden>/<hidden>/<hidden>/<hidden>/<hidden>/<hidden>/<hidden>/<hidden>
Low Pulse Width   Fast    SRL16E/CLK          n/a            0.980         5.000       4.020      SLICE_X50Y3   top_module/FFT/xfft_0/<hidden>/<hidden>/<hidden>/<hidden>/<hidden>/<hidden>/<hidden>/<hidden>
Low Pulse Width   Slow    SRL16E/CLK          n/a            0.980         5.000       4.020      SLICE_X50Y3   top_module/FFT/xfft_0/<hidden>/<hidden>/<hidden>/<hidden>/<hidden>/<hidden>/<hidden>/<hidden>
Low Pulse Width   Fast    SRL16E/CLK          n/a            0.980         5.000       4.020      SLICE_X50Y3   top_module/FFT/xfft_0/<hidden>/<hidden>/<hidden>/<hidden>/<hidden>/<hidden>/<hidden>/<hidden>
High Pulse Width  Slow    SRL16E/CLK          n/a            0.980         5.000       4.020      SLICE_X50Y0   top_module/FFT/xfft_0/<hidden>/<hidden>/<hidden>/<hidden>/<hidden>/<hidden>/<hidden>/<hidden>/<hidden>/<hidden>
High Pulse Width  Fast    SRL16E/CLK          n/a            0.980         5.000       4.020      SLICE_X50Y0   top_module/FFT/xfft_0/<hidden>/<hidden>/<hidden>/<hidden>/<hidden>/<hidden>/<hidden>/<hidden>/<hidden>/<hidden>
High Pulse Width  Slow    SRL16E/CLK          n/a            0.980         5.000       4.020      SLICE_X50Y10  top_module/FFT/xfft_0/<hidden>/<hidden>/<hidden>/<hidden>/<hidden>/<hidden>/<hidden>/<hidden>/<hidden>/<hidden>
High Pulse Width  Fast    SRL16E/CLK          n/a            0.980         5.000       4.020      SLICE_X50Y10  top_module/FFT/xfft_0/<hidden>/<hidden>/<hidden>/<hidden>/<hidden>/<hidden>/<hidden>/<hidden>/<hidden>/<hidden>
High Pulse Width  Slow    SRL16E/CLK          n/a            0.980         5.000       4.020      SLICE_X52Y5   top_module/FFT/xfft_0/<hidden>/<hidden>/<hidden>/<hidden>/<hidden>/<hidden>/<hidden>/<hidden>/<hidden>/<hidden>
High Pulse Width  Fast    SRL16E/CLK          n/a            0.980         5.000       4.020      SLICE_X52Y5   top_module/FFT/xfft_0/<hidden>/<hidden>/<hidden>/<hidden>/<hidden>/<hidden>/<hidden>/<hidden>/<hidden>/<hidden>
High Pulse Width  Slow    SRL16E/CLK          n/a            0.980         5.000       4.020      SLICE_X50Y0   top_module/FFT/xfft_0/<hidden>/<hidden>/<hidden>/<hidden>/<hidden>/<hidden>/<hidden>/<hidden>/<hidden>/<hidden>
High Pulse Width  Fast    SRL16E/CLK          n/a            0.980         5.000       4.020      SLICE_X50Y0   top_module/FFT/xfft_0/<hidden>/<hidden>/<hidden>/<hidden>/<hidden>/<hidden>/<hidden>/<hidden>/<hidden>/<hidden>
High Pulse Width  Slow    SRL16E/CLK          n/a            0.980         5.000       4.020      SLICE_X56Y3   top_module/FFT/xfft_0/<hidden>/<hidden>/<hidden>/<hidden>/<hidden>/<hidden>/<hidden>/<hidden>
High Pulse Width  Fast    SRL16E/CLK          n/a            0.980         5.000       4.020      SLICE_X56Y3   top_module/FFT/xfft_0/<hidden>/<hidden>/<hidden>/<hidden>/<hidden>/<hidden>/<hidden>/<hidden>
High Pulse Width  Slow    SRL16E/CLK          n/a            0.980         5.000       4.020      SLICE_X56Y3   top_module/FFT/xfft_0/<hidden>/<hidden>/<hidden>/<hidden>/<hidden>/<hidden>/<hidden>/<hidden>
High Pulse Width  Fast    SRL16E/CLK          n/a            0.980         5.000       4.020      SLICE_X56Y3   top_module/FFT/xfft_0/<hidden>/<hidden>/<hidden>/<hidden>/<hidden>/<hidden>/<hidden>/<hidden>
High Pulse Width  Slow    SRL16E/CLK          n/a            0.980         5.000       4.020      SLICE_X56Y3   top_module/FFT/xfft_0/<hidden>/<hidden>/<hidden>/<hidden>/<hidden>/<hidden>/<hidden>/<hidden>
High Pulse Width  Fast    SRL16E/CLK          n/a            0.980         5.000       4.020      SLICE_X56Y3   top_module/FFT/xfft_0/<hidden>/<hidden>/<hidden>/<hidden>/<hidden>/<hidden>/<hidden>/<hidden>
High Pulse Width  Slow    SRL16E/CLK          n/a            0.980         5.000       4.020      SLICE_X50Y3   top_module/FFT/xfft_0/<hidden>/<hidden>/<hidden>/<hidden>/<hidden>/<hidden>/<hidden>/<hidden>
High Pulse Width  Fast    SRL16E/CLK          n/a            0.980         5.000       4.020      SLICE_X50Y3   top_module/FFT/xfft_0/<hidden>/<hidden>/<hidden>/<hidden>/<hidden>/<hidden>/<hidden>/<hidden>
High Pulse Width  Slow    SRL16E/CLK          n/a            0.980         5.000       4.020      SLICE_X50Y3   top_module/FFT/xfft_0/<hidden>/<hidden>/<hidden>/<hidden>/<hidden>/<hidden>/<hidden>/<hidden>
High Pulse Width  Fast    SRL16E/CLK          n/a            0.980         5.000       4.020      SLICE_X50Y3   top_module/FFT/xfft_0/<hidden>/<hidden>/<hidden>/<hidden>/<hidden>/<hidden>/<hidden>/<hidden>
High Pulse Width  Slow    SRL16E/CLK          n/a            0.980         5.000       4.020      SLICE_X50Y3   top_module/FFT/xfft_0/<hidden>/<hidden>/<hidden>/<hidden>/<hidden>/<hidden>/<hidden>/<hidden>
High Pulse Width  Fast    SRL16E/CLK          n/a            0.980         5.000       4.020      SLICE_X50Y3   top_module/FFT/xfft_0/<hidden>/<hidden>/<hidden>/<hidden>/<hidden>/<hidden>/<hidden>/<hidden>



--------------------------------------------------------------------------------------
Path Group:  (none)
From Clock:  
  To Clock:  

Max Delay             2 Endpoints
Min Delay             2 Endpoints
--------------------------------------------------------------------------------------


Max Delay Paths
--------------------------------------------------------------------------------------
Slack:                    inf
  Source:                 debug_enable_in
                            (input port)
  Destination:            debug_led_out
                            (output port)
  Path Group:             (none)
  Path Type:              Max at Slow Process Corner
  Data Path Delay:        7.944ns  (logic 4.991ns (62.825%)  route 2.953ns (37.175%))
  Logic Levels:           2  (IBUF=1 OBUF=1)

    Location             Delay type                Incr(ns)  Path(ns)    Netlist Resource(s)
  -------------------------------------------------------------------    -------------------
    V16                                               0.000     0.000 r  debug_enable_in (IN)
                         net (fo=0)                   0.000     0.000    debug_enable_in
    V16                  IBUF (Prop_ibuf_I_O)         1.461     1.461 r  debug_enable_in_IBUF_inst/O
                         net (fo=7, routed)           2.953     4.415    debug_led_out_OBUF
    E19                  OBUF (Prop_obuf_I_O)         3.530     7.944 r  debug_led_out_OBUF_inst/O
                         net (fo=0)                   0.000     7.944    debug_led_out
    E19                                                               r  debug_led_out (OUT)
  -------------------------------------------------------------------    -------------------

Slack:                    inf
  Source:                 switch
                            (input port)
  Destination:            pmod
                            (output port)
  Path Group:             (none)
  Path Type:              Max at Slow Process Corner
  Data Path Delay:        7.145ns  (logic 4.953ns (69.320%)  route 2.192ns (30.680%))
  Logic Levels:           2  (IBUF=1 OBUF=1)

    Location             Delay type                Incr(ns)  Path(ns)    Netlist Resource(s)
  -------------------------------------------------------------------    -------------------
    V17                                               0.000     0.000 r  switch (IN)
                         net (fo=0)                   0.000     0.000    switch
    V17                  IBUF (Prop_ibuf_I_O)         1.453     1.453 r  switch_IBUF_inst/O
                         net (fo=13, routed)          2.192     3.645    pmod_OBUF
    R18                  OBUF (Prop_obuf_I_O)         3.500     7.145 r  pmod_OBUF_inst/O
                         net (fo=0)                   0.000     7.145    pmod
    R18                                                               r  pmod (OUT)
  -------------------------------------------------------------------    -------------------





Min Delay Paths
--------------------------------------------------------------------------------------
Slack:                    inf
  Source:                 switch
                            (input port)
  Destination:            pmod
                            (output port)
  Path Group:             (none)
  Path Type:              Min at Fast Process Corner
  Data Path Delay:        1.907ns  (logic 1.423ns (74.606%)  route 0.484ns (25.394%))
  Logic Levels:           2  (IBUF=1 OBUF=1)

    Location             Delay type                Incr(ns)  Path(ns)    Netlist Resource(s)
  -------------------------------------------------------------------    -------------------
    V17                                               0.000     0.000 r  switch (IN)
                         net (fo=0)                   0.000     0.000    switch
    V17                  IBUF (Prop_ibuf_I_O)         0.221     0.221 r  switch_IBUF_inst/O
                         net (fo=13, routed)          0.484     0.705    pmod_OBUF
    R18                  OBUF (Prop_obuf_I_O)         1.202     1.907 r  pmod_OBUF_inst/O
                         net (fo=0)                   0.000     1.907    pmod
    R18                                                               r  pmod (OUT)
  -------------------------------------------------------------------    -------------------

Slack:                    inf
  Source:                 debug_enable_in
                            (input port)
  Destination:            debug_led_out
                            (output port)
  Path Group:             (none)
  Path Type:              Min at Fast Process Corner
  Data Path Delay:        2.280ns  (logic 1.460ns (64.025%)  route 0.820ns (35.975%))
  Logic Levels:           2  (IBUF=1 OBUF=1)

    Location             Delay type                Incr(ns)  Path(ns)    Netlist Resource(s)
  -------------------------------------------------------------------    -------------------
    V16                                               0.000     0.000 r  debug_enable_in (IN)
                         net (fo=0)                   0.000     0.000    debug_enable_in
    V16                  IBUF (Prop_ibuf_I_O)         0.229     0.229 r  debug_enable_in_IBUF_inst/O
                         net (fo=7, routed)           0.820     1.050    debug_led_out_OBUF
    E19                  OBUF (Prop_obuf_I_O)         1.231     2.280 r  debug_led_out_OBUF_inst/O
                         net (fo=0)                   0.000     2.280    debug_led_out
    E19                                                               r  debug_led_out (OUT)
  -------------------------------------------------------------------    -------------------





--------------------------------------------------------------------------------------
Path Group:  (none)
From Clock:  sys_clk_pin
  To Clock:  

Max Delay            18 Endpoints
Min Delay            18 Endpoints
--------------------------------------------------------------------------------------


Max Delay Paths
--------------------------------------------------------------------------------------
Slack:                    inf
  Source:                 debugc/txd_reg_reg/C
                            (rising edge-triggered cell FDSE clocked by sys_clk_pin  {rise@0.000ns fall@5.000ns period=10.000ns})
  Destination:            txd_out
                            (output port)
  Path Group:             (none)
  Path Type:              Max at Slow Process Corner
  Data Path Delay:        8.818ns  (logic 3.974ns (45.062%)  route 4.845ns (54.938%))
  Logic Levels:           1  (OBUF=1)
  Clock Uncertainty:      0.025ns  ((TSJ^2 + TIJ^2)^1/2 + DJ) / 2 + PE
    Total System Jitter     (TSJ):    0.050ns
    Total Input Jitter      (TIJ):    0.000ns
    Discrete Jitter          (DJ):    0.000ns
    Phase Error              (PE):    0.000ns

    Location             Delay type                Incr(ns)  Path(ns)    Netlist Resource(s)
  -------------------------------------------------------------------    -------------------
                         (clock sys_clk_pin rise edge)
                                                      0.000     0.000 r  
    W5                                                0.000     0.000 r  clock_in (IN)
                         net (fo=0)                   0.000     0.000    clock_in
    W5                   IBUF (Prop_ibuf_I_O)         1.458     1.458 r  clock_in_IBUF_inst/O
                         net (fo=1, routed)           1.967     3.425    clock_in_IBUF
    BUFGCTRL_X0Y0        BUFG (Prop_bufg_I_O)         0.096     3.521 r  clock_in_IBUF_BUFG_inst/O
                         net (fo=8720, routed)        1.548     5.069    debugc/clock_in_IBUF_BUFG
    SLICE_X40Y26         FDSE                                         r  debugc/txd_reg_reg/C
  -------------------------------------------------------------------    -------------------
    SLICE_X40Y26         FDSE (Prop_fdse_C_Q)         0.456     5.525 r  debugc/txd_reg_reg/Q
                         net (fo=1, routed)           4.845    10.370    txd_out_OBUF
    A18                  OBUF (Prop_obuf_I_O)         3.518    13.888 r  txd_out_OBUF_inst/O
                         net (fo=0)                   0.000    13.888    txd_out
    A18                                                               r  txd_out (OUT)
  -------------------------------------------------------------------    -------------------

Slack:                    inf
  Source:                 compc/flush_done_reg_reg/C
                            (rising edge-triggered cell FDRE clocked by sys_clk_pin  {rise@0.000ns fall@5.000ns period=10.000ns})
  Destination:            flush_done
                            (output port)
  Path Group:             (none)
  Path Type:              Max at Slow Process Corner
  Data Path Delay:        7.834ns  (logic 3.964ns (50.606%)  route 3.869ns (49.394%))
  Logic Levels:           1  (OBUF=1)
  Clock Uncertainty:      0.025ns  ((TSJ^2 + TIJ^2)^1/2 + DJ) / 2 + PE
    Total System Jitter     (TSJ):    0.050ns
    Total Input Jitter      (TIJ):    0.000ns
    Discrete Jitter          (DJ):    0.000ns
    Phase Error              (PE):    0.000ns

    Location             Delay type                Incr(ns)  Path(ns)    Netlist Resource(s)
  -------------------------------------------------------------------    -------------------
                         (clock sys_clk_pin rise edge)
                                                      0.000     0.000 r  
    W5                                                0.000     0.000 r  clock_in (IN)
                         net (fo=0)                   0.000     0.000    clock_in
    W5                   IBUF (Prop_ibuf_I_O)         1.458     1.458 r  clock_in_IBUF_inst/O
                         net (fo=1, routed)           1.967     3.425    clock_in_IBUF
    BUFGCTRL_X0Y0        BUFG (Prop_bufg_I_O)         0.096     3.521 r  clock_in_IBUF_BUFG_inst/O
                         net (fo=8720, routed)        1.567     5.088    compc/clock_in_IBUF_BUFG
    SLICE_X15Y10         FDRE                                         r  compc/flush_done_reg_reg/C
  -------------------------------------------------------------------    -------------------
    SLICE_X15Y10         FDRE (Prop_fdre_C_Q)         0.456     5.544 r  compc/flush_done_reg_reg/Q
                         net (fo=1, routed)           3.869     9.414    flush_done_OBUF
    V3                   OBUF (Prop_obuf_I_O)         3.508    12.922 r  flush_done_OBUF_inst/O
                         net (fo=0)                   0.000    12.922    flush_done
    V3                                                                r  flush_done (OUT)
  -------------------------------------------------------------------    -------------------

Slack:                    inf
  Source:                 ctl/ready_out_reg/C
                            (rising edge-triggered cell FDSE clocked by sys_clk_pin  {rise@0.000ns fall@5.000ns period=10.000ns})
  Destination:            ready_out
                            (output port)
  Path Group:             (none)
  Path Type:              Max at Slow Process Corner
  Data Path Delay:        7.181ns  (logic 3.962ns (55.172%)  route 3.219ns (44.828%))
  Logic Levels:           1  (OBUF=1)
  Clock Uncertainty:      0.025ns  ((TSJ^2 + TIJ^2)^1/2 + DJ) / 2 + PE
    Total System Jitter     (TSJ):    0.050ns
    Total Input Jitter      (TIJ):    0.000ns
    Discrete Jitter          (DJ):    0.000ns
    Phase Error              (PE):    0.000ns

    Location             Delay type                Incr(ns)  Path(ns)    Netlist Resource(s)
  -------------------------------------------------------------------    -------------------
                         (clock sys_clk_pin rise edge)
                                                      0.000     0.000 r  
    W5                                                0.000     0.000 r  clock_in (IN)
                         net (fo=0)                   0.000     0.000    clock_in
    W5                   IBUF (Prop_ibuf_I_O)         1.458     1.458 r  clock_in_IBUF_inst/O
                         net (fo=1, routed)           1.967     3.425    clock_in_IBUF
    BUFGCTRL_X0Y0        BUFG (Prop_bufg_I_O)         0.096     3.521 r  clock_in_IBUF_BUFG_inst/O
                         net (fo=8720, routed)        1.547     5.068    ctl/clock_in_IBUF_BUFG
    SLICE_X33Y23         FDSE                                         r  ctl/ready_out_reg/C
  -------------------------------------------------------------------    -------------------
    SLICE_X33Y23         FDSE (Prop_fdse_C_Q)         0.456     5.524 r  ctl/ready_out_reg/Q
                         net (fo=3, routed)           3.219     8.744    ready_out_OBUF
    U14                  OBUF (Prop_obuf_I_O)         3.506    12.250 r  ready_out_OBUF_inst/O
                         net (fo=0)                   0.000    12.250    ready_out
    U14                                                               r  ready_out (OUT)
  -------------------------------------------------------------------    -------------------

Slack:                    inf
  Source:                 ctl/adcbusy_reg/C
                            (rising edge-triggered cell FDRE clocked by sys_clk_pin  {rise@0.000ns fall@5.000ns period=10.000ns})
  Destination:            adcbusy
                            (output port)
  Path Group:             (none)
  Path Type:              Max at Slow Process Corner
  Data Path Delay:        7.007ns  (logic 4.095ns (58.433%)  route 2.913ns (41.567%))
  Logic Levels:           1  (OBUF=1)
  Clock Uncertainty:      0.025ns  ((TSJ^2 + TIJ^2)^1/2 + DJ) / 2 + PE
    Total System Jitter     (TSJ):    0.050ns
    Total Input Jitter      (TIJ):    0.000ns
    Discrete Jitter          (DJ):    0.000ns
    Phase Error              (PE):    0.000ns

    Location             Delay type                Incr(ns)  Path(ns)    Netlist Resource(s)
  -------------------------------------------------------------------    -------------------
                         (clock sys_clk_pin rise edge)
                                                      0.000     0.000 r  
    W5                                                0.000     0.000 r  clock_in (IN)
                         net (fo=0)                   0.000     0.000    clock_in
    W5                   IBUF (Prop_ibuf_I_O)         1.458     1.458 r  clock_in_IBUF_inst/O
                         net (fo=1, routed)           1.967     3.425    clock_in_IBUF
    BUFGCTRL_X0Y0        BUFG (Prop_bufg_I_O)         0.096     3.521 r  clock_in_IBUF_BUFG_inst/O
                         net (fo=8720, routed)        1.551     5.072    ctl/clock_in_IBUF_BUFG
    SLICE_X33Y21         FDRE                                         r  ctl/adcbusy_reg/C
  -------------------------------------------------------------------    -------------------
    SLICE_X33Y21         FDRE (Prop_fdre_C_Q)         0.419     5.491 r  ctl/adcbusy_reg/Q
                         net (fo=1, routed)           2.913     8.404    adcbusy_OBUF
    V14                  OBUF (Prop_obuf_I_O)         3.676    12.080 r  adcbusy_OBUF_inst/O
                         net (fo=0)                   0.000    12.080    adcbusy
    V14                                                               r  adcbusy (OUT)
  -------------------------------------------------------------------    -------------------

Slack:                    inf
  Source:                 ctl/adcdone_reg/C
                            (rising edge-triggered cell FDRE clocked by sys_clk_pin  {rise@0.000ns fall@5.000ns period=10.000ns})
  Destination:            adcdone
                            (output port)
  Path Group:             (none)
  Path Type:              Max at Slow Process Corner
  Data Path Delay:        6.982ns  (logic 3.960ns (56.715%)  route 3.022ns (43.285%))
  Logic Levels:           1  (OBUF=1)
  Clock Uncertainty:      0.025ns  ((TSJ^2 + TIJ^2)^1/2 + DJ) / 2 + PE
    Total System Jitter     (TSJ):    0.050ns
    Total Input Jitter      (TIJ):    0.000ns
    Discrete Jitter          (DJ):    0.000ns
    Phase Error              (PE):    0.000ns

    Location             Delay type                Incr(ns)  Path(ns)    Netlist Resource(s)
  -------------------------------------------------------------------    -------------------
                         (clock sys_clk_pin rise edge)
                                                      0.000     0.000 r  
    W5                                                0.000     0.000 r  clock_in (IN)
                         net (fo=0)                   0.000     0.000    clock_in
    W5                   IBUF (Prop_ibuf_I_O)         1.458     1.458 r  clock_in_IBUF_inst/O
                         net (fo=1, routed)           1.967     3.425    clock_in_IBUF
    BUFGCTRL_X0Y0        BUFG (Prop_bufg_I_O)         0.096     3.521 r  clock_in_IBUF_BUFG_inst/O
                         net (fo=8720, routed)        1.551     5.072    ctl/clock_in_IBUF_BUFG
    SLICE_X33Y21         FDRE                                         r  ctl/adcdone_reg/C
  -------------------------------------------------------------------    -------------------
    SLICE_X33Y21         FDRE (Prop_fdre_C_Q)         0.456     5.528 r  ctl/adcdone_reg/Q
                         net (fo=1, routed)           3.022     8.551    adcdone_OBUF
    V13                  OBUF (Prop_obuf_I_O)         3.504    12.055 r  adcdone_OBUF_inst/O
                         net (fo=0)                   0.000    12.055    adcdone
    V13                                                               r  adcdone (OUT)
  -------------------------------------------------------------------    -------------------

Slack:                    inf
  Source:                 sevenseg/a_to_g_reg[5]/C
                            (rising edge-triggered cell FDRE clocked by sys_clk_pin  {rise@0.000ns fall@5.000ns period=10.000ns})
  Destination:            a_to_g[5]
                            (output port)
  Path Group:             (none)
  Path Type:              Max at Slow Process Corner
  Data Path Delay:        6.863ns  (logic 3.960ns (57.706%)  route 2.903ns (42.294%))
  Logic Levels:           1  (OBUF=1)
  Clock Uncertainty:      0.025ns  ((TSJ^2 + TIJ^2)^1/2 + DJ) / 2 + PE
    Total System Jitter     (TSJ):    0.050ns
    Total Input Jitter      (TIJ):    0.000ns
    Discrete Jitter          (DJ):    0.000ns
    Phase Error              (PE):    0.000ns

    Location             Delay type                Incr(ns)  Path(ns)    Netlist Resource(s)
  -------------------------------------------------------------------    -------------------
                         (clock sys_clk_pin rise edge)
                                                      0.000     0.000 r  
    W5                                                0.000     0.000 r  clock_in (IN)
                         net (fo=0)                   0.000     0.000    clock_in
    W5                   IBUF (Prop_ibuf_I_O)         1.458     1.458 r  clock_in_IBUF_inst/O
                         net (fo=1, routed)           1.967     3.425    clock_in_IBUF
    BUFGCTRL_X0Y0        BUFG (Prop_bufg_I_O)         0.096     3.521 r  clock_in_IBUF_BUFG_inst/O
                         net (fo=8720, routed)        1.551     5.072    sevenseg/clock_in_IBUF_BUFG
    SLICE_X35Y20         FDRE                                         r  sevenseg/a_to_g_reg[5]/C
  -------------------------------------------------------------------    -------------------
    SLICE_X35Y20         FDRE (Prop_fdre_C_Q)         0.456     5.528 r  sevenseg/a_to_g_reg[5]/Q
                         net (fo=1, routed)           2.903     8.431    a_to_g_OBUF[5]
    V5                   OBUF (Prop_obuf_I_O)         3.504    11.935 r  a_to_g_OBUF[5]_inst/O
                         net (fo=0)                   0.000    11.935    a_to_g[5]
    V5                                                                r  a_to_g[5] (OUT)
  -------------------------------------------------------------------    -------------------

Slack:                    inf
  Source:                 sevenseg/a_to_g_reg[6]/C
                            (rising edge-triggered cell FDRE clocked by sys_clk_pin  {rise@0.000ns fall@5.000ns period=10.000ns})
  Destination:            a_to_g[6]
                            (output port)
  Path Group:             (none)
  Path Type:              Max at Slow Process Corner
  Data Path Delay:        6.837ns  (logic 4.049ns (59.228%)  route 2.788ns (40.772%))
  Logic Levels:           1  (OBUF=1)
  Clock Uncertainty:      0.025ns  ((TSJ^2 + TIJ^2)^1/2 + DJ) / 2 + PE
    Total System Jitter     (TSJ):    0.050ns
    Total Input Jitter      (TIJ):    0.000ns
    Discrete Jitter          (DJ):    0.000ns
    Phase Error              (PE):    0.000ns

    Location             Delay type                Incr(ns)  Path(ns)    Netlist Resource(s)
  -------------------------------------------------------------------    -------------------
                         (clock sys_clk_pin rise edge)
                                                      0.000     0.000 r  
    W5                                                0.000     0.000 r  clock_in (IN)
                         net (fo=0)                   0.000     0.000    clock_in
    W5                   IBUF (Prop_ibuf_I_O)         1.458     1.458 r  clock_in_IBUF_inst/O
                         net (fo=1, routed)           1.967     3.425    clock_in_IBUF
    BUFGCTRL_X0Y0        BUFG (Prop_bufg_I_O)         0.096     3.521 r  clock_in_IBUF_BUFG_inst/O
                         net (fo=8720, routed)        1.551     5.072    sevenseg/clock_in_IBUF_BUFG
    SLICE_X34Y20         FDRE                                         r  sevenseg/a_to_g_reg[6]/C
  -------------------------------------------------------------------    -------------------
    SLICE_X34Y20         FDRE (Prop_fdre_C_Q)         0.518     5.590 r  sevenseg/a_to_g_reg[6]/Q
                         net (fo=1, routed)           2.788     8.378    a_to_g_OBUF[6]
    U7                   OBUF (Prop_obuf_I_O)         3.531    11.909 r  a_to_g_OBUF[6]_inst/O
                         net (fo=0)                   0.000    11.909    a_to_g[6]
    U7                                                                r  a_to_g[6] (OUT)
  -------------------------------------------------------------------    -------------------

Slack:                    inf
  Source:                 sevenseg/a_to_g_reg[3]/C
                            (rising edge-triggered cell FDRE clocked by sys_clk_pin  {rise@0.000ns fall@5.000ns period=10.000ns})
  Destination:            a_to_g[3]
                            (output port)
  Path Group:             (none)
  Path Type:              Max at Slow Process Corner
  Data Path Delay:        6.822ns  (logic 3.992ns (58.510%)  route 2.830ns (41.490%))
  Logic Levels:           1  (OBUF=1)
  Clock Uncertainty:      0.025ns  ((TSJ^2 + TIJ^2)^1/2 + DJ) / 2 + PE
    Total System Jitter     (TSJ):    0.050ns
    Total Input Jitter      (TIJ):    0.000ns
    Discrete Jitter          (DJ):    0.000ns
    Phase Error              (PE):    0.000ns

    Location             Delay type                Incr(ns)  Path(ns)    Netlist Resource(s)
  -------------------------------------------------------------------    -------------------
                         (clock sys_clk_pin rise edge)
                                                      0.000     0.000 r  
    W5                                                0.000     0.000 r  clock_in (IN)
                         net (fo=0)                   0.000     0.000    clock_in
    W5                   IBUF (Prop_ibuf_I_O)         1.458     1.458 r  clock_in_IBUF_inst/O
                         net (fo=1, routed)           1.967     3.425    clock_in_IBUF
    BUFGCTRL_X0Y0        BUFG (Prop_bufg_I_O)         0.096     3.521 r  clock_in_IBUF_BUFG_inst/O
                         net (fo=8720, routed)        1.550     5.071    sevenseg/clock_in_IBUF_BUFG
    SLICE_X35Y21         FDRE                                         r  sevenseg/a_to_g_reg[3]/C
  -------------------------------------------------------------------    -------------------
    SLICE_X35Y21         FDRE (Prop_fdre_C_Q)         0.456     5.527 r  sevenseg/a_to_g_reg[3]/Q
                         net (fo=1, routed)           2.830     8.358    a_to_g_OBUF[3]
    V8                   OBUF (Prop_obuf_I_O)         3.536    11.893 r  a_to_g_OBUF[3]_inst/O
                         net (fo=0)                   0.000    11.893    a_to_g[3]
    V8                                                                r  a_to_g[3] (OUT)
  -------------------------------------------------------------------    -------------------

Slack:                    inf
  Source:                 sevenseg/a_to_g_reg[0]/C
                            (rising edge-triggered cell FDRE clocked by sys_clk_pin  {rise@0.000ns fall@5.000ns period=10.000ns})
  Destination:            a_to_g[0]
                            (output port)
  Path Group:             (none)
  Path Type:              Max at Slow Process Corner
  Data Path Delay:        6.820ns  (logic 3.967ns (58.161%)  route 2.854ns (41.839%))
  Logic Levels:           1  (OBUF=1)
  Clock Uncertainty:      0.025ns  ((TSJ^2 + TIJ^2)^1/2 + DJ) / 2 + PE
    Total System Jitter     (TSJ):    0.050ns
    Total Input Jitter      (TIJ):    0.000ns
    Discrete Jitter          (DJ):    0.000ns
    Phase Error              (PE):    0.000ns

    Location             Delay type                Incr(ns)  Path(ns)    Netlist Resource(s)
  -------------------------------------------------------------------    -------------------
                         (clock sys_clk_pin rise edge)
                                                      0.000     0.000 r  
    W5                                                0.000     0.000 r  clock_in (IN)
                         net (fo=0)                   0.000     0.000    clock_in
    W5                   IBUF (Prop_ibuf_I_O)         1.458     1.458 r  clock_in_IBUF_inst/O
                         net (fo=1, routed)           1.967     3.425    clock_in_IBUF
    BUFGCTRL_X0Y0        BUFG (Prop_bufg_I_O)         0.096     3.521 r  clock_in_IBUF_BUFG_inst/O
                         net (fo=8720, routed)        1.547     5.068    sevenseg/clock_in_IBUF_BUFG
    SLICE_X35Y22         FDRE                                         r  sevenseg/a_to_g_reg[0]/C
  -------------------------------------------------------------------    -------------------
    SLICE_X35Y22         FDRE (Prop_fdre_C_Q)         0.456     5.524 r  sevenseg/a_to_g_reg[0]/Q
                         net (fo=1, routed)           2.854     8.378    a_to_g_OBUF[0]
    W7                   OBUF (Prop_obuf_I_O)         3.511    11.888 r  a_to_g_OBUF[0]_inst/O
                         net (fo=0)                   0.000    11.888    a_to_g[0]
    W7                                                                r  a_to_g[0] (OUT)
  -------------------------------------------------------------------    -------------------

Slack:                    inf
  Source:                 sevenseg/a_to_g_reg[1]/C
                            (rising edge-triggered cell FDRE clocked by sys_clk_pin  {rise@0.000ns fall@5.000ns period=10.000ns})
  Destination:            a_to_g[1]
                            (output port)
  Path Group:             (none)
  Path Type:              Max at Slow Process Corner
  Data Path Delay:        6.719ns  (logic 3.985ns (59.316%)  route 2.733ns (40.684%))
  Logic Levels:           1  (OBUF=1)
  Clock Uncertainty:      0.025ns  ((TSJ^2 + TIJ^2)^1/2 + DJ) / 2 + PE
    Total System Jitter     (TSJ):    0.050ns
    Total Input Jitter      (TIJ):    0.000ns
    Discrete Jitter          (DJ):    0.000ns
    Phase Error              (PE):    0.000ns

    Location             Delay type                Incr(ns)  Path(ns)    Netlist Resource(s)
  -------------------------------------------------------------------    -------------------
                         (clock sys_clk_pin rise edge)
                                                      0.000     0.000 r  
    W5                                                0.000     0.000 r  clock_in (IN)
                         net (fo=0)                   0.000     0.000    clock_in
    W5                   IBUF (Prop_ibuf_I_O)         1.458     1.458 r  clock_in_IBUF_inst/O
                         net (fo=1, routed)           1.967     3.425    clock_in_IBUF
    BUFGCTRL_X0Y0        BUFG (Prop_bufg_I_O)         0.096     3.521 r  clock_in_IBUF_BUFG_inst/O
                         net (fo=8720, routed)        1.547     5.068    sevenseg/clock_in_IBUF_BUFG
    SLICE_X35Y22         FDRE                                         r  sevenseg/a_to_g_reg[1]/C
  -------------------------------------------------------------------    -------------------
    SLICE_X35Y22         FDRE (Prop_fdre_C_Q)         0.456     5.524 r  sevenseg/a_to_g_reg[1]/Q
                         net (fo=1, routed)           2.733     8.258    a_to_g_OBUF[1]
    W6                   OBUF (Prop_obuf_I_O)         3.529    11.787 r  a_to_g_OBUF[1]_inst/O
                         net (fo=0)                   0.000    11.787    a_to_g[1]
    W6                                                                r  a_to_g[1] (OUT)
  -------------------------------------------------------------------    -------------------

Slack:                    inf
  Source:                 sevenseg/a_to_g_reg[2]/C
                            (rising edge-triggered cell FDRE clocked by sys_clk_pin  {rise@0.000ns fall@5.000ns period=10.000ns})
  Destination:            a_to_g[2]
                            (output port)
  Path Group:             (none)
  Path Type:              Max at Slow Process Corner
  Data Path Delay:        6.698ns  (logic 3.991ns (59.588%)  route 2.707ns (40.412%))
  Logic Levels:           1  (OBUF=1)
  Clock Uncertainty:      0.025ns  ((TSJ^2 + TIJ^2)^1/2 + DJ) / 2 + PE
    Total System Jitter     (TSJ):    0.050ns
    Total Input Jitter      (TIJ):    0.000ns
    Discrete Jitter          (DJ):    0.000ns
    Phase Error              (PE):    0.000ns

    Location             Delay type                Incr(ns)  Path(ns)    Netlist Resource(s)
  -------------------------------------------------------------------    -------------------
                         (clock sys_clk_pin rise edge)
                                                      0.000     0.000 r  
    W5                                                0.000     0.000 r  clock_in (IN)
                         net (fo=0)                   0.000     0.000    clock_in
    W5                   IBUF (Prop_ibuf_I_O)         1.458     1.458 r  clock_in_IBUF_inst/O
                         net (fo=1, routed)           1.967     3.425    clock_in_IBUF
    BUFGCTRL_X0Y0        BUFG (Prop_bufg_I_O)         0.096     3.521 r  clock_in_IBUF_BUFG_inst/O
                         net (fo=8720, routed)        1.550     5.071    sevenseg/clock_in_IBUF_BUFG
    SLICE_X35Y21         FDRE                                         r  sevenseg/a_to_g_reg[2]/C
  -------------------------------------------------------------------    -------------------
    SLICE_X35Y21         FDRE (Prop_fdre_C_Q)         0.456     5.527 r  sevenseg/a_to_g_reg[2]/Q
                         net (fo=1, routed)           2.707     8.234    a_to_g_OBUF[2]
    U8                   OBUF (Prop_obuf_I_O)         3.535    11.769 r  a_to_g_OBUF[2]_inst/O
                         net (fo=0)                   0.000    11.769    a_to_g[2]
    U8                                                                r  a_to_g[2] (OUT)
  -------------------------------------------------------------------    -------------------

Slack:                    inf
  Source:                 sevenseg/an_reg[1]/C
                            (rising edge-triggered cell FDSE clocked by sys_clk_pin  {rise@0.000ns fall@5.000ns period=10.000ns})
  Destination:            an[1]
                            (output port)
  Path Group:             (none)
  Path Type:              Max at Slow Process Corner
  Data Path Delay:        6.689ns  (logic 4.017ns (60.056%)  route 2.672ns (39.944%))
  Logic Levels:           1  (OBUF=1)
  Clock Uncertainty:      0.025ns  ((TSJ^2 + TIJ^2)^1/2 + DJ) / 2 + PE
    Total System Jitter     (TSJ):    0.050ns
    Total Input Jitter      (TIJ):    0.000ns
    Discrete Jitter          (DJ):    0.000ns
    Phase Error              (PE):    0.000ns

    Location             Delay type                Incr(ns)  Path(ns)    Netlist Resource(s)
  -------------------------------------------------------------------    -------------------
                         (clock sys_clk_pin rise edge)
                                                      0.000     0.000 r  
    W5                                                0.000     0.000 r  clock_in (IN)
                         net (fo=0)                   0.000     0.000    clock_in
    W5                   IBUF (Prop_ibuf_I_O)         1.458     1.458 r  clock_in_IBUF_inst/O
                         net (fo=1, routed)           1.967     3.425    clock_in_IBUF
    BUFGCTRL_X0Y0        BUFG (Prop_bufg_I_O)         0.096     3.521 r  clock_in_IBUF_BUFG_inst/O
                         net (fo=8720, routed)        1.547     5.068    sevenseg/clock_in_IBUF_BUFG
    SLICE_X46Y25         FDSE                                         r  sevenseg/an_reg[1]/C
  -------------------------------------------------------------------    -------------------
    SLICE_X46Y25         FDSE (Prop_fdse_C_Q)         0.518     5.586 r  sevenseg/an_reg[1]/Q
                         net (fo=1, routed)           2.672     8.258    an_OBUF[1]
    U4                   OBUF (Prop_obuf_I_O)         3.499    11.757 r  an_OBUF[1]_inst/O
                         net (fo=0)                   0.000    11.757    an[1]
    U4                                                                r  an[1] (OUT)
  -------------------------------------------------------------------    -------------------

Slack:                    inf
  Source:                 sevenseg/a_to_g_reg[4]/C
                            (rising edge-triggered cell FDRE clocked by sys_clk_pin  {rise@0.000ns fall@5.000ns period=10.000ns})
  Destination:            a_to_g[4]
                            (output port)
  Path Group:             (none)
  Path Type:              Max at Slow Process Corner
  Data Path Delay:        6.685ns  (logic 3.976ns (59.478%)  route 2.709ns (40.522%))
  Logic Levels:           1  (OBUF=1)
  Clock Uncertainty:      0.025ns  ((TSJ^2 + TIJ^2)^1/2 + DJ) / 2 + PE
    Total System Jitter     (TSJ):    0.050ns
    Total Input Jitter      (TIJ):    0.000ns
    Discrete Jitter          (DJ):    0.000ns
    Phase Error              (PE):    0.000ns

    Location             Delay type                Incr(ns)  Path(ns)    Netlist Resource(s)
  -------------------------------------------------------------------    -------------------
                         (clock sys_clk_pin rise edge)
                                                      0.000     0.000 r  
    W5                                                0.000     0.000 r  clock_in (IN)
                         net (fo=0)                   0.000     0.000    clock_in
    W5                   IBUF (Prop_ibuf_I_O)         1.458     1.458 r  clock_in_IBUF_inst/O
                         net (fo=1, routed)           1.967     3.425    clock_in_IBUF
    BUFGCTRL_X0Y0        BUFG (Prop_bufg_I_O)         0.096     3.521 r  clock_in_IBUF_BUFG_inst/O
                         net (fo=8720, routed)        1.551     5.072    sevenseg/clock_in_IBUF_BUFG
    SLICE_X35Y20         FDRE                                         r  sevenseg/a_to_g_reg[4]/C
  -------------------------------------------------------------------    -------------------
    SLICE_X35Y20         FDRE (Prop_fdre_C_Q)         0.456     5.528 r  sevenseg/a_to_g_reg[4]/Q
                         net (fo=1, routed)           2.709     8.237    a_to_g_OBUF[4]
    U5                   OBUF (Prop_obuf_I_O)         3.520    11.757 r  a_to_g_OBUF[4]_inst/O
                         net (fo=0)                   0.000    11.757    a_to_g[4]
    U5                                                                r  a_to_g[4] (OUT)
  -------------------------------------------------------------------    -------------------

Slack:                    inf
  Source:                 sevenseg/an_reg[0]/C
                            (rising edge-triggered cell FDSE clocked by sys_clk_pin  {rise@0.000ns fall@5.000ns period=10.000ns})
  Destination:            an[0]
                            (output port)
  Path Group:             (none)
  Path Type:              Max at Slow Process Corner
  Data Path Delay:        6.526ns  (logic 3.959ns (60.659%)  route 2.568ns (39.341%))
  Logic Levels:           1  (OBUF=1)
  Clock Uncertainty:      0.025ns  ((TSJ^2 + TIJ^2)^1/2 + DJ) / 2 + PE
    Total System Jitter     (TSJ):    0.050ns
    Total Input Jitter      (TIJ):    0.000ns
    Discrete Jitter          (DJ):    0.000ns
    Phase Error              (PE):    0.000ns

    Location             Delay type                Incr(ns)  Path(ns)    Netlist Resource(s)
  -------------------------------------------------------------------    -------------------
                         (clock sys_clk_pin rise edge)
                                                      0.000     0.000 r  
    W5                                                0.000     0.000 r  clock_in (IN)
                         net (fo=0)                   0.000     0.000    clock_in
    W5                   IBUF (Prop_ibuf_I_O)         1.458     1.458 r  clock_in_IBUF_inst/O
                         net (fo=1, routed)           1.967     3.425    clock_in_IBUF
    BUFGCTRL_X0Y0        BUFG (Prop_bufg_I_O)         0.096     3.521 r  clock_in_IBUF_BUFG_inst/O
                         net (fo=8720, routed)        1.547     5.068    sevenseg/clock_in_IBUF_BUFG
    SLICE_X47Y25         FDSE                                         r  sevenseg/an_reg[0]/C
  -------------------------------------------------------------------    -------------------
    SLICE_X47Y25         FDSE (Prop_fdse_C_Q)         0.456     5.524 r  sevenseg/an_reg[0]/Q
                         net (fo=1, routed)           2.568     8.092    an_OBUF[0]
    U2                   OBUF (Prop_obuf_I_O)         3.503    11.595 r  an_OBUF[0]_inst/O
                         net (fo=0)                   0.000    11.595    an[0]
    U2                                                                r  an[0] (OUT)
  -------------------------------------------------------------------    -------------------

Slack:                    inf
  Source:                 sevenseg/an_reg[3]/C
                            (rising edge-triggered cell FDSE clocked by sys_clk_pin  {rise@0.000ns fall@5.000ns period=10.000ns})
  Destination:            an[3]
                            (output port)
  Path Group:             (none)
  Path Type:              Max at Slow Process Corner
  Data Path Delay:        6.488ns  (logic 4.028ns (62.086%)  route 2.460ns (37.914%))
  Logic Levels:           1  (OBUF=1)
  Clock Uncertainty:      0.025ns  ((TSJ^2 + TIJ^2)^1/2 + DJ) / 2 + PE
    Total System Jitter     (TSJ):    0.050ns
    Total Input Jitter      (TIJ):    0.000ns
    Discrete Jitter          (DJ):    0.000ns
    Phase Error              (PE):    0.000ns

    Location             Delay type                Incr(ns)  Path(ns)    Netlist Resource(s)
  -------------------------------------------------------------------    -------------------
                         (clock sys_clk_pin rise edge)
                                                      0.000     0.000 r  
    W5                                                0.000     0.000 r  clock_in (IN)
                         net (fo=0)                   0.000     0.000    clock_in
    W5                   IBUF (Prop_ibuf_I_O)         1.458     1.458 r  clock_in_IBUF_inst/O
                         net (fo=1, routed)           1.967     3.425    clock_in_IBUF
    BUFGCTRL_X0Y0        BUFG (Prop_bufg_I_O)         0.096     3.521 r  clock_in_IBUF_BUFG_inst/O
                         net (fo=8720, routed)        1.547     5.068    sevenseg/clock_in_IBUF_BUFG
    SLICE_X46Y25         FDSE                                         r  sevenseg/an_reg[3]/C
  -------------------------------------------------------------------    -------------------
    SLICE_X46Y25         FDSE (Prop_fdse_C_Q)         0.518     5.586 r  sevenseg/an_reg[3]/Q
                         net (fo=1, routed)           2.460     8.046    an_OBUF[3]
    W4                   OBUF (Prop_obuf_I_O)         3.510    11.557 r  an_OBUF[3]_inst/O
                         net (fo=0)                   0.000    11.557    an[3]
    W4                                                                r  an[3] (OUT)
  -------------------------------------------------------------------    -------------------

Slack:                    inf
  Source:                 sevenseg/an_reg[2]/C
                            (rising edge-triggered cell FDSE clocked by sys_clk_pin  {rise@0.000ns fall@5.000ns period=10.000ns})
  Destination:            an[2]
                            (output port)
  Path Group:             (none)
  Path Type:              Max at Slow Process Corner
  Data Path Delay:        6.355ns  (logic 3.979ns (62.608%)  route 2.376ns (37.392%))
  Logic Levels:           1  (OBUF=1)
  Clock Uncertainty:      0.025ns  ((TSJ^2 + TIJ^2)^1/2 + DJ) / 2 + PE
    Total System Jitter     (TSJ):    0.050ns
    Total Input Jitter      (TIJ):    0.000ns
    Discrete Jitter          (DJ):    0.000ns
    Phase Error              (PE):    0.000ns

    Location             Delay type                Incr(ns)  Path(ns)    Netlist Resource(s)
  -------------------------------------------------------------------    -------------------
                         (clock sys_clk_pin rise edge)
                                                      0.000     0.000 r  
    W5                                                0.000     0.000 r  clock_in (IN)
                         net (fo=0)                   0.000     0.000    clock_in
    W5                   IBUF (Prop_ibuf_I_O)         1.458     1.458 r  clock_in_IBUF_inst/O
                         net (fo=1, routed)           1.967     3.425    clock_in_IBUF
    BUFGCTRL_X0Y0        BUFG (Prop_bufg_I_O)         0.096     3.521 r  clock_in_IBUF_BUFG_inst/O
                         net (fo=8720, routed)        1.547     5.068    sevenseg/clock_in_IBUF_BUFG
    SLICE_X47Y25         FDSE                                         r  sevenseg/an_reg[2]/C
  -------------------------------------------------------------------    -------------------
    SLICE_X47Y25         FDSE (Prop_fdse_C_Q)         0.456     5.524 r  sevenseg/an_reg[2]/Q
                         net (fo=1, routed)           2.376     7.901    an_OBUF[2]
    V4                   OBUF (Prop_obuf_I_O)         3.523    11.424 r  an_OBUF[2]_inst/O
                         net (fo=0)                   0.000    11.424    an[2]
    V4                                                                r  an[2] (OUT)
  -------------------------------------------------------------------    -------------------

Slack:                    inf
  Source:                 ac/cs_iob_reg/C
                            (rising edge-triggered cell FDSE clocked by sys_clk_pin  {rise@0.000ns fall@5.000ns period=10.000ns})
  Destination:            cs_out
                            (output port)
  Path Group:             (none)
  Path Type:              Max at Slow Process Corner
  Data Path Delay:        3.970ns  (logic 3.969ns (99.975%)  route 0.001ns (0.025%))
  Logic Levels:           1  (OBUF=1)
  Clock Uncertainty:      0.025ns  ((TSJ^2 + TIJ^2)^1/2 + DJ) / 2 + PE
    Total System Jitter     (TSJ):    0.050ns
    Total Input Jitter      (TIJ):    0.000ns
    Discrete Jitter          (DJ):    0.000ns
    Phase Error              (PE):    0.000ns

    Location             Delay type                Incr(ns)  Path(ns)    Netlist Resource(s)
  -------------------------------------------------------------------    -------------------
                         (clock sys_clk_pin rise edge)
                                                      0.000     0.000 r  
    W5                                                0.000     0.000 r  clock_in (IN)
                         net (fo=0)                   0.000     0.000    clock_in
    W5                   IBUF (Prop_ibuf_I_O)         1.458     1.458 r  clock_in_IBUF_inst/O
                         net (fo=1, routed)           1.967     3.425    clock_in_IBUF
    BUFGCTRL_X0Y0        BUFG (Prop_bufg_I_O)         0.096     3.521 r  clock_in_IBUF_BUFG_inst/O
                         net (fo=8720, routed)        1.663     5.184    ac/clock_in_IBUF_BUFG
    OLOGIC_X0Y23         FDSE                                         r  ac/cs_iob_reg/C
  -------------------------------------------------------------------    -------------------
    OLOGIC_X0Y23         FDSE (Prop_fdse_C_Q)         0.472     5.656 r  ac/cs_iob_reg/Q
                         net (fo=1, routed)           0.001     5.657    cs_out_OBUF
    P17                  OBUF (Prop_obuf_I_O)         3.497     9.153 r  cs_out_OBUF_inst/O
                         net (fo=0)                   0.000     9.153    cs_out
    P17                                                               r  cs_out (OUT)
  -------------------------------------------------------------------    -------------------

Slack:                    inf
  Source:                 ac/spi_clk_iob_reg/C
                            (rising edge-triggered cell FDRE clocked by sys_clk_pin  {rise@0.000ns fall@5.000ns period=10.000ns})
  Destination:            spi_clk
                            (output port)
  Path Group:             (none)
  Path Type:              Max at Slow Process Corner
  Data Path Delay:        3.965ns  (logic 3.964ns (99.975%)  route 0.001ns (0.025%))
  Logic Levels:           1  (OBUF=1)
  Clock Uncertainty:      0.025ns  ((TSJ^2 + TIJ^2)^1/2 + DJ) / 2 + PE
    Total System Jitter     (TSJ):    0.050ns
    Total Input Jitter      (TIJ):    0.000ns
    Discrete Jitter          (DJ):    0.000ns
    Phase Error              (PE):    0.000ns

    Location             Delay type                Incr(ns)  Path(ns)    Netlist Resource(s)
  -------------------------------------------------------------------    -------------------
                         (clock sys_clk_pin rise edge)
                                                      0.000     0.000 r  
    W5                                                0.000     0.000 r  clock_in (IN)
                         net (fo=0)                   0.000     0.000    clock_in
    W5                   IBUF (Prop_ibuf_I_O)         1.458     1.458 r  clock_in_IBUF_inst/O
                         net (fo=1, routed)           1.967     3.425    clock_in_IBUF
    BUFGCTRL_X0Y0        BUFG (Prop_bufg_I_O)         0.096     3.521 r  clock_in_IBUF_BUFG_inst/O
                         net (fo=8720, routed)        1.663     5.184    ac/clock_in_IBUF_BUFG
    OLOGIC_X0Y24         FDRE                                         r  ac/spi_clk_iob_reg/C
  -------------------------------------------------------------------    -------------------
    OLOGIC_X0Y24         FDRE (Prop_fdre_C_Q)         0.472     5.656 r  ac/spi_clk_iob_reg/Q
                         net (fo=1, routed)           0.001     5.657    spi_clk_OBUF
    N17                  OBUF (Prop_obuf_I_O)         3.492     9.149 r  spi_clk_OBUF_inst/O
                         net (fo=0)                   0.000     9.149    spi_clk
    N17                                                               r  spi_clk (OUT)
  -------------------------------------------------------------------    -------------------





Min Delay Paths
--------------------------------------------------------------------------------------
Slack:                    inf
  Source:                 ac/spi_clk_iob_reg/C
                            (rising edge-triggered cell FDRE clocked by sys_clk_pin  {rise@0.000ns fall@5.000ns period=10.000ns})
  Destination:            spi_clk
                            (output port)
  Path Group:             (none)
  Path Type:              Min at Fast Process Corner
  Data Path Delay:        1.372ns  (logic 1.371ns (99.927%)  route 0.001ns (0.073%))
  Logic Levels:           1  (OBUF=1)
  Clock Uncertainty:      0.025ns  ((TSJ^2 + TIJ^2)^1/2 + DJ) / 2 + PE
    Total System Jitter     (TSJ):    0.050ns
    Total Input Jitter      (TIJ):    0.000ns
    Discrete Jitter          (DJ):    0.000ns
    Phase Error              (PE):    0.000ns

    Location             Delay type                Incr(ns)  Path(ns)    Netlist Resource(s)
  -------------------------------------------------------------------    -------------------
                         (clock sys_clk_pin rise edge)
                                                      0.000     0.000 r  
    W5                                                0.000     0.000 r  clock_in (IN)
                         net (fo=0)                   0.000     0.000    clock_in
    W5                   IBUF (Prop_ibuf_I_O)         0.226     0.226 r  clock_in_IBUF_inst/O
                         net (fo=1, routed)           0.631     0.858    clock_in_IBUF
    BUFGCTRL_X0Y0        BUFG (Prop_bufg_I_O)         0.026     0.884 r  clock_in_IBUF_BUFG_inst/O
                         net (fo=8720, routed)        0.580     1.463    ac/clock_in_IBUF_BUFG
    OLOGIC_X0Y24         FDRE                                         r  ac/spi_clk_iob_reg/C
  -------------------------------------------------------------------    -------------------
    OLOGIC_X0Y24         FDRE (Prop_fdre_C_Q)         0.177     1.640 r  ac/spi_clk_iob_reg/Q
                         net (fo=1, routed)           0.001     1.641    spi_clk_OBUF
    N17                  OBUF (Prop_obuf_I_O)         1.194     2.835 r  spi_clk_OBUF_inst/O
                         net (fo=0)                   0.000     2.835    spi_clk
    N17                                                               r  spi_clk (OUT)
  -------------------------------------------------------------------    -------------------

Slack:                    inf
  Source:                 ac/cs_iob_reg/C
                            (rising edge-triggered cell FDSE clocked by sys_clk_pin  {rise@0.000ns fall@5.000ns period=10.000ns})
  Destination:            cs_out
                            (output port)
  Path Group:             (none)
  Path Type:              Min at Fast Process Corner
  Data Path Delay:        1.376ns  (logic 1.375ns (99.927%)  route 0.001ns (0.073%))
  Logic Levels:           1  (OBUF=1)
  Clock Uncertainty:      0.025ns  ((TSJ^2 + TIJ^2)^1/2 + DJ) / 2 + PE
    Total System Jitter     (TSJ):    0.050ns
    Total Input Jitter      (TIJ):    0.000ns
    Discrete Jitter          (DJ):    0.000ns
    Phase Error              (PE):    0.000ns

    Location             Delay type                Incr(ns)  Path(ns)    Netlist Resource(s)
  -------------------------------------------------------------------    -------------------
                         (clock sys_clk_pin rise edge)
                                                      0.000     0.000 r  
    W5                                                0.000     0.000 r  clock_in (IN)
                         net (fo=0)                   0.000     0.000    clock_in
    W5                   IBUF (Prop_ibuf_I_O)         0.226     0.226 r  clock_in_IBUF_inst/O
                         net (fo=1, routed)           0.631     0.858    clock_in_IBUF
    BUFGCTRL_X0Y0        BUFG (Prop_bufg_I_O)         0.026     0.884 r  clock_in_IBUF_BUFG_inst/O
                         net (fo=8720, routed)        0.580     1.463    ac/clock_in_IBUF_BUFG
    OLOGIC_X0Y23         FDSE                                         r  ac/cs_iob_reg/C
  -------------------------------------------------------------------    -------------------
    OLOGIC_X0Y23         FDSE (Prop_fdse_C_Q)         0.177     1.640 r  ac/cs_iob_reg/Q
                         net (fo=1, routed)           0.001     1.641    cs_out_OBUF
    P17                  OBUF (Prop_obuf_I_O)         1.198     2.839 r  cs_out_OBUF_inst/O
                         net (fo=0)                   0.000     2.839    cs_out
    P17                                                               r  cs_out (OUT)
  -------------------------------------------------------------------    -------------------

Slack:                    inf
  Source:                 sevenseg/an_reg[2]/C
                            (rising edge-triggered cell FDSE clocked by sys_clk_pin  {rise@0.000ns fall@5.000ns period=10.000ns})
  Destination:            an[2]
                            (output port)
  Path Group:             (none)
  Path Type:              Min at Fast Process Corner
  Data Path Delay:        2.059ns  (logic 1.365ns (66.279%)  route 0.694ns (33.721%))
  Logic Levels:           1  (OBUF=1)
  Clock Uncertainty:      0.025ns  ((TSJ^2 + TIJ^2)^1/2 + DJ) / 2 + PE
    Total System Jitter     (TSJ):    0.050ns
    Total Input Jitter      (TIJ):    0.000ns
    Discrete Jitter          (DJ):    0.000ns
    Phase Error              (PE):    0.000ns

    Location             Delay type                Incr(ns)  Path(ns)    Netlist Resource(s)
  -------------------------------------------------------------------    -------------------
                         (clock sys_clk_pin rise edge)
                                                      0.000     0.000 r  
    W5                                                0.000     0.000 r  clock_in (IN)
                         net (fo=0)                   0.000     0.000    clock_in
    W5                   IBUF (Prop_ibuf_I_O)         0.226     0.226 r  clock_in_IBUF_inst/O
                         net (fo=1, routed)           0.631     0.858    clock_in_IBUF
    BUFGCTRL_X0Y0        BUFG (Prop_bufg_I_O)         0.026     0.884 r  clock_in_IBUF_BUFG_inst/O
                         net (fo=8720, routed)        0.551     1.434    sevenseg/clock_in_IBUF_BUFG
    SLICE_X47Y25         FDSE                                         r  sevenseg/an_reg[2]/C
  -------------------------------------------------------------------    -------------------
    SLICE_X47Y25         FDSE (Prop_fdse_C_Q)         0.141     1.575 r  sevenseg/an_reg[2]/Q
                         net (fo=1, routed)           0.694     2.270    an_OBUF[2]
    V4                   OBUF (Prop_obuf_I_O)         1.224     3.494 r  an_OBUF[2]_inst/O
                         net (fo=0)                   0.000     3.494    an[2]
    V4                                                                r  an[2] (OUT)
  -------------------------------------------------------------------    -------------------

Slack:                    inf
  Source:                 sevenseg/an_reg[0]/C
                            (rising edge-triggered cell FDSE clocked by sys_clk_pin  {rise@0.000ns fall@5.000ns period=10.000ns})
  Destination:            an[0]
                            (output port)
  Path Group:             (none)
  Path Type:              Min at Fast Process Corner
  Data Path Delay:        2.143ns  (logic 1.345ns (62.776%)  route 0.798ns (37.224%))
  Logic Levels:           1  (OBUF=1)
  Clock Uncertainty:      0.025ns  ((TSJ^2 + TIJ^2)^1/2 + DJ) / 2 + PE
    Total System Jitter     (TSJ):    0.050ns
    Total Input Jitter      (TIJ):    0.000ns
    Discrete Jitter          (DJ):    0.000ns
    Phase Error              (PE):    0.000ns

    Location             Delay type                Incr(ns)  Path(ns)    Netlist Resource(s)
  -------------------------------------------------------------------    -------------------
                         (clock sys_clk_pin rise edge)
                                                      0.000     0.000 r  
    W5                                                0.000     0.000 r  clock_in (IN)
                         net (fo=0)                   0.000     0.000    clock_in
    W5                   IBUF (Prop_ibuf_I_O)         0.226     0.226 r  clock_in_IBUF_inst/O
                         net (fo=1, routed)           0.631     0.858    clock_in_IBUF
    BUFGCTRL_X0Y0        BUFG (Prop_bufg_I_O)         0.026     0.884 r  clock_in_IBUF_BUFG_inst/O
                         net (fo=8720, routed)        0.551     1.434    sevenseg/clock_in_IBUF_BUFG
    SLICE_X47Y25         FDSE                                         r  sevenseg/an_reg[0]/C
  -------------------------------------------------------------------    -------------------
    SLICE_X47Y25         FDSE (Prop_fdse_C_Q)         0.141     1.575 r  sevenseg/an_reg[0]/Q
                         net (fo=1, routed)           0.798     2.373    an_OBUF[0]
    U2                   OBUF (Prop_obuf_I_O)         1.204     3.577 r  an_OBUF[0]_inst/O
                         net (fo=0)                   0.000     3.577    an[0]
    U2                                                                r  an[0] (OUT)
  -------------------------------------------------------------------    -------------------

Slack:                    inf
  Source:                 sevenseg/an_reg[3]/C
                            (rising edge-triggered cell FDSE clocked by sys_clk_pin  {rise@0.000ns fall@5.000ns period=10.000ns})
  Destination:            an[3]
                            (output port)
  Path Group:             (none)
  Path Type:              Min at Fast Process Corner
  Data Path Delay:        2.146ns  (logic 1.375ns (64.081%)  route 0.771ns (35.919%))
  Logic Levels:           1  (OBUF=1)
  Clock Uncertainty:      0.025ns  ((TSJ^2 + TIJ^2)^1/2 + DJ) / 2 + PE
    Total System Jitter     (TSJ):    0.050ns
    Total Input Jitter      (TIJ):    0.000ns
    Discrete Jitter          (DJ):    0.000ns
    Phase Error              (PE):    0.000ns

    Location             Delay type                Incr(ns)  Path(ns)    Netlist Resource(s)
  -------------------------------------------------------------------    -------------------
                         (clock sys_clk_pin rise edge)
                                                      0.000     0.000 r  
    W5                                                0.000     0.000 r  clock_in (IN)
                         net (fo=0)                   0.000     0.000    clock_in
    W5                   IBUF (Prop_ibuf_I_O)         0.226     0.226 r  clock_in_IBUF_inst/O
                         net (fo=1, routed)           0.631     0.858    clock_in_IBUF
    BUFGCTRL_X0Y0        BUFG (Prop_bufg_I_O)         0.026     0.884 r  clock_in_IBUF_BUFG_inst/O
                         net (fo=8720, routed)        0.551     1.434    sevenseg/clock_in_IBUF_BUFG
    SLICE_X46Y25         FDSE                                         r  sevenseg/an_reg[3]/C
  -------------------------------------------------------------------    -------------------
    SLICE_X46Y25         FDSE (Prop_fdse_C_Q)         0.164     1.598 r  sevenseg/an_reg[3]/Q
                         net (fo=1, routed)           0.771     2.369    an_OBUF[3]
    W4                   OBUF (Prop_obuf_I_O)         1.211     3.580 r  an_OBUF[3]_inst/O
                         net (fo=0)                   0.000     3.580    an[3]
    W4                                                                r  an[3] (OUT)
  -------------------------------------------------------------------    -------------------

Slack:                    inf
  Source:                 sevenseg/an_reg[1]/C
                            (rising edge-triggered cell FDSE clocked by sys_clk_pin  {rise@0.000ns fall@5.000ns period=10.000ns})
  Destination:            an[1]
                            (output port)
  Path Group:             (none)
  Path Type:              Min at Fast Process Corner
  Data Path Delay:        2.201ns  (logic 1.364ns (61.983%)  route 0.837ns (38.017%))
  Logic Levels:           1  (OBUF=1)
  Clock Uncertainty:      0.025ns  ((TSJ^2 + TIJ^2)^1/2 + DJ) / 2 + PE
    Total System Jitter     (TSJ):    0.050ns
    Total Input Jitter      (TIJ):    0.000ns
    Discrete Jitter          (DJ):    0.000ns
    Phase Error              (PE):    0.000ns

    Location             Delay type                Incr(ns)  Path(ns)    Netlist Resource(s)
  -------------------------------------------------------------------    -------------------
                         (clock sys_clk_pin rise edge)
                                                      0.000     0.000 r  
    W5                                                0.000     0.000 r  clock_in (IN)
                         net (fo=0)                   0.000     0.000    clock_in
    W5                   IBUF (Prop_ibuf_I_O)         0.226     0.226 r  clock_in_IBUF_inst/O
                         net (fo=1, routed)           0.631     0.858    clock_in_IBUF
    BUFGCTRL_X0Y0        BUFG (Prop_bufg_I_O)         0.026     0.884 r  clock_in_IBUF_BUFG_inst/O
                         net (fo=8720, routed)        0.551     1.434    sevenseg/clock_in_IBUF_BUFG
    SLICE_X46Y25         FDSE                                         r  sevenseg/an_reg[1]/C
  -------------------------------------------------------------------    -------------------
    SLICE_X46Y25         FDSE (Prop_fdse_C_Q)         0.164     1.598 r  sevenseg/an_reg[1]/Q
                         net (fo=1, routed)           0.837     2.435    an_OBUF[1]
    U4                   OBUF (Prop_obuf_I_O)         1.200     3.635 r  an_OBUF[1]_inst/O
                         net (fo=0)                   0.000     3.635    an[1]
    U4                                                                r  an[1] (OUT)
  -------------------------------------------------------------------    -------------------

Slack:                    inf
  Source:                 sevenseg/a_to_g_reg[4]/C
                            (rising edge-triggered cell FDRE clocked by sys_clk_pin  {rise@0.000ns fall@5.000ns period=10.000ns})
  Destination:            a_to_g[4]
                            (output port)
  Path Group:             (none)
  Path Type:              Min at Fast Process Corner
  Data Path Delay:        2.203ns  (logic 1.362ns (61.828%)  route 0.841ns (38.172%))
  Logic Levels:           1  (OBUF=1)
  Clock Uncertainty:      0.025ns  ((TSJ^2 + TIJ^2)^1/2 + DJ) / 2 + PE
    Total System Jitter     (TSJ):    0.050ns
    Total Input Jitter      (TIJ):    0.000ns
    Discrete Jitter          (DJ):    0.000ns
    Phase Error              (PE):    0.000ns

    Location             Delay type                Incr(ns)  Path(ns)    Netlist Resource(s)
  -------------------------------------------------------------------    -------------------
                         (clock sys_clk_pin rise edge)
                                                      0.000     0.000 r  
    W5                                                0.000     0.000 r  clock_in (IN)
                         net (fo=0)                   0.000     0.000    clock_in
    W5                   IBUF (Prop_ibuf_I_O)         0.226     0.226 r  clock_in_IBUF_inst/O
                         net (fo=1, routed)           0.631     0.858    clock_in_IBUF
    BUFGCTRL_X0Y0        BUFG (Prop_bufg_I_O)         0.026     0.884 r  clock_in_IBUF_BUFG_inst/O
                         net (fo=8720, routed)        0.553     1.436    sevenseg/clock_in_IBUF_BUFG
    SLICE_X35Y20         FDRE                                         r  sevenseg/a_to_g_reg[4]/C
  -------------------------------------------------------------------    -------------------
    SLICE_X35Y20         FDRE (Prop_fdre_C_Q)         0.141     1.577 r  sevenseg/a_to_g_reg[4]/Q
                         net (fo=1, routed)           0.841     2.418    a_to_g_OBUF[4]
    U5                   OBUF (Prop_obuf_I_O)         1.221     3.639 r  a_to_g_OBUF[4]_inst/O
                         net (fo=0)                   0.000     3.639    a_to_g[4]
    U5                                                                r  a_to_g[4] (OUT)
  -------------------------------------------------------------------    -------------------

Slack:                    inf
  Source:                 sevenseg/a_to_g_reg[2]/C
                            (rising edge-triggered cell FDRE clocked by sys_clk_pin  {rise@0.000ns fall@5.000ns period=10.000ns})
  Destination:            a_to_g[2]
                            (output port)
  Path Group:             (none)
  Path Type:              Min at Fast Process Corner
  Data Path Delay:        2.214ns  (logic 1.377ns (62.201%)  route 0.837ns (37.799%))
  Logic Levels:           1  (OBUF=1)
  Clock Uncertainty:      0.025ns  ((TSJ^2 + TIJ^2)^1/2 + DJ) / 2 + PE
    Total System Jitter     (TSJ):    0.050ns
    Total Input Jitter      (TIJ):    0.000ns
    Discrete Jitter          (DJ):    0.000ns
    Phase Error              (PE):    0.000ns

    Location             Delay type                Incr(ns)  Path(ns)    Netlist Resource(s)
  -------------------------------------------------------------------    -------------------
                         (clock sys_clk_pin rise edge)
                                                      0.000     0.000 r  
    W5                                                0.000     0.000 r  clock_in (IN)
                         net (fo=0)                   0.000     0.000    clock_in
    W5                   IBUF (Prop_ibuf_I_O)         0.226     0.226 r  clock_in_IBUF_inst/O
                         net (fo=1, routed)           0.631     0.858    clock_in_IBUF
    BUFGCTRL_X0Y0        BUFG (Prop_bufg_I_O)         0.026     0.884 r  clock_in_IBUF_BUFG_inst/O
                         net (fo=8720, routed)        0.552     1.435    sevenseg/clock_in_IBUF_BUFG
    SLICE_X35Y21         FDRE                                         r  sevenseg/a_to_g_reg[2]/C
  -------------------------------------------------------------------    -------------------
    SLICE_X35Y21         FDRE (Prop_fdre_C_Q)         0.141     1.576 r  sevenseg/a_to_g_reg[2]/Q
                         net (fo=1, routed)           0.837     2.413    a_to_g_OBUF[2]
    U8                   OBUF (Prop_obuf_I_O)         1.236     3.649 r  a_to_g_OBUF[2]_inst/O
                         net (fo=0)                   0.000     3.649    a_to_g[2]
    U8                                                                r  a_to_g[2] (OUT)
  -------------------------------------------------------------------    -------------------

Slack:                    inf
  Source:                 sevenseg/a_to_g_reg[1]/C
                            (rising edge-triggered cell FDRE clocked by sys_clk_pin  {rise@0.000ns fall@5.000ns period=10.000ns})
  Destination:            a_to_g[1]
                            (output port)
  Path Group:             (none)
  Path Type:              Min at Fast Process Corner
  Data Path Delay:        2.238ns  (logic 1.371ns (61.250%)  route 0.867ns (38.750%))
  Logic Levels:           1  (OBUF=1)
  Clock Uncertainty:      0.025ns  ((TSJ^2 + TIJ^2)^1/2 + DJ) / 2 + PE
    Total System Jitter     (TSJ):    0.050ns
    Total Input Jitter      (TIJ):    0.000ns
    Discrete Jitter          (DJ):    0.000ns
    Phase Error              (PE):    0.000ns

    Location             Delay type                Incr(ns)  Path(ns)    Netlist Resource(s)
  -------------------------------------------------------------------    -------------------
                         (clock sys_clk_pin rise edge)
                                                      0.000     0.000 r  
    W5                                                0.000     0.000 r  clock_in (IN)
                         net (fo=0)                   0.000     0.000    clock_in
    W5                   IBUF (Prop_ibuf_I_O)         0.226     0.226 r  clock_in_IBUF_inst/O
                         net (fo=1, routed)           0.631     0.858    clock_in_IBUF
    BUFGCTRL_X0Y0        BUFG (Prop_bufg_I_O)         0.026     0.884 r  clock_in_IBUF_BUFG_inst/O
                         net (fo=8720, routed)        0.552     1.435    sevenseg/clock_in_IBUF_BUFG
    SLICE_X35Y22         FDRE                                         r  sevenseg/a_to_g_reg[1]/C
  -------------------------------------------------------------------    -------------------
    SLICE_X35Y22         FDRE (Prop_fdre_C_Q)         0.141     1.576 r  sevenseg/a_to_g_reg[1]/Q
                         net (fo=1, routed)           0.867     2.444    a_to_g_OBUF[1]
    W6                   OBUF (Prop_obuf_I_O)         1.230     3.674 r  a_to_g_OBUF[1]_inst/O
                         net (fo=0)                   0.000     3.674    a_to_g[1]
    W6                                                                r  a_to_g[1] (OUT)
  -------------------------------------------------------------------    -------------------

Slack:                    inf
  Source:                 sevenseg/a_to_g_reg[0]/C
                            (rising edge-triggered cell FDRE clocked by sys_clk_pin  {rise@0.000ns fall@5.000ns period=10.000ns})
  Destination:            a_to_g[0]
                            (output port)
  Path Group:             (none)
  Path Type:              Min at Fast Process Corner
  Data Path Delay:        2.239ns  (logic 1.353ns (60.411%)  route 0.887ns (39.589%))
  Logic Levels:           1  (OBUF=1)
  Clock Uncertainty:      0.025ns  ((TSJ^2 + TIJ^2)^1/2 + DJ) / 2 + PE
    Total System Jitter     (TSJ):    0.050ns
    Total Input Jitter      (TIJ):    0.000ns
    Discrete Jitter          (DJ):    0.000ns
    Phase Error              (PE):    0.000ns

    Location             Delay type                Incr(ns)  Path(ns)    Netlist Resource(s)
  -------------------------------------------------------------------    -------------------
                         (clock sys_clk_pin rise edge)
                                                      0.000     0.000 r  
    W5                                                0.000     0.000 r  clock_in (IN)
                         net (fo=0)                   0.000     0.000    clock_in
    W5                   IBUF (Prop_ibuf_I_O)         0.226     0.226 r  clock_in_IBUF_inst/O
                         net (fo=1, routed)           0.631     0.858    clock_in_IBUF
    BUFGCTRL_X0Y0        BUFG (Prop_bufg_I_O)         0.026     0.884 r  clock_in_IBUF_BUFG_inst/O
                         net (fo=8720, routed)        0.552     1.435    sevenseg/clock_in_IBUF_BUFG
    SLICE_X35Y22         FDRE                                         r  sevenseg/a_to_g_reg[0]/C
  -------------------------------------------------------------------    -------------------
    SLICE_X35Y22         FDRE (Prop_fdre_C_Q)         0.141     1.576 r  sevenseg/a_to_g_reg[0]/Q
                         net (fo=1, routed)           0.887     2.463    a_to_g_OBUF[0]
    W7                   OBUF (Prop_obuf_I_O)         1.212     3.674 r  a_to_g_OBUF[0]_inst/O
                         net (fo=0)                   0.000     3.674    a_to_g[0]
    W7                                                                r  a_to_g[0] (OUT)
  -------------------------------------------------------------------    -------------------

Slack:                    inf
  Source:                 sevenseg/a_to_g_reg[5]/C
                            (rising edge-triggered cell FDRE clocked by sys_clk_pin  {rise@0.000ns fall@5.000ns period=10.000ns})
  Destination:            a_to_g[5]
                            (output port)
  Path Group:             (none)
  Path Type:              Min at Fast Process Corner
  Data Path Delay:        2.268ns  (logic 1.347ns (59.366%)  route 0.922ns (40.634%))
  Logic Levels:           1  (OBUF=1)
  Clock Uncertainty:      0.025ns  ((TSJ^2 + TIJ^2)^1/2 + DJ) / 2 + PE
    Total System Jitter     (TSJ):    0.050ns
    Total Input Jitter      (TIJ):    0.000ns
    Discrete Jitter          (DJ):    0.000ns
    Phase Error              (PE):    0.000ns

    Location             Delay type                Incr(ns)  Path(ns)    Netlist Resource(s)
  -------------------------------------------------------------------    -------------------
                         (clock sys_clk_pin rise edge)
                                                      0.000     0.000 r  
    W5                                                0.000     0.000 r  clock_in (IN)
                         net (fo=0)                   0.000     0.000    clock_in
    W5                   IBUF (Prop_ibuf_I_O)         0.226     0.226 r  clock_in_IBUF_inst/O
                         net (fo=1, routed)           0.631     0.858    clock_in_IBUF
    BUFGCTRL_X0Y0        BUFG (Prop_bufg_I_O)         0.026     0.884 r  clock_in_IBUF_BUFG_inst/O
                         net (fo=8720, routed)        0.553     1.436    sevenseg/clock_in_IBUF_BUFG
    SLICE_X35Y20         FDRE                                         r  sevenseg/a_to_g_reg[5]/C
  -------------------------------------------------------------------    -------------------
    SLICE_X35Y20         FDRE (Prop_fdre_C_Q)         0.141     1.577 r  sevenseg/a_to_g_reg[5]/Q
                         net (fo=1, routed)           0.922     2.499    a_to_g_OBUF[5]
    V5                   OBUF (Prop_obuf_I_O)         1.206     3.704 r  a_to_g_OBUF[5]_inst/O
                         net (fo=0)                   0.000     3.704    a_to_g[5]
    V5                                                                r  a_to_g[5] (OUT)
  -------------------------------------------------------------------    -------------------

Slack:                    inf
  Source:                 sevenseg/a_to_g_reg[3]/C
                            (rising edge-triggered cell FDRE clocked by sys_clk_pin  {rise@0.000ns fall@5.000ns period=10.000ns})
  Destination:            a_to_g[3]
                            (output port)
  Path Group:             (none)
  Path Type:              Min at Fast Process Corner
  Data Path Delay:        2.273ns  (logic 1.377ns (60.602%)  route 0.895ns (39.398%))
  Logic Levels:           1  (OBUF=1)
  Clock Uncertainty:      0.025ns  ((TSJ^2 + TIJ^2)^1/2 + DJ) / 2 + PE
    Total System Jitter     (TSJ):    0.050ns
    Total Input Jitter      (TIJ):    0.000ns
    Discrete Jitter          (DJ):    0.000ns
    Phase Error              (PE):    0.000ns

    Location             Delay type                Incr(ns)  Path(ns)    Netlist Resource(s)
  -------------------------------------------------------------------    -------------------
                         (clock sys_clk_pin rise edge)
                                                      0.000     0.000 r  
    W5                                                0.000     0.000 r  clock_in (IN)
                         net (fo=0)                   0.000     0.000    clock_in
    W5                   IBUF (Prop_ibuf_I_O)         0.226     0.226 r  clock_in_IBUF_inst/O
                         net (fo=1, routed)           0.631     0.858    clock_in_IBUF
    BUFGCTRL_X0Y0        BUFG (Prop_bufg_I_O)         0.026     0.884 r  clock_in_IBUF_BUFG_inst/O
                         net (fo=8720, routed)        0.552     1.435    sevenseg/clock_in_IBUF_BUFG
    SLICE_X35Y21         FDRE                                         r  sevenseg/a_to_g_reg[3]/C
  -------------------------------------------------------------------    -------------------
    SLICE_X35Y21         FDRE (Prop_fdre_C_Q)         0.141     1.576 r  sevenseg/a_to_g_reg[3]/Q
                         net (fo=1, routed)           0.895     2.472    a_to_g_OBUF[3]
    V8                   OBUF (Prop_obuf_I_O)         1.236     3.708 r  a_to_g_OBUF[3]_inst/O
                         net (fo=0)                   0.000     3.708    a_to_g[3]
    V8                                                                r  a_to_g[3] (OUT)
  -------------------------------------------------------------------    -------------------

Slack:                    inf
  Source:                 sevenseg/a_to_g_reg[6]/C
                            (rising edge-triggered cell FDRE clocked by sys_clk_pin  {rise@0.000ns fall@5.000ns period=10.000ns})
  Destination:            a_to_g[6]
                            (output port)
  Path Group:             (none)
  Path Type:              Min at Fast Process Corner
  Data Path Delay:        2.280ns  (logic 1.396ns (61.245%)  route 0.884ns (38.755%))
  Logic Levels:           1  (OBUF=1)
  Clock Uncertainty:      0.025ns  ((TSJ^2 + TIJ^2)^1/2 + DJ) / 2 + PE
    Total System Jitter     (TSJ):    0.050ns
    Total Input Jitter      (TIJ):    0.000ns
    Discrete Jitter          (DJ):    0.000ns
    Phase Error              (PE):    0.000ns

    Location             Delay type                Incr(ns)  Path(ns)    Netlist Resource(s)
  -------------------------------------------------------------------    -------------------
                         (clock sys_clk_pin rise edge)
                                                      0.000     0.000 r  
    W5                                                0.000     0.000 r  clock_in (IN)
                         net (fo=0)                   0.000     0.000    clock_in
    W5                   IBUF (Prop_ibuf_I_O)         0.226     0.226 r  clock_in_IBUF_inst/O
                         net (fo=1, routed)           0.631     0.858    clock_in_IBUF
    BUFGCTRL_X0Y0        BUFG (Prop_bufg_I_O)         0.026     0.884 r  clock_in_IBUF_BUFG_inst/O
                         net (fo=8720, routed)        0.553     1.436    sevenseg/clock_in_IBUF_BUFG
    SLICE_X34Y20         FDRE                                         r  sevenseg/a_to_g_reg[6]/C
  -------------------------------------------------------------------    -------------------
    SLICE_X34Y20         FDRE (Prop_fdre_C_Q)         0.164     1.600 r  sevenseg/a_to_g_reg[6]/Q
                         net (fo=1, routed)           0.884     2.484    a_to_g_OBUF[6]
    U7                   OBUF (Prop_obuf_I_O)         1.232     3.716 r  a_to_g_OBUF[6]_inst/O
                         net (fo=0)                   0.000     3.716    a_to_g[6]
    U7                                                                r  a_to_g[6] (OUT)
  -------------------------------------------------------------------    -------------------

Slack:                    inf
  Source:                 ctl/adcdone_reg/C
                            (rising edge-triggered cell FDRE clocked by sys_clk_pin  {rise@0.000ns fall@5.000ns period=10.000ns})
  Destination:            adcdone
                            (output port)
  Path Group:             (none)
  Path Type:              Min at Fast Process Corner
  Data Path Delay:        2.360ns  (logic 1.346ns (57.054%)  route 1.013ns (42.946%))
  Logic Levels:           1  (OBUF=1)
  Clock Uncertainty:      0.025ns  ((TSJ^2 + TIJ^2)^1/2 + DJ) / 2 + PE
    Total System Jitter     (TSJ):    0.050ns
    Total Input Jitter      (TIJ):    0.000ns
    Discrete Jitter          (DJ):    0.000ns
    Phase Error              (PE):    0.000ns

    Location             Delay type                Incr(ns)  Path(ns)    Netlist Resource(s)
  -------------------------------------------------------------------    -------------------
                         (clock sys_clk_pin rise edge)
                                                      0.000     0.000 r  
    W5                                                0.000     0.000 r  clock_in (IN)
                         net (fo=0)                   0.000     0.000    clock_in
    W5                   IBUF (Prop_ibuf_I_O)         0.226     0.226 r  clock_in_IBUF_inst/O
                         net (fo=1, routed)           0.631     0.858    clock_in_IBUF
    BUFGCTRL_X0Y0        BUFG (Prop_bufg_I_O)         0.026     0.884 r  clock_in_IBUF_BUFG_inst/O
                         net (fo=8720, routed)        0.553     1.436    ctl/clock_in_IBUF_BUFG
    SLICE_X33Y21         FDRE                                         r  ctl/adcdone_reg/C
  -------------------------------------------------------------------    -------------------
    SLICE_X33Y21         FDRE (Prop_fdre_C_Q)         0.141     1.577 r  ctl/adcdone_reg/Q
                         net (fo=1, routed)           1.013     2.590    adcdone_OBUF
    V13                  OBUF (Prop_obuf_I_O)         1.205     3.796 r  adcdone_OBUF_inst/O
                         net (fo=0)                   0.000     3.796    adcdone
    V13                                                               r  adcdone (OUT)
  -------------------------------------------------------------------    -------------------

Slack:                    inf
  Source:                 ctl/adcbusy_reg/C
                            (rising edge-triggered cell FDRE clocked by sys_clk_pin  {rise@0.000ns fall@5.000ns period=10.000ns})
  Destination:            adcbusy
                            (output port)
  Path Group:             (none)
  Path Type:              Min at Fast Process Corner
  Data Path Delay:        2.369ns  (logic 1.384ns (58.425%)  route 0.985ns (41.575%))
  Logic Levels:           1  (OBUF=1)
  Clock Uncertainty:      0.025ns  ((TSJ^2 + TIJ^2)^1/2 + DJ) / 2 + PE
    Total System Jitter     (TSJ):    0.050ns
    Total Input Jitter      (TIJ):    0.000ns
    Discrete Jitter          (DJ):    0.000ns
    Phase Error              (PE):    0.000ns

    Location             Delay type                Incr(ns)  Path(ns)    Netlist Resource(s)
  -------------------------------------------------------------------    -------------------
                         (clock sys_clk_pin rise edge)
                                                      0.000     0.000 r  
    W5                                                0.000     0.000 r  clock_in (IN)
                         net (fo=0)                   0.000     0.000    clock_in
    W5                   IBUF (Prop_ibuf_I_O)         0.226     0.226 r  clock_in_IBUF_inst/O
                         net (fo=1, routed)           0.631     0.858    clock_in_IBUF
    BUFGCTRL_X0Y0        BUFG (Prop_bufg_I_O)         0.026     0.884 r  clock_in_IBUF_BUFG_inst/O
                         net (fo=8720, routed)        0.553     1.436    ctl/clock_in_IBUF_BUFG
    SLICE_X33Y21         FDRE                                         r  ctl/adcbusy_reg/C
  -------------------------------------------------------------------    -------------------
    SLICE_X33Y21         FDRE (Prop_fdre_C_Q)         0.128     1.564 r  ctl/adcbusy_reg/Q
                         net (fo=1, routed)           0.985     2.549    adcbusy_OBUF
    V14                  OBUF (Prop_obuf_I_O)         1.256     3.805 r  adcbusy_OBUF_inst/O
                         net (fo=0)                   0.000     3.805    adcbusy
    V14                                                               r  adcbusy (OUT)
  -------------------------------------------------------------------    -------------------

Slack:                    inf
  Source:                 ctl/ready_out_reg/C
                            (rising edge-triggered cell FDSE clocked by sys_clk_pin  {rise@0.000ns fall@5.000ns period=10.000ns})
  Destination:            ready_out
                            (output port)
  Path Group:             (none)
  Path Type:              Min at Fast Process Corner
  Data Path Delay:        2.456ns  (logic 1.348ns (54.908%)  route 1.107ns (45.092%))
  Logic Levels:           1  (OBUF=1)
  Clock Uncertainty:      0.025ns  ((TSJ^2 + TIJ^2)^1/2 + DJ) / 2 + PE
    Total System Jitter     (TSJ):    0.050ns
    Total Input Jitter      (TIJ):    0.000ns
    Discrete Jitter          (DJ):    0.000ns
    Phase Error              (PE):    0.000ns

    Location             Delay type                Incr(ns)  Path(ns)    Netlist Resource(s)
  -------------------------------------------------------------------    -------------------
                         (clock sys_clk_pin rise edge)
                                                      0.000     0.000 r  
    W5                                                0.000     0.000 r  clock_in (IN)
                         net (fo=0)                   0.000     0.000    clock_in
    W5                   IBUF (Prop_ibuf_I_O)         0.226     0.226 r  clock_in_IBUF_inst/O
                         net (fo=1, routed)           0.631     0.858    clock_in_IBUF
    BUFGCTRL_X0Y0        BUFG (Prop_bufg_I_O)         0.026     0.884 r  clock_in_IBUF_BUFG_inst/O
                         net (fo=8720, routed)        0.551     1.434    ctl/clock_in_IBUF_BUFG
    SLICE_X33Y23         FDSE                                         r  ctl/ready_out_reg/C
  -------------------------------------------------------------------    -------------------
    SLICE_X33Y23         FDSE (Prop_fdse_C_Q)         0.141     1.575 r  ctl/ready_out_reg/Q
                         net (fo=3, routed)           1.107     2.682    ready_out_OBUF
    U14                  OBUF (Prop_obuf_I_O)         1.207     3.890 r  ready_out_OBUF_inst/O
                         net (fo=0)                   0.000     3.890    ready_out
    U14                                                               r  ready_out (OUT)
  -------------------------------------------------------------------    -------------------

Slack:                    inf
  Source:                 compc/flush_done_reg_reg/C
                            (rising edge-triggered cell FDRE clocked by sys_clk_pin  {rise@0.000ns fall@5.000ns period=10.000ns})
  Destination:            flush_done
                            (output port)
  Path Group:             (none)
  Path Type:              Min at Fast Process Corner
  Data Path Delay:        2.784ns  (logic 1.350ns (48.509%)  route 1.433ns (51.491%))
  Logic Levels:           1  (OBUF=1)
  Clock Uncertainty:      0.025ns  ((TSJ^2 + TIJ^2)^1/2 + DJ) / 2 + PE
    Total System Jitter     (TSJ):    0.050ns
    Total Input Jitter      (TIJ):    0.000ns
    Discrete Jitter          (DJ):    0.000ns
    Phase Error              (PE):    0.000ns

    Location             Delay type                Incr(ns)  Path(ns)    Netlist Resource(s)
  -------------------------------------------------------------------    -------------------
                         (clock sys_clk_pin rise edge)
                                                      0.000     0.000 r  
    W5                                                0.000     0.000 r  clock_in (IN)
                         net (fo=0)                   0.000     0.000    clock_in
    W5                   IBUF (Prop_ibuf_I_O)         0.226     0.226 r  clock_in_IBUF_inst/O
                         net (fo=1, routed)           0.631     0.858    clock_in_IBUF
    BUFGCTRL_X0Y0        BUFG (Prop_bufg_I_O)         0.026     0.884 r  clock_in_IBUF_BUFG_inst/O
                         net (fo=8720, routed)        0.564     1.447    compc/clock_in_IBUF_BUFG
    SLICE_X15Y10         FDRE                                         r  compc/flush_done_reg_reg/C
  -------------------------------------------------------------------    -------------------
    SLICE_X15Y10         FDRE (Prop_fdre_C_Q)         0.141     1.588 r  compc/flush_done_reg_reg/Q
                         net (fo=1, routed)           1.433     3.021    flush_done_OBUF
    V3                   OBUF (Prop_obuf_I_O)         1.209     4.231 r  flush_done_OBUF_inst/O
                         net (fo=0)                   0.000     4.231    flush_done
    V3                                                                r  flush_done (OUT)
  -------------------------------------------------------------------    -------------------

Slack:                    inf
  Source:                 debugc/txd_reg_reg/C
                            (rising edge-triggered cell FDSE clocked by sys_clk_pin  {rise@0.000ns fall@5.000ns period=10.000ns})
  Destination:            txd_out
                            (output port)
  Path Group:             (none)
  Path Type:              Min at Fast Process Corner
  Data Path Delay:        3.071ns  (logic 1.360ns (44.272%)  route 1.712ns (55.728%))
  Logic Levels:           1  (OBUF=1)
  Clock Uncertainty:      0.025ns  ((TSJ^2 + TIJ^2)^1/2 + DJ) / 2 + PE
    Total System Jitter     (TSJ):    0.050ns
    Total Input Jitter      (TIJ):    0.000ns
    Discrete Jitter          (DJ):    0.000ns
    Phase Error              (PE):    0.000ns

    Location             Delay type                Incr(ns)  Path(ns)    Netlist Resource(s)
  -------------------------------------------------------------------    -------------------
                         (clock sys_clk_pin rise edge)
                                                      0.000     0.000 r  
    W5                                                0.000     0.000 r  clock_in (IN)
                         net (fo=0)                   0.000     0.000    clock_in
    W5                   IBUF (Prop_ibuf_I_O)         0.226     0.226 r  clock_in_IBUF_inst/O
                         net (fo=1, routed)           0.631     0.858    clock_in_IBUF
    BUFGCTRL_X0Y0        BUFG (Prop_bufg_I_O)         0.026     0.884 r  clock_in_IBUF_BUFG_inst/O
                         net (fo=8720, routed)        0.551     1.434    debugc/clock_in_IBUF_BUFG
    SLICE_X40Y26         FDSE                                         r  debugc/txd_reg_reg/C
  -------------------------------------------------------------------    -------------------
    SLICE_X40Y26         FDSE (Prop_fdse_C_Q)         0.141     1.575 r  debugc/txd_reg_reg/Q
                         net (fo=1, routed)           1.712     3.287    txd_out_OBUF
    A18                  OBUF (Prop_obuf_I_O)         1.219     4.506 r  txd_out_OBUF_inst/O
                         net (fo=0)                   0.000     4.506    txd_out
    A18                                                               r  txd_out (OUT)
  -------------------------------------------------------------------    -------------------





--------------------------------------------------------------------------------------
Path Group:  (none)
From Clock:  
  To Clock:  sys_clk_pin

Max Delay          6586 Endpoints
Min Delay          6586 Endpoints
--------------------------------------------------------------------------------------


Max Delay Paths
--------------------------------------------------------------------------------------
Slack:                    inf
  Source:                 reset_in
                            (input port)
  Destination:            compc/energy_by_frame_reg[50][56]/R
                            (rising edge-triggered cell FDRE clocked by sys_clk_pin  {rise@0.000ns fall@5.000ns period=10.000ns})
  Path Group:             (none)
  Path Type:              Setup (Max at Slow Process Corner)
  Data Path Delay:        10.357ns  (logic 1.565ns (15.114%)  route 8.792ns (84.886%))
  Logic Levels:           2  (IBUF=1 LUT2=1)
  Clock Path Skew:        4.764ns (DCD - SCD + CPR)
    Destination Clock Delay (DCD):    4.764ns
    Source Clock Delay      (SCD):    0.000ns
    Clock Pessimism Removal (CPR):    0.000ns
  Clock Uncertainty:      0.025ns  ((TSJ^2 + TIJ^2)^1/2 + DJ) / 2 + PE
    Total System Jitter     (TSJ):    0.050ns
    Total Input Jitter      (TIJ):    0.000ns
    Discrete Jitter          (DJ):    0.000ns
    Phase Error              (PE):    0.000ns

    Location             Delay type                Incr(ns)  Path(ns)    Netlist Resource(s)
  -------------------------------------------------------------------    -------------------
    U18                                               0.000     0.000 r  reset_in (IN)
                         net (fo=0)                   0.000     0.000    reset_in
    U18                  IBUF (Prop_ibuf_I_O)         1.441     1.441 r  reset_in_IBUF_inst/O
                         net (fo=1198, routed)        3.563     5.005    compc/SR[0]
    SLICE_X32Y14         LUT2 (Prop_lut2_I0_O)        0.124     5.129 r  compc/FSM_sequential_state[4]_i_1/O
                         net (fo=5291, routed)        5.228    10.357    compc/FSM_sequential_state[4]_i_1_n_0
    SLICE_X28Y77         FDRE                                         r  compc/energy_by_frame_reg[50][56]/R
  -------------------------------------------------------------------    -------------------

                         (clock sys_clk_pin rise edge)
                                                      0.000     0.000 r  
    W5                                                0.000     0.000 r  clock_in (IN)
                         net (fo=0)                   0.000     0.000    clock_in
    W5                   IBUF (Prop_ibuf_I_O)         1.388     1.388 r  clock_in_IBUF_inst/O
                         net (fo=1, routed)           1.862     3.250    clock_in_IBUF
    BUFGCTRL_X0Y0        BUFG (Prop_bufg_I_O)         0.091     3.341 r  clock_in_IBUF_BUFG_inst/O
                         net (fo=8720, routed)        1.423     4.764    compc/clock_in_IBUF_BUFG
    SLICE_X28Y77         FDRE                                         r  compc/energy_by_frame_reg[50][56]/C

Slack:                    inf
  Source:                 reset_in
                            (input port)
  Destination:            compc/energy_by_frame_reg[50][58]/R
                            (rising edge-triggered cell FDRE clocked by sys_clk_pin  {rise@0.000ns fall@5.000ns period=10.000ns})
  Path Group:             (none)
  Path Type:              Setup (Max at Slow Process Corner)
  Data Path Delay:        10.357ns  (logic 1.565ns (15.114%)  route 8.792ns (84.886%))
  Logic Levels:           2  (IBUF=1 LUT2=1)
  Clock Path Skew:        4.764ns (DCD - SCD + CPR)
    Destination Clock Delay (DCD):    4.764ns
    Source Clock Delay      (SCD):    0.000ns
    Clock Pessimism Removal (CPR):    0.000ns
  Clock Uncertainty:      0.025ns  ((TSJ^2 + TIJ^2)^1/2 + DJ) / 2 + PE
    Total System Jitter     (TSJ):    0.050ns
    Total Input Jitter      (TIJ):    0.000ns
    Discrete Jitter          (DJ):    0.000ns
    Phase Error              (PE):    0.000ns

    Location             Delay type                Incr(ns)  Path(ns)    Netlist Resource(s)
  -------------------------------------------------------------------    -------------------
    U18                                               0.000     0.000 r  reset_in (IN)
                         net (fo=0)                   0.000     0.000    reset_in
    U18                  IBUF (Prop_ibuf_I_O)         1.441     1.441 r  reset_in_IBUF_inst/O
                         net (fo=1198, routed)        3.563     5.005    compc/SR[0]
    SLICE_X32Y14         LUT2 (Prop_lut2_I0_O)        0.124     5.129 r  compc/FSM_sequential_state[4]_i_1/O
                         net (fo=5291, routed)        5.228    10.357    compc/FSM_sequential_state[4]_i_1_n_0
    SLICE_X28Y77         FDRE                                         r  compc/energy_by_frame_reg[50][58]/R
  -------------------------------------------------------------------    -------------------

                         (clock sys_clk_pin rise edge)
                                                      0.000     0.000 r  
    W5                                                0.000     0.000 r  clock_in (IN)
                         net (fo=0)                   0.000     0.000    clock_in
    W5                   IBUF (Prop_ibuf_I_O)         1.388     1.388 r  clock_in_IBUF_inst/O
                         net (fo=1, routed)           1.862     3.250    clock_in_IBUF
    BUFGCTRL_X0Y0        BUFG (Prop_bufg_I_O)         0.091     3.341 r  clock_in_IBUF_BUFG_inst/O
                         net (fo=8720, routed)        1.423     4.764    compc/clock_in_IBUF_BUFG
    SLICE_X28Y77         FDRE                                         r  compc/energy_by_frame_reg[50][58]/C

Slack:                    inf
  Source:                 reset_in
                            (input port)
  Destination:            compc/energy_by_frame_reg[50][59]/R
                            (rising edge-triggered cell FDRE clocked by sys_clk_pin  {rise@0.000ns fall@5.000ns period=10.000ns})
  Path Group:             (none)
  Path Type:              Setup (Max at Slow Process Corner)
  Data Path Delay:        10.357ns  (logic 1.565ns (15.114%)  route 8.792ns (84.886%))
  Logic Levels:           2  (IBUF=1 LUT2=1)
  Clock Path Skew:        4.764ns (DCD - SCD + CPR)
    Destination Clock Delay (DCD):    4.764ns
    Source Clock Delay      (SCD):    0.000ns
    Clock Pessimism Removal (CPR):    0.000ns
  Clock Uncertainty:      0.025ns  ((TSJ^2 + TIJ^2)^1/2 + DJ) / 2 + PE
    Total System Jitter     (TSJ):    0.050ns
    Total Input Jitter      (TIJ):    0.000ns
    Discrete Jitter          (DJ):    0.000ns
    Phase Error              (PE):    0.000ns

    Location             Delay type                Incr(ns)  Path(ns)    Netlist Resource(s)
  -------------------------------------------------------------------    -------------------
    U18                                               0.000     0.000 r  reset_in (IN)
                         net (fo=0)                   0.000     0.000    reset_in
    U18                  IBUF (Prop_ibuf_I_O)         1.441     1.441 r  reset_in_IBUF_inst/O
                         net (fo=1198, routed)        3.563     5.005    compc/SR[0]
    SLICE_X32Y14         LUT2 (Prop_lut2_I0_O)        0.124     5.129 r  compc/FSM_sequential_state[4]_i_1/O
                         net (fo=5291, routed)        5.228    10.357    compc/FSM_sequential_state[4]_i_1_n_0
    SLICE_X28Y77         FDRE                                         r  compc/energy_by_frame_reg[50][59]/R
  -------------------------------------------------------------------    -------------------

                         (clock sys_clk_pin rise edge)
                                                      0.000     0.000 r  
    W5                                                0.000     0.000 r  clock_in (IN)
                         net (fo=0)                   0.000     0.000    clock_in
    W5                   IBUF (Prop_ibuf_I_O)         1.388     1.388 r  clock_in_IBUF_inst/O
                         net (fo=1, routed)           1.862     3.250    clock_in_IBUF
    BUFGCTRL_X0Y0        BUFG (Prop_bufg_I_O)         0.091     3.341 r  clock_in_IBUF_BUFG_inst/O
                         net (fo=8720, routed)        1.423     4.764    compc/clock_in_IBUF_BUFG
    SLICE_X28Y77         FDRE                                         r  compc/energy_by_frame_reg[50][59]/C

Slack:                    inf
  Source:                 reset_in
                            (input port)
  Destination:            compc/energy_by_frame_reg[50][57]/R
                            (rising edge-triggered cell FDRE clocked by sys_clk_pin  {rise@0.000ns fall@5.000ns period=10.000ns})
  Path Group:             (none)
  Path Type:              Setup (Max at Slow Process Corner)
  Data Path Delay:        10.353ns  (logic 1.565ns (15.120%)  route 8.787ns (84.880%))
  Logic Levels:           2  (IBUF=1 LUT2=1)
  Clock Path Skew:        4.764ns (DCD - SCD + CPR)
    Destination Clock Delay (DCD):    4.764ns
    Source Clock Delay      (SCD):    0.000ns
    Clock Pessimism Removal (CPR):    0.000ns
  Clock Uncertainty:      0.025ns  ((TSJ^2 + TIJ^2)^1/2 + DJ) / 2 + PE
    Total System Jitter     (TSJ):    0.050ns
    Total Input Jitter      (TIJ):    0.000ns
    Discrete Jitter          (DJ):    0.000ns
    Phase Error              (PE):    0.000ns

    Location             Delay type                Incr(ns)  Path(ns)    Netlist Resource(s)
  -------------------------------------------------------------------    -------------------
    U18                                               0.000     0.000 r  reset_in (IN)
                         net (fo=0)                   0.000     0.000    reset_in
    U18                  IBUF (Prop_ibuf_I_O)         1.441     1.441 r  reset_in_IBUF_inst/O
                         net (fo=1198, routed)        3.563     5.005    compc/SR[0]
    SLICE_X32Y14         LUT2 (Prop_lut2_I0_O)        0.124     5.129 r  compc/FSM_sequential_state[4]_i_1/O
                         net (fo=5291, routed)        5.224    10.353    compc/FSM_sequential_state[4]_i_1_n_0
    SLICE_X29Y77         FDRE                                         r  compc/energy_by_frame_reg[50][57]/R
  -------------------------------------------------------------------    -------------------

                         (clock sys_clk_pin rise edge)
                                                      0.000     0.000 r  
    W5                                                0.000     0.000 r  clock_in (IN)
                         net (fo=0)                   0.000     0.000    clock_in
    W5                   IBUF (Prop_ibuf_I_O)         1.388     1.388 r  clock_in_IBUF_inst/O
                         net (fo=1, routed)           1.862     3.250    clock_in_IBUF
    BUFGCTRL_X0Y0        BUFG (Prop_bufg_I_O)         0.091     3.341 r  clock_in_IBUF_BUFG_inst/O
                         net (fo=8720, routed)        1.423     4.764    compc/clock_in_IBUF_BUFG
    SLICE_X29Y77         FDRE                                         r  compc/energy_by_frame_reg[50][57]/C

Slack:                    inf
  Source:                 reset_in
                            (input port)
  Destination:            compc/energy_by_frame_reg[50][60]/R
                            (rising edge-triggered cell FDRE clocked by sys_clk_pin  {rise@0.000ns fall@5.000ns period=10.000ns})
  Path Group:             (none)
  Path Type:              Setup (Max at Slow Process Corner)
  Data Path Delay:        10.353ns  (logic 1.565ns (15.120%)  route 8.787ns (84.880%))
  Logic Levels:           2  (IBUF=1 LUT2=1)
  Clock Path Skew:        4.764ns (DCD - SCD + CPR)
    Destination Clock Delay (DCD):    4.764ns
    Source Clock Delay      (SCD):    0.000ns
    Clock Pessimism Removal (CPR):    0.000ns
  Clock Uncertainty:      0.025ns  ((TSJ^2 + TIJ^2)^1/2 + DJ) / 2 + PE
    Total System Jitter     (TSJ):    0.050ns
    Total Input Jitter      (TIJ):    0.000ns
    Discrete Jitter          (DJ):    0.000ns
    Phase Error              (PE):    0.000ns

    Location             Delay type                Incr(ns)  Path(ns)    Netlist Resource(s)
  -------------------------------------------------------------------    -------------------
    U18                                               0.000     0.000 r  reset_in (IN)
                         net (fo=0)                   0.000     0.000    reset_in
    U18                  IBUF (Prop_ibuf_I_O)         1.441     1.441 r  reset_in_IBUF_inst/O
                         net (fo=1198, routed)        3.563     5.005    compc/SR[0]
    SLICE_X32Y14         LUT2 (Prop_lut2_I0_O)        0.124     5.129 r  compc/FSM_sequential_state[4]_i_1/O
                         net (fo=5291, routed)        5.224    10.353    compc/FSM_sequential_state[4]_i_1_n_0
    SLICE_X29Y77         FDRE                                         r  compc/energy_by_frame_reg[50][60]/R
  -------------------------------------------------------------------    -------------------

                         (clock sys_clk_pin rise edge)
                                                      0.000     0.000 r  
    W5                                                0.000     0.000 r  clock_in (IN)
                         net (fo=0)                   0.000     0.000    clock_in
    W5                   IBUF (Prop_ibuf_I_O)         1.388     1.388 r  clock_in_IBUF_inst/O
                         net (fo=1, routed)           1.862     3.250    clock_in_IBUF
    BUFGCTRL_X0Y0        BUFG (Prop_bufg_I_O)         0.091     3.341 r  clock_in_IBUF_BUFG_inst/O
                         net (fo=8720, routed)        1.423     4.764    compc/clock_in_IBUF_BUFG
    SLICE_X29Y77         FDRE                                         r  compc/energy_by_frame_reg[50][60]/C

Slack:                    inf
  Source:                 reset_in
                            (input port)
  Destination:            compc/energy_by_frame_reg[50][61]/R
                            (rising edge-triggered cell FDRE clocked by sys_clk_pin  {rise@0.000ns fall@5.000ns period=10.000ns})
  Path Group:             (none)
  Path Type:              Setup (Max at Slow Process Corner)
  Data Path Delay:        10.353ns  (logic 1.565ns (15.120%)  route 8.787ns (84.880%))
  Logic Levels:           2  (IBUF=1 LUT2=1)
  Clock Path Skew:        4.764ns (DCD - SCD + CPR)
    Destination Clock Delay (DCD):    4.764ns
    Source Clock Delay      (SCD):    0.000ns
    Clock Pessimism Removal (CPR):    0.000ns
  Clock Uncertainty:      0.025ns  ((TSJ^2 + TIJ^2)^1/2 + DJ) / 2 + PE
    Total System Jitter     (TSJ):    0.050ns
    Total Input Jitter      (TIJ):    0.000ns
    Discrete Jitter          (DJ):    0.000ns
    Phase Error              (PE):    0.000ns

    Location             Delay type                Incr(ns)  Path(ns)    Netlist Resource(s)
  -------------------------------------------------------------------    -------------------
    U18                                               0.000     0.000 r  reset_in (IN)
                         net (fo=0)                   0.000     0.000    reset_in
    U18                  IBUF (Prop_ibuf_I_O)         1.441     1.441 r  reset_in_IBUF_inst/O
                         net (fo=1198, routed)        3.563     5.005    compc/SR[0]
    SLICE_X32Y14         LUT2 (Prop_lut2_I0_O)        0.124     5.129 r  compc/FSM_sequential_state[4]_i_1/O
                         net (fo=5291, routed)        5.224    10.353    compc/FSM_sequential_state[4]_i_1_n_0
    SLICE_X29Y77         FDRE                                         r  compc/energy_by_frame_reg[50][61]/R
  -------------------------------------------------------------------    -------------------

                         (clock sys_clk_pin rise edge)
                                                      0.000     0.000 r  
    W5                                                0.000     0.000 r  clock_in (IN)
                         net (fo=0)                   0.000     0.000    clock_in
    W5                   IBUF (Prop_ibuf_I_O)         1.388     1.388 r  clock_in_IBUF_inst/O
                         net (fo=1, routed)           1.862     3.250    clock_in_IBUF
    BUFGCTRL_X0Y0        BUFG (Prop_bufg_I_O)         0.091     3.341 r  clock_in_IBUF_BUFG_inst/O
                         net (fo=8720, routed)        1.423     4.764    compc/clock_in_IBUF_BUFG
    SLICE_X29Y77         FDRE                                         r  compc/energy_by_frame_reg[50][61]/C

Slack:                    inf
  Source:                 reset_in
                            (input port)
  Destination:            compc/energy_by_frame_reg[50][63]/R
                            (rising edge-triggered cell FDRE clocked by sys_clk_pin  {rise@0.000ns fall@5.000ns period=10.000ns})
  Path Group:             (none)
  Path Type:              Setup (Max at Slow Process Corner)
  Data Path Delay:        10.353ns  (logic 1.565ns (15.120%)  route 8.787ns (84.880%))
  Logic Levels:           2  (IBUF=1 LUT2=1)
  Clock Path Skew:        4.764ns (DCD - SCD + CPR)
    Destination Clock Delay (DCD):    4.764ns
    Source Clock Delay      (SCD):    0.000ns
    Clock Pessimism Removal (CPR):    0.000ns
  Clock Uncertainty:      0.025ns  ((TSJ^2 + TIJ^2)^1/2 + DJ) / 2 + PE
    Total System Jitter     (TSJ):    0.050ns
    Total Input Jitter      (TIJ):    0.000ns
    Discrete Jitter          (DJ):    0.000ns
    Phase Error              (PE):    0.000ns

    Location             Delay type                Incr(ns)  Path(ns)    Netlist Resource(s)
  -------------------------------------------------------------------    -------------------
    U18                                               0.000     0.000 r  reset_in (IN)
                         net (fo=0)                   0.000     0.000    reset_in
    U18                  IBUF (Prop_ibuf_I_O)         1.441     1.441 r  reset_in_IBUF_inst/O
                         net (fo=1198, routed)        3.563     5.005    compc/SR[0]
    SLICE_X32Y14         LUT2 (Prop_lut2_I0_O)        0.124     5.129 r  compc/FSM_sequential_state[4]_i_1/O
                         net (fo=5291, routed)        5.224    10.353    compc/FSM_sequential_state[4]_i_1_n_0
    SLICE_X29Y77         FDRE                                         r  compc/energy_by_frame_reg[50][63]/R
  -------------------------------------------------------------------    -------------------

                         (clock sys_clk_pin rise edge)
                                                      0.000     0.000 r  
    W5                                                0.000     0.000 r  clock_in (IN)
                         net (fo=0)                   0.000     0.000    clock_in
    W5                   IBUF (Prop_ibuf_I_O)         1.388     1.388 r  clock_in_IBUF_inst/O
                         net (fo=1, routed)           1.862     3.250    clock_in_IBUF
    BUFGCTRL_X0Y0        BUFG (Prop_bufg_I_O)         0.091     3.341 r  clock_in_IBUF_BUFG_inst/O
                         net (fo=8720, routed)        1.423     4.764    compc/clock_in_IBUF_BUFG
    SLICE_X29Y77         FDRE                                         r  compc/energy_by_frame_reg[50][63]/C

Slack:                    inf
  Source:                 reset_in
                            (input port)
  Destination:            compc/energy_by_frame_reg[4][18]/R
                            (rising edge-triggered cell FDRE clocked by sys_clk_pin  {rise@0.000ns fall@5.000ns period=10.000ns})
  Path Group:             (none)
  Path Type:              Setup (Max at Slow Process Corner)
  Data Path Delay:        10.232ns  (logic 1.565ns (15.297%)  route 8.667ns (84.703%))
  Logic Levels:           2  (IBUF=1 LUT2=1)
  Clock Path Skew:        4.771ns (DCD - SCD + CPR)
    Destination Clock Delay (DCD):    4.771ns
    Source Clock Delay      (SCD):    0.000ns
    Clock Pessimism Removal (CPR):    0.000ns
  Clock Uncertainty:      0.025ns  ((TSJ^2 + TIJ^2)^1/2 + DJ) / 2 + PE
    Total System Jitter     (TSJ):    0.050ns
    Total Input Jitter      (TIJ):    0.000ns
    Discrete Jitter          (DJ):    0.000ns
    Phase Error              (PE):    0.000ns

    Location             Delay type                Incr(ns)  Path(ns)    Netlist Resource(s)
  -------------------------------------------------------------------    -------------------
    U18                                               0.000     0.000 r  reset_in (IN)
                         net (fo=0)                   0.000     0.000    reset_in
    U18                  IBUF (Prop_ibuf_I_O)         1.441     1.441 r  reset_in_IBUF_inst/O
                         net (fo=1198, routed)        3.563     5.005    compc/SR[0]
    SLICE_X32Y14         LUT2 (Prop_lut2_I0_O)        0.124     5.129 r  compc/FSM_sequential_state[4]_i_1/O
                         net (fo=5291, routed)        5.104    10.232    compc/FSM_sequential_state[4]_i_1_n_0
    SLICE_X50Y71         FDRE                                         r  compc/energy_by_frame_reg[4][18]/R
  -------------------------------------------------------------------    -------------------

                         (clock sys_clk_pin rise edge)
                                                      0.000     0.000 r  
    W5                                                0.000     0.000 r  clock_in (IN)
                         net (fo=0)                   0.000     0.000    clock_in
    W5                   IBUF (Prop_ibuf_I_O)         1.388     1.388 r  clock_in_IBUF_inst/O
                         net (fo=1, routed)           1.862     3.250    clock_in_IBUF
    BUFGCTRL_X0Y0        BUFG (Prop_bufg_I_O)         0.091     3.341 r  clock_in_IBUF_BUFG_inst/O
                         net (fo=8720, routed)        1.430     4.771    compc/clock_in_IBUF_BUFG
    SLICE_X50Y71         FDRE                                         r  compc/energy_by_frame_reg[4][18]/C

Slack:                    inf
  Source:                 reset_in
                            (input port)
  Destination:            compc/energy_by_frame_reg[4][23]/R
                            (rising edge-triggered cell FDRE clocked by sys_clk_pin  {rise@0.000ns fall@5.000ns period=10.000ns})
  Path Group:             (none)
  Path Type:              Setup (Max at Slow Process Corner)
  Data Path Delay:        10.232ns  (logic 1.565ns (15.297%)  route 8.667ns (84.703%))
  Logic Levels:           2  (IBUF=1 LUT2=1)
  Clock Path Skew:        4.771ns (DCD - SCD + CPR)
    Destination Clock Delay (DCD):    4.771ns
    Source Clock Delay      (SCD):    0.000ns
    Clock Pessimism Removal (CPR):    0.000ns
  Clock Uncertainty:      0.025ns  ((TSJ^2 + TIJ^2)^1/2 + DJ) / 2 + PE
    Total System Jitter     (TSJ):    0.050ns
    Total Input Jitter      (TIJ):    0.000ns
    Discrete Jitter          (DJ):    0.000ns
    Phase Error              (PE):    0.000ns

    Location             Delay type                Incr(ns)  Path(ns)    Netlist Resource(s)
  -------------------------------------------------------------------    -------------------
    U18                                               0.000     0.000 r  reset_in (IN)
                         net (fo=0)                   0.000     0.000    reset_in
    U18                  IBUF (Prop_ibuf_I_O)         1.441     1.441 r  reset_in_IBUF_inst/O
                         net (fo=1198, routed)        3.563     5.005    compc/SR[0]
    SLICE_X32Y14         LUT2 (Prop_lut2_I0_O)        0.124     5.129 r  compc/FSM_sequential_state[4]_i_1/O
                         net (fo=5291, routed)        5.104    10.232    compc/FSM_sequential_state[4]_i_1_n_0
    SLICE_X50Y71         FDRE                                         r  compc/energy_by_frame_reg[4][23]/R
  -------------------------------------------------------------------    -------------------

                         (clock sys_clk_pin rise edge)
                                                      0.000     0.000 r  
    W5                                                0.000     0.000 r  clock_in (IN)
                         net (fo=0)                   0.000     0.000    clock_in
    W5                   IBUF (Prop_ibuf_I_O)         1.388     1.388 r  clock_in_IBUF_inst/O
                         net (fo=1, routed)           1.862     3.250    clock_in_IBUF
    BUFGCTRL_X0Y0        BUFG (Prop_bufg_I_O)         0.091     3.341 r  clock_in_IBUF_BUFG_inst/O
                         net (fo=8720, routed)        1.430     4.771    compc/clock_in_IBUF_BUFG
    SLICE_X50Y71         FDRE                                         r  compc/energy_by_frame_reg[4][23]/C

Slack:                    inf
  Source:                 reset_in
                            (input port)
  Destination:            compc/energy_by_frame_reg[4][29]/R
                            (rising edge-triggered cell FDRE clocked by sys_clk_pin  {rise@0.000ns fall@5.000ns period=10.000ns})
  Path Group:             (none)
  Path Type:              Setup (Max at Slow Process Corner)
  Data Path Delay:        10.232ns  (logic 1.565ns (15.297%)  route 8.667ns (84.703%))
  Logic Levels:           2  (IBUF=1 LUT2=1)
  Clock Path Skew:        4.771ns (DCD - SCD + CPR)
    Destination Clock Delay (DCD):    4.771ns
    Source Clock Delay      (SCD):    0.000ns
    Clock Pessimism Removal (CPR):    0.000ns
  Clock Uncertainty:      0.025ns  ((TSJ^2 + TIJ^2)^1/2 + DJ) / 2 + PE
    Total System Jitter     (TSJ):    0.050ns
    Total Input Jitter      (TIJ):    0.000ns
    Discrete Jitter          (DJ):    0.000ns
    Phase Error              (PE):    0.000ns

    Location             Delay type                Incr(ns)  Path(ns)    Netlist Resource(s)
  -------------------------------------------------------------------    -------------------
    U18                                               0.000     0.000 r  reset_in (IN)
                         net (fo=0)                   0.000     0.000    reset_in
    U18                  IBUF (Prop_ibuf_I_O)         1.441     1.441 r  reset_in_IBUF_inst/O
                         net (fo=1198, routed)        3.563     5.005    compc/SR[0]
    SLICE_X32Y14         LUT2 (Prop_lut2_I0_O)        0.124     5.129 r  compc/FSM_sequential_state[4]_i_1/O
                         net (fo=5291, routed)        5.104    10.232    compc/FSM_sequential_state[4]_i_1_n_0
    SLICE_X50Y71         FDRE                                         r  compc/energy_by_frame_reg[4][29]/R
  -------------------------------------------------------------------    -------------------

                         (clock sys_clk_pin rise edge)
                                                      0.000     0.000 r  
    W5                                                0.000     0.000 r  clock_in (IN)
                         net (fo=0)                   0.000     0.000    clock_in
    W5                   IBUF (Prop_ibuf_I_O)         1.388     1.388 r  clock_in_IBUF_inst/O
                         net (fo=1, routed)           1.862     3.250    clock_in_IBUF
    BUFGCTRL_X0Y0        BUFG (Prop_bufg_I_O)         0.091     3.341 r  clock_in_IBUF_BUFG_inst/O
                         net (fo=8720, routed)        1.430     4.771    compc/clock_in_IBUF_BUFG
    SLICE_X50Y71         FDRE                                         r  compc/energy_by_frame_reg[4][29]/C

Slack:                    inf
  Source:                 reset_in
                            (input port)
  Destination:            compc/energy_by_frame_reg[4][31]/R
                            (rising edge-triggered cell FDRE clocked by sys_clk_pin  {rise@0.000ns fall@5.000ns period=10.000ns})
  Path Group:             (none)
  Path Type:              Setup (Max at Slow Process Corner)
  Data Path Delay:        10.232ns  (logic 1.565ns (15.297%)  route 8.667ns (84.703%))
  Logic Levels:           2  (IBUF=1 LUT2=1)
  Clock Path Skew:        4.771ns (DCD - SCD + CPR)
    Destination Clock Delay (DCD):    4.771ns
    Source Clock Delay      (SCD):    0.000ns
    Clock Pessimism Removal (CPR):    0.000ns
  Clock Uncertainty:      0.025ns  ((TSJ^2 + TIJ^2)^1/2 + DJ) / 2 + PE
    Total System Jitter     (TSJ):    0.050ns
    Total Input Jitter      (TIJ):    0.000ns
    Discrete Jitter          (DJ):    0.000ns
    Phase Error              (PE):    0.000ns

    Location             Delay type                Incr(ns)  Path(ns)    Netlist Resource(s)
  -------------------------------------------------------------------    -------------------
    U18                                               0.000     0.000 r  reset_in (IN)
                         net (fo=0)                   0.000     0.000    reset_in
    U18                  IBUF (Prop_ibuf_I_O)         1.441     1.441 r  reset_in_IBUF_inst/O
                         net (fo=1198, routed)        3.563     5.005    compc/SR[0]
    SLICE_X32Y14         LUT2 (Prop_lut2_I0_O)        0.124     5.129 r  compc/FSM_sequential_state[4]_i_1/O
                         net (fo=5291, routed)        5.104    10.232    compc/FSM_sequential_state[4]_i_1_n_0
    SLICE_X50Y71         FDRE                                         r  compc/energy_by_frame_reg[4][31]/R
  -------------------------------------------------------------------    -------------------

                         (clock sys_clk_pin rise edge)
                                                      0.000     0.000 r  
    W5                                                0.000     0.000 r  clock_in (IN)
                         net (fo=0)                   0.000     0.000    clock_in
    W5                   IBUF (Prop_ibuf_I_O)         1.388     1.388 r  clock_in_IBUF_inst/O
                         net (fo=1, routed)           1.862     3.250    clock_in_IBUF
    BUFGCTRL_X0Y0        BUFG (Prop_bufg_I_O)         0.091     3.341 r  clock_in_IBUF_BUFG_inst/O
                         net (fo=8720, routed)        1.430     4.771    compc/clock_in_IBUF_BUFG
    SLICE_X50Y71         FDRE                                         r  compc/energy_by_frame_reg[4][31]/C

Slack:                    inf
  Source:                 reset_in
                            (input port)
  Destination:            compc/energy_by_frame_reg[4][60]/R
                            (rising edge-triggered cell FDRE clocked by sys_clk_pin  {rise@0.000ns fall@5.000ns period=10.000ns})
  Path Group:             (none)
  Path Type:              Setup (Max at Slow Process Corner)
  Data Path Delay:        10.224ns  (logic 1.565ns (15.310%)  route 8.659ns (84.690%))
  Logic Levels:           2  (IBUF=1 LUT2=1)
  Clock Path Skew:        4.765ns (DCD - SCD + CPR)
    Destination Clock Delay (DCD):    4.765ns
    Source Clock Delay      (SCD):    0.000ns
    Clock Pessimism Removal (CPR):    0.000ns
  Clock Uncertainty:      0.025ns  ((TSJ^2 + TIJ^2)^1/2 + DJ) / 2 + PE
    Total System Jitter     (TSJ):    0.050ns
    Total Input Jitter      (TIJ):    0.000ns
    Discrete Jitter          (DJ):    0.000ns
    Phase Error              (PE):    0.000ns

    Location             Delay type                Incr(ns)  Path(ns)    Netlist Resource(s)
  -------------------------------------------------------------------    -------------------
    U18                                               0.000     0.000 r  reset_in (IN)
                         net (fo=0)                   0.000     0.000    reset_in
    U18                  IBUF (Prop_ibuf_I_O)         1.441     1.441 r  reset_in_IBUF_inst/O
                         net (fo=1198, routed)        3.563     5.005    compc/SR[0]
    SLICE_X32Y14         LUT2 (Prop_lut2_I0_O)        0.124     5.129 r  compc/FSM_sequential_state[4]_i_1/O
                         net (fo=5291, routed)        5.095    10.224    compc/FSM_sequential_state[4]_i_1_n_0
    SLICE_X48Y75         FDRE                                         r  compc/energy_by_frame_reg[4][60]/R
  -------------------------------------------------------------------    -------------------

                         (clock sys_clk_pin rise edge)
                                                      0.000     0.000 r  
    W5                                                0.000     0.000 r  clock_in (IN)
                         net (fo=0)                   0.000     0.000    clock_in
    W5                   IBUF (Prop_ibuf_I_O)         1.388     1.388 r  clock_in_IBUF_inst/O
                         net (fo=1, routed)           1.862     3.250    clock_in_IBUF
    BUFGCTRL_X0Y0        BUFG (Prop_bufg_I_O)         0.091     3.341 r  clock_in_IBUF_BUFG_inst/O
                         net (fo=8720, routed)        1.424     4.765    compc/clock_in_IBUF_BUFG
    SLICE_X48Y75         FDRE                                         r  compc/energy_by_frame_reg[4][60]/C

Slack:                    inf
  Source:                 reset_in
                            (input port)
  Destination:            compc/energy_by_frame_reg[4][61]/R
                            (rising edge-triggered cell FDRE clocked by sys_clk_pin  {rise@0.000ns fall@5.000ns period=10.000ns})
  Path Group:             (none)
  Path Type:              Setup (Max at Slow Process Corner)
  Data Path Delay:        10.224ns  (logic 1.565ns (15.310%)  route 8.659ns (84.690%))
  Logic Levels:           2  (IBUF=1 LUT2=1)
  Clock Path Skew:        4.765ns (DCD - SCD + CPR)
    Destination Clock Delay (DCD):    4.765ns
    Source Clock Delay      (SCD):    0.000ns
    Clock Pessimism Removal (CPR):    0.000ns
  Clock Uncertainty:      0.025ns  ((TSJ^2 + TIJ^2)^1/2 + DJ) / 2 + PE
    Total System Jitter     (TSJ):    0.050ns
    Total Input Jitter      (TIJ):    0.000ns
    Discrete Jitter          (DJ):    0.000ns
    Phase Error              (PE):    0.000ns

    Location             Delay type                Incr(ns)  Path(ns)    Netlist Resource(s)
  -------------------------------------------------------------------    -------------------
    U18                                               0.000     0.000 r  reset_in (IN)
                         net (fo=0)                   0.000     0.000    reset_in
    U18                  IBUF (Prop_ibuf_I_O)         1.441     1.441 r  reset_in_IBUF_inst/O
                         net (fo=1198, routed)        3.563     5.005    compc/SR[0]
    SLICE_X32Y14         LUT2 (Prop_lut2_I0_O)        0.124     5.129 r  compc/FSM_sequential_state[4]_i_1/O
                         net (fo=5291, routed)        5.095    10.224    compc/FSM_sequential_state[4]_i_1_n_0
    SLICE_X48Y75         FDRE                                         r  compc/energy_by_frame_reg[4][61]/R
  -------------------------------------------------------------------    -------------------

                         (clock sys_clk_pin rise edge)
                                                      0.000     0.000 r  
    W5                                                0.000     0.000 r  clock_in (IN)
                         net (fo=0)                   0.000     0.000    clock_in
    W5                   IBUF (Prop_ibuf_I_O)         1.388     1.388 r  clock_in_IBUF_inst/O
                         net (fo=1, routed)           1.862     3.250    clock_in_IBUF
    BUFGCTRL_X0Y0        BUFG (Prop_bufg_I_O)         0.091     3.341 r  clock_in_IBUF_BUFG_inst/O
                         net (fo=8720, routed)        1.424     4.765    compc/clock_in_IBUF_BUFG
    SLICE_X48Y75         FDRE                                         r  compc/energy_by_frame_reg[4][61]/C

Slack:                    inf
  Source:                 reset_in
                            (input port)
  Destination:            compc/energy_by_frame_reg[4][62]/R
                            (rising edge-triggered cell FDRE clocked by sys_clk_pin  {rise@0.000ns fall@5.000ns period=10.000ns})
  Path Group:             (none)
  Path Type:              Setup (Max at Slow Process Corner)
  Data Path Delay:        10.224ns  (logic 1.565ns (15.310%)  route 8.659ns (84.690%))
  Logic Levels:           2  (IBUF=1 LUT2=1)
  Clock Path Skew:        4.765ns (DCD - SCD + CPR)
    Destination Clock Delay (DCD):    4.765ns
    Source Clock Delay      (SCD):    0.000ns
    Clock Pessimism Removal (CPR):    0.000ns
  Clock Uncertainty:      0.025ns  ((TSJ^2 + TIJ^2)^1/2 + DJ) / 2 + PE
    Total System Jitter     (TSJ):    0.050ns
    Total Input Jitter      (TIJ):    0.000ns
    Discrete Jitter          (DJ):    0.000ns
    Phase Error              (PE):    0.000ns

    Location             Delay type                Incr(ns)  Path(ns)    Netlist Resource(s)
  -------------------------------------------------------------------    -------------------
    U18                                               0.000     0.000 r  reset_in (IN)
                         net (fo=0)                   0.000     0.000    reset_in
    U18                  IBUF (Prop_ibuf_I_O)         1.441     1.441 r  reset_in_IBUF_inst/O
                         net (fo=1198, routed)        3.563     5.005    compc/SR[0]
    SLICE_X32Y14         LUT2 (Prop_lut2_I0_O)        0.124     5.129 r  compc/FSM_sequential_state[4]_i_1/O
                         net (fo=5291, routed)        5.095    10.224    compc/FSM_sequential_state[4]_i_1_n_0
    SLICE_X48Y75         FDRE                                         r  compc/energy_by_frame_reg[4][62]/R
  -------------------------------------------------------------------    -------------------

                         (clock sys_clk_pin rise edge)
                                                      0.000     0.000 r  
    W5                                                0.000     0.000 r  clock_in (IN)
                         net (fo=0)                   0.000     0.000    clock_in
    W5                   IBUF (Prop_ibuf_I_O)         1.388     1.388 r  clock_in_IBUF_inst/O
                         net (fo=1, routed)           1.862     3.250    clock_in_IBUF
    BUFGCTRL_X0Y0        BUFG (Prop_bufg_I_O)         0.091     3.341 r  clock_in_IBUF_BUFG_inst/O
                         net (fo=8720, routed)        1.424     4.765    compc/clock_in_IBUF_BUFG
    SLICE_X48Y75         FDRE                                         r  compc/energy_by_frame_reg[4][62]/C

Slack:                    inf
  Source:                 reset_in
                            (input port)
  Destination:            compc/energy_by_frame_reg[4][63]/R
                            (rising edge-triggered cell FDRE clocked by sys_clk_pin  {rise@0.000ns fall@5.000ns period=10.000ns})
  Path Group:             (none)
  Path Type:              Setup (Max at Slow Process Corner)
  Data Path Delay:        10.224ns  (logic 1.565ns (15.310%)  route 8.659ns (84.690%))
  Logic Levels:           2  (IBUF=1 LUT2=1)
  Clock Path Skew:        4.765ns (DCD - SCD + CPR)
    Destination Clock Delay (DCD):    4.765ns
    Source Clock Delay      (SCD):    0.000ns
    Clock Pessimism Removal (CPR):    0.000ns
  Clock Uncertainty:      0.025ns  ((TSJ^2 + TIJ^2)^1/2 + DJ) / 2 + PE
    Total System Jitter     (TSJ):    0.050ns
    Total Input Jitter      (TIJ):    0.000ns
    Discrete Jitter          (DJ):    0.000ns
    Phase Error              (PE):    0.000ns

    Location             Delay type                Incr(ns)  Path(ns)    Netlist Resource(s)
  -------------------------------------------------------------------    -------------------
    U18                                               0.000     0.000 r  reset_in (IN)
                         net (fo=0)                   0.000     0.000    reset_in
    U18                  IBUF (Prop_ibuf_I_O)         1.441     1.441 r  reset_in_IBUF_inst/O
                         net (fo=1198, routed)        3.563     5.005    compc/SR[0]
    SLICE_X32Y14         LUT2 (Prop_lut2_I0_O)        0.124     5.129 r  compc/FSM_sequential_state[4]_i_1/O
                         net (fo=5291, routed)        5.095    10.224    compc/FSM_sequential_state[4]_i_1_n_0
    SLICE_X48Y75         FDRE                                         r  compc/energy_by_frame_reg[4][63]/R
  -------------------------------------------------------------------    -------------------

                         (clock sys_clk_pin rise edge)
                                                      0.000     0.000 r  
    W5                                                0.000     0.000 r  clock_in (IN)
                         net (fo=0)                   0.000     0.000    clock_in
    W5                   IBUF (Prop_ibuf_I_O)         1.388     1.388 r  clock_in_IBUF_inst/O
                         net (fo=1, routed)           1.862     3.250    clock_in_IBUF
    BUFGCTRL_X0Y0        BUFG (Prop_bufg_I_O)         0.091     3.341 r  clock_in_IBUF_BUFG_inst/O
                         net (fo=8720, routed)        1.424     4.765    compc/clock_in_IBUF_BUFG
    SLICE_X48Y75         FDRE                                         r  compc/energy_by_frame_reg[4][63]/C

Slack:                    inf
  Source:                 reset_in
                            (input port)
  Destination:            compc/energy_by_frame_reg[4][56]/R
                            (rising edge-triggered cell FDRE clocked by sys_clk_pin  {rise@0.000ns fall@5.000ns period=10.000ns})
  Path Group:             (none)
  Path Type:              Setup (Max at Slow Process Corner)
  Data Path Delay:        10.220ns  (logic 1.565ns (15.316%)  route 8.654ns (84.684%))
  Logic Levels:           2  (IBUF=1 LUT2=1)
  Clock Path Skew:        4.765ns (DCD - SCD + CPR)
    Destination Clock Delay (DCD):    4.765ns
    Source Clock Delay      (SCD):    0.000ns
    Clock Pessimism Removal (CPR):    0.000ns
  Clock Uncertainty:      0.025ns  ((TSJ^2 + TIJ^2)^1/2 + DJ) / 2 + PE
    Total System Jitter     (TSJ):    0.050ns
    Total Input Jitter      (TIJ):    0.000ns
    Discrete Jitter          (DJ):    0.000ns
    Phase Error              (PE):    0.000ns

    Location             Delay type                Incr(ns)  Path(ns)    Netlist Resource(s)
  -------------------------------------------------------------------    -------------------
    U18                                               0.000     0.000 r  reset_in (IN)
                         net (fo=0)                   0.000     0.000    reset_in
    U18                  IBUF (Prop_ibuf_I_O)         1.441     1.441 r  reset_in_IBUF_inst/O
                         net (fo=1198, routed)        3.563     5.005    compc/SR[0]
    SLICE_X32Y14         LUT2 (Prop_lut2_I0_O)        0.124     5.129 r  compc/FSM_sequential_state[4]_i_1/O
                         net (fo=5291, routed)        5.091    10.220    compc/FSM_sequential_state[4]_i_1_n_0
    SLICE_X49Y75         FDRE                                         r  compc/energy_by_frame_reg[4][56]/R
  -------------------------------------------------------------------    -------------------

                         (clock sys_clk_pin rise edge)
                                                      0.000     0.000 r  
    W5                                                0.000     0.000 r  clock_in (IN)
                         net (fo=0)                   0.000     0.000    clock_in
    W5                   IBUF (Prop_ibuf_I_O)         1.388     1.388 r  clock_in_IBUF_inst/O
                         net (fo=1, routed)           1.862     3.250    clock_in_IBUF
    BUFGCTRL_X0Y0        BUFG (Prop_bufg_I_O)         0.091     3.341 r  clock_in_IBUF_BUFG_inst/O
                         net (fo=8720, routed)        1.424     4.765    compc/clock_in_IBUF_BUFG
    SLICE_X49Y75         FDRE                                         r  compc/energy_by_frame_reg[4][56]/C

Slack:                    inf
  Source:                 reset_in
                            (input port)
  Destination:            compc/energy_by_frame_reg[4][57]/R
                            (rising edge-triggered cell FDRE clocked by sys_clk_pin  {rise@0.000ns fall@5.000ns period=10.000ns})
  Path Group:             (none)
  Path Type:              Setup (Max at Slow Process Corner)
  Data Path Delay:        10.220ns  (logic 1.565ns (15.316%)  route 8.654ns (84.684%))
  Logic Levels:           2  (IBUF=1 LUT2=1)
  Clock Path Skew:        4.765ns (DCD - SCD + CPR)
    Destination Clock Delay (DCD):    4.765ns
    Source Clock Delay      (SCD):    0.000ns
    Clock Pessimism Removal (CPR):    0.000ns
  Clock Uncertainty:      0.025ns  ((TSJ^2 + TIJ^2)^1/2 + DJ) / 2 + PE
    Total System Jitter     (TSJ):    0.050ns
    Total Input Jitter      (TIJ):    0.000ns
    Discrete Jitter          (DJ):    0.000ns
    Phase Error              (PE):    0.000ns

    Location             Delay type                Incr(ns)  Path(ns)    Netlist Resource(s)
  -------------------------------------------------------------------    -------------------
    U18                                               0.000     0.000 r  reset_in (IN)
                         net (fo=0)                   0.000     0.000    reset_in
    U18                  IBUF (Prop_ibuf_I_O)         1.441     1.441 r  reset_in_IBUF_inst/O
                         net (fo=1198, routed)        3.563     5.005    compc/SR[0]
    SLICE_X32Y14         LUT2 (Prop_lut2_I0_O)        0.124     5.129 r  compc/FSM_sequential_state[4]_i_1/O
                         net (fo=5291, routed)        5.091    10.220    compc/FSM_sequential_state[4]_i_1_n_0
    SLICE_X49Y75         FDRE                                         r  compc/energy_by_frame_reg[4][57]/R
  -------------------------------------------------------------------    -------------------

                         (clock sys_clk_pin rise edge)
                                                      0.000     0.000 r  
    W5                                                0.000     0.000 r  clock_in (IN)
                         net (fo=0)                   0.000     0.000    clock_in
    W5                   IBUF (Prop_ibuf_I_O)         1.388     1.388 r  clock_in_IBUF_inst/O
                         net (fo=1, routed)           1.862     3.250    clock_in_IBUF
    BUFGCTRL_X0Y0        BUFG (Prop_bufg_I_O)         0.091     3.341 r  clock_in_IBUF_BUFG_inst/O
                         net (fo=8720, routed)        1.424     4.765    compc/clock_in_IBUF_BUFG
    SLICE_X49Y75         FDRE                                         r  compc/energy_by_frame_reg[4][57]/C

Slack:                    inf
  Source:                 reset_in
                            (input port)
  Destination:            compc/energy_by_frame_reg[4][58]/R
                            (rising edge-triggered cell FDRE clocked by sys_clk_pin  {rise@0.000ns fall@5.000ns period=10.000ns})
  Path Group:             (none)
  Path Type:              Setup (Max at Slow Process Corner)
  Data Path Delay:        10.220ns  (logic 1.565ns (15.316%)  route 8.654ns (84.684%))
  Logic Levels:           2  (IBUF=1 LUT2=1)
  Clock Path Skew:        4.765ns (DCD - SCD + CPR)
    Destination Clock Delay (DCD):    4.765ns
    Source Clock Delay      (SCD):    0.000ns
    Clock Pessimism Removal (CPR):    0.000ns
  Clock Uncertainty:      0.025ns  ((TSJ^2 + TIJ^2)^1/2 + DJ) / 2 + PE
    Total System Jitter     (TSJ):    0.050ns
    Total Input Jitter      (TIJ):    0.000ns
    Discrete Jitter          (DJ):    0.000ns
    Phase Error              (PE):    0.000ns

    Location             Delay type                Incr(ns)  Path(ns)    Netlist Resource(s)
  -------------------------------------------------------------------    -------------------
    U18                                               0.000     0.000 r  reset_in (IN)
                         net (fo=0)                   0.000     0.000    reset_in
    U18                  IBUF (Prop_ibuf_I_O)         1.441     1.441 r  reset_in_IBUF_inst/O
                         net (fo=1198, routed)        3.563     5.005    compc/SR[0]
    SLICE_X32Y14         LUT2 (Prop_lut2_I0_O)        0.124     5.129 r  compc/FSM_sequential_state[4]_i_1/O
                         net (fo=5291, routed)        5.091    10.220    compc/FSM_sequential_state[4]_i_1_n_0
    SLICE_X49Y75         FDRE                                         r  compc/energy_by_frame_reg[4][58]/R
  -------------------------------------------------------------------    -------------------

                         (clock sys_clk_pin rise edge)
                                                      0.000     0.000 r  
    W5                                                0.000     0.000 r  clock_in (IN)
                         net (fo=0)                   0.000     0.000    clock_in
    W5                   IBUF (Prop_ibuf_I_O)         1.388     1.388 r  clock_in_IBUF_inst/O
                         net (fo=1, routed)           1.862     3.250    clock_in_IBUF
    BUFGCTRL_X0Y0        BUFG (Prop_bufg_I_O)         0.091     3.341 r  clock_in_IBUF_BUFG_inst/O
                         net (fo=8720, routed)        1.424     4.765    compc/clock_in_IBUF_BUFG
    SLICE_X49Y75         FDRE                                         r  compc/energy_by_frame_reg[4][58]/C

Slack:                    inf
  Source:                 reset_in
                            (input port)
  Destination:            compc/energy_by_frame_reg[4][59]/R
                            (rising edge-triggered cell FDRE clocked by sys_clk_pin  {rise@0.000ns fall@5.000ns period=10.000ns})
  Path Group:             (none)
  Path Type:              Setup (Max at Slow Process Corner)
  Data Path Delay:        10.220ns  (logic 1.565ns (15.316%)  route 8.654ns (84.684%))
  Logic Levels:           2  (IBUF=1 LUT2=1)
  Clock Path Skew:        4.765ns (DCD - SCD + CPR)
    Destination Clock Delay (DCD):    4.765ns
    Source Clock Delay      (SCD):    0.000ns
    Clock Pessimism Removal (CPR):    0.000ns
  Clock Uncertainty:      0.025ns  ((TSJ^2 + TIJ^2)^1/2 + DJ) / 2 + PE
    Total System Jitter     (TSJ):    0.050ns
    Total Input Jitter      (TIJ):    0.000ns
    Discrete Jitter          (DJ):    0.000ns
    Phase Error              (PE):    0.000ns

    Location             Delay type                Incr(ns)  Path(ns)    Netlist Resource(s)
  -------------------------------------------------------------------    -------------------
    U18                                               0.000     0.000 r  reset_in (IN)
                         net (fo=0)                   0.000     0.000    reset_in
    U18                  IBUF (Prop_ibuf_I_O)         1.441     1.441 r  reset_in_IBUF_inst/O
                         net (fo=1198, routed)        3.563     5.005    compc/SR[0]
    SLICE_X32Y14         LUT2 (Prop_lut2_I0_O)        0.124     5.129 r  compc/FSM_sequential_state[4]_i_1/O
                         net (fo=5291, routed)        5.091    10.220    compc/FSM_sequential_state[4]_i_1_n_0
    SLICE_X49Y75         FDRE                                         r  compc/energy_by_frame_reg[4][59]/R
  -------------------------------------------------------------------    -------------------

                         (clock sys_clk_pin rise edge)
                                                      0.000     0.000 r  
    W5                                                0.000     0.000 r  clock_in (IN)
                         net (fo=0)                   0.000     0.000    clock_in
    W5                   IBUF (Prop_ibuf_I_O)         1.388     1.388 r  clock_in_IBUF_inst/O
                         net (fo=1, routed)           1.862     3.250    clock_in_IBUF
    BUFGCTRL_X0Y0        BUFG (Prop_bufg_I_O)         0.091     3.341 r  clock_in_IBUF_BUFG_inst/O
                         net (fo=8720, routed)        1.424     4.765    compc/clock_in_IBUF_BUFG
    SLICE_X49Y75         FDRE                                         r  compc/energy_by_frame_reg[4][59]/C

Slack:                    inf
  Source:                 reset_in
                            (input port)
  Destination:            compc/energy_by_frame_reg[50][48]/R
                            (rising edge-triggered cell FDRE clocked by sys_clk_pin  {rise@0.000ns fall@5.000ns period=10.000ns})
  Path Group:             (none)
  Path Type:              Setup (Max at Slow Process Corner)
  Data Path Delay:        10.211ns  (logic 1.565ns (15.329%)  route 8.646ns (84.671%))
  Logic Levels:           2  (IBUF=1 LUT2=1)
  Clock Path Skew:        4.763ns (DCD - SCD + CPR)
    Destination Clock Delay (DCD):    4.763ns
    Source Clock Delay      (SCD):    0.000ns
    Clock Pessimism Removal (CPR):    0.000ns
  Clock Uncertainty:      0.025ns  ((TSJ^2 + TIJ^2)^1/2 + DJ) / 2 + PE
    Total System Jitter     (TSJ):    0.050ns
    Total Input Jitter      (TIJ):    0.000ns
    Discrete Jitter          (DJ):    0.000ns
    Phase Error              (PE):    0.000ns

    Location             Delay type                Incr(ns)  Path(ns)    Netlist Resource(s)
  -------------------------------------------------------------------    -------------------
    U18                                               0.000     0.000 r  reset_in (IN)
                         net (fo=0)                   0.000     0.000    reset_in
    U18                  IBUF (Prop_ibuf_I_O)         1.441     1.441 r  reset_in_IBUF_inst/O
                         net (fo=1198, routed)        3.563     5.005    compc/SR[0]
    SLICE_X32Y14         LUT2 (Prop_lut2_I0_O)        0.124     5.129 r  compc/FSM_sequential_state[4]_i_1/O
                         net (fo=5291, routed)        5.082    10.211    compc/FSM_sequential_state[4]_i_1_n_0
    SLICE_X28Y76         FDRE                                         r  compc/energy_by_frame_reg[50][48]/R
  -------------------------------------------------------------------    -------------------

                         (clock sys_clk_pin rise edge)
                                                      0.000     0.000 r  
    W5                                                0.000     0.000 r  clock_in (IN)
                         net (fo=0)                   0.000     0.000    clock_in
    W5                   IBUF (Prop_ibuf_I_O)         1.388     1.388 r  clock_in_IBUF_inst/O
                         net (fo=1, routed)           1.862     3.250    clock_in_IBUF
    BUFGCTRL_X0Y0        BUFG (Prop_bufg_I_O)         0.091     3.341 r  clock_in_IBUF_BUFG_inst/O
                         net (fo=8720, routed)        1.422     4.763    compc/clock_in_IBUF_BUFG
    SLICE_X28Y76         FDRE                                         r  compc/energy_by_frame_reg[50][48]/C





Min Delay Paths
--------------------------------------------------------------------------------------
Slack:                    inf
  Source:                 reset_in
                            (input port)
  Destination:            ac/cs_iob_reg/S
                            (rising edge-triggered cell FDSE clocked by sys_clk_pin  {rise@0.000ns fall@5.000ns period=10.000ns})
  Path Group:             (none)
  Path Type:              Hold (Min at Fast Process Corner)
  Data Path Delay:        0.665ns  (logic 0.210ns (31.517%)  route 0.455ns (68.483%))
  Logic Levels:           1  (IBUF=1)
  Clock Path Skew:        1.977ns (DCD - SCD - CPR)
    Destination Clock Delay (DCD):    1.977ns
    Source Clock Delay      (SCD):    0.000ns
    Clock Pessimism Removal (CPR):    -0.000ns

    Location             Delay type                Incr(ns)  Path(ns)    Netlist Resource(s)
  -------------------------------------------------------------------    -------------------
    U18                                               0.000     0.000 r  reset_in (IN)
                         net (fo=0)                   0.000     0.000    reset_in
    U18                  IBUF (Prop_ibuf_I_O)         0.210     0.210 r  reset_in_IBUF_inst/O
                         net (fo=1198, routed)        0.455     0.665    ac/SR[0]
    OLOGIC_X0Y23         FDSE                                         r  ac/cs_iob_reg/S
  -------------------------------------------------------------------    -------------------

                         (clock sys_clk_pin rise edge)
                                                      0.000     0.000 r  
    W5                                                0.000     0.000 r  clock_in (IN)
                         net (fo=0)                   0.000     0.000    clock_in
    W5                   IBUF (Prop_ibuf_I_O)         0.414     0.414 r  clock_in_IBUF_inst/O
                         net (fo=1, routed)           0.685     1.099    clock_in_IBUF
    BUFGCTRL_X0Y0        BUFG (Prop_bufg_I_O)         0.029     1.128 r  clock_in_IBUF_BUFG_inst/O
                         net (fo=8720, routed)        0.850     1.977    ac/clock_in_IBUF_BUFG
    OLOGIC_X0Y23         FDSE                                         r  ac/cs_iob_reg/C

Slack:                    inf
  Source:                 reset_in
                            (input port)
  Destination:            ac/spi_clk_iob_reg/R
                            (rising edge-triggered cell FDRE clocked by sys_clk_pin  {rise@0.000ns fall@5.000ns period=10.000ns})
  Path Group:             (none)
  Path Type:              Hold (Min at Fast Process Corner)
  Data Path Delay:        0.718ns  (logic 0.210ns (29.173%)  route 0.509ns (70.827%))
  Logic Levels:           1  (IBUF=1)
  Clock Path Skew:        1.977ns (DCD - SCD - CPR)
    Destination Clock Delay (DCD):    1.977ns
    Source Clock Delay      (SCD):    0.000ns
    Clock Pessimism Removal (CPR):    -0.000ns

    Location             Delay type                Incr(ns)  Path(ns)    Netlist Resource(s)
  -------------------------------------------------------------------    -------------------
    U18                                               0.000     0.000 r  reset_in (IN)
                         net (fo=0)                   0.000     0.000    reset_in
    U18                  IBUF (Prop_ibuf_I_O)         0.210     0.210 r  reset_in_IBUF_inst/O
                         net (fo=1198, routed)        0.509     0.718    ac/SR[0]
    OLOGIC_X0Y24         FDRE                                         r  ac/spi_clk_iob_reg/R
  -------------------------------------------------------------------    -------------------

                         (clock sys_clk_pin rise edge)
                                                      0.000     0.000 r  
    W5                                                0.000     0.000 r  clock_in (IN)
                         net (fo=0)                   0.000     0.000    clock_in
    W5                   IBUF (Prop_ibuf_I_O)         0.414     0.414 r  clock_in_IBUF_inst/O
                         net (fo=1, routed)           0.685     1.099    clock_in_IBUF
    BUFGCTRL_X0Y0        BUFG (Prop_bufg_I_O)         0.029     1.128 r  clock_in_IBUF_BUFG_inst/O
                         net (fo=8720, routed)        0.850     1.977    ac/clock_in_IBUF_BUFG
    OLOGIC_X0Y24         FDRE                                         r  ac/spi_clk_iob_reg/C

Slack:                    inf
  Source:                 reset_in
                            (input port)
  Destination:            compc/flush_meta_reg/R
                            (rising edge-triggered cell FDRE clocked by sys_clk_pin  {rise@0.000ns fall@5.000ns period=10.000ns})
  Path Group:             (none)
  Path Type:              Hold (Min at Fast Process Corner)
  Data Path Delay:        0.890ns  (logic 0.210ns (23.535%)  route 0.681ns (76.465%))
  Logic Levels:           1  (IBUF=1)
  Clock Path Skew:        1.953ns (DCD - SCD - CPR)
    Destination Clock Delay (DCD):    1.953ns
    Source Clock Delay      (SCD):    0.000ns
    Clock Pessimism Removal (CPR):    -0.000ns

    Location             Delay type                Incr(ns)  Path(ns)    Netlist Resource(s)
  -------------------------------------------------------------------    -------------------
    U18                                               0.000     0.000 r  reset_in (IN)
                         net (fo=0)                   0.000     0.000    reset_in
    U18                  IBUF (Prop_ibuf_I_O)         0.210     0.210 r  reset_in_IBUF_inst/O
                         net (fo=1198, routed)        0.681     0.890    compc/SR[0]
    SLICE_X13Y19         FDRE                                         r  compc/flush_meta_reg/R
  -------------------------------------------------------------------    -------------------

                         (clock sys_clk_pin rise edge)
                                                      0.000     0.000 r  
    W5                                                0.000     0.000 r  clock_in (IN)
                         net (fo=0)                   0.000     0.000    clock_in
    W5                   IBUF (Prop_ibuf_I_O)         0.414     0.414 r  clock_in_IBUF_inst/O
                         net (fo=1, routed)           0.685     1.099    clock_in_IBUF
    BUFGCTRL_X0Y0        BUFG (Prop_bufg_I_O)         0.029     1.128 r  clock_in_IBUF_BUFG_inst/O
                         net (fo=8720, routed)        0.826     1.953    compc/clock_in_IBUF_BUFG
    SLICE_X13Y19         FDRE                                         r  compc/flush_meta_reg/C

Slack:                    inf
  Source:                 reset_in
                            (input port)
  Destination:            compc/flush_prev_reg/R
                            (rising edge-triggered cell FDRE clocked by sys_clk_pin  {rise@0.000ns fall@5.000ns period=10.000ns})
  Path Group:             (none)
  Path Type:              Hold (Min at Fast Process Corner)
  Data Path Delay:        0.890ns  (logic 0.210ns (23.535%)  route 0.681ns (76.465%))
  Logic Levels:           1  (IBUF=1)
  Clock Path Skew:        1.953ns (DCD - SCD - CPR)
    Destination Clock Delay (DCD):    1.953ns
    Source Clock Delay      (SCD):    0.000ns
    Clock Pessimism Removal (CPR):    -0.000ns

    Location             Delay type                Incr(ns)  Path(ns)    Netlist Resource(s)
  -------------------------------------------------------------------    -------------------
    U18                                               0.000     0.000 r  reset_in (IN)
                         net (fo=0)                   0.000     0.000    reset_in
    U18                  IBUF (Prop_ibuf_I_O)         0.210     0.210 r  reset_in_IBUF_inst/O
                         net (fo=1198, routed)        0.681     0.890    compc/SR[0]
    SLICE_X13Y19         FDRE                                         r  compc/flush_prev_reg/R
  -------------------------------------------------------------------    -------------------

                         (clock sys_clk_pin rise edge)
                                                      0.000     0.000 r  
    W5                                                0.000     0.000 r  clock_in (IN)
                         net (fo=0)                   0.000     0.000    clock_in
    W5                   IBUF (Prop_ibuf_I_O)         0.414     0.414 r  clock_in_IBUF_inst/O
                         net (fo=1, routed)           0.685     1.099    clock_in_IBUF
    BUFGCTRL_X0Y0        BUFG (Prop_bufg_I_O)         0.029     1.128 r  clock_in_IBUF_BUFG_inst/O
                         net (fo=8720, routed)        0.826     1.953    compc/clock_in_IBUF_BUFG
    SLICE_X13Y19         FDRE                                         r  compc/flush_prev_reg/C

Slack:                    inf
  Source:                 reset_in
                            (input port)
  Destination:            compc/flush_sync_reg/R
                            (rising edge-triggered cell FDRE clocked by sys_clk_pin  {rise@0.000ns fall@5.000ns period=10.000ns})
  Path Group:             (none)
  Path Type:              Hold (Min at Fast Process Corner)
  Data Path Delay:        0.890ns  (logic 0.210ns (23.535%)  route 0.681ns (76.465%))
  Logic Levels:           1  (IBUF=1)
  Clock Path Skew:        1.953ns (DCD - SCD - CPR)
    Destination Clock Delay (DCD):    1.953ns
    Source Clock Delay      (SCD):    0.000ns
    Clock Pessimism Removal (CPR):    -0.000ns

    Location             Delay type                Incr(ns)  Path(ns)    Netlist Resource(s)
  -------------------------------------------------------------------    -------------------
    U18                                               0.000     0.000 r  reset_in (IN)
                         net (fo=0)                   0.000     0.000    reset_in
    U18                  IBUF (Prop_ibuf_I_O)         0.210     0.210 r  reset_in_IBUF_inst/O
                         net (fo=1198, routed)        0.681     0.890    compc/SR[0]
    SLICE_X13Y19         FDRE                                         r  compc/flush_sync_reg/R
  -------------------------------------------------------------------    -------------------

                         (clock sys_clk_pin rise edge)
                                                      0.000     0.000 r  
    W5                                                0.000     0.000 r  clock_in (IN)
                         net (fo=0)                   0.000     0.000    clock_in
    W5                   IBUF (Prop_ibuf_I_O)         0.414     0.414 r  clock_in_IBUF_inst/O
                         net (fo=1, routed)           0.685     1.099    clock_in_IBUF
    BUFGCTRL_X0Y0        BUFG (Prop_bufg_I_O)         0.029     1.128 r  clock_in_IBUF_BUFG_inst/O
                         net (fo=8720, routed)        0.826     1.953    compc/clock_in_IBUF_BUFG
    SLICE_X13Y19         FDRE                                         r  compc/flush_sync_reg/C

Slack:                    inf
  Source:                 trial_dec_in
                            (input port)
  Destination:            ctl/dec_meta_reg/D
                            (rising edge-triggered cell FDRE clocked by sys_clk_pin  {rise@0.000ns fall@5.000ns period=10.000ns})
  Path Group:             (none)
  Path Type:              Hold (Min at Fast Process Corner)
  Data Path Delay:        0.957ns  (logic 0.219ns (22.927%)  route 0.737ns (77.073%))
  Logic Levels:           1  (IBUF=1)
  Clock Path Skew:        1.952ns (DCD - SCD - CPR)
    Destination Clock Delay (DCD):    1.952ns
    Source Clock Delay      (SCD):    0.000ns
    Clock Pessimism Removal (CPR):    -0.000ns

    Location             Delay type                Incr(ns)  Path(ns)    Netlist Resource(s)
  -------------------------------------------------------------------    -------------------
    W19                                               0.000     0.000 r  trial_dec_in (IN)
                         net (fo=0)                   0.000     0.000    trial_dec_in
    W19                  IBUF (Prop_ibuf_I_O)         0.219     0.219 r  trial_dec_in_IBUF_inst/O
                         net (fo=1, routed)           0.737     0.957    ctl/trial_dec_in
    SLICE_X33Y16         FDRE                                         r  ctl/dec_meta_reg/D
  -------------------------------------------------------------------    -------------------

                         (clock sys_clk_pin rise edge)
                                                      0.000     0.000 r  
    W5                                                0.000     0.000 r  clock_in (IN)
                         net (fo=0)                   0.000     0.000    clock_in
    W5                   IBUF (Prop_ibuf_I_O)         0.414     0.414 r  clock_in_IBUF_inst/O
                         net (fo=1, routed)           0.685     1.099    clock_in_IBUF
    BUFGCTRL_X0Y0        BUFG (Prop_bufg_I_O)         0.029     1.128 r  clock_in_IBUF_BUFG_inst/O
                         net (fo=8720, routed)        0.825     1.952    ctl/clock_in_IBUF_BUFG
    SLICE_X33Y16         FDRE                                         r  ctl/dec_meta_reg/C

Slack:                    inf
  Source:                 reset_in
                            (input port)
  Destination:            fftc/data_final_reg[10]/R
                            (rising edge-triggered cell FDRE clocked by sys_clk_pin  {rise@0.000ns fall@5.000ns period=10.000ns})
  Path Group:             (none)
  Path Type:              Hold (Min at Fast Process Corner)
  Data Path Delay:        0.958ns  (logic 0.210ns (21.881%)  route 0.748ns (78.119%))
  Logic Levels:           1  (IBUF=1)
  Clock Path Skew:        1.954ns (DCD - SCD - CPR)
    Destination Clock Delay (DCD):    1.954ns
    Source Clock Delay      (SCD):    0.000ns
    Clock Pessimism Removal (CPR):    -0.000ns

    Location             Delay type                Incr(ns)  Path(ns)    Netlist Resource(s)
  -------------------------------------------------------------------    -------------------
    U18                                               0.000     0.000 r  reset_in (IN)
                         net (fo=0)                   0.000     0.000    reset_in
    U18                  IBUF (Prop_ibuf_I_O)         0.210     0.210 r  reset_in_IBUF_inst/O
                         net (fo=1198, routed)        0.748     0.958    fftc/SR[0]
    SLICE_X15Y18         FDRE                                         r  fftc/data_final_reg[10]/R
  -------------------------------------------------------------------    -------------------

                         (clock sys_clk_pin rise edge)
                                                      0.000     0.000 r  
    W5                                                0.000     0.000 r  clock_in (IN)
                         net (fo=0)                   0.000     0.000    clock_in
    W5                   IBUF (Prop_ibuf_I_O)         0.414     0.414 r  clock_in_IBUF_inst/O
                         net (fo=1, routed)           0.685     1.099    clock_in_IBUF
    BUFGCTRL_X0Y0        BUFG (Prop_bufg_I_O)         0.029     1.128 r  clock_in_IBUF_BUFG_inst/O
                         net (fo=8720, routed)        0.827     1.954    fftc/clock_in_IBUF_BUFG
    SLICE_X15Y18         FDRE                                         r  fftc/data_final_reg[10]/C

Slack:                    inf
  Source:                 reset_in
                            (input port)
  Destination:            fftc/data_final_reg[7]/R
                            (rising edge-triggered cell FDRE clocked by sys_clk_pin  {rise@0.000ns fall@5.000ns period=10.000ns})
  Path Group:             (none)
  Path Type:              Hold (Min at Fast Process Corner)
  Data Path Delay:        0.958ns  (logic 0.210ns (21.881%)  route 0.748ns (78.119%))
  Logic Levels:           1  (IBUF=1)
  Clock Path Skew:        1.954ns (DCD - SCD - CPR)
    Destination Clock Delay (DCD):    1.954ns
    Source Clock Delay      (SCD):    0.000ns
    Clock Pessimism Removal (CPR):    -0.000ns

    Location             Delay type                Incr(ns)  Path(ns)    Netlist Resource(s)
  -------------------------------------------------------------------    -------------------
    U18                                               0.000     0.000 r  reset_in (IN)
                         net (fo=0)                   0.000     0.000    reset_in
    U18                  IBUF (Prop_ibuf_I_O)         0.210     0.210 r  reset_in_IBUF_inst/O
                         net (fo=1198, routed)        0.748     0.958    fftc/SR[0]
    SLICE_X15Y18         FDRE                                         r  fftc/data_final_reg[7]/R
  -------------------------------------------------------------------    -------------------

                         (clock sys_clk_pin rise edge)
                                                      0.000     0.000 r  
    W5                                                0.000     0.000 r  clock_in (IN)
                         net (fo=0)                   0.000     0.000    clock_in
    W5                   IBUF (Prop_ibuf_I_O)         0.414     0.414 r  clock_in_IBUF_inst/O
                         net (fo=1, routed)           0.685     1.099    clock_in_IBUF
    BUFGCTRL_X0Y0        BUFG (Prop_bufg_I_O)         0.029     1.128 r  clock_in_IBUF_BUFG_inst/O
                         net (fo=8720, routed)        0.827     1.954    fftc/clock_in_IBUF_BUFG
    SLICE_X15Y18         FDRE                                         r  fftc/data_final_reg[7]/C

Slack:                    inf
  Source:                 reset_in
                            (input port)
  Destination:            fftc/data_final_reg[8]/R
                            (rising edge-triggered cell FDRE clocked by sys_clk_pin  {rise@0.000ns fall@5.000ns period=10.000ns})
  Path Group:             (none)
  Path Type:              Hold (Min at Fast Process Corner)
  Data Path Delay:        0.958ns  (logic 0.210ns (21.881%)  route 0.748ns (78.119%))
  Logic Levels:           1  (IBUF=1)
  Clock Path Skew:        1.954ns (DCD - SCD - CPR)
    Destination Clock Delay (DCD):    1.954ns
    Source Clock Delay      (SCD):    0.000ns
    Clock Pessimism Removal (CPR):    -0.000ns

    Location             Delay type                Incr(ns)  Path(ns)    Netlist Resource(s)
  -------------------------------------------------------------------    -------------------
    U18                                               0.000     0.000 r  reset_in (IN)
                         net (fo=0)                   0.000     0.000    reset_in
    U18                  IBUF (Prop_ibuf_I_O)         0.210     0.210 r  reset_in_IBUF_inst/O
                         net (fo=1198, routed)        0.748     0.958    fftc/SR[0]
    SLICE_X15Y18         FDRE                                         r  fftc/data_final_reg[8]/R
  -------------------------------------------------------------------    -------------------

                         (clock sys_clk_pin rise edge)
                                                      0.000     0.000 r  
    W5                                                0.000     0.000 r  clock_in (IN)
                         net (fo=0)                   0.000     0.000    clock_in
    W5                   IBUF (Prop_ibuf_I_O)         0.414     0.414 r  clock_in_IBUF_inst/O
                         net (fo=1, routed)           0.685     1.099    clock_in_IBUF
    BUFGCTRL_X0Y0        BUFG (Prop_bufg_I_O)         0.029     1.128 r  clock_in_IBUF_BUFG_inst/O
                         net (fo=8720, routed)        0.827     1.954    fftc/clock_in_IBUF_BUFG
    SLICE_X15Y18         FDRE                                         r  fftc/data_final_reg[8]/C

Slack:                    inf
  Source:                 reset_in
                            (input port)
  Destination:            fftc/data_final_reg[9]/R
                            (rising edge-triggered cell FDRE clocked by sys_clk_pin  {rise@0.000ns fall@5.000ns period=10.000ns})
  Path Group:             (none)
  Path Type:              Hold (Min at Fast Process Corner)
  Data Path Delay:        0.958ns  (logic 0.210ns (21.881%)  route 0.748ns (78.119%))
  Logic Levels:           1  (IBUF=1)
  Clock Path Skew:        1.954ns (DCD - SCD - CPR)
    Destination Clock Delay (DCD):    1.954ns
    Source Clock Delay      (SCD):    0.000ns
    Clock Pessimism Removal (CPR):    -0.000ns

    Location             Delay type                Incr(ns)  Path(ns)    Netlist Resource(s)
  -------------------------------------------------------------------    -------------------
    U18                                               0.000     0.000 r  reset_in (IN)
                         net (fo=0)                   0.000     0.000    reset_in
    U18                  IBUF (Prop_ibuf_I_O)         0.210     0.210 r  reset_in_IBUF_inst/O
                         net (fo=1198, routed)        0.748     0.958    fftc/SR[0]
    SLICE_X15Y18         FDRE                                         r  fftc/data_final_reg[9]/R
  -------------------------------------------------------------------    -------------------

                         (clock sys_clk_pin rise edge)
                                                      0.000     0.000 r  
    W5                                                0.000     0.000 r  clock_in (IN)
                         net (fo=0)                   0.000     0.000    clock_in
    W5                   IBUF (Prop_ibuf_I_O)         0.414     0.414 r  clock_in_IBUF_inst/O
                         net (fo=1, routed)           0.685     1.099    clock_in_IBUF
    BUFGCTRL_X0Y0        BUFG (Prop_bufg_I_O)         0.029     1.128 r  clock_in_IBUF_BUFG_inst/O
                         net (fo=8720, routed)        0.827     1.954    fftc/clock_in_IBUF_BUFG
    SLICE_X15Y18         FDRE                                         r  fftc/data_final_reg[9]/C

Slack:                    inf
  Source:                 flush
                            (input port)
  Destination:            compc/flush_meta_reg/D
                            (rising edge-triggered cell FDRE clocked by sys_clk_pin  {rise@0.000ns fall@5.000ns period=10.000ns})
  Path Group:             (none)
  Path Type:              Hold (Min at Fast Process Corner)
  Data Path Delay:        0.962ns  (logic 0.266ns (27.600%)  route 0.697ns (72.400%))
  Logic Levels:           2  (IBUF=1 LUT2=1)
  Clock Path Skew:        1.953ns (DCD - SCD - CPR)
    Destination Clock Delay (DCD):    1.953ns
    Source Clock Delay      (SCD):    0.000ns
    Clock Pessimism Removal (CPR):    -0.000ns

    Location             Delay type                Incr(ns)  Path(ns)    Netlist Resource(s)
  -------------------------------------------------------------------    -------------------
    U17                                               0.000     0.000 r  flush (IN)
                         net (fo=0)                   0.000     0.000    flush
    U17                  IBUF (Prop_ibuf_I_O)         0.221     0.221 r  flush_IBUF_inst/O
                         net (fo=1, routed)           0.697     0.917    ctl/flush_IBUF
    SLICE_X13Y19         LUT2 (Prop_lut2_I0_O)        0.045     0.962 r  ctl/flush_meta_i_1/O
                         net (fo=1, routed)           0.000     0.962    compc/flush_comp
    SLICE_X13Y19         FDRE                                         r  compc/flush_meta_reg/D
  -------------------------------------------------------------------    -------------------

                         (clock sys_clk_pin rise edge)
                                                      0.000     0.000 r  
    W5                                                0.000     0.000 r  clock_in (IN)
                         net (fo=0)                   0.000     0.000    clock_in
    W5                   IBUF (Prop_ibuf_I_O)         0.414     0.414 r  clock_in_IBUF_inst/O
                         net (fo=1, routed)           0.685     1.099    clock_in_IBUF
    BUFGCTRL_X0Y0        BUFG (Prop_bufg_I_O)         0.029     1.128 r  clock_in_IBUF_BUFG_inst/O
                         net (fo=8720, routed)        0.826     1.953    compc/clock_in_IBUF_BUFG
    SLICE_X13Y19         FDRE                                         r  compc/flush_meta_reg/C

Slack:                    inf
  Source:                 start_in
                            (input port)
  Destination:            start_meta_reg/D
                            (rising edge-triggered cell FDRE clocked by sys_clk_pin  {rise@0.000ns fall@5.000ns period=10.000ns})
  Path Group:             (none)
  Path Type:              Hold (Min at Fast Process Corner)
  Data Path Delay:        1.007ns  (logic 0.222ns (22.038%)  route 0.785ns (77.962%))
  Logic Levels:           1  (IBUF=1)
  Clock Path Skew:        1.952ns (DCD - SCD - CPR)
    Destination Clock Delay (DCD):    1.952ns
    Source Clock Delay      (SCD):    0.000ns
    Clock Pessimism Removal (CPR):    -0.000ns

    Location             Delay type                Incr(ns)  Path(ns)    Netlist Resource(s)
  -------------------------------------------------------------------    -------------------
    T18                                               0.000     0.000 r  start_in (IN)
                         net (fo=0)                   0.000     0.000    start_in
    T18                  IBUF (Prop_ibuf_I_O)         0.222     0.222 r  start_in_IBUF_inst/O
                         net (fo=1, routed)           0.785     1.007    start_in_IBUF
    SLICE_X33Y16         FDRE                                         r  start_meta_reg/D
  -------------------------------------------------------------------    -------------------

                         (clock sys_clk_pin rise edge)
                                                      0.000     0.000 r  
    W5                                                0.000     0.000 r  clock_in (IN)
                         net (fo=0)                   0.000     0.000    clock_in
    W5                   IBUF (Prop_ibuf_I_O)         0.414     0.414 r  clock_in_IBUF_inst/O
                         net (fo=1, routed)           0.685     1.099    clock_in_IBUF
    BUFGCTRL_X0Y0        BUFG (Prop_bufg_I_O)         0.029     1.128 r  clock_in_IBUF_BUFG_inst/O
                         net (fo=8720, routed)        0.825     1.952    clock_in_IBUF_BUFG
    SLICE_X33Y16         FDRE                                         r  start_meta_reg/C

Slack:                    inf
  Source:                 reset_in
                            (input port)
  Destination:            fftc/data_final_reg[11]/R
                            (rising edge-triggered cell FDRE clocked by sys_clk_pin  {rise@0.000ns fall@5.000ns period=10.000ns})
  Path Group:             (none)
  Path Type:              Hold (Min at Fast Process Corner)
  Data Path Delay:        1.010ns  (logic 0.210ns (20.754%)  route 0.800ns (79.246%))
  Logic Levels:           1  (IBUF=1)
  Clock Path Skew:        1.953ns (DCD - SCD - CPR)
    Destination Clock Delay (DCD):    1.953ns
    Source Clock Delay      (SCD):    0.000ns
    Clock Pessimism Removal (CPR):    -0.000ns

    Location             Delay type                Incr(ns)  Path(ns)    Netlist Resource(s)
  -------------------------------------------------------------------    -------------------
    U18                                               0.000     0.000 r  reset_in (IN)
                         net (fo=0)                   0.000     0.000    reset_in
    U18                  IBUF (Prop_ibuf_I_O)         0.210     0.210 r  reset_in_IBUF_inst/O
                         net (fo=1198, routed)        0.800     1.010    fftc/SR[0]
    SLICE_X15Y19         FDRE                                         r  fftc/data_final_reg[11]/R
  -------------------------------------------------------------------    -------------------

                         (clock sys_clk_pin rise edge)
                                                      0.000     0.000 r  
    W5                                                0.000     0.000 r  clock_in (IN)
                         net (fo=0)                   0.000     0.000    clock_in
    W5                   IBUF (Prop_ibuf_I_O)         0.414     0.414 r  clock_in_IBUF_inst/O
                         net (fo=1, routed)           0.685     1.099    clock_in_IBUF
    BUFGCTRL_X0Y0        BUFG (Prop_bufg_I_O)         0.029     1.128 r  clock_in_IBUF_BUFG_inst/O
                         net (fo=8720, routed)        0.826     1.953    fftc/clock_in_IBUF_BUFG
    SLICE_X15Y19         FDRE                                         r  fftc/data_final_reg[11]/C

Slack:                    inf
  Source:                 reset_in
                            (input port)
  Destination:            fftc/data_final_reg[12]/R
                            (rising edge-triggered cell FDRE clocked by sys_clk_pin  {rise@0.000ns fall@5.000ns period=10.000ns})
  Path Group:             (none)
  Path Type:              Hold (Min at Fast Process Corner)
  Data Path Delay:        1.010ns  (logic 0.210ns (20.754%)  route 0.800ns (79.246%))
  Logic Levels:           1  (IBUF=1)
  Clock Path Skew:        1.953ns (DCD - SCD - CPR)
    Destination Clock Delay (DCD):    1.953ns
    Source Clock Delay      (SCD):    0.000ns
    Clock Pessimism Removal (CPR):    -0.000ns

    Location             Delay type                Incr(ns)  Path(ns)    Netlist Resource(s)
  -------------------------------------------------------------------    -------------------
    U18                                               0.000     0.000 r  reset_in (IN)
                         net (fo=0)                   0.000     0.000    reset_in
    U18                  IBUF (Prop_ibuf_I_O)         0.210     0.210 r  reset_in_IBUF_inst/O
                         net (fo=1198, routed)        0.800     1.010    fftc/SR[0]
    SLICE_X15Y19         FDRE                                         r  fftc/data_final_reg[12]/R
  -------------------------------------------------------------------    -------------------

                         (clock sys_clk_pin rise edge)
                                                      0.000     0.000 r  
    W5                                                0.000     0.000 r  clock_in (IN)
                         net (fo=0)                   0.000     0.000    clock_in
    W5                   IBUF (Prop_ibuf_I_O)         0.414     0.414 r  clock_in_IBUF_inst/O
                         net (fo=1, routed)           0.685     1.099    clock_in_IBUF
    BUFGCTRL_X0Y0        BUFG (Prop_bufg_I_O)         0.029     1.128 r  clock_in_IBUF_BUFG_inst/O
                         net (fo=8720, routed)        0.826     1.953    fftc/clock_in_IBUF_BUFG
    SLICE_X15Y19         FDRE                                         r  fftc/data_final_reg[12]/C

Slack:                    inf
  Source:                 reset_in
                            (input port)
  Destination:            fftc/data_final_reg[13]/R
                            (rising edge-triggered cell FDRE clocked by sys_clk_pin  {rise@0.000ns fall@5.000ns period=10.000ns})
  Path Group:             (none)
  Path Type:              Hold (Min at Fast Process Corner)
  Data Path Delay:        1.010ns  (logic 0.210ns (20.754%)  route 0.800ns (79.246%))
  Logic Levels:           1  (IBUF=1)
  Clock Path Skew:        1.953ns (DCD - SCD - CPR)
    Destination Clock Delay (DCD):    1.953ns
    Source Clock Delay      (SCD):    0.000ns
    Clock Pessimism Removal (CPR):    -0.000ns

    Location             Delay type                Incr(ns)  Path(ns)    Netlist Resource(s)
  -------------------------------------------------------------------    -------------------
    U18                                               0.000     0.000 r  reset_in (IN)
                         net (fo=0)                   0.000     0.000    reset_in
    U18                  IBUF (Prop_ibuf_I_O)         0.210     0.210 r  reset_in_IBUF_inst/O
                         net (fo=1198, routed)        0.800     1.010    fftc/SR[0]
    SLICE_X15Y19         FDRE                                         r  fftc/data_final_reg[13]/R
  -------------------------------------------------------------------    -------------------

                         (clock sys_clk_pin rise edge)
                                                      0.000     0.000 r  
    W5                                                0.000     0.000 r  clock_in (IN)
                         net (fo=0)                   0.000     0.000    clock_in
    W5                   IBUF (Prop_ibuf_I_O)         0.414     0.414 r  clock_in_IBUF_inst/O
                         net (fo=1, routed)           0.685     1.099    clock_in_IBUF
    BUFGCTRL_X0Y0        BUFG (Prop_bufg_I_O)         0.029     1.128 r  clock_in_IBUF_BUFG_inst/O
                         net (fo=8720, routed)        0.826     1.953    fftc/clock_in_IBUF_BUFG
    SLICE_X15Y19         FDRE                                         r  fftc/data_final_reg[13]/C

Slack:                    inf
  Source:                 reset_in
                            (input port)
  Destination:            fftc/data_final_reg[14]/R
                            (rising edge-triggered cell FDRE clocked by sys_clk_pin  {rise@0.000ns fall@5.000ns period=10.000ns})
  Path Group:             (none)
  Path Type:              Hold (Min at Fast Process Corner)
  Data Path Delay:        1.010ns  (logic 0.210ns (20.754%)  route 0.800ns (79.246%))
  Logic Levels:           1  (IBUF=1)
  Clock Path Skew:        1.953ns (DCD - SCD - CPR)
    Destination Clock Delay (DCD):    1.953ns
    Source Clock Delay      (SCD):    0.000ns
    Clock Pessimism Removal (CPR):    -0.000ns

    Location             Delay type                Incr(ns)  Path(ns)    Netlist Resource(s)
  -------------------------------------------------------------------    -------------------
    U18                                               0.000     0.000 r  reset_in (IN)
                         net (fo=0)                   0.000     0.000    reset_in
    U18                  IBUF (Prop_ibuf_I_O)         0.210     0.210 r  reset_in_IBUF_inst/O
                         net (fo=1198, routed)        0.800     1.010    fftc/SR[0]
    SLICE_X15Y19         FDRE                                         r  fftc/data_final_reg[14]/R
  -------------------------------------------------------------------    -------------------

                         (clock sys_clk_pin rise edge)
                                                      0.000     0.000 r  
    W5                                                0.000     0.000 r  clock_in (IN)
                         net (fo=0)                   0.000     0.000    clock_in
    W5                   IBUF (Prop_ibuf_I_O)         0.414     0.414 r  clock_in_IBUF_inst/O
                         net (fo=1, routed)           0.685     1.099    clock_in_IBUF
    BUFGCTRL_X0Y0        BUFG (Prop_bufg_I_O)         0.029     1.128 r  clock_in_IBUF_BUFG_inst/O
                         net (fo=8720, routed)        0.826     1.953    fftc/clock_in_IBUF_BUFG
    SLICE_X15Y19         FDRE                                         r  fftc/data_final_reg[14]/C

Slack:                    inf
  Source:                 reset_in
                            (input port)
  Destination:            fftc/data_final_reg[3]/R
                            (rising edge-triggered cell FDRE clocked by sys_clk_pin  {rise@0.000ns fall@5.000ns period=10.000ns})
  Path Group:             (none)
  Path Type:              Hold (Min at Fast Process Corner)
  Data Path Delay:        1.021ns  (logic 0.210ns (20.514%)  route 0.812ns (79.486%))
  Logic Levels:           1  (IBUF=1)
  Clock Path Skew:        1.955ns (DCD - SCD - CPR)
    Destination Clock Delay (DCD):    1.955ns
    Source Clock Delay      (SCD):    0.000ns
    Clock Pessimism Removal (CPR):    -0.000ns

    Location             Delay type                Incr(ns)  Path(ns)    Netlist Resource(s)
  -------------------------------------------------------------------    -------------------
    U18                                               0.000     0.000 r  reset_in (IN)
                         net (fo=0)                   0.000     0.000    reset_in
    U18                  IBUF (Prop_ibuf_I_O)         0.210     0.210 r  reset_in_IBUF_inst/O
                         net (fo=1198, routed)        0.812     1.021    fftc/SR[0]
    SLICE_X15Y17         FDRE                                         r  fftc/data_final_reg[3]/R
  -------------------------------------------------------------------    -------------------

                         (clock sys_clk_pin rise edge)
                                                      0.000     0.000 r  
    W5                                                0.000     0.000 r  clock_in (IN)
                         net (fo=0)                   0.000     0.000    clock_in
    W5                   IBUF (Prop_ibuf_I_O)         0.414     0.414 r  clock_in_IBUF_inst/O
                         net (fo=1, routed)           0.685     1.099    clock_in_IBUF
    BUFGCTRL_X0Y0        BUFG (Prop_bufg_I_O)         0.029     1.128 r  clock_in_IBUF_BUFG_inst/O
                         net (fo=8720, routed)        0.828     1.955    fftc/clock_in_IBUF_BUFG
    SLICE_X15Y17         FDRE                                         r  fftc/data_final_reg[3]/C

Slack:                    inf
  Source:                 reset_in
                            (input port)
  Destination:            fftc/data_final_reg[4]/R
                            (rising edge-triggered cell FDRE clocked by sys_clk_pin  {rise@0.000ns fall@5.000ns period=10.000ns})
  Path Group:             (none)
  Path Type:              Hold (Min at Fast Process Corner)
  Data Path Delay:        1.021ns  (logic 0.210ns (20.514%)  route 0.812ns (79.486%))
  Logic Levels:           1  (IBUF=1)
  Clock Path Skew:        1.955ns (DCD - SCD - CPR)
    Destination Clock Delay (DCD):    1.955ns
    Source Clock Delay      (SCD):    0.000ns
    Clock Pessimism Removal (CPR):    -0.000ns

    Location             Delay type                Incr(ns)  Path(ns)    Netlist Resource(s)
  -------------------------------------------------------------------    -------------------
    U18                                               0.000     0.000 r  reset_in (IN)
                         net (fo=0)                   0.000     0.000    reset_in
    U18                  IBUF (Prop_ibuf_I_O)         0.210     0.210 r  reset_in_IBUF_inst/O
                         net (fo=1198, routed)        0.812     1.021    fftc/SR[0]
    SLICE_X15Y17         FDRE                                         r  fftc/data_final_reg[4]/R
  -------------------------------------------------------------------    -------------------

                         (clock sys_clk_pin rise edge)
                                                      0.000     0.000 r  
    W5                                                0.000     0.000 r  clock_in (IN)
                         net (fo=0)                   0.000     0.000    clock_in
    W5                   IBUF (Prop_ibuf_I_O)         0.414     0.414 r  clock_in_IBUF_inst/O
                         net (fo=1, routed)           0.685     1.099    clock_in_IBUF
    BUFGCTRL_X0Y0        BUFG (Prop_bufg_I_O)         0.029     1.128 r  clock_in_IBUF_BUFG_inst/O
                         net (fo=8720, routed)        0.828     1.955    fftc/clock_in_IBUF_BUFG
    SLICE_X15Y17         FDRE                                         r  fftc/data_final_reg[4]/C

Slack:                    inf
  Source:                 reset_in
                            (input port)
  Destination:            fftc/data_final_reg[5]/R
                            (rising edge-triggered cell FDRE clocked by sys_clk_pin  {rise@0.000ns fall@5.000ns period=10.000ns})
  Path Group:             (none)
  Path Type:              Hold (Min at Fast Process Corner)
  Data Path Delay:        1.021ns  (logic 0.210ns (20.514%)  route 0.812ns (79.486%))
  Logic Levels:           1  (IBUF=1)
  Clock Path Skew:        1.955ns (DCD - SCD - CPR)
    Destination Clock Delay (DCD):    1.955ns
    Source Clock Delay      (SCD):    0.000ns
    Clock Pessimism Removal (CPR):    -0.000ns

    Location             Delay type                Incr(ns)  Path(ns)    Netlist Resource(s)
  -------------------------------------------------------------------    -------------------
    U18                                               0.000     0.000 r  reset_in (IN)
                         net (fo=0)                   0.000     0.000    reset_in
    U18                  IBUF (Prop_ibuf_I_O)         0.210     0.210 r  reset_in_IBUF_inst/O
                         net (fo=1198, routed)        0.812     1.021    fftc/SR[0]
    SLICE_X15Y17         FDRE                                         r  fftc/data_final_reg[5]/R
  -------------------------------------------------------------------    -------------------

                         (clock sys_clk_pin rise edge)
                                                      0.000     0.000 r  
    W5                                                0.000     0.000 r  clock_in (IN)
                         net (fo=0)                   0.000     0.000    clock_in
    W5                   IBUF (Prop_ibuf_I_O)         0.414     0.414 r  clock_in_IBUF_inst/O
                         net (fo=1, routed)           0.685     1.099    clock_in_IBUF
    BUFGCTRL_X0Y0        BUFG (Prop_bufg_I_O)         0.029     1.128 r  clock_in_IBUF_BUFG_inst/O
                         net (fo=8720, routed)        0.828     1.955    fftc/clock_in_IBUF_BUFG
    SLICE_X15Y17         FDRE                                         r  fftc/data_final_reg[5]/C

Slack:                    inf
  Source:                 reset_in
                            (input port)
  Destination:            fftc/data_final_reg[6]/R
                            (rising edge-triggered cell FDRE clocked by sys_clk_pin  {rise@0.000ns fall@5.000ns period=10.000ns})
  Path Group:             (none)
  Path Type:              Hold (Min at Fast Process Corner)
  Data Path Delay:        1.021ns  (logic 0.210ns (20.514%)  route 0.812ns (79.486%))
  Logic Levels:           1  (IBUF=1)
  Clock Path Skew:        1.955ns (DCD - SCD - CPR)
    Destination Clock Delay (DCD):    1.955ns
    Source Clock Delay      (SCD):    0.000ns
    Clock Pessimism Removal (CPR):    -0.000ns

    Location             Delay type                Incr(ns)  Path(ns)    Netlist Resource(s)
  -------------------------------------------------------------------    -------------------
    U18                                               0.000     0.000 r  reset_in (IN)
                         net (fo=0)                   0.000     0.000    reset_in
    U18                  IBUF (Prop_ibuf_I_O)         0.210     0.210 r  reset_in_IBUF_inst/O
                         net (fo=1198, routed)        0.812     1.021    fftc/SR[0]
    SLICE_X15Y17         FDRE                                         r  fftc/data_final_reg[6]/R
  -------------------------------------------------------------------    -------------------

                         (clock sys_clk_pin rise edge)
                                                      0.000     0.000 r  
    W5                                                0.000     0.000 r  clock_in (IN)
                         net (fo=0)                   0.000     0.000    clock_in
    W5                   IBUF (Prop_ibuf_I_O)         0.414     0.414 r  clock_in_IBUF_inst/O
                         net (fo=1, routed)           0.685     1.099    clock_in_IBUF
    BUFGCTRL_X0Y0        BUFG (Prop_bufg_I_O)         0.029     1.128 r  clock_in_IBUF_BUFG_inst/O
                         net (fo=8720, routed)        0.828     1.955    fftc/clock_in_IBUF_BUFG
    SLICE_X15Y17         FDRE                                         r  fftc/data_final_reg[6]/C





