Copyright 1986-2022 Xilinx, Inc. All Rights Reserved. Copyright 2022-2025 Advanced Micro Devices, Inc. All Rights Reserved.
------------------------------------------------------------------------------------------------------------------------------------------------------------------------------------------------------------------------------------------
| Tool Version : Vivado v.2025.2 (lin64) Build 6299465 Fri Nov 14 12:34:56 MST 2025
| Date         : Mon Jul 27 19:04:48 2026
| Host         : borek running 64-bit Ubuntu 26.04 LTS
| Command      : report_timing_summary -max_paths 10 -routable_nets -report_unconstrained -file top_module_timing_summary_routed.rpt -pb top_module_timing_summary_routed.pb -rpx top_module_timing_summary_routed.rpx -warn_on_violation
| Design       : top_module
| Device       : 7a35t-cpg236
| Speed File   : -1  PRODUCTION 1.23 2018-06-13
| Design State : Routed
------------------------------------------------------------------------------------------------------------------------------------------------------------------------------------------------------------------------------------------

Timing Summary Report

------------------------------------------------------------------------------------------------
| Timer Settings
| --------------
------------------------------------------------------------------------------------------------

  Enable Multi Corner Analysis               :  Yes
  Enable Pessimism Removal                   :  Yes
  Pessimism Removal Resolution               :  Nearest Common Node
  Enable Input Delay Default Clock           :  No
  Enable Preset / Clear Arcs                 :  No
  Disable Flight Delays                      :  No
  Ignore I/O Paths                           :  No
  Timing Early Launch at Borrowing Latches   :  No
  Borrow Time for Max Delay Exceptions       :  Yes
  Merge Timing Exceptions                    :  Yes
  Inter-SLR Compensation                     :  Conservative

  Corner  Analyze    Analyze    
  Name    Max Paths  Min Paths  
  ------  ---------  ---------  
  Slow    Yes        Yes        
  Fast    Yes        Yes        


------------------------------------------------------------------------------------------------
| Report Methodology
| ------------------
------------------------------------------------------------------------------------------------

Rule       Severity  Description                    Violations  
---------  --------  -----------------------------  ----------  
TIMING-18  Warning   Missing input or output delay  36          

Note: This report is based on the most recent report_methodology run and may not be up-to-date. Run report_methodology on the current design for the latest report.



check_timing report

Table of Contents
-----------------
1. checking no_clock (0)
2. checking constant_clock (0)
3. checking pulse_width_clock (0)
4. checking unconstrained_internal_endpoints (0)
5. checking no_input_delay (18)
6. checking no_output_delay (18)
7. checking multiple_clock (0)
8. checking generated_clocks (0)
9. checking loops (0)
10. checking partial_input_delay (0)
11. checking partial_output_delay (0)
12. checking latch_loops (0)

1. checking no_clock (0)
------------------------
 There are 0 register/latch pins with no clock.


2. checking constant_clock (0)
------------------------------
 There are 0 register/latch pins with constant_clock.


3. checking pulse_width_clock (0)
---------------------------------
 There are 0 register/latch pins which need pulse_width check


4. checking unconstrained_internal_endpoints (0)
------------------------------------------------
 There are 0 pins that are not constrained for maximum delay.

 There are 0 pins that are not constrained for maximum delay due to constant clock.


5. checking no_input_delay (18)
-------------------------------
 There are 18 input ports with no input delay specified. (HIGH)

 There are 0 input ports with no input delay but user has a false path constraint.


6. checking no_output_delay (18)
--------------------------------
 There are 18 ports with no output delay specified. (HIGH)

 There are 0 ports with no output delay but user has a false path constraint

 There are 0 ports with no output delay but with a timing clock defined on it or propagating through it


7. checking multiple_clock (0)
------------------------------
 There are 0 register/latch pins with multiple clocks.


8. checking generated_clocks (0)
--------------------------------
 There are 0 generated clocks that are not connected to a clock source.


9. checking loops (0)
---------------------
 There are 0 combinational loops in the design.


10. checking partial_input_delay (0)
------------------------------------
 There are 0 input ports with partial input delay specified.


11. checking partial_output_delay (0)
-------------------------------------
 There are 0 ports with partial output delay specified.


12. checking latch_loops (0)
----------------------------
 There are 0 combinational latch loops in the design through latch input



------------------------------------------------------------------------------------------------
| Design Timing Summary
| ---------------------
------------------------------------------------------------------------------------------------

    WNS(ns)      TNS(ns)  TNS Failing Endpoints  TNS Total Endpoints      WHS(ns)      THS(ns)  THS Failing Endpoints  THS Total Endpoints     WPWS(ns)     TPWS(ns)  TPWS Failing Endpoints  TPWS Total Endpoints  
    -------      -------  ---------------------  -------------------      -------      -------  ---------------------  -------------------     --------     --------  ----------------------  --------------------  
      0.630        0.000                      0                22420        0.014        0.000                      0                22420        4.020        0.000                       0                  8721  


All user specified timing constraints are met.


------------------------------------------------------------------------------------------------
| Clock Summary
| -------------
------------------------------------------------------------------------------------------------

Clock        Waveform(ns)       Period(ns)      Frequency(MHz)
-----        ------------       ----------      --------------
sys_clk_pin  {0.000 5.000}      10.000          100.000         


------------------------------------------------------------------------------------------------
| Intra Clock Table
| -----------------
------------------------------------------------------------------------------------------------

Clock             WNS(ns)      TNS(ns)  TNS Failing Endpoints  TNS Total Endpoints      WHS(ns)      THS(ns)  THS Failing Endpoints  THS Total Endpoints     WPWS(ns)     TPWS(ns)  TPWS Failing Endpoints  TPWS Total Endpoints  
-----             -------      -------  ---------------------  -------------------      -------      -------  ---------------------  -------------------     --------     --------  ----------------------  --------------------  
sys_clk_pin         0.630        0.000                      0                22420        0.014        0.000                      0                22420        4.020        0.000                       0                  8721  


------------------------------------------------------------------------------------------------
| Inter Clock Table
| -----------------
------------------------------------------------------------------------------------------------

From Clock    To Clock          WNS(ns)      TNS(ns)  TNS Failing Endpoints  TNS Total Endpoints      WHS(ns)      THS(ns)  THS Failing Endpoints  THS Total Endpoints  
----------    --------          -------      -------  ---------------------  -------------------      -------      -------  ---------------------  -------------------  


------------------------------------------------------------------------------------------------
| Other Path Groups Table
| -----------------------
------------------------------------------------------------------------------------------------

Path Group    From Clock    To Clock          WNS(ns)      TNS(ns)  TNS Failing Endpoints  TNS Total Endpoints      WHS(ns)      THS(ns)  THS Failing Endpoints  THS Total Endpoints  
----------    ----------    --------          -------      -------  ---------------------  -------------------      -------      -------  ---------------------  -------------------  


------------------------------------------------------------------------------------------------
| User Ignored Path Table
| -----------------------
------------------------------------------------------------------------------------------------

Path Group    From Clock    To Clock    
----------    ----------    --------    


------------------------------------------------------------------------------------------------
| Unconstrained Path Table
| ------------------------
------------------------------------------------------------------------------------------------

Path Group    From Clock    To Clock    
----------    ----------    --------    
(none)                                    
(none)        sys_clk_pin                 
(none)                      sys_clk_pin   


------------------------------------------------------------------------------------------------
| Timing Details
| --------------
------------------------------------------------------------------------------------------------


---------------------------------------------------------------------------------------------------
From Clock:  sys_clk_pin
  To Clock:  sys_clk_pin

Setup :            0  Failing Endpoints,  Worst Slack        0.630ns,  Total Violation        0.000ns
Hold  :            0  Failing Endpoints,  Worst Slack        0.014ns,  Total Violation        0.000ns
PW    :            0  Failing Endpoints,  Worst Slack        4.020ns,  Total Violation        0.000ns
---------------------------------------------------------------------------------------------------


Max Delay Paths
--------------------------------------------------------------------------------------
Slack (MET) :             0.630ns  (required time - arrival time)
  Source:                 compc/max_mel_energy_reg[6]/C
                            (rising edge-triggered cell FDRE clocked by sys_clk_pin  {rise@0.000ns fall@5.000ns period=10.000ns})
  Destination:            compc/active_start_reg[4]/D
                            (rising edge-triggered cell FDRE clocked by sys_clk_pin  {rise@0.000ns fall@5.000ns period=10.000ns})
  Path Group:             sys_clk_pin
  Path Type:              Setup (Max at Slow Process Corner)
  Requirement:            10.000ns  (sys_clk_pin rise@10.000ns - sys_clk_pin rise@0.000ns)
  Data Path Delay:        9.239ns  (logic 2.884ns (31.216%)  route 6.355ns (68.784%))
  Logic Levels:           13  (CARRY4=8 LUT4=2 LUT5=2 LUT6=1)
  Clock Path Skew:        -0.127ns (DCD - SCD + CPR)
    Destination Clock Delay (DCD):    4.781ns = ( 14.781 - 10.000 ) 
    Source Clock Delay      (SCD):    5.087ns
    Clock Pessimism Removal (CPR):    0.180ns
  Clock Uncertainty:      0.035ns  ((TSJ^2 + TIJ^2)^1/2 + DJ) / 2 + PE
    Total System Jitter     (TSJ):    0.071ns
    Total Input Jitter      (TIJ):    0.000ns
    Discrete Jitter          (DJ):    0.000ns
    Phase Error              (PE):    0.000ns

    Location             Delay type                Incr(ns)  Path(ns)    Netlist Resource(s)
  -------------------------------------------------------------------    -------------------
                         (clock sys_clk_pin rise edge)
                                                      0.000     0.000 r  
    W5                                                0.000     0.000 r  clock_in (IN)
                         net (fo=0)                   0.000     0.000    clock_in
    W5                   IBUF (Prop_ibuf_I_O)         1.458     1.458 r  clock_in_IBUF_inst/O
                         net (fo=1, routed)           1.967     3.425    clock_in_IBUF
    BUFGCTRL_X0Y0        BUFG (Prop_bufg_I_O)         0.096     3.521 r  clock_in_IBUF_BUFG_inst/O
                         net (fo=8720, routed)        1.566     5.087    compc/clock_in_IBUF_BUFG
    SLICE_X37Y48         FDRE                                         r  compc/max_mel_energy_reg[6]/C
  -------------------------------------------------------------------    -------------------
    SLICE_X37Y48         FDRE (Prop_fdre_C_Q)         0.456     5.543 r  compc/max_mel_energy_reg[6]/Q
                         net (fo=128, routed)         2.039     7.582    compc/max_mel_energy[6]
    SLICE_X58Y33         LUT4 (Prop_lut4_I1_O)        0.124     7.706 r  compc/active_start[4]_i_799/O
                         net (fo=1, routed)           0.000     7.706    compc/active_start[4]_i_799_n_0
    SLICE_X58Y33         CARRY4 (Prop_carry4_S[1]_CO[3])
                                                      0.550     8.256 r  compc/active_start_reg[4]_i_704/CO[3]
                         net (fo=1, routed)           0.000     8.256    compc/active_start_reg[4]_i_704_n_0
    SLICE_X58Y34         CARRY4 (Prop_carry4_CI_CO[3])
                                                      0.114     8.370 r  compc/active_start_reg[4]_i_605/CO[3]
                         net (fo=1, routed)           0.000     8.370    compc/active_start_reg[4]_i_605_n_0
    SLICE_X58Y35         CARRY4 (Prop_carry4_CI_CO[3])
                                                      0.114     8.484 r  compc/active_start_reg[4]_i_506/CO[3]
                         net (fo=1, routed)           0.000     8.484    compc/active_start_reg[4]_i_506_n_0
    SLICE_X58Y36         CARRY4 (Prop_carry4_CI_CO[3])
                                                      0.114     8.598 r  compc/active_start_reg[4]_i_407/CO[3]
                         net (fo=1, routed)           0.000     8.598    compc/active_start_reg[4]_i_407_n_0
    SLICE_X58Y37         CARRY4 (Prop_carry4_CI_CO[3])
                                                      0.114     8.712 r  compc/active_start_reg[4]_i_308/CO[3]
                         net (fo=1, routed)           0.000     8.712    compc/active_start_reg[4]_i_308_n_0
    SLICE_X58Y38         CARRY4 (Prop_carry4_CI_CO[3])
                                                      0.114     8.826 r  compc/active_start_reg[4]_i_209/CO[3]
                         net (fo=1, routed)           0.000     8.826    compc/active_start_reg[4]_i_209_n_0
    SLICE_X58Y39         CARRY4 (Prop_carry4_CI_CO[3])
                                                      0.114     8.940 r  compc/active_start_reg[4]_i_110/CO[3]
                         net (fo=1, routed)           0.000     8.940    compc/active_start_reg[4]_i_110_n_0
    SLICE_X58Y40         CARRY4 (Prop_carry4_CI_CO[3])
                                                      0.114     9.054 f  compc/active_start_reg[4]_i_19/CO[3]
                         net (fo=3, routed)           2.202    11.256    compc/found_v268_in
    SLICE_X49Y61         LUT4 (Prop_lut4_I3_O)        0.152    11.408 r  compc/active_start[4]_i_7/O
                         net (fo=5, routed)           0.628    12.036    compc/active_start[4]_i_7_n_0
    SLICE_X48Y63         LUT6 (Prop_lut6_I5_O)        0.326    12.362 f  compc/active_start[4]_i_8/O
                         net (fo=3, routed)           0.822    13.183    compc/active_start[4]_i_8_n_0
    SLICE_X48Y64         LUT5 (Prop_lut5_I0_O)        0.152    13.335 r  compc/active_start[4]_i_3/O
                         net (fo=1, routed)           0.665    14.000    compc/active_start[4]_i_3_n_0
    SLICE_X48Y58         LUT5 (Prop_lut5_I4_O)        0.326    14.326 r  compc/active_start[4]_i_1/O
                         net (fo=1, routed)           0.000    14.326    compc/active_start[4]_i_1_n_0
    SLICE_X48Y58         FDRE                                         r  compc/active_start_reg[4]/D
  -------------------------------------------------------------------    -------------------

                         (clock sys_clk_pin rise edge)
                                                     10.000    10.000 r  
    W5                                                0.000    10.000 r  clock_in (IN)
                         net (fo=0)                   0.000    10.000    clock_in
    W5                   IBUF (Prop_ibuf_I_O)         1.388    11.388 r  clock_in_IBUF_inst/O
                         net (fo=1, routed)           1.862    13.250    clock_in_IBUF
    BUFGCTRL_X0Y0        BUFG (Prop_bufg_I_O)         0.091    13.341 r  clock_in_IBUF_BUFG_inst/O
                         net (fo=8720, routed)        1.440    14.781    compc/clock_in_IBUF_BUFG
    SLICE_X48Y58         FDRE                                         r  compc/active_start_reg[4]/C
                         clock pessimism              0.180    14.961    
                         clock uncertainty           -0.035    14.925    
    SLICE_X48Y58         FDRE (Setup_fdre_C_D)        0.031    14.956    compc/active_start_reg[4]
  -------------------------------------------------------------------
                         required time                         14.956    
                         arrival time                         -14.326    
  -------------------------------------------------------------------
                         slack                                  0.630    

Slack (MET) :             0.655ns  (required time - arrival time)
  Source:                 compc/max_mel_energy_reg[6]/C
                            (rising edge-triggered cell FDRE clocked by sys_clk_pin  {rise@0.000ns fall@5.000ns period=10.000ns})
  Destination:            compc/active_start_reg[0]/D
                            (rising edge-triggered cell FDRE clocked by sys_clk_pin  {rise@0.000ns fall@5.000ns period=10.000ns})
  Path Group:             sys_clk_pin
  Path Type:              Setup (Max at Slow Process Corner)
  Requirement:            10.000ns  (sys_clk_pin rise@10.000ns - sys_clk_pin rise@0.000ns)
  Data Path Delay:        9.214ns  (logic 2.548ns (27.655%)  route 6.666ns (72.345%))
  Logic Levels:           14  (CARRY4=8 LUT4=2 LUT5=1 LUT6=3)
  Clock Path Skew:        -0.127ns (DCD - SCD + CPR)
    Destination Clock Delay (DCD):    4.781ns = ( 14.781 - 10.000 ) 
    Source Clock Delay      (SCD):    5.087ns
    Clock Pessimism Removal (CPR):    0.180ns
  Clock Uncertainty:      0.035ns  ((TSJ^2 + TIJ^2)^1/2 + DJ) / 2 + PE
    Total System Jitter     (TSJ):    0.071ns
    Total Input Jitter      (TIJ):    0.000ns
    Discrete Jitter          (DJ):    0.000ns
    Phase Error              (PE):    0.000ns

    Location             Delay type                Incr(ns)  Path(ns)    Netlist Resource(s)
  -------------------------------------------------------------------    -------------------
                         (clock sys_clk_pin rise edge)
                                                      0.000     0.000 r  
    W5                                                0.000     0.000 r  clock_in (IN)
                         net (fo=0)                   0.000     0.000    clock_in
    W5                   IBUF (Prop_ibuf_I_O)         1.458     1.458 r  clock_in_IBUF_inst/O
                         net (fo=1, routed)           1.967     3.425    clock_in_IBUF
    BUFGCTRL_X0Y0        BUFG (Prop_bufg_I_O)         0.096     3.521 r  clock_in_IBUF_BUFG_inst/O
                         net (fo=8720, routed)        1.566     5.087    compc/clock_in_IBUF_BUFG
    SLICE_X37Y48         FDRE                                         r  compc/max_mel_energy_reg[6]/C
  -------------------------------------------------------------------    -------------------
    SLICE_X37Y48         FDRE (Prop_fdre_C_Q)         0.456     5.543 r  compc/max_mel_energy_reg[6]/Q
                         net (fo=128, routed)         2.162     7.705    compc/max_mel_energy[6]
    SLICE_X63Y68         LUT4 (Prop_lut4_I1_O)        0.124     7.829 r  compc/active_start[3]_i_2122/O
                         net (fo=1, routed)           0.000     7.829    compc/active_start[3]_i_2122_n_0
    SLICE_X63Y68         CARRY4 (Prop_carry4_S[1]_CO[3])
                                                      0.550     8.379 r  compc/active_start_reg[3]_i_1901/CO[3]
                         net (fo=1, routed)           0.000     8.379    compc/active_start_reg[3]_i_1901_n_0
    SLICE_X63Y69         CARRY4 (Prop_carry4_CI_CO[3])
                                                      0.114     8.493 r  compc/active_start_reg[3]_i_1635/CO[3]
                         net (fo=1, routed)           0.000     8.493    compc/active_start_reg[3]_i_1635_n_0
    SLICE_X63Y70         CARRY4 (Prop_carry4_CI_CO[3])
                                                      0.114     8.607 r  compc/active_start_reg[3]_i_1365/CO[3]
                         net (fo=1, routed)           0.000     8.607    compc/active_start_reg[3]_i_1365_n_0
    SLICE_X63Y71         CARRY4 (Prop_carry4_CI_CO[3])
                                                      0.114     8.721 r  compc/active_start_reg[3]_i_1095/CO[3]
                         net (fo=1, routed)           0.000     8.721    compc/active_start_reg[3]_i_1095_n_0
    SLICE_X63Y72         CARRY4 (Prop_carry4_CI_CO[3])
                                                      0.114     8.835 r  compc/active_start_reg[3]_i_825/CO[3]
                         net (fo=1, routed)           0.000     8.835    compc/active_start_reg[3]_i_825_n_0
    SLICE_X63Y73         CARRY4 (Prop_carry4_CI_CO[3])
                                                      0.114     8.949 r  compc/active_start_reg[3]_i_555/CO[3]
                         net (fo=1, routed)           0.000     8.949    compc/active_start_reg[3]_i_555_n_0
    SLICE_X63Y74         CARRY4 (Prop_carry4_CI_CO[3])
                                                      0.114     9.063 r  compc/active_start_reg[3]_i_285/CO[3]
                         net (fo=1, routed)           0.009     9.072    compc/active_start_reg[3]_i_285_n_0
    SLICE_X63Y75         CARRY4 (Prop_carry4_CI_CO[3])
                                                      0.114     9.186 f  compc/active_start_reg[3]_i_71/CO[3]
                         net (fo=3, routed)           1.810    10.996    compc/found_v232_in
    SLICE_X53Y62         LUT4 (Prop_lut4_I1_O)        0.124    11.120 f  compc/active_start[3]_i_13/O
                         net (fo=8, routed)           0.618    11.739    compc/active_start[3]_i_13_n_0
    SLICE_X49Y62         LUT6 (Prop_lut6_I5_O)        0.124    11.863 f  compc/active_start[5]_i_22/O
                         net (fo=5, routed)           0.489    12.352    compc/active_start[5]_i_22_n_0
    SLICE_X48Y61         LUT6 (Prop_lut6_I5_O)        0.124    12.476 r  compc/active_start[5]_i_9/O
                         net (fo=9, routed)           0.769    13.245    compc/active_start[5]_i_9_n_0
    SLICE_X48Y56         LUT5 (Prop_lut5_I3_O)        0.124    13.369 r  compc/active_start[0]_i_2/O
                         net (fo=1, routed)           0.808    14.177    compc/active_start[0]_i_2_n_0
    SLICE_X48Y57         LUT6 (Prop_lut6_I0_O)        0.124    14.301 r  compc/active_start[0]_i_1/O
                         net (fo=1, routed)           0.000    14.301    compc/active_start[0]_i_1_n_0
    SLICE_X48Y57         FDRE                                         r  compc/active_start_reg[0]/D
  -------------------------------------------------------------------    -------------------

                         (clock sys_clk_pin rise edge)
                                                     10.000    10.000 r  
    W5                                                0.000    10.000 r  clock_in (IN)
                         net (fo=0)                   0.000    10.000    clock_in
    W5                   IBUF (Prop_ibuf_I_O)         1.388    11.388 r  clock_in_IBUF_inst/O
                         net (fo=1, routed)           1.862    13.250    clock_in_IBUF
    BUFGCTRL_X0Y0        BUFG (Prop_bufg_I_O)         0.091    13.341 r  clock_in_IBUF_BUFG_inst/O
                         net (fo=8720, routed)        1.440    14.781    compc/clock_in_IBUF_BUFG
    SLICE_X48Y57         FDRE                                         r  compc/active_start_reg[0]/C
                         clock pessimism              0.180    14.961    
                         clock uncertainty           -0.035    14.925    
    SLICE_X48Y57         FDRE (Setup_fdre_C_D)        0.031    14.956    compc/active_start_reg[0]
  -------------------------------------------------------------------
                         required time                         14.956    
                         arrival time                         -14.301    
  -------------------------------------------------------------------
                         slack                                  0.655    

Slack (MET) :             0.716ns  (required time - arrival time)
  Source:                 compc/coeff_idx_reg[1]/C
                            (rising edge-triggered cell FDRE clocked by sys_clk_pin  {rise@0.000ns fall@5.000ns period=10.000ns})
  Destination:            compc/pair_sum_reg[63]/D
                            (rising edge-triggered cell FDRE clocked by sys_clk_pin  {rise@0.000ns fall@5.000ns period=10.000ns})
  Path Group:             sys_clk_pin
  Path Type:              Setup (Max at Slow Process Corner)
  Requirement:            10.000ns  (sys_clk_pin rise@10.000ns - sys_clk_pin rise@0.000ns)
  Data Path Delay:        9.279ns  (logic 5.419ns (58.399%)  route 3.860ns (41.601%))
  Logic Levels:           22  (CARRY4=17 LUT1=1 LUT4=2 LUT5=1 LUT6=1)
  Clock Path Skew:        -0.044ns (DCD - SCD + CPR)
    Destination Clock Delay (DCD):    4.781ns = ( 14.781 - 10.000 ) 
    Source Clock Delay      (SCD):    5.085ns
    Clock Pessimism Removal (CPR):    0.260ns
  Clock Uncertainty:      0.035ns  ((TSJ^2 + TIJ^2)^1/2 + DJ) / 2 + PE
    Total System Jitter     (TSJ):    0.071ns
    Total Input Jitter      (TIJ):    0.000ns
    Discrete Jitter          (DJ):    0.000ns
    Phase Error              (PE):    0.000ns

    Location             Delay type                Incr(ns)  Path(ns)    Netlist Resource(s)
  -------------------------------------------------------------------    -------------------
                         (clock sys_clk_pin rise edge)
                                                      0.000     0.000 r  
    W5                                                0.000     0.000 r  clock_in (IN)
                         net (fo=0)                   0.000     0.000    clock_in
    W5                   IBUF (Prop_ibuf_I_O)         1.458     1.458 r  clock_in_IBUF_inst/O
                         net (fo=1, routed)           1.967     3.425    clock_in_IBUF
    BUFGCTRL_X0Y0        BUFG (Prop_bufg_I_O)         0.096     3.521 r  clock_in_IBUF_BUFG_inst/O
                         net (fo=8720, routed)        1.564     5.085    compc/clock_in_IBUF_BUFG
    SLICE_X10Y13         FDRE                                         r  compc/coeff_idx_reg[1]/C
  -------------------------------------------------------------------    -------------------
    SLICE_X10Y13         FDRE (Prop_fdre_C_Q)         0.518     5.603 r  compc/coeff_idx_reg[1]/Q
                         net (fo=67, routed)          1.271     6.875    compc/idx[1]
    SLICE_X6Y17          LUT6 (Prop_lut6_I2_O)        0.124     6.999 r  compc/pair_sum[7]_i_29/O
                         net (fo=2, routed)           0.781     7.780    compc/pair_sum[7]_i_29_n_0
    SLICE_X5Y15          LUT5 (Prop_lut5_I2_O)        0.124     7.904 r  compc/pair_sum[7]_i_16/O
                         net (fo=1, routed)           0.000     7.904    compc/pair_sum[7]_i_16_n_0
    SLICE_X5Y15          CARRY4 (Prop_carry4_S[0]_CO[3])
                                                      0.532     8.436 r  compc/pair_sum_reg[7]_i_7/CO[3]
                         net (fo=1, routed)           0.000     8.436    compc/pair_sum_reg[7]_i_7_n_0
    SLICE_X5Y16          CARRY4 (Prop_carry4_CI_O[1])
                                                      0.334     8.770 f  compc/pair_sum_reg[11]_i_7/O[1]
                         net (fo=2, routed)           0.635     9.405    compc/abs_diff_v1[9]
    SLICE_X9Y17          LUT1 (Prop_lut1_I0_O)        0.303     9.708 r  compc/pair_sum[15]_i_20/O
                         net (fo=1, routed)           0.000     9.708    compc/pair_sum[15]_i_20_n_0
    SLICE_X9Y17          CARRY4 (Prop_carry4_S[0]_CO[3])
                                                      0.532    10.240 r  compc/pair_sum_reg[15]_i_8/CO[3]
                         net (fo=1, routed)           0.000    10.240    compc/pair_sum_reg[15]_i_8_n_0
    SLICE_X9Y18          CARRY4 (Prop_carry4_CI_O[1])
                                                      0.334    10.574 r  compc/pair_sum_reg[19]_i_5/O[1]
                         net (fo=1, routed)           0.521    11.095    compc/abs_diff_v0[14]
    SLICE_X8Y18          LUT4 (Prop_lut4_I1_O)        0.303    11.398 r  compc/pair_sum[15]_i_4/O
                         net (fo=1, routed)           0.000    11.398    compc/pair_sum[15]_i_4_n_0
    SLICE_X8Y18          CARRY4 (Prop_carry4_S[2]_CO[3])
                                                      0.380    11.778 r  compc/pair_sum_reg[15]_i_2/CO[3]
                         net (fo=1, routed)           0.000    11.778    compc/pair_sum_reg[15]_i_2_n_0
    SLICE_X8Y19          CARRY4 (Prop_carry4_CI_CO[3])
                                                      0.117    11.895 r  compc/pair_sum_reg[19]_i_2/CO[3]
                         net (fo=1, routed)           0.000    11.895    compc/pair_sum_reg[19]_i_2_n_0
    SLICE_X8Y20          CARRY4 (Prop_carry4_CI_CO[3])
                                                      0.117    12.012 r  compc/pair_sum_reg[23]_i_2/CO[3]
                         net (fo=1, routed)           0.000    12.012    compc/pair_sum_reg[23]_i_2_n_0
    SLICE_X8Y21          CARRY4 (Prop_carry4_CI_CO[3])
                                                      0.117    12.129 r  compc/pair_sum_reg[27]_i_2/CO[3]
                         net (fo=1, routed)           0.000    12.129    compc/pair_sum_reg[27]_i_2_n_0
    SLICE_X8Y22          CARRY4 (Prop_carry4_CI_CO[3])
                                                      0.117    12.246 r  compc/pair_sum_reg[31]_i_2/CO[3]
                         net (fo=1, routed)           0.000    12.246    compc/pair_sum_reg[31]_i_2_n_0
    SLICE_X8Y23          CARRY4 (Prop_carry4_CI_CO[3])
                                                      0.117    12.363 r  compc/pair_sum_reg[35]_i_2/CO[3]
                         net (fo=1, routed)           0.000    12.363    compc/pair_sum_reg[35]_i_2_n_0
    SLICE_X8Y24          CARRY4 (Prop_carry4_CI_CO[3])
                                                      0.117    12.480 r  compc/pair_sum_reg[39]_i_2/CO[3]
                         net (fo=1, routed)           0.009    12.489    compc/pair_sum_reg[39]_i_2_n_0
    SLICE_X8Y25          CARRY4 (Prop_carry4_CI_CO[3])
                                                      0.117    12.606 r  compc/pair_sum_reg[43]_i_2/CO[3]
                         net (fo=1, routed)           0.000    12.606    compc/pair_sum_reg[43]_i_2_n_0
    SLICE_X8Y26          CARRY4 (Prop_carry4_CI_CO[3])
                                                      0.117    12.723 r  compc/pair_sum_reg[47]_i_2/CO[3]
                         net (fo=1, routed)           0.000    12.723    compc/pair_sum_reg[47]_i_2_n_0
    SLICE_X8Y27          CARRY4 (Prop_carry4_CI_CO[3])
                                                      0.117    12.840 r  compc/pair_sum_reg[51]_i_2/CO[3]
                         net (fo=1, routed)           0.000    12.840    compc/pair_sum_reg[51]_i_2_n_0
    SLICE_X8Y28          CARRY4 (Prop_carry4_CI_CO[3])
                                                      0.117    12.957 r  compc/pair_sum_reg[55]_i_2/CO[3]
                         net (fo=1, routed)           0.000    12.957    compc/pair_sum_reg[55]_i_2_n_0
    SLICE_X8Y29          CARRY4 (Prop_carry4_CI_CO[3])
                                                      0.117    13.074 r  compc/pair_sum_reg[59]_i_2/CO[3]
                         net (fo=1, routed)           0.000    13.074    compc/pair_sum_reg[59]_i_2_n_0
    SLICE_X8Y30          CARRY4 (Prop_carry4_CI_O[3])
                                                      0.315    13.389 r  compc/pair_sum_reg[63]_i_4/O[3]
                         net (fo=1, routed)           0.643    14.032    compc/pair_sum_v0[63]
    SLICE_X11Y30         LUT4 (Prop_lut4_I0_O)        0.333    14.365 r  compc/pair_sum[63]_i_2/O
                         net (fo=1, routed)           0.000    14.365    compc/pair_sum_v1_in[63]
    SLICE_X11Y30         FDRE                                         r  compc/pair_sum_reg[63]/D
  -------------------------------------------------------------------    -------------------

                         (clock sys_clk_pin rise edge)
                                                     10.000    10.000 r  
    W5                                                0.000    10.000 r  clock_in (IN)
                         net (fo=0)                   0.000    10.000    clock_in
    W5                   IBUF (Prop_ibuf_I_O)         1.388    11.388 r  clock_in_IBUF_inst/O
                         net (fo=1, routed)           1.862    13.250    clock_in_IBUF
    BUFGCTRL_X0Y0        BUFG (Prop_bufg_I_O)         0.091    13.341 r  clock_in_IBUF_BUFG_inst/O
                         net (fo=8720, routed)        1.440    14.781    compc/clock_in_IBUF_BUFG
    SLICE_X11Y30         FDRE                                         r  compc/pair_sum_reg[63]/C
                         clock pessimism              0.260    15.041    
                         clock uncertainty           -0.035    15.006    
    SLICE_X11Y30         FDRE (Setup_fdre_C_D)        0.075    15.081    compc/pair_sum_reg[63]
  -------------------------------------------------------------------
                         required time                         15.081    
                         arrival time                         -14.365    
  -------------------------------------------------------------------
                         slack                                  0.716    

Slack (MET) :             0.726ns  (required time - arrival time)
  Source:                 compc/max_mel_energy_reg[6]/C
                            (rising edge-triggered cell FDRE clocked by sys_clk_pin  {rise@0.000ns fall@5.000ns period=10.000ns})
  Destination:            compc/active_start_reg[1]/D
                            (rising edge-triggered cell FDRE clocked by sys_clk_pin  {rise@0.000ns fall@5.000ns period=10.000ns})
  Path Group:             sys_clk_pin
  Path Type:              Setup (Max at Slow Process Corner)
  Requirement:            10.000ns  (sys_clk_pin rise@10.000ns - sys_clk_pin rise@0.000ns)
  Data Path Delay:        9.141ns  (logic 2.654ns (29.035%)  route 6.487ns (70.965%))
  Logic Levels:           13  (CARRY4=8 LUT4=2 LUT6=3)
  Clock Path Skew:        -0.127ns (DCD - SCD + CPR)
    Destination Clock Delay (DCD):    4.781ns = ( 14.781 - 10.000 ) 
    Source Clock Delay      (SCD):    5.087ns
    Clock Pessimism Removal (CPR):    0.180ns
  Clock Uncertainty:      0.035ns  ((TSJ^2 + TIJ^2)^1/2 + DJ) / 2 + PE
    Total System Jitter     (TSJ):    0.071ns
    Total Input Jitter      (TIJ):    0.000ns
    Discrete Jitter          (DJ):    0.000ns
    Phase Error              (PE):    0.000ns

    Location             Delay type                Incr(ns)  Path(ns)    Netlist Resource(s)
  -------------------------------------------------------------------    -------------------
                         (clock sys_clk_pin rise edge)
                                                      0.000     0.000 r  
    W5                                                0.000     0.000 r  clock_in (IN)
                         net (fo=0)                   0.000     0.000    clock_in
    W5                   IBUF (Prop_ibuf_I_O)         1.458     1.458 r  clock_in_IBUF_inst/O
                         net (fo=1, routed)           1.967     3.425    clock_in_IBUF
    BUFGCTRL_X0Y0        BUFG (Prop_bufg_I_O)         0.096     3.521 r  clock_in_IBUF_BUFG_inst/O
                         net (fo=8720, routed)        1.566     5.087    compc/clock_in_IBUF_BUFG
    SLICE_X37Y48         FDRE                                         r  compc/max_mel_energy_reg[6]/C
  -------------------------------------------------------------------    -------------------
    SLICE_X37Y48         FDRE (Prop_fdre_C_Q)         0.456     5.543 r  compc/max_mel_energy_reg[6]/Q
                         net (fo=128, routed)         2.039     7.582    compc/max_mel_energy[6]
    SLICE_X58Y33         LUT4 (Prop_lut4_I1_O)        0.124     7.706 r  compc/active_start[4]_i_799/O
                         net (fo=1, routed)           0.000     7.706    compc/active_start[4]_i_799_n_0
    SLICE_X58Y33         CARRY4 (Prop_carry4_S[1]_CO[3])
                                                      0.550     8.256 r  compc/active_start_reg[4]_i_704/CO[3]
                         net (fo=1, routed)           0.000     8.256    compc/active_start_reg[4]_i_704_n_0
    SLICE_X58Y34         CARRY4 (Prop_carry4_CI_CO[3])
                                                      0.114     8.370 r  compc/active_start_reg[4]_i_605/CO[3]
                         net (fo=1, routed)           0.000     8.370    compc/active_start_reg[4]_i_605_n_0
    SLICE_X58Y35         CARRY4 (Prop_carry4_CI_CO[3])
                                                      0.114     8.484 r  compc/active_start_reg[4]_i_506/CO[3]
                         net (fo=1, routed)           0.000     8.484    compc/active_start_reg[4]_i_506_n_0
    SLICE_X58Y36         CARRY4 (Prop_carry4_CI_CO[3])
                                                      0.114     8.598 r  compc/active_start_reg[4]_i_407/CO[3]
                         net (fo=1, routed)           0.000     8.598    compc/active_start_reg[4]_i_407_n_0
    SLICE_X58Y37         CARRY4 (Prop_carry4_CI_CO[3])
                                                      0.114     8.712 r  compc/active_start_reg[4]_i_308/CO[3]
                         net (fo=1, routed)           0.000     8.712    compc/active_start_reg[4]_i_308_n_0
    SLICE_X58Y38         CARRY4 (Prop_carry4_CI_CO[3])
                                                      0.114     8.826 r  compc/active_start_reg[4]_i_209/CO[3]
                         net (fo=1, routed)           0.000     8.826    compc/active_start_reg[4]_i_209_n_0
    SLICE_X58Y39         CARRY4 (Prop_carry4_CI_CO[3])
                                                      0.114     8.940 r  compc/active_start_reg[4]_i_110/CO[3]
                         net (fo=1, routed)           0.000     8.940    compc/active_start_reg[4]_i_110_n_0
    SLICE_X58Y40         CARRY4 (Prop_carry4_CI_CO[3])
                                                      0.114     9.054 f  compc/active_start_reg[4]_i_19/CO[3]
                         net (fo=3, routed)           2.202    11.256    compc/found_v268_in
    SLICE_X49Y61         LUT4 (Prop_lut4_I3_O)        0.152    11.408 r  compc/active_start[4]_i_7/O
                         net (fo=5, routed)           0.628    12.036    compc/active_start[4]_i_7_n_0
    SLICE_X48Y63         LUT6 (Prop_lut6_I5_O)        0.326    12.362 f  compc/active_start[4]_i_8/O
                         net (fo=3, routed)           1.020    13.382    compc/active_start[4]_i_8_n_0
    SLICE_X49Y62         LUT6 (Prop_lut6_I0_O)        0.124    13.506 r  compc/active_start[1]_i_5/O
                         net (fo=1, routed)           0.598    14.104    compc/active_start[1]_i_5_n_0
    SLICE_X48Y58         LUT6 (Prop_lut6_I4_O)        0.124    14.228 r  compc/active_start[1]_i_1/O
                         net (fo=1, routed)           0.000    14.228    compc/active_start[1]_i_1_n_0
    SLICE_X48Y58         FDRE                                         r  compc/active_start_reg[1]/D
  -------------------------------------------------------------------    -------------------

                         (clock sys_clk_pin rise edge)
                                                     10.000    10.000 r  
    W5                                                0.000    10.000 r  clock_in (IN)
                         net (fo=0)                   0.000    10.000    clock_in
    W5                   IBUF (Prop_ibuf_I_O)         1.388    11.388 r  clock_in_IBUF_inst/O
                         net (fo=1, routed)           1.862    13.250    clock_in_IBUF
    BUFGCTRL_X0Y0        BUFG (Prop_bufg_I_O)         0.091    13.341 r  clock_in_IBUF_BUFG_inst/O
                         net (fo=8720, routed)        1.440    14.781    compc/clock_in_IBUF_BUFG
    SLICE_X48Y58         FDRE                                         r  compc/active_start_reg[1]/C
                         clock pessimism              0.180    14.961    
                         clock uncertainty           -0.035    14.925    
    SLICE_X48Y58         FDRE (Setup_fdre_C_D)        0.029    14.954    compc/active_start_reg[1]
  -------------------------------------------------------------------
                         required time                         14.954    
                         arrival time                         -14.228    
  -------------------------------------------------------------------
                         slack                                  0.726    

Slack (MET) :             0.733ns  (required time - arrival time)
  Source:                 compc/max_mel_energy_reg[6]/C
                            (rising edge-triggered cell FDRE clocked by sys_clk_pin  {rise@0.000ns fall@5.000ns period=10.000ns})
  Destination:            compc/active_start_reg[2]/D
                            (rising edge-triggered cell FDRE clocked by sys_clk_pin  {rise@0.000ns fall@5.000ns period=10.000ns})
  Path Group:             sys_clk_pin
  Path Type:              Setup (Max at Slow Process Corner)
  Requirement:            10.000ns  (sys_clk_pin rise@10.000ns - sys_clk_pin rise@0.000ns)
  Data Path Delay:        9.137ns  (logic 2.548ns (27.886%)  route 6.589ns (72.114%))
  Logic Levels:           14  (CARRY4=8 LUT4=2 LUT5=1 LUT6=3)
  Clock Path Skew:        -0.127ns (DCD - SCD + CPR)
    Destination Clock Delay (DCD):    4.781ns = ( 14.781 - 10.000 ) 
    Source Clock Delay      (SCD):    5.087ns
    Clock Pessimism Removal (CPR):    0.180ns
  Clock Uncertainty:      0.035ns  ((TSJ^2 + TIJ^2)^1/2 + DJ) / 2 + PE
    Total System Jitter     (TSJ):    0.071ns
    Total Input Jitter      (TIJ):    0.000ns
    Discrete Jitter          (DJ):    0.000ns
    Phase Error              (PE):    0.000ns

    Location             Delay type                Incr(ns)  Path(ns)    Netlist Resource(s)
  -------------------------------------------------------------------    -------------------
                         (clock sys_clk_pin rise edge)
                                                      0.000     0.000 r  
    W5                                                0.000     0.000 r  clock_in (IN)
                         net (fo=0)                   0.000     0.000    clock_in
    W5                   IBUF (Prop_ibuf_I_O)         1.458     1.458 r  clock_in_IBUF_inst/O
                         net (fo=1, routed)           1.967     3.425    clock_in_IBUF
    BUFGCTRL_X0Y0        BUFG (Prop_bufg_I_O)         0.096     3.521 r  clock_in_IBUF_BUFG_inst/O
                         net (fo=8720, routed)        1.566     5.087    compc/clock_in_IBUF_BUFG
    SLICE_X37Y48         FDRE                                         r  compc/max_mel_energy_reg[6]/C
  -------------------------------------------------------------------    -------------------
    SLICE_X37Y48         FDRE (Prop_fdre_C_Q)         0.456     5.543 r  compc/max_mel_energy_reg[6]/Q
                         net (fo=128, routed)         2.162     7.705    compc/max_mel_energy[6]
    SLICE_X63Y68         LUT4 (Prop_lut4_I1_O)        0.124     7.829 r  compc/active_start[3]_i_2122/O
                         net (fo=1, routed)           0.000     7.829    compc/active_start[3]_i_2122_n_0
    SLICE_X63Y68         CARRY4 (Prop_carry4_S[1]_CO[3])
                                                      0.550     8.379 r  compc/active_start_reg[3]_i_1901/CO[3]
                         net (fo=1, routed)           0.000     8.379    compc/active_start_reg[3]_i_1901_n_0
    SLICE_X63Y69         CARRY4 (Prop_carry4_CI_CO[3])
                                                      0.114     8.493 r  compc/active_start_reg[3]_i_1635/CO[3]
                         net (fo=1, routed)           0.000     8.493    compc/active_start_reg[3]_i_1635_n_0
    SLICE_X63Y70         CARRY4 (Prop_carry4_CI_CO[3])
                                                      0.114     8.607 r  compc/active_start_reg[3]_i_1365/CO[3]
                         net (fo=1, routed)           0.000     8.607    compc/active_start_reg[3]_i_1365_n_0
    SLICE_X63Y71         CARRY4 (Prop_carry4_CI_CO[3])
                                                      0.114     8.721 r  compc/active_start_reg[3]_i_1095/CO[3]
                         net (fo=1, routed)           0.000     8.721    compc/active_start_reg[3]_i_1095_n_0
    SLICE_X63Y72         CARRY4 (Prop_carry4_CI_CO[3])
                                                      0.114     8.835 r  compc/active_start_reg[3]_i_825/CO[3]
                         net (fo=1, routed)           0.000     8.835    compc/active_start_reg[3]_i_825_n_0
    SLICE_X63Y73         CARRY4 (Prop_carry4_CI_CO[3])
                                                      0.114     8.949 r  compc/active_start_reg[3]_i_555/CO[3]
                         net (fo=1, routed)           0.000     8.949    compc/active_start_reg[3]_i_555_n_0
    SLICE_X63Y74         CARRY4 (Prop_carry4_CI_CO[3])
                                                      0.114     9.063 r  compc/active_start_reg[3]_i_285/CO[3]
                         net (fo=1, routed)           0.009     9.072    compc/active_start_reg[3]_i_285_n_0
    SLICE_X63Y75         CARRY4 (Prop_carry4_CI_CO[3])
                                                      0.114     9.186 f  compc/active_start_reg[3]_i_71/CO[3]
                         net (fo=3, routed)           1.810    10.996    compc/found_v232_in
    SLICE_X53Y62         LUT4 (Prop_lut4_I1_O)        0.124    11.120 f  compc/active_start[3]_i_13/O
                         net (fo=8, routed)           0.618    11.739    compc/active_start[3]_i_13_n_0
    SLICE_X49Y62         LUT6 (Prop_lut6_I5_O)        0.124    11.863 f  compc/active_start[5]_i_22/O
                         net (fo=5, routed)           0.489    12.352    compc/active_start[5]_i_22_n_0
    SLICE_X48Y61         LUT6 (Prop_lut6_I5_O)        0.124    12.476 r  compc/active_start[5]_i_9/O
                         net (fo=9, routed)           0.783    13.259    compc/active_start[5]_i_9_n_0
    SLICE_X48Y55         LUT6 (Prop_lut6_I1_O)        0.124    13.383 r  compc/active_start[2]_i_2/O
                         net (fo=1, routed)           0.717    14.100    compc/active_start[2]_i_2_n_0
    SLICE_X48Y58         LUT5 (Prop_lut5_I0_O)        0.124    14.224 r  compc/active_start[2]_i_1/O
                         net (fo=1, routed)           0.000    14.224    compc/active_start[2]_i_1_n_0
    SLICE_X48Y58         FDRE                                         r  compc/active_start_reg[2]/D
  -------------------------------------------------------------------    -------------------

                         (clock sys_clk_pin rise edge)
                                                     10.000    10.000 r  
    W5                                                0.000    10.000 r  clock_in (IN)
                         net (fo=0)                   0.000    10.000    clock_in
    W5                   IBUF (Prop_ibuf_I_O)         1.388    11.388 r  clock_in_IBUF_inst/O
                         net (fo=1, routed)           1.862    13.250    clock_in_IBUF
    BUFGCTRL_X0Y0        BUFG (Prop_bufg_I_O)         0.091    13.341 r  clock_in_IBUF_BUFG_inst/O
                         net (fo=8720, routed)        1.440    14.781    compc/clock_in_IBUF_BUFG
    SLICE_X48Y58         FDRE                                         r  compc/active_start_reg[2]/C
                         clock pessimism              0.180    14.961    
                         clock uncertainty           -0.035    14.925    
    SLICE_X48Y58         FDRE (Setup_fdre_C_D)        0.032    14.957    compc/active_start_reg[2]
  -------------------------------------------------------------------
                         required time                         14.957    
                         arrival time                         -14.224    
  -------------------------------------------------------------------
                         slack                                  0.733    

Slack (MET) :             0.777ns  (required time - arrival time)
  Source:                 compc/coeff_idx_reg[1]/C
                            (rising edge-triggered cell FDRE clocked by sys_clk_pin  {rise@0.000ns fall@5.000ns period=10.000ns})
  Destination:            compc/pair_sum_reg[61]/D
                            (rising edge-triggered cell FDRE clocked by sys_clk_pin  {rise@0.000ns fall@5.000ns period=10.000ns})
  Path Group:             sys_clk_pin
  Path Type:              Setup (Max at Slow Process Corner)
  Requirement:            10.000ns  (sys_clk_pin rise@10.000ns - sys_clk_pin rise@0.000ns)
  Data Path Delay:        9.172ns  (logic 5.400ns (58.872%)  route 3.772ns (41.128%))
  Logic Levels:           22  (CARRY4=17 LUT1=1 LUT4=2 LUT5=1 LUT6=1)
  Clock Path Skew:        -0.044ns (DCD - SCD + CPR)
    Destination Clock Delay (DCD):    4.781ns = ( 14.781 - 10.000 ) 
    Source Clock Delay      (SCD):    5.085ns
    Clock Pessimism Removal (CPR):    0.260ns
  Clock Uncertainty:      0.035ns  ((TSJ^2 + TIJ^2)^1/2 + DJ) / 2 + PE
    Total System Jitter     (TSJ):    0.071ns
    Total Input Jitter      (TIJ):    0.000ns
    Discrete Jitter          (DJ):    0.000ns
    Phase Error              (PE):    0.000ns

    Location             Delay type                Incr(ns)  Path(ns)    Netlist Resource(s)
  -------------------------------------------------------------------    -------------------
                         (clock sys_clk_pin rise edge)
                                                      0.000     0.000 r  
    W5                                                0.000     0.000 r  clock_in (IN)
                         net (fo=0)                   0.000     0.000    clock_in
    W5                   IBUF (Prop_ibuf_I_O)         1.458     1.458 r  clock_in_IBUF_inst/O
                         net (fo=1, routed)           1.967     3.425    clock_in_IBUF
    BUFGCTRL_X0Y0        BUFG (Prop_bufg_I_O)         0.096     3.521 r  clock_in_IBUF_BUFG_inst/O
                         net (fo=8720, routed)        1.564     5.085    compc/clock_in_IBUF_BUFG
    SLICE_X10Y13         FDRE                                         r  compc/coeff_idx_reg[1]/C
  -------------------------------------------------------------------    -------------------
    SLICE_X10Y13         FDRE (Prop_fdre_C_Q)         0.518     5.603 r  compc/coeff_idx_reg[1]/Q
                         net (fo=67, routed)          1.271     6.875    compc/idx[1]
    SLICE_X6Y17          LUT6 (Prop_lut6_I2_O)        0.124     6.999 r  compc/pair_sum[7]_i_29/O
                         net (fo=2, routed)           0.781     7.780    compc/pair_sum[7]_i_29_n_0
    SLICE_X5Y15          LUT5 (Prop_lut5_I2_O)        0.124     7.904 r  compc/pair_sum[7]_i_16/O
                         net (fo=1, routed)           0.000     7.904    compc/pair_sum[7]_i_16_n_0
    SLICE_X5Y15          CARRY4 (Prop_carry4_S[0]_CO[3])
                                                      0.532     8.436 r  compc/pair_sum_reg[7]_i_7/CO[3]
                         net (fo=1, routed)           0.000     8.436    compc/pair_sum_reg[7]_i_7_n_0
    SLICE_X5Y16          CARRY4 (Prop_carry4_CI_O[1])
                                                      0.334     8.770 f  compc/pair_sum_reg[11]_i_7/O[1]
                         net (fo=2, routed)           0.635     9.405    compc/abs_diff_v1[9]
    SLICE_X9Y17          LUT1 (Prop_lut1_I0_O)        0.303     9.708 r  compc/pair_sum[15]_i_20/O
                         net (fo=1, routed)           0.000     9.708    compc/pair_sum[15]_i_20_n_0
    SLICE_X9Y17          CARRY4 (Prop_carry4_S[0]_CO[3])
                                                      0.532    10.240 r  compc/pair_sum_reg[15]_i_8/CO[3]
                         net (fo=1, routed)           0.000    10.240    compc/pair_sum_reg[15]_i_8_n_0
    SLICE_X9Y18          CARRY4 (Prop_carry4_CI_O[1])
                                                      0.334    10.574 r  compc/pair_sum_reg[19]_i_5/O[1]
                         net (fo=1, routed)           0.521    11.095    compc/abs_diff_v0[14]
    SLICE_X8Y18          LUT4 (Prop_lut4_I1_O)        0.303    11.398 r  compc/pair_sum[15]_i_4/O
                         net (fo=1, routed)           0.000    11.398    compc/pair_sum[15]_i_4_n_0
    SLICE_X8Y18          CARRY4 (Prop_carry4_S[2]_CO[3])
                                                      0.380    11.778 r  compc/pair_sum_reg[15]_i_2/CO[3]
                         net (fo=1, routed)           0.000    11.778    compc/pair_sum_reg[15]_i_2_n_0
    SLICE_X8Y19          CARRY4 (Prop_carry4_CI_CO[3])
                                                      0.117    11.895 r  compc/pair_sum_reg[19]_i_2/CO[3]
                         net (fo=1, routed)           0.000    11.895    compc/pair_sum_reg[19]_i_2_n_0
    SLICE_X8Y20          CARRY4 (Prop_carry4_CI_CO[3])
                                                      0.117    12.012 r  compc/pair_sum_reg[23]_i_2/CO[3]
                         net (fo=1, routed)           0.000    12.012    compc/pair_sum_reg[23]_i_2_n_0
    SLICE_X8Y21          CARRY4 (Prop_carry4_CI_CO[3])
                                                      0.117    12.129 r  compc/pair_sum_reg[27]_i_2/CO[3]
                         net (fo=1, routed)           0.000    12.129    compc/pair_sum_reg[27]_i_2_n_0
    SLICE_X8Y22          CARRY4 (Prop_carry4_CI_CO[3])
                                                      0.117    12.246 r  compc/pair_sum_reg[31]_i_2/CO[3]
                         net (fo=1, routed)           0.000    12.246    compc/pair_sum_reg[31]_i_2_n_0
    SLICE_X8Y23          CARRY4 (Prop_carry4_CI_CO[3])
                                                      0.117    12.363 r  compc/pair_sum_reg[35]_i_2/CO[3]
                         net (fo=1, routed)           0.000    12.363    compc/pair_sum_reg[35]_i_2_n_0
    SLICE_X8Y24          CARRY4 (Prop_carry4_CI_CO[3])
                                                      0.117    12.480 r  compc/pair_sum_reg[39]_i_2/CO[3]
                         net (fo=1, routed)           0.009    12.489    compc/pair_sum_reg[39]_i_2_n_0
    SLICE_X8Y25          CARRY4 (Prop_carry4_CI_CO[3])
                                                      0.117    12.606 r  compc/pair_sum_reg[43]_i_2/CO[3]
                         net (fo=1, routed)           0.000    12.606    compc/pair_sum_reg[43]_i_2_n_0
    SLICE_X8Y26          CARRY4 (Prop_carry4_CI_CO[3])
                                                      0.117    12.723 r  compc/pair_sum_reg[47]_i_2/CO[3]
                         net (fo=1, routed)           0.000    12.723    compc/pair_sum_reg[47]_i_2_n_0
    SLICE_X8Y27          CARRY4 (Prop_carry4_CI_CO[3])
                                                      0.117    12.840 r  compc/pair_sum_reg[51]_i_2/CO[3]
                         net (fo=1, routed)           0.000    12.840    compc/pair_sum_reg[51]_i_2_n_0
    SLICE_X8Y28          CARRY4 (Prop_carry4_CI_CO[3])
                                                      0.117    12.957 r  compc/pair_sum_reg[55]_i_2/CO[3]
                         net (fo=1, routed)           0.000    12.957    compc/pair_sum_reg[55]_i_2_n_0
    SLICE_X8Y29          CARRY4 (Prop_carry4_CI_CO[3])
                                                      0.117    13.074 r  compc/pair_sum_reg[59]_i_2/CO[3]
                         net (fo=1, routed)           0.000    13.074    compc/pair_sum_reg[59]_i_2_n_0
    SLICE_X8Y30          CARRY4 (Prop_carry4_CI_O[1])
                                                      0.323    13.397 r  compc/pair_sum_reg[63]_i_4/O[1]
                         net (fo=1, routed)           0.555    13.952    compc/pair_sum_v0[61]
    SLICE_X11Y30         LUT4 (Prop_lut4_I0_O)        0.306    14.258 r  compc/pair_sum[61]_i_1/O
                         net (fo=1, routed)           0.000    14.258    compc/pair_sum_v1_in[61]
    SLICE_X11Y30         FDRE                                         r  compc/pair_sum_reg[61]/D
  -------------------------------------------------------------------    -------------------

                         (clock sys_clk_pin rise edge)
                                                     10.000    10.000 r  
    W5                                                0.000    10.000 r  clock_in (IN)
                         net (fo=0)                   0.000    10.000    clock_in
    W5                   IBUF (Prop_ibuf_I_O)         1.388    11.388 r  clock_in_IBUF_inst/O
                         net (fo=1, routed)           1.862    13.250    clock_in_IBUF
    BUFGCTRL_X0Y0        BUFG (Prop_bufg_I_O)         0.091    13.341 r  clock_in_IBUF_BUFG_inst/O
                         net (fo=8720, routed)        1.440    14.781    compc/clock_in_IBUF_BUFG
    SLICE_X11Y30         FDRE                                         r  compc/pair_sum_reg[61]/C
                         clock pessimism              0.260    15.041    
                         clock uncertainty           -0.035    15.006    
    SLICE_X11Y30         FDRE (Setup_fdre_C_D)        0.029    15.035    compc/pair_sum_reg[61]
  -------------------------------------------------------------------
                         required time                         15.035    
                         arrival time                         -14.258    
  -------------------------------------------------------------------
                         slack                                  0.777    

Slack (MET) :             0.780ns  (required time - arrival time)
  Source:                 compc/max_mel_energy_reg[6]/C
                            (rising edge-triggered cell FDRE clocked by sys_clk_pin  {rise@0.000ns fall@5.000ns period=10.000ns})
  Destination:            compc/active_start_reg[5]/D
                            (rising edge-triggered cell FDRE clocked by sys_clk_pin  {rise@0.000ns fall@5.000ns period=10.000ns})
  Path Group:             sys_clk_pin
  Path Type:              Setup (Max at Slow Process Corner)
  Requirement:            10.000ns  (sys_clk_pin rise@10.000ns - sys_clk_pin rise@0.000ns)
  Data Path Delay:        9.176ns  (logic 2.548ns (27.769%)  route 6.628ns (72.231%))
  Logic Levels:           14  (CARRY4=8 LUT4=2 LUT5=2 LUT6=2)
  Clock Path Skew:        -0.038ns (DCD - SCD + CPR)
    Destination Clock Delay (DCD):    4.789ns = ( 14.789 - 10.000 ) 
    Source Clock Delay      (SCD):    5.087ns
    Clock Pessimism Removal (CPR):    0.260ns
  Clock Uncertainty:      0.035ns  ((TSJ^2 + TIJ^2)^1/2 + DJ) / 2 + PE
    Total System Jitter     (TSJ):    0.071ns
    Total Input Jitter      (TIJ):    0.000ns
    Discrete Jitter          (DJ):    0.000ns
    Phase Error              (PE):    0.000ns

    Location             Delay type                Incr(ns)  Path(ns)    Netlist Resource(s)
  -------------------------------------------------------------------    -------------------
                         (clock sys_clk_pin rise edge)
                                                      0.000     0.000 r  
    W5                                                0.000     0.000 r  clock_in (IN)
                         net (fo=0)                   0.000     0.000    clock_in
    W5                   IBUF (Prop_ibuf_I_O)         1.458     1.458 r  clock_in_IBUF_inst/O
                         net (fo=1, routed)           1.967     3.425    clock_in_IBUF
    BUFGCTRL_X0Y0        BUFG (Prop_bufg_I_O)         0.096     3.521 r  clock_in_IBUF_BUFG_inst/O
                         net (fo=8720, routed)        1.566     5.087    compc/clock_in_IBUF_BUFG
    SLICE_X37Y48         FDRE                                         r  compc/max_mel_energy_reg[6]/C
  -------------------------------------------------------------------    -------------------
    SLICE_X37Y48         FDRE (Prop_fdre_C_Q)         0.456     5.543 r  compc/max_mel_energy_reg[6]/Q
                         net (fo=128, routed)         2.162     7.705    compc/max_mel_energy[6]
    SLICE_X63Y68         LUT4 (Prop_lut4_I1_O)        0.124     7.829 r  compc/active_start[3]_i_2122/O
                         net (fo=1, routed)           0.000     7.829    compc/active_start[3]_i_2122_n_0
    SLICE_X63Y68         CARRY4 (Prop_carry4_S[1]_CO[3])
                                                      0.550     8.379 r  compc/active_start_reg[3]_i_1901/CO[3]
                         net (fo=1, routed)           0.000     8.379    compc/active_start_reg[3]_i_1901_n_0
    SLICE_X63Y69         CARRY4 (Prop_carry4_CI_CO[3])
                                                      0.114     8.493 r  compc/active_start_reg[3]_i_1635/CO[3]
                         net (fo=1, routed)           0.000     8.493    compc/active_start_reg[3]_i_1635_n_0
    SLICE_X63Y70         CARRY4 (Prop_carry4_CI_CO[3])
                                                      0.114     8.607 r  compc/active_start_reg[3]_i_1365/CO[3]
                         net (fo=1, routed)           0.000     8.607    compc/active_start_reg[3]_i_1365_n_0
    SLICE_X63Y71         CARRY4 (Prop_carry4_CI_CO[3])
                                                      0.114     8.721 r  compc/active_start_reg[3]_i_1095/CO[3]
                         net (fo=1, routed)           0.000     8.721    compc/active_start_reg[3]_i_1095_n_0
    SLICE_X63Y72         CARRY4 (Prop_carry4_CI_CO[3])
                                                      0.114     8.835 r  compc/active_start_reg[3]_i_825/CO[3]
                         net (fo=1, routed)           0.000     8.835    compc/active_start_reg[3]_i_825_n_0
    SLICE_X63Y73         CARRY4 (Prop_carry4_CI_CO[3])
                                                      0.114     8.949 r  compc/active_start_reg[3]_i_555/CO[3]
                         net (fo=1, routed)           0.000     8.949    compc/active_start_reg[3]_i_555_n_0
    SLICE_X63Y74         CARRY4 (Prop_carry4_CI_CO[3])
                                                      0.114     9.063 r  compc/active_start_reg[3]_i_285/CO[3]
                         net (fo=1, routed)           0.009     9.072    compc/active_start_reg[3]_i_285_n_0
    SLICE_X63Y75         CARRY4 (Prop_carry4_CI_CO[3])
                                                      0.114     9.186 f  compc/active_start_reg[3]_i_71/CO[3]
                         net (fo=3, routed)           1.810    10.996    compc/found_v232_in
    SLICE_X53Y62         LUT4 (Prop_lut4_I1_O)        0.124    11.120 f  compc/active_start[3]_i_13/O
                         net (fo=8, routed)           0.618    11.739    compc/active_start[3]_i_13_n_0
    SLICE_X49Y62         LUT6 (Prop_lut6_I5_O)        0.124    11.863 f  compc/active_start[5]_i_22/O
                         net (fo=5, routed)           0.489    12.352    compc/active_start[5]_i_22_n_0
    SLICE_X48Y61         LUT6 (Prop_lut6_I5_O)        0.124    12.476 r  compc/active_start[5]_i_9/O
                         net (fo=9, routed)           0.629    13.105    compc/active_start[5]_i_9_n_0
    SLICE_X48Y57         LUT5 (Prop_lut5_I4_O)        0.124    13.229 f  compc/active_start[5]_i_5/O
                         net (fo=2, routed)           0.910    14.139    compc/active_start[5]_i_5_n_0
    SLICE_X43Y48         LUT5 (Prop_lut5_I4_O)        0.124    14.263 r  compc/active_start[5]_i_2/O
                         net (fo=1, routed)           0.000    14.263    compc/active_start[5]_i_2_n_0
    SLICE_X43Y48         FDRE                                         r  compc/active_start_reg[5]/D
  -------------------------------------------------------------------    -------------------

                         (clock sys_clk_pin rise edge)
                                                     10.000    10.000 r  
    W5                                                0.000    10.000 r  clock_in (IN)
                         net (fo=0)                   0.000    10.000    clock_in
    W5                   IBUF (Prop_ibuf_I_O)         1.388    11.388 r  clock_in_IBUF_inst/O
                         net (fo=1, routed)           1.862    13.250    clock_in_IBUF
    BUFGCTRL_X0Y0        BUFG (Prop_bufg_I_O)         0.091    13.341 r  clock_in_IBUF_BUFG_inst/O
                         net (fo=8720, routed)        1.448    14.789    compc/clock_in_IBUF_BUFG
    SLICE_X43Y48         FDRE                                         r  compc/active_start_reg[5]/C
                         clock pessimism              0.260    15.049    
                         clock uncertainty           -0.035    15.014    
    SLICE_X43Y48         FDRE (Setup_fdre_C_D)        0.029    15.043    compc/active_start_reg[5]
  -------------------------------------------------------------------
                         required time                         15.043    
                         arrival time                         -14.263    
  -------------------------------------------------------------------
                         slack                                  0.780    

Slack (MET) :             0.821ns  (required time - arrival time)
  Source:                 compc/coeff_idx_reg[1]/C
                            (rising edge-triggered cell FDRE clocked by sys_clk_pin  {rise@0.000ns fall@5.000ns period=10.000ns})
  Destination:            compc/pair_sum_reg[60]/D
                            (rising edge-triggered cell FDRE clocked by sys_clk_pin  {rise@0.000ns fall@5.000ns period=10.000ns})
  Path Group:             sys_clk_pin
  Path Type:              Setup (Max at Slow Process Corner)
  Requirement:            10.000ns  (sys_clk_pin rise@10.000ns - sys_clk_pin rise@0.000ns)
  Data Path Delay:        9.128ns  (logic 5.285ns (57.899%)  route 3.843ns (42.101%))
  Logic Levels:           22  (CARRY4=17 LUT1=1 LUT4=2 LUT5=1 LUT6=1)
  Clock Path Skew:        -0.045ns (DCD - SCD + CPR)
    Destination Clock Delay (DCD):    4.780ns = ( 14.780 - 10.000 ) 
    Source Clock Delay      (SCD):    5.085ns
    Clock Pessimism Removal (CPR):    0.260ns
  Clock Uncertainty:      0.035ns  ((TSJ^2 + TIJ^2)^1/2 + DJ) / 2 + PE
    Total System Jitter     (TSJ):    0.071ns
    Total Input Jitter      (TIJ):    0.000ns
    Discrete Jitter          (DJ):    0.000ns
    Phase Error              (PE):    0.000ns

    Location             Delay type                Incr(ns)  Path(ns)    Netlist Resource(s)
  -------------------------------------------------------------------    -------------------
                         (clock sys_clk_pin rise edge)
                                                      0.000     0.000 r  
    W5                                                0.000     0.000 r  clock_in (IN)
                         net (fo=0)                   0.000     0.000    clock_in
    W5                   IBUF (Prop_ibuf_I_O)         1.458     1.458 r  clock_in_IBUF_inst/O
                         net (fo=1, routed)           1.967     3.425    clock_in_IBUF
    BUFGCTRL_X0Y0        BUFG (Prop_bufg_I_O)         0.096     3.521 r  clock_in_IBUF_BUFG_inst/O
                         net (fo=8720, routed)        1.564     5.085    compc/clock_in_IBUF_BUFG
    SLICE_X10Y13         FDRE                                         r  compc/coeff_idx_reg[1]/C
  -------------------------------------------------------------------    -------------------
    SLICE_X10Y13         FDRE (Prop_fdre_C_Q)         0.518     5.603 r  compc/coeff_idx_reg[1]/Q
                         net (fo=67, routed)          1.271     6.875    compc/idx[1]
    SLICE_X6Y17          LUT6 (Prop_lut6_I2_O)        0.124     6.999 r  compc/pair_sum[7]_i_29/O
                         net (fo=2, routed)           0.781     7.780    compc/pair_sum[7]_i_29_n_0
    SLICE_X5Y15          LUT5 (Prop_lut5_I2_O)        0.124     7.904 r  compc/pair_sum[7]_i_16/O
                         net (fo=1, routed)           0.000     7.904    compc/pair_sum[7]_i_16_n_0
    SLICE_X5Y15          CARRY4 (Prop_carry4_S[0]_CO[3])
                                                      0.532     8.436 r  compc/pair_sum_reg[7]_i_7/CO[3]
                         net (fo=1, routed)           0.000     8.436    compc/pair_sum_reg[7]_i_7_n_0
    SLICE_X5Y16          CARRY4 (Prop_carry4_CI_O[1])
                                                      0.334     8.770 f  compc/pair_sum_reg[11]_i_7/O[1]
                         net (fo=2, routed)           0.635     9.405    compc/abs_diff_v1[9]
    SLICE_X9Y17          LUT1 (Prop_lut1_I0_O)        0.303     9.708 r  compc/pair_sum[15]_i_20/O
                         net (fo=1, routed)           0.000     9.708    compc/pair_sum[15]_i_20_n_0
    SLICE_X9Y17          CARRY4 (Prop_carry4_S[0]_CO[3])
                                                      0.532    10.240 r  compc/pair_sum_reg[15]_i_8/CO[3]
                         net (fo=1, routed)           0.000    10.240    compc/pair_sum_reg[15]_i_8_n_0
    SLICE_X9Y18          CARRY4 (Prop_carry4_CI_O[1])
                                                      0.334    10.574 r  compc/pair_sum_reg[19]_i_5/O[1]
                         net (fo=1, routed)           0.521    11.095    compc/abs_diff_v0[14]
    SLICE_X8Y18          LUT4 (Prop_lut4_I1_O)        0.303    11.398 r  compc/pair_sum[15]_i_4/O
                         net (fo=1, routed)           0.000    11.398    compc/pair_sum[15]_i_4_n_0
    SLICE_X8Y18          CARRY4 (Prop_carry4_S[2]_CO[3])
                                                      0.380    11.778 r  compc/pair_sum_reg[15]_i_2/CO[3]
                         net (fo=1, routed)           0.000    11.778    compc/pair_sum_reg[15]_i_2_n_0
    SLICE_X8Y19          CARRY4 (Prop_carry4_CI_CO[3])
                                                      0.117    11.895 r  compc/pair_sum_reg[19]_i_2/CO[3]
                         net (fo=1, routed)           0.000    11.895    compc/pair_sum_reg[19]_i_2_n_0
    SLICE_X8Y20          CARRY4 (Prop_carry4_CI_CO[3])
                                                      0.117    12.012 r  compc/pair_sum_reg[23]_i_2/CO[3]
                         net (fo=1, routed)           0.000    12.012    compc/pair_sum_reg[23]_i_2_n_0
    SLICE_X8Y21          CARRY4 (Prop_carry4_CI_CO[3])
                                                      0.117    12.129 r  compc/pair_sum_reg[27]_i_2/CO[3]
                         net (fo=1, routed)           0.000    12.129    compc/pair_sum_reg[27]_i_2_n_0
    SLICE_X8Y22          CARRY4 (Prop_carry4_CI_CO[3])
                                                      0.117    12.246 r  compc/pair_sum_reg[31]_i_2/CO[3]
                         net (fo=1, routed)           0.000    12.246    compc/pair_sum_reg[31]_i_2_n_0
    SLICE_X8Y23          CARRY4 (Prop_carry4_CI_CO[3])
                                                      0.117    12.363 r  compc/pair_sum_reg[35]_i_2/CO[3]
                         net (fo=1, routed)           0.000    12.363    compc/pair_sum_reg[35]_i_2_n_0
    SLICE_X8Y24          CARRY4 (Prop_carry4_CI_CO[3])
                                                      0.117    12.480 r  compc/pair_sum_reg[39]_i_2/CO[3]
                         net (fo=1, routed)           0.009    12.489    compc/pair_sum_reg[39]_i_2_n_0
    SLICE_X8Y25          CARRY4 (Prop_carry4_CI_CO[3])
                                                      0.117    12.606 r  compc/pair_sum_reg[43]_i_2/CO[3]
                         net (fo=1, routed)           0.000    12.606    compc/pair_sum_reg[43]_i_2_n_0
    SLICE_X8Y26          CARRY4 (Prop_carry4_CI_CO[3])
                                                      0.117    12.723 r  compc/pair_sum_reg[47]_i_2/CO[3]
                         net (fo=1, routed)           0.000    12.723    compc/pair_sum_reg[47]_i_2_n_0
    SLICE_X8Y27          CARRY4 (Prop_carry4_CI_CO[3])
                                                      0.117    12.840 r  compc/pair_sum_reg[51]_i_2/CO[3]
                         net (fo=1, routed)           0.000    12.840    compc/pair_sum_reg[51]_i_2_n_0
    SLICE_X8Y28          CARRY4 (Prop_carry4_CI_CO[3])
                                                      0.117    12.957 r  compc/pair_sum_reg[55]_i_2/CO[3]
                         net (fo=1, routed)           0.000    12.957    compc/pair_sum_reg[55]_i_2_n_0
    SLICE_X8Y29          CARRY4 (Prop_carry4_CI_CO[3])
                                                      0.117    13.074 r  compc/pair_sum_reg[59]_i_2/CO[3]
                         net (fo=1, routed)           0.000    13.074    compc/pair_sum_reg[59]_i_2_n_0
    SLICE_X8Y30          CARRY4 (Prop_carry4_CI_O[0])
                                                      0.219    13.293 r  compc/pair_sum_reg[63]_i_4/O[0]
                         net (fo=1, routed)           0.625    13.918    compc/pair_sum_v0[60]
    SLICE_X9Y30          LUT4 (Prop_lut4_I0_O)        0.295    14.213 r  compc/pair_sum[60]_i_1/O
                         net (fo=1, routed)           0.000    14.213    compc/pair_sum_v1_in[60]
    SLICE_X9Y30          FDRE                                         r  compc/pair_sum_reg[60]/D
  -------------------------------------------------------------------    -------------------

                         (clock sys_clk_pin rise edge)
                                                     10.000    10.000 r  
    W5                                                0.000    10.000 r  clock_in (IN)
                         net (fo=0)                   0.000    10.000    clock_in
    W5                   IBUF (Prop_ibuf_I_O)         1.388    11.388 r  clock_in_IBUF_inst/O
                         net (fo=1, routed)           1.862    13.250    clock_in_IBUF
    BUFGCTRL_X0Y0        BUFG (Prop_bufg_I_O)         0.091    13.341 r  clock_in_IBUF_BUFG_inst/O
                         net (fo=8720, routed)        1.439    14.780    compc/clock_in_IBUF_BUFG
    SLICE_X9Y30          FDRE                                         r  compc/pair_sum_reg[60]/C
                         clock pessimism              0.260    15.040    
                         clock uncertainty           -0.035    15.005    
    SLICE_X9Y30          FDRE (Setup_fdre_C_D)        0.029    15.034    compc/pair_sum_reg[60]
  -------------------------------------------------------------------
                         required time                         15.034    
                         arrival time                         -14.213    
  -------------------------------------------------------------------
                         slack                                  0.821    

Slack (MET) :             0.833ns  (required time - arrival time)
  Source:                 compc/coeff_idx_reg[1]/C
                            (rising edge-triggered cell FDRE clocked by sys_clk_pin  {rise@0.000ns fall@5.000ns period=10.000ns})
  Destination:            compc/pair_sum_reg[59]/D
                            (rising edge-triggered cell FDRE clocked by sys_clk_pin  {rise@0.000ns fall@5.000ns period=10.000ns})
  Path Group:             sys_clk_pin
  Path Type:              Setup (Max at Slow Process Corner)
  Requirement:            10.000ns  (sys_clk_pin rise@10.000ns - sys_clk_pin rise@0.000ns)
  Data Path Delay:        9.162ns  (logic 5.302ns (57.867%)  route 3.860ns (42.133%))
  Logic Levels:           21  (CARRY4=16 LUT1=1 LUT4=2 LUT5=1 LUT6=1)
  Clock Path Skew:        -0.044ns (DCD - SCD + CPR)
    Destination Clock Delay (DCD):    4.781ns = ( 14.781 - 10.000 ) 
    Source Clock Delay      (SCD):    5.085ns
    Clock Pessimism Removal (CPR):    0.260ns
  Clock Uncertainty:      0.035ns  ((TSJ^2 + TIJ^2)^1/2 + DJ) / 2 + PE
    Total System Jitter     (TSJ):    0.071ns
    Total Input Jitter      (TIJ):    0.000ns
    Discrete Jitter          (DJ):    0.000ns
    Phase Error              (PE):    0.000ns

    Location             Delay type                Incr(ns)  Path(ns)    Netlist Resource(s)
  -------------------------------------------------------------------    -------------------
                         (clock sys_clk_pin rise edge)
                                                      0.000     0.000 r  
    W5                                                0.000     0.000 r  clock_in (IN)
                         net (fo=0)                   0.000     0.000    clock_in
    W5                   IBUF (Prop_ibuf_I_O)         1.458     1.458 r  clock_in_IBUF_inst/O
                         net (fo=1, routed)           1.967     3.425    clock_in_IBUF
    BUFGCTRL_X0Y0        BUFG (Prop_bufg_I_O)         0.096     3.521 r  clock_in_IBUF_BUFG_inst/O
                         net (fo=8720, routed)        1.564     5.085    compc/clock_in_IBUF_BUFG
    SLICE_X10Y13         FDRE                                         r  compc/coeff_idx_reg[1]/C
  -------------------------------------------------------------------    -------------------
    SLICE_X10Y13         FDRE (Prop_fdre_C_Q)         0.518     5.603 r  compc/coeff_idx_reg[1]/Q
                         net (fo=67, routed)          1.271     6.875    compc/idx[1]
    SLICE_X6Y17          LUT6 (Prop_lut6_I2_O)        0.124     6.999 r  compc/pair_sum[7]_i_29/O
                         net (fo=2, routed)           0.781     7.780    compc/pair_sum[7]_i_29_n_0
    SLICE_X5Y15          LUT5 (Prop_lut5_I2_O)        0.124     7.904 r  compc/pair_sum[7]_i_16/O
                         net (fo=1, routed)           0.000     7.904    compc/pair_sum[7]_i_16_n_0
    SLICE_X5Y15          CARRY4 (Prop_carry4_S[0]_CO[3])
                                                      0.532     8.436 r  compc/pair_sum_reg[7]_i_7/CO[3]
                         net (fo=1, routed)           0.000     8.436    compc/pair_sum_reg[7]_i_7_n_0
    SLICE_X5Y16          CARRY4 (Prop_carry4_CI_O[1])
                                                      0.334     8.770 f  compc/pair_sum_reg[11]_i_7/O[1]
                         net (fo=2, routed)           0.635     9.405    compc/abs_diff_v1[9]
    SLICE_X9Y17          LUT1 (Prop_lut1_I0_O)        0.303     9.708 r  compc/pair_sum[15]_i_20/O
                         net (fo=1, routed)           0.000     9.708    compc/pair_sum[15]_i_20_n_0
    SLICE_X9Y17          CARRY4 (Prop_carry4_S[0]_CO[3])
                                                      0.532    10.240 r  compc/pair_sum_reg[15]_i_8/CO[3]
                         net (fo=1, routed)           0.000    10.240    compc/pair_sum_reg[15]_i_8_n_0
    SLICE_X9Y18          CARRY4 (Prop_carry4_CI_O[1])
                                                      0.334    10.574 r  compc/pair_sum_reg[19]_i_5/O[1]
                         net (fo=1, routed)           0.521    11.095    compc/abs_diff_v0[14]
    SLICE_X8Y18          LUT4 (Prop_lut4_I1_O)        0.303    11.398 r  compc/pair_sum[15]_i_4/O
                         net (fo=1, routed)           0.000    11.398    compc/pair_sum[15]_i_4_n_0
    SLICE_X8Y18          CARRY4 (Prop_carry4_S[2]_CO[3])
                                                      0.380    11.778 r  compc/pair_sum_reg[15]_i_2/CO[3]
                         net (fo=1, routed)           0.000    11.778    compc/pair_sum_reg[15]_i_2_n_0
    SLICE_X8Y19          CARRY4 (Prop_carry4_CI_CO[3])
                                                      0.117    11.895 r  compc/pair_sum_reg[19]_i_2/CO[3]
                         net (fo=1, routed)           0.000    11.895    compc/pair_sum_reg[19]_i_2_n_0
    SLICE_X8Y20          CARRY4 (Prop_carry4_CI_CO[3])
                                                      0.117    12.012 r  compc/pair_sum_reg[23]_i_2/CO[3]
                         net (fo=1, routed)           0.000    12.012    compc/pair_sum_reg[23]_i_2_n_0
    SLICE_X8Y21          CARRY4 (Prop_carry4_CI_CO[3])
                                                      0.117    12.129 r  compc/pair_sum_reg[27]_i_2/CO[3]
                         net (fo=1, routed)           0.000    12.129    compc/pair_sum_reg[27]_i_2_n_0
    SLICE_X8Y22          CARRY4 (Prop_carry4_CI_CO[3])
                                                      0.117    12.246 r  compc/pair_sum_reg[31]_i_2/CO[3]
                         net (fo=1, routed)           0.000    12.246    compc/pair_sum_reg[31]_i_2_n_0
    SLICE_X8Y23          CARRY4 (Prop_carry4_CI_CO[3])
                                                      0.117    12.363 r  compc/pair_sum_reg[35]_i_2/CO[3]
                         net (fo=1, routed)           0.000    12.363    compc/pair_sum_reg[35]_i_2_n_0
    SLICE_X8Y24          CARRY4 (Prop_carry4_CI_CO[3])
                                                      0.117    12.480 r  compc/pair_sum_reg[39]_i_2/CO[3]
                         net (fo=1, routed)           0.009    12.489    compc/pair_sum_reg[39]_i_2_n_0
    SLICE_X8Y25          CARRY4 (Prop_carry4_CI_CO[3])
                                                      0.117    12.606 r  compc/pair_sum_reg[43]_i_2/CO[3]
                         net (fo=1, routed)           0.000    12.606    compc/pair_sum_reg[43]_i_2_n_0
    SLICE_X8Y26          CARRY4 (Prop_carry4_CI_CO[3])
                                                      0.117    12.723 r  compc/pair_sum_reg[47]_i_2/CO[3]
                         net (fo=1, routed)           0.000    12.723    compc/pair_sum_reg[47]_i_2_n_0
    SLICE_X8Y27          CARRY4 (Prop_carry4_CI_CO[3])
                                                      0.117    12.840 r  compc/pair_sum_reg[51]_i_2/CO[3]
                         net (fo=1, routed)           0.000    12.840    compc/pair_sum_reg[51]_i_2_n_0
    SLICE_X8Y28          CARRY4 (Prop_carry4_CI_CO[3])
                                                      0.117    12.957 r  compc/pair_sum_reg[55]_i_2/CO[3]
                         net (fo=1, routed)           0.000    12.957    compc/pair_sum_reg[55]_i_2_n_0
    SLICE_X8Y29          CARRY4 (Prop_carry4_CI_O[3])
                                                      0.315    13.272 r  compc/pair_sum_reg[59]_i_2/O[3]
                         net (fo=1, routed)           0.643    13.915    compc/pair_sum_v0[59]
    SLICE_X11Y29         LUT4 (Prop_lut4_I0_O)        0.333    14.248 r  compc/pair_sum[59]_i_1/O
                         net (fo=1, routed)           0.000    14.248    compc/pair_sum_v1_in[59]
    SLICE_X11Y29         FDRE                                         r  compc/pair_sum_reg[59]/D
  -------------------------------------------------------------------    -------------------

                         (clock sys_clk_pin rise edge)
                                                     10.000    10.000 r  
    W5                                                0.000    10.000 r  clock_in (IN)
                         net (fo=0)                   0.000    10.000    clock_in
    W5                   IBUF (Prop_ibuf_I_O)         1.388    11.388 r  clock_in_IBUF_inst/O
                         net (fo=1, routed)           1.862    13.250    clock_in_IBUF
    BUFGCTRL_X0Y0        BUFG (Prop_bufg_I_O)         0.091    13.341 r  clock_in_IBUF_BUFG_inst/O
                         net (fo=8720, routed)        1.440    14.781    compc/clock_in_IBUF_BUFG
    SLICE_X11Y29         FDRE                                         r  compc/pair_sum_reg[59]/C
                         clock pessimism              0.260    15.041    
                         clock uncertainty           -0.035    15.006    
    SLICE_X11Y29         FDRE (Setup_fdre_C_D)        0.075    15.081    compc/pair_sum_reg[59]
  -------------------------------------------------------------------
                         required time                         15.081    
                         arrival time                         -14.248    
  -------------------------------------------------------------------
                         slack                                  0.833    

Slack (MET) :             0.894ns  (required time - arrival time)
  Source:                 compc/coeff_idx_reg[1]/C
                            (rising edge-triggered cell FDRE clocked by sys_clk_pin  {rise@0.000ns fall@5.000ns period=10.000ns})
  Destination:            compc/pair_sum_reg[57]/D
                            (rising edge-triggered cell FDRE clocked by sys_clk_pin  {rise@0.000ns fall@5.000ns period=10.000ns})
  Path Group:             sys_clk_pin
  Path Type:              Setup (Max at Slow Process Corner)
  Requirement:            10.000ns  (sys_clk_pin rise@10.000ns - sys_clk_pin rise@0.000ns)
  Data Path Delay:        9.055ns  (logic 5.283ns (58.341%)  route 3.772ns (41.659%))
  Logic Levels:           21  (CARRY4=16 LUT1=1 LUT4=2 LUT5=1 LUT6=1)
  Clock Path Skew:        -0.044ns (DCD - SCD + CPR)
    Destination Clock Delay (DCD):    4.781ns = ( 14.781 - 10.000 ) 
    Source Clock Delay      (SCD):    5.085ns
    Clock Pessimism Removal (CPR):    0.260ns
  Clock Uncertainty:      0.035ns  ((TSJ^2 + TIJ^2)^1/2 + DJ) / 2 + PE
    Total System Jitter     (TSJ):    0.071ns
    Total Input Jitter      (TIJ):    0.000ns
    Discrete Jitter          (DJ):    0.000ns
    Phase Error              (PE):    0.000ns

    Location             Delay type                Incr(ns)  Path(ns)    Netlist Resource(s)
  -------------------------------------------------------------------    -------------------
                         (clock sys_clk_pin rise edge)
                                                      0.000     0.000 r  
    W5                                                0.000     0.000 r  clock_in (IN)
                         net (fo=0)                   0.000     0.000    clock_in
    W5                   IBUF (Prop_ibuf_I_O)         1.458     1.458 r  clock_in_IBUF_inst/O
                         net (fo=1, routed)           1.967     3.425    clock_in_IBUF
    BUFGCTRL_X0Y0        BUFG (Prop_bufg_I_O)         0.096     3.521 r  clock_in_IBUF_BUFG_inst/O
                         net (fo=8720, routed)        1.564     5.085    compc/clock_in_IBUF_BUFG
    SLICE_X10Y13         FDRE                                         r  compc/coeff_idx_reg[1]/C
  -------------------------------------------------------------------    -------------------
    SLICE_X10Y13         FDRE (Prop_fdre_C_Q)         0.518     5.603 r  compc/coeff_idx_reg[1]/Q
                         net (fo=67, routed)          1.271     6.875    compc/idx[1]
    SLICE_X6Y17          LUT6 (Prop_lut6_I2_O)        0.124     6.999 r  compc/pair_sum[7]_i_29/O
                         net (fo=2, routed)           0.781     7.780    compc/pair_sum[7]_i_29_n_0
    SLICE_X5Y15          LUT5 (Prop_lut5_I2_O)        0.124     7.904 r  compc/pair_sum[7]_i_16/O
                         net (fo=1, routed)           0.000     7.904    compc/pair_sum[7]_i_16_n_0
    SLICE_X5Y15          CARRY4 (Prop_carry4_S[0]_CO[3])
                                                      0.532     8.436 r  compc/pair_sum_reg[7]_i_7/CO[3]
                         net (fo=1, routed)           0.000     8.436    compc/pair_sum_reg[7]_i_7_n_0
    SLICE_X5Y16          CARRY4 (Prop_carry4_CI_O[1])
                                                      0.334     8.770 f  compc/pair_sum_reg[11]_i_7/O[1]
                         net (fo=2, routed)           0.635     9.405    compc/abs_diff_v1[9]
    SLICE_X9Y17          LUT1 (Prop_lut1_I0_O)        0.303     9.708 r  compc/pair_sum[15]_i_20/O
                         net (fo=1, routed)           0.000     9.708    compc/pair_sum[15]_i_20_n_0
    SLICE_X9Y17          CARRY4 (Prop_carry4_S[0]_CO[3])
                                                      0.532    10.240 r  compc/pair_sum_reg[15]_i_8/CO[3]
                         net (fo=1, routed)           0.000    10.240    compc/pair_sum_reg[15]_i_8_n_0
    SLICE_X9Y18          CARRY4 (Prop_carry4_CI_O[1])
                                                      0.334    10.574 r  compc/pair_sum_reg[19]_i_5/O[1]
                         net (fo=1, routed)           0.521    11.095    compc/abs_diff_v0[14]
    SLICE_X8Y18          LUT4 (Prop_lut4_I1_O)        0.303    11.398 r  compc/pair_sum[15]_i_4/O
                         net (fo=1, routed)           0.000    11.398    compc/pair_sum[15]_i_4_n_0
    SLICE_X8Y18          CARRY4 (Prop_carry4_S[2]_CO[3])
                                                      0.380    11.778 r  compc/pair_sum_reg[15]_i_2/CO[3]
                         net (fo=1, routed)           0.000    11.778    compc/pair_sum_reg[15]_i_2_n_0
    SLICE_X8Y19          CARRY4 (Prop_carry4_CI_CO[3])
                                                      0.117    11.895 r  compc/pair_sum_reg[19]_i_2/CO[3]
                         net (fo=1, routed)           0.000    11.895    compc/pair_sum_reg[19]_i_2_n_0
    SLICE_X8Y20          CARRY4 (Prop_carry4_CI_CO[3])
                                                      0.117    12.012 r  compc/pair_sum_reg[23]_i_2/CO[3]
                         net (fo=1, routed)           0.000    12.012    compc/pair_sum_reg[23]_i_2_n_0
    SLICE_X8Y21          CARRY4 (Prop_carry4_CI_CO[3])
                                                      0.117    12.129 r  compc/pair_sum_reg[27]_i_2/CO[3]
                         net (fo=1, routed)           0.000    12.129    compc/pair_sum_reg[27]_i_2_n_0
    SLICE_X8Y22          CARRY4 (Prop_carry4_CI_CO[3])
                                                      0.117    12.246 r  compc/pair_sum_reg[31]_i_2/CO[3]
                         net (fo=1, routed)           0.000    12.246    compc/pair_sum_reg[31]_i_2_n_0
    SLICE_X8Y23          CARRY4 (Prop_carry4_CI_CO[3])
                                                      0.117    12.363 r  compc/pair_sum_reg[35]_i_2/CO[3]
                         net (fo=1, routed)           0.000    12.363    compc/pair_sum_reg[35]_i_2_n_0
    SLICE_X8Y24          CARRY4 (Prop_carry4_CI_CO[3])
                                                      0.117    12.480 r  compc/pair_sum_reg[39]_i_2/CO[3]
                         net (fo=1, routed)           0.009    12.489    compc/pair_sum_reg[39]_i_2_n_0
    SLICE_X8Y25          CARRY4 (Prop_carry4_CI_CO[3])
                                                      0.117    12.606 r  compc/pair_sum_reg[43]_i_2/CO[3]
                         net (fo=1, routed)           0.000    12.606    compc/pair_sum_reg[43]_i_2_n_0
    SLICE_X8Y26          CARRY4 (Prop_carry4_CI_CO[3])
                                                      0.117    12.723 r  compc/pair_sum_reg[47]_i_2/CO[3]
                         net (fo=1, routed)           0.000    12.723    compc/pair_sum_reg[47]_i_2_n_0
    SLICE_X8Y27          CARRY4 (Prop_carry4_CI_CO[3])
                                                      0.117    12.840 r  compc/pair_sum_reg[51]_i_2/CO[3]
                         net (fo=1, routed)           0.000    12.840    compc/pair_sum_reg[51]_i_2_n_0
    SLICE_X8Y28          CARRY4 (Prop_carry4_CI_CO[3])
                                                      0.117    12.957 r  compc/pair_sum_reg[55]_i_2/CO[3]
                         net (fo=1, routed)           0.000    12.957    compc/pair_sum_reg[55]_i_2_n_0
    SLICE_X8Y29          CARRY4 (Prop_carry4_CI_O[1])
                                                      0.323    13.280 r  compc/pair_sum_reg[59]_i_2/O[1]
                         net (fo=1, routed)           0.555    13.835    compc/pair_sum_v0[57]
    SLICE_X11Y29         LUT4 (Prop_lut4_I0_O)        0.306    14.141 r  compc/pair_sum[57]_i_1/O
                         net (fo=1, routed)           0.000    14.141    compc/pair_sum_v1_in[57]
    SLICE_X11Y29         FDRE                                         r  compc/pair_sum_reg[57]/D
  -------------------------------------------------------------------    -------------------

                         (clock sys_clk_pin rise edge)
                                                     10.000    10.000 r  
    W5                                                0.000    10.000 r  clock_in (IN)
                         net (fo=0)                   0.000    10.000    clock_in
    W5                   IBUF (Prop_ibuf_I_O)         1.388    11.388 r  clock_in_IBUF_inst/O
                         net (fo=1, routed)           1.862    13.250    clock_in_IBUF
    BUFGCTRL_X0Y0        BUFG (Prop_bufg_I_O)         0.091    13.341 r  clock_in_IBUF_BUFG_inst/O
                         net (fo=8720, routed)        1.440    14.781    compc/clock_in_IBUF_BUFG
    SLICE_X11Y29         FDRE                                         r  compc/pair_sum_reg[57]/C
                         clock pessimism              0.260    15.041    
                         clock uncertainty           -0.035    15.006    
    SLICE_X11Y29         FDRE (Setup_fdre_C_D)        0.029    15.035    compc/pair_sum_reg[57]
  -------------------------------------------------------------------
                         required time                         15.035    
                         arrival time                         -14.141    
  -------------------------------------------------------------------
                         slack                                  0.894    





Min Delay Paths
--------------------------------------------------------------------------------------
Slack (MET) :             0.014ns  (arrival time - required time)
  Source:                 fftc/data_final_reg[3]/C
                            (rising edge-triggered cell FDRE clocked by sys_clk_pin  {rise@0.000ns fall@5.000ns period=10.000ns})
  Destination:            fftc/ram/U0/inst_blk_mem_gen/gnbram.gnativebmg.native_blk_mem_gen/valid.cstr/ramloop[0].ram.r/prim_noinit.ram/DEVICE_7SERIES.NO_BMM_INFO.SDP.WIDE_PRIM18.ram/DIADI[3]
                            (rising edge-triggered cell RAMB18E1 clocked by sys_clk_pin  {rise@0.000ns fall@5.000ns period=10.000ns})
  Path Group:             sys_clk_pin
  Path Type:              Hold (Min at Fast Process Corner)
  Requirement:            0.000ns  (sys_clk_pin rise@0.000ns - sys_clk_pin rise@0.000ns)
  Data Path Delay:        0.365ns  (logic 0.141ns (38.669%)  route 0.224ns (61.331%))
  Logic Levels:           0  
  Clock Path Skew:        0.054ns (DCD - SCD - CPR)
    Destination Clock Delay (DCD):    1.999ns
    Source Clock Delay      (SCD):    1.446ns
    Clock Pessimism Removal (CPR):    0.498ns

    Location             Delay type                Incr(ns)  Path(ns)    Netlist Resource(s)
  -------------------------------------------------------------------    -------------------
                         (clock sys_clk_pin rise edge)
                                                      0.000     0.000 r  
    W5                                                0.000     0.000 r  clock_in (IN)
                         net (fo=0)                   0.000     0.000    clock_in
    W5                   IBUF (Prop_ibuf_I_O)         0.226     0.226 r  clock_in_IBUF_inst/O
                         net (fo=1, routed)           0.631     0.858    clock_in_IBUF
    BUFGCTRL_X0Y0        BUFG (Prop_bufg_I_O)         0.026     0.884 r  clock_in_IBUF_BUFG_inst/O
                         net (fo=8720, routed)        0.563     1.446    fftc/clock_in_IBUF_BUFG
    SLICE_X48Y12         FDRE                                         r  fftc/data_final_reg[3]/C
  -------------------------------------------------------------------    -------------------
    SLICE_X48Y12         FDRE (Prop_fdre_C_Q)         0.141     1.587 r  fftc/data_final_reg[3]/Q
                         net (fo=1, routed)           0.224     1.811    fftc/ram/U0/inst_blk_mem_gen/gnbram.gnativebmg.native_blk_mem_gen/valid.cstr/ramloop[0].ram.r/prim_noinit.ram/dina[3]
    RAMB18_X1Y6          RAMB18E1                                     r  fftc/ram/U0/inst_blk_mem_gen/gnbram.gnativebmg.native_blk_mem_gen/valid.cstr/ramloop[0].ram.r/prim_noinit.ram/DEVICE_7SERIES.NO_BMM_INFO.SDP.WIDE_PRIM18.ram/DIADI[3]
  -------------------------------------------------------------------    -------------------

                         (clock sys_clk_pin rise edge)
                                                      0.000     0.000 r  
    W5                                                0.000     0.000 r  clock_in (IN)
                         net (fo=0)                   0.000     0.000    clock_in
    W5                   IBUF (Prop_ibuf_I_O)         0.414     0.414 r  clock_in_IBUF_inst/O
                         net (fo=1, routed)           0.685     1.099    clock_in_IBUF
    BUFGCTRL_X0Y0        BUFG (Prop_bufg_I_O)         0.029     1.128 r  clock_in_IBUF_BUFG_inst/O
                         net (fo=8720, routed)        0.871     1.999    fftc/ram/U0/inst_blk_mem_gen/gnbram.gnativebmg.native_blk_mem_gen/valid.cstr/ramloop[0].ram.r/prim_noinit.ram/clka
    RAMB18_X1Y6          RAMB18E1                                     r  fftc/ram/U0/inst_blk_mem_gen/gnbram.gnativebmg.native_blk_mem_gen/valid.cstr/ramloop[0].ram.r/prim_noinit.ram/DEVICE_7SERIES.NO_BMM_INFO.SDP.WIDE_PRIM18.ram/CLKBWRCLK
                         clock pessimism             -0.498     1.501    
    RAMB18_X1Y6          RAMB18E1 (Hold_ramb18e1_CLKBWRCLK_DIADI[3])
                                                      0.296     1.797    fftc/ram/U0/inst_blk_mem_gen/gnbram.gnativebmg.native_blk_mem_gen/valid.cstr/ramloop[0].ram.r/prim_noinit.ram/DEVICE_7SERIES.NO_BMM_INFO.SDP.WIDE_PRIM18.ram
  -------------------------------------------------------------------
                         required time                         -1.797    
                         arrival time                           1.811    
  -------------------------------------------------------------------
                         slack                                  0.014    

Slack (MET) :             0.028ns  (arrival time - required time)
  Source:                 melc/ram_data_in_reg[26]/C
                            (rising edge-triggered cell FDRE clocked by sys_clk_pin  {rise@0.000ns fall@5.000ns period=10.000ns})
  Destination:            melc/mel_ram/U0/inst_blk_mem_gen/gnbram.gnativebmg.native_blk_mem_gen/valid.cstr/ramloop[0].ram.r/prim_noinit.ram/DEVICE_7SERIES.NO_BMM_INFO.SDP.WIDE_PRIM18.ram/DIBDI[10]
                            (rising edge-triggered cell RAMB18E1 clocked by sys_clk_pin  {rise@0.000ns fall@5.000ns period=10.000ns})
  Path Group:             sys_clk_pin
  Path Type:              Hold (Min at Fast Process Corner)
  Requirement:            0.000ns  (sys_clk_pin rise@0.000ns - sys_clk_pin rise@0.000ns)
  Data Path Delay:        0.343ns  (logic 0.128ns (37.292%)  route 0.215ns (62.708%))
  Logic Levels:           0  
  Clock Path Skew:        0.072ns (DCD - SCD - CPR)
    Destination Clock Delay (DCD):    1.991ns
    Source Clock Delay      (SCD):    1.440ns
    Clock Pessimism Removal (CPR):    0.478ns

    Location             Delay type                Incr(ns)  Path(ns)    Netlist Resource(s)
  -------------------------------------------------------------------    -------------------
                         (clock sys_clk_pin rise edge)
                                                      0.000     0.000 r  
    W5                                                0.000     0.000 r  clock_in (IN)
                         net (fo=0)                   0.000     0.000    clock_in
    W5                   IBUF (Prop_ibuf_I_O)         0.226     0.226 r  clock_in_IBUF_inst/O
                         net (fo=1, routed)           0.631     0.858    clock_in_IBUF
    BUFGCTRL_X0Y0        BUFG (Prop_bufg_I_O)         0.026     0.884 r  clock_in_IBUF_BUFG_inst/O
                         net (fo=8720, routed)        0.557     1.440    melc/clock_in_IBUF_BUFG
    SLICE_X53Y29         FDRE                                         r  melc/ram_data_in_reg[26]/C
  -------------------------------------------------------------------    -------------------
    SLICE_X53Y29         FDRE (Prop_fdre_C_Q)         0.128     1.568 r  melc/ram_data_in_reg[26]/Q
                         net (fo=1, routed)           0.215     1.783    melc/mel_ram/U0/inst_blk_mem_gen/gnbram.gnativebmg.native_blk_mem_gen/valid.cstr/ramloop[0].ram.r/prim_noinit.ram/dina[26]
    RAMB18_X1Y11         RAMB18E1                                     r  melc/mel_ram/U0/inst_blk_mem_gen/gnbram.gnativebmg.native_blk_mem_gen/valid.cstr/ramloop[0].ram.r/prim_noinit.ram/DEVICE_7SERIES.NO_BMM_INFO.SDP.WIDE_PRIM18.ram/DIBDI[10]
  -------------------------------------------------------------------    -------------------

                         (clock sys_clk_pin rise edge)
                                                      0.000     0.000 r  
    W5                                                0.000     0.000 r  clock_in (IN)
                         net (fo=0)                   0.000     0.000    clock_in
    W5                   IBUF (Prop_ibuf_I_O)         0.414     0.414 r  clock_in_IBUF_inst/O
                         net (fo=1, routed)           0.685     1.099    clock_in_IBUF
    BUFGCTRL_X0Y0        BUFG (Prop_bufg_I_O)         0.029     1.128 r  clock_in_IBUF_BUFG_inst/O
                         net (fo=8720, routed)        0.863     1.991    melc/mel_ram/U0/inst_blk_mem_gen/gnbram.gnativebmg.native_blk_mem_gen/valid.cstr/ramloop[0].ram.r/prim_noinit.ram/clka
    RAMB18_X1Y11         RAMB18E1                                     r  melc/mel_ram/U0/inst_blk_mem_gen/gnbram.gnativebmg.native_blk_mem_gen/valid.cstr/ramloop[0].ram.r/prim_noinit.ram/DEVICE_7SERIES.NO_BMM_INFO.SDP.WIDE_PRIM18.ram/CLKBWRCLK
                         clock pessimism             -0.478     1.513    
    RAMB18_X1Y11         RAMB18E1 (Hold_ramb18e1_CLKBWRCLK_DIBDI[10])
                                                      0.243     1.756    melc/mel_ram/U0/inst_blk_mem_gen/gnbram.gnativebmg.native_blk_mem_gen/valid.cstr/ramloop[0].ram.r/prim_noinit.ram/DEVICE_7SERIES.NO_BMM_INFO.SDP.WIDE_PRIM18.ram
  -------------------------------------------------------------------
                         required time                         -1.756    
                         arrival time                           1.783    
  -------------------------------------------------------------------
                         slack                                  0.028    

Slack (MET) :             0.040ns  (arrival time - required time)
  Source:                 compc/utt_din_reg[99]/C
                            (rising edge-triggered cell FDRE clocked by sys_clk_pin  {rise@0.000ns fall@5.000ns period=10.000ns})
  Destination:            compc/utterance_ram/U0/inst_blk_mem_gen/gnbram.gnativebmg.native_blk_mem_gen/valid.cstr/ramloop[1].ram.r/prim_noinit.ram/DEVICE_7SERIES.NO_BMM_INFO.SDP.WIDE_PRIM36_NO_ECC.ram/DIADI[30]
                            (rising edge-triggered cell RAMB36E1 clocked by sys_clk_pin  {rise@0.000ns fall@5.000ns period=10.000ns})
  Path Group:             sys_clk_pin
  Path Type:              Hold (Min at Fast Process Corner)
  Requirement:            0.000ns  (sys_clk_pin rise@0.000ns - sys_clk_pin rise@0.000ns)
  Data Path Delay:        0.416ns  (logic 0.164ns (39.436%)  route 0.252ns (60.564%))
  Logic Levels:           0  
  Clock Path Skew:        0.079ns (DCD - SCD - CPR)
    Destination Clock Delay (DCD):    1.994ns
    Source Clock Delay      (SCD):    1.436ns
    Clock Pessimism Removal (CPR):    0.478ns

    Location             Delay type                Incr(ns)  Path(ns)    Netlist Resource(s)
  -------------------------------------------------------------------    -------------------
                         (clock sys_clk_pin rise edge)
                                                      0.000     0.000 r  
    W5                                                0.000     0.000 r  clock_in (IN)
                         net (fo=0)                   0.000     0.000    clock_in
    W5                   IBUF (Prop_ibuf_I_O)         0.226     0.226 r  clock_in_IBUF_inst/O
                         net (fo=1, routed)           0.631     0.858    clock_in_IBUF
    BUFGCTRL_X0Y0        BUFG (Prop_bufg_I_O)         0.026     0.884 r  clock_in_IBUF_BUFG_inst/O
                         net (fo=8720, routed)        0.553     1.436    compc/clock_in_IBUF_BUFG
    SLICE_X8Y25          FDRE                                         r  compc/utt_din_reg[99]/C
  -------------------------------------------------------------------    -------------------
    SLICE_X8Y25          FDRE (Prop_fdre_C_Q)         0.164     1.600 r  compc/utt_din_reg[99]/Q
                         net (fo=1, routed)           0.252     1.852    compc/utterance_ram/U0/inst_blk_mem_gen/gnbram.gnativebmg.native_blk_mem_gen/valid.cstr/ramloop[1].ram.r/prim_noinit.ram/dina[27]
    RAMB36_X0Y4          RAMB36E1                                     r  compc/utterance_ram/U0/inst_blk_mem_gen/gnbram.gnativebmg.native_blk_mem_gen/valid.cstr/ramloop[1].ram.r/prim_noinit.ram/DEVICE_7SERIES.NO_BMM_INFO.SDP.WIDE_PRIM36_NO_ECC.ram/DIADI[30]
  -------------------------------------------------------------------    -------------------

                         (clock sys_clk_pin rise edge)
                                                      0.000     0.000 r  
    W5                                                0.000     0.000 r  clock_in (IN)
                         net (fo=0)                   0.000     0.000    clock_in
    W5                   IBUF (Prop_ibuf_I_O)         0.414     0.414 r  clock_in_IBUF_inst/O
                         net (fo=1, routed)           0.685     1.099    clock_in_IBUF
    BUFGCTRL_X0Y0        BUFG (Prop_bufg_I_O)         0.029     1.128 r  clock_in_IBUF_BUFG_inst/O
                         net (fo=8720, routed)        0.866     1.994    compc/utterance_ram/U0/inst_blk_mem_gen/gnbram.gnativebmg.native_blk_mem_gen/valid.cstr/ramloop[1].ram.r/prim_noinit.ram/clkb
    RAMB36_X0Y4          RAMB36E1                                     r  compc/utterance_ram/U0/inst_blk_mem_gen/gnbram.gnativebmg.native_blk_mem_gen/valid.cstr/ramloop[1].ram.r/prim_noinit.ram/DEVICE_7SERIES.NO_BMM_INFO.SDP.WIDE_PRIM36_NO_ECC.ram/CLKBWRCLK
                         clock pessimism             -0.478     1.516    
    RAMB36_X0Y4          RAMB36E1 (Hold_ramb36e1_CLKBWRCLK_DIADI[30])
                                                      0.296     1.812    compc/utterance_ram/U0/inst_blk_mem_gen/gnbram.gnativebmg.native_blk_mem_gen/valid.cstr/ramloop[1].ram.r/prim_noinit.ram/DEVICE_7SERIES.NO_BMM_INFO.SDP.WIDE_PRIM36_NO_ECC.ram
  -------------------------------------------------------------------
                         required time                         -1.812    
                         arrival time                           1.852    
  -------------------------------------------------------------------
                         slack                                  0.040    

Slack (MET) :             0.045ns  (arrival time - required time)
  Source:                 compc/utt_din_reg[82]/C
                            (rising edge-triggered cell FDRE clocked by sys_clk_pin  {rise@0.000ns fall@5.000ns period=10.000ns})
  Destination:            compc/utterance_ram/U0/inst_blk_mem_gen/gnbram.gnativebmg.native_blk_mem_gen/valid.cstr/ramloop[1].ram.r/prim_noinit.ram/DEVICE_7SERIES.NO_BMM_INFO.SDP.WIDE_PRIM36_NO_ECC.ram/DIADI[11]
                            (rising edge-triggered cell RAMB36E1 clocked by sys_clk_pin  {rise@0.000ns fall@5.000ns period=10.000ns})
  Path Group:             sys_clk_pin
  Path Type:              Hold (Min at Fast Process Corner)
  Requirement:            0.000ns  (sys_clk_pin rise@0.000ns - sys_clk_pin rise@0.000ns)
  Data Path Delay:        0.419ns  (logic 0.141ns (33.632%)  route 0.278ns (66.368%))
  Logic Levels:           0  
  Clock Path Skew:        0.078ns (DCD - SCD - CPR)
    Destination Clock Delay (DCD):    1.994ns
    Source Clock Delay      (SCD):    1.437ns
    Clock Pessimism Removal (CPR):    0.478ns

    Location             Delay type                Incr(ns)  Path(ns)    Netlist Resource(s)
  -------------------------------------------------------------------    -------------------
                         (clock sys_clk_pin rise edge)
                                                      0.000     0.000 r  
    W5                                                0.000     0.000 r  clock_in (IN)
                         net (fo=0)                   0.000     0.000    clock_in
    W5                   IBUF (Prop_ibuf_I_O)         0.226     0.226 r  clock_in_IBUF_inst/O
                         net (fo=1, routed)           0.631     0.858    clock_in_IBUF
    BUFGCTRL_X0Y0        BUFG (Prop_bufg_I_O)         0.026     0.884 r  clock_in_IBUF_BUFG_inst/O
                         net (fo=8720, routed)        0.554     1.437    compc/clock_in_IBUF_BUFG
    SLICE_X9Y26          FDRE                                         r  compc/utt_din_reg[82]/C
  -------------------------------------------------------------------    -------------------
    SLICE_X9Y26          FDRE (Prop_fdre_C_Q)         0.141     1.578 r  compc/utt_din_reg[82]/Q
                         net (fo=1, routed)           0.278     1.856    compc/utterance_ram/U0/inst_blk_mem_gen/gnbram.gnativebmg.native_blk_mem_gen/valid.cstr/ramloop[1].ram.r/prim_noinit.ram/dina[10]
    RAMB36_X0Y4          RAMB36E1                                     r  compc/utterance_ram/U0/inst_blk_mem_gen/gnbram.gnativebmg.native_blk_mem_gen/valid.cstr/ramloop[1].ram.r/prim_noinit.ram/DEVICE_7SERIES.NO_BMM_INFO.SDP.WIDE_PRIM36_NO_ECC.ram/DIADI[11]
  -------------------------------------------------------------------    -------------------

                         (clock sys_clk_pin rise edge)
                                                      0.000     0.000 r  
    W5                                                0.000     0.000 r  clock_in (IN)
                         net (fo=0)                   0.000     0.000    clock_in
    W5                   IBUF (Prop_ibuf_I_O)         0.414     0.414 r  clock_in_IBUF_inst/O
                         net (fo=1, routed)           0.685     1.099    clock_in_IBUF
    BUFGCTRL_X0Y0        BUFG (Prop_bufg_I_O)         0.029     1.128 r  clock_in_IBUF_BUFG_inst/O
                         net (fo=8720, routed)        0.866     1.994    compc/utterance_ram/U0/inst_blk_mem_gen/gnbram.gnativebmg.native_blk_mem_gen/valid.cstr/ramloop[1].ram.r/prim_noinit.ram/clkb
    RAMB36_X0Y4          RAMB36E1                                     r  compc/utterance_ram/U0/inst_blk_mem_gen/gnbram.gnativebmg.native_blk_mem_gen/valid.cstr/ramloop[1].ram.r/prim_noinit.ram/DEVICE_7SERIES.NO_BMM_INFO.SDP.WIDE_PRIM36_NO_ECC.ram/CLKBWRCLK
                         clock pessimism             -0.478     1.516    
    RAMB36_X0Y4          RAMB36E1 (Hold_ramb36e1_CLKBWRCLK_DIADI[11])
                                                      0.296     1.812    compc/utterance_ram/U0/inst_blk_mem_gen/gnbram.gnativebmg.native_blk_mem_gen/valid.cstr/ramloop[1].ram.r/prim_noinit.ram/DEVICE_7SERIES.NO_BMM_INFO.SDP.WIDE_PRIM36_NO_ECC.ram
  -------------------------------------------------------------------
                         required time                         -1.812    
                         arrival time                           1.856    
  -------------------------------------------------------------------
                         slack                                  0.045    

Slack (MET) :             0.051ns  (arrival time - required time)
  Source:                 fftc/real_latch_reg[28]/C
                            (rising edge-triggered cell FDRE clocked by sys_clk_pin  {rise@0.000ns fall@5.000ns period=10.000ns})
  Destination:            top_module/FFT/mult_gen_1/<hidden>/<hidden>/<hidden>/<hidden>
                            (rising edge-triggered cell SRL16E clocked by sys_clk_pin  {rise@0.000ns fall@5.000ns period=10.000ns})
  Path Group:             sys_clk_pin
  Path Type:              Hold (Min at Fast Process Corner)
  Requirement:            0.000ns  (sys_clk_pin rise@0.000ns - sys_clk_pin rise@0.000ns)
  Data Path Delay:        0.419ns  (logic 0.141ns (33.645%)  route 0.278ns (66.355%))
  Logic Levels:           0  
  Clock Path Skew:        0.259ns (DCD - SCD - CPR)
    Destination Clock Delay (DCD):    1.951ns
    Source Clock Delay      (SCD):    1.443ns
    Clock Pessimism Removal (CPR):    0.249ns

    Location             Delay type                Incr(ns)  Path(ns)    Netlist Resource(s)
  -------------------------------------------------------------------    -------------------
                         (clock sys_clk_pin rise edge)
                                                      0.000     0.000 r  
    W5                                                0.000     0.000 r  clock_in (IN)
                         net (fo=0)                   0.000     0.000    clock_in
    W5                   IBUF (Prop_ibuf_I_O)         0.226     0.226 r  clock_in_IBUF_inst/O
                         net (fo=1, routed)           0.631     0.858    clock_in_IBUF
    BUFGCTRL_X0Y0        BUFG (Prop_bufg_I_O)         0.026     0.884 r  clock_in_IBUF_BUFG_inst/O
                         net (fo=8720, routed)        0.560     1.443    fftc/clock_in_IBUF_BUFG
    SLICE_X41Y12         FDRE                                         r  fftc/real_latch_reg[28]/C
  -------------------------------------------------------------------    -------------------
    SLICE_X41Y12         FDRE (Prop_fdre_C_Q)         0.141     1.584 r  fftc/real_latch_reg[28]/Q
                         net (fo=3, routed)           0.278     1.862    top_module/FFT/mult_gen_1/<hidden>/<hidden>/<hidden>/<hidden>
    SLICE_X30Y17         SRL16E                                       r  top_module/FFT/mult_gen_1/<hidden>/<hidden>/<hidden>/<hidden>
  -------------------------------------------------------------------    -------------------

                         (clock sys_clk_pin rise edge)
                                                      0.000     0.000 r  
    W5                                                0.000     0.000 r  clock_in (IN)
                         net (fo=0)                   0.000     0.000    clock_in
    W5                   IBUF (Prop_ibuf_I_O)         0.414     0.414 r  clock_in_IBUF_inst/O
                         net (fo=1, routed)           0.685     1.099    clock_in_IBUF
    BUFGCTRL_X0Y0        BUFG (Prop_bufg_I_O)         0.029     1.128 r  clock_in_IBUF_BUFG_inst/O
                         net (fo=8720, routed)        0.824     1.951    top_module/FFT/mult_gen_1/<hidden>/<hidden>/<hidden>/<hidden>
    SLICE_X30Y17         SRL16E                                       r  top_module/FFT/mult_gen_1/<hidden>/<hidden>/<hidden>/<hidden>
                         clock pessimism             -0.249     1.702    
    SLICE_X30Y17         SRL16E (Hold_srl16e_CLK_D)
                                                      0.109     1.811    top_module/FFT/mult_gen_1/<hidden>/<hidden>/<hidden>/<hidden>
  -------------------------------------------------------------------
                         required time                         -1.811    
                         arrival time                           1.862    
  -------------------------------------------------------------------
                         slack                                  0.051    

Slack (MET) :             0.058ns  (arrival time - required time)
  Source:                 dctc/cos_addr_reg[4]/C
                            (rising edge-triggered cell FDRE clocked by sys_clk_pin  {rise@0.000ns fall@5.000ns period=10.000ns})
  Destination:            dctc/cos_rom/U0/inst_blk_mem_gen/gnbram.gnativebmg.native_blk_mem_gen/valid.cstr/ramloop[0].ram.r/prim_init.ram/DEVICE_7SERIES.NO_BMM_INFO.SP.WIDE_PRIM18.ram/ADDRARDADDR[9]
                            (rising edge-triggered cell RAMB18E1 clocked by sys_clk_pin  {rise@0.000ns fall@5.000ns period=10.000ns})
  Path Group:             sys_clk_pin
  Path Type:              Hold (Min at Fast Process Corner)
  Requirement:            0.000ns  (sys_clk_pin rise@0.000ns - sys_clk_pin rise@0.000ns)
  Data Path Delay:        0.300ns  (logic 0.141ns (47.048%)  route 0.159ns (52.952%))
  Logic Levels:           0  
  Clock Path Skew:        0.058ns (DCD - SCD - CPR)
    Destination Clock Delay (DCD):    1.995ns
    Source Clock Delay      (SCD):    1.439ns
    Clock Pessimism Removal (CPR):    0.497ns

    Location             Delay type                Incr(ns)  Path(ns)    Netlist Resource(s)
  -------------------------------------------------------------------    -------------------
                         (clock sys_clk_pin rise edge)
                                                      0.000     0.000 r  
    W5                                                0.000     0.000 r  clock_in (IN)
                         net (fo=0)                   0.000     0.000    clock_in
    W5                   IBUF (Prop_ibuf_I_O)         0.226     0.226 r  clock_in_IBUF_inst/O
                         net (fo=1, routed)           0.631     0.858    clock_in_IBUF
    BUFGCTRL_X0Y0        BUFG (Prop_bufg_I_O)         0.026     0.884 r  clock_in_IBUF_BUFG_inst/O
                         net (fo=8720, routed)        0.556     1.439    dctc/clock_in_IBUF_BUFG
    SLICE_X57Y26         FDRE                                         r  dctc/cos_addr_reg[4]/C
  -------------------------------------------------------------------    -------------------
    SLICE_X57Y26         FDRE (Prop_fdre_C_Q)         0.141     1.580 r  dctc/cos_addr_reg[4]/Q
                         net (fo=2, routed)           0.159     1.739    dctc/cos_rom/U0/inst_blk_mem_gen/gnbram.gnativebmg.native_blk_mem_gen/valid.cstr/ramloop[0].ram.r/prim_init.ram/addra[4]
    RAMB18_X2Y10         RAMB18E1                                     r  dctc/cos_rom/U0/inst_blk_mem_gen/gnbram.gnativebmg.native_blk_mem_gen/valid.cstr/ramloop[0].ram.r/prim_init.ram/DEVICE_7SERIES.NO_BMM_INFO.SP.WIDE_PRIM18.ram/ADDRARDADDR[9]
  -------------------------------------------------------------------    -------------------

                         (clock sys_clk_pin rise edge)
                                                      0.000     0.000 r  
    W5                                                0.000     0.000 r  clock_in (IN)
                         net (fo=0)                   0.000     0.000    clock_in
    W5                   IBUF (Prop_ibuf_I_O)         0.414     0.414 r  clock_in_IBUF_inst/O
                         net (fo=1, routed)           0.685     1.099    clock_in_IBUF
    BUFGCTRL_X0Y0        BUFG (Prop_bufg_I_O)         0.029     1.128 r  clock_in_IBUF_BUFG_inst/O
                         net (fo=8720, routed)        0.867     1.995    dctc/cos_rom/U0/inst_blk_mem_gen/gnbram.gnativebmg.native_blk_mem_gen/valid.cstr/ramloop[0].ram.r/prim_init.ram/clka
    RAMB18_X2Y10         RAMB18E1                                     r  dctc/cos_rom/U0/inst_blk_mem_gen/gnbram.gnativebmg.native_blk_mem_gen/valid.cstr/ramloop[0].ram.r/prim_init.ram/DEVICE_7SERIES.NO_BMM_INFO.SP.WIDE_PRIM18.ram/CLKARDCLK
                         clock pessimism             -0.497     1.498    
    RAMB18_X2Y10         RAMB18E1 (Hold_ramb18e1_CLKARDCLK_ADDRARDADDR[9])
                                                      0.183     1.681    dctc/cos_rom/U0/inst_blk_mem_gen/gnbram.gnativebmg.native_blk_mem_gen/valid.cstr/ramloop[0].ram.r/prim_init.ram/DEVICE_7SERIES.NO_BMM_INFO.SP.WIDE_PRIM18.ram
  -------------------------------------------------------------------
                         required time                         -1.681    
                         arrival time                           1.739    
  -------------------------------------------------------------------
                         slack                                  0.058    

Slack (MET) :             0.059ns  (arrival time - required time)
  Source:                 dctc/cos_addr_reg[3]/C
                            (rising edge-triggered cell FDRE clocked by sys_clk_pin  {rise@0.000ns fall@5.000ns period=10.000ns})
  Destination:            dctc/cos_rom/U0/inst_blk_mem_gen/gnbram.gnativebmg.native_blk_mem_gen/valid.cstr/ramloop[0].ram.r/prim_init.ram/DEVICE_7SERIES.NO_BMM_INFO.SP.WIDE_PRIM18.ram/ADDRARDADDR[8]
                            (rising edge-triggered cell RAMB18E1 clocked by sys_clk_pin  {rise@0.000ns fall@5.000ns period=10.000ns})
  Path Group:             sys_clk_pin
  Path Type:              Hold (Min at Fast Process Corner)
  Requirement:            0.000ns  (sys_clk_pin rise@0.000ns - sys_clk_pin rise@0.000ns)
  Data Path Delay:        0.299ns  (logic 0.141ns (47.233%)  route 0.158ns (52.767%))
  Logic Levels:           0  
  Clock Path Skew:        0.056ns (DCD - SCD - CPR)
    Destination Clock Delay (DCD):    1.995ns
    Source Clock Delay      (SCD):    1.441ns
    Clock Pessimism Removal (CPR):    0.497ns

    Location             Delay type                Incr(ns)  Path(ns)    Netlist Resource(s)
  -------------------------------------------------------------------    -------------------
                         (clock sys_clk_pin rise edge)
                                                      0.000     0.000 r  
    W5                                                0.000     0.000 r  clock_in (IN)
                         net (fo=0)                   0.000     0.000    clock_in
    W5                   IBUF (Prop_ibuf_I_O)         0.226     0.226 r  clock_in_IBUF_inst/O
                         net (fo=1, routed)           0.631     0.858    clock_in_IBUF
    BUFGCTRL_X0Y0        BUFG (Prop_bufg_I_O)         0.026     0.884 r  clock_in_IBUF_BUFG_inst/O
                         net (fo=8720, routed)        0.558     1.441    dctc/clock_in_IBUF_BUFG
    SLICE_X57Y27         FDRE                                         r  dctc/cos_addr_reg[3]/C
  -------------------------------------------------------------------    -------------------
    SLICE_X57Y27         FDRE (Prop_fdre_C_Q)         0.141     1.582 r  dctc/cos_addr_reg[3]/Q
                         net (fo=2, routed)           0.158     1.740    dctc/cos_rom/U0/inst_blk_mem_gen/gnbram.gnativebmg.native_blk_mem_gen/valid.cstr/ramloop[0].ram.r/prim_init.ram/addra[3]
    RAMB18_X2Y10         RAMB18E1                                     r  dctc/cos_rom/U0/inst_blk_mem_gen/gnbram.gnativebmg.native_blk_mem_gen/valid.cstr/ramloop[0].ram.r/prim_init.ram/DEVICE_7SERIES.NO_BMM_INFO.SP.WIDE_PRIM18.ram/ADDRARDADDR[8]
  -------------------------------------------------------------------    -------------------

                         (clock sys_clk_pin rise edge)
                                                      0.000     0.000 r  
    W5                                                0.000     0.000 r  clock_in (IN)
                         net (fo=0)                   0.000     0.000    clock_in
    W5                   IBUF (Prop_ibuf_I_O)         0.414     0.414 r  clock_in_IBUF_inst/O
                         net (fo=1, routed)           0.685     1.099    clock_in_IBUF
    BUFGCTRL_X0Y0        BUFG (Prop_bufg_I_O)         0.029     1.128 r  clock_in_IBUF_BUFG_inst/O
                         net (fo=8720, routed)        0.867     1.995    dctc/cos_rom/U0/inst_blk_mem_gen/gnbram.gnativebmg.native_blk_mem_gen/valid.cstr/ramloop[0].ram.r/prim_init.ram/clka
    RAMB18_X2Y10         RAMB18E1                                     r  dctc/cos_rom/U0/inst_blk_mem_gen/gnbram.gnativebmg.native_blk_mem_gen/valid.cstr/ramloop[0].ram.r/prim_init.ram/DEVICE_7SERIES.NO_BMM_INFO.SP.WIDE_PRIM18.ram/CLKARDCLK
                         clock pessimism             -0.497     1.498    
    RAMB18_X2Y10         RAMB18E1 (Hold_ramb18e1_CLKARDCLK_ADDRARDADDR[8])
                                                      0.183     1.681    dctc/cos_rom/U0/inst_blk_mem_gen/gnbram.gnativebmg.native_blk_mem_gen/valid.cstr/ramloop[0].ram.r/prim_init.ram/DEVICE_7SERIES.NO_BMM_INFO.SP.WIDE_PRIM18.ram
  -------------------------------------------------------------------
                         required time                         -1.681    
                         arrival time                           1.740    
  -------------------------------------------------------------------
                         slack                                  0.059    

Slack (MET) :             0.060ns  (arrival time - required time)
  Source:                 dctc/cos_addr_reg[4]/C
                            (rising edge-triggered cell FDRE clocked by sys_clk_pin  {rise@0.000ns fall@5.000ns period=10.000ns})
  Destination:            dctc/cos_rom/U0/inst_blk_mem_gen/gnbram.gnativebmg.native_blk_mem_gen/valid.cstr/ramloop[0].ram.r/prim_init.ram/DEVICE_7SERIES.NO_BMM_INFO.SP.WIDE_PRIM18.ram/ADDRBWRADDR[9]
                            (rising edge-triggered cell RAMB18E1 clocked by sys_clk_pin  {rise@0.000ns fall@5.000ns period=10.000ns})
  Path Group:             sys_clk_pin
  Path Type:              Hold (Min at Fast Process Corner)
  Requirement:            0.000ns  (sys_clk_pin rise@0.000ns - sys_clk_pin rise@0.000ns)
  Data Path Delay:        0.298ns  (logic 0.141ns (47.294%)  route 0.157ns (52.706%))
  Logic Levels:           0  
  Clock Path Skew:        0.055ns (DCD - SCD - CPR)
    Destination Clock Delay (DCD):    1.992ns
    Source Clock Delay      (SCD):    1.439ns
    Clock Pessimism Removal (CPR):    0.497ns

    Location             Delay type                Incr(ns)  Path(ns)    Netlist Resource(s)
  -------------------------------------------------------------------    -------------------
                         (clock sys_clk_pin rise edge)
                                                      0.000     0.000 r  
    W5                                                0.000     0.000 r  clock_in (IN)
                         net (fo=0)                   0.000     0.000    clock_in
    W5                   IBUF (Prop_ibuf_I_O)         0.226     0.226 r  clock_in_IBUF_inst/O
                         net (fo=1, routed)           0.631     0.858    clock_in_IBUF
    BUFGCTRL_X0Y0        BUFG (Prop_bufg_I_O)         0.026     0.884 r  clock_in_IBUF_BUFG_inst/O
                         net (fo=8720, routed)        0.556     1.439    dctc/clock_in_IBUF_BUFG
    SLICE_X57Y26         FDRE                                         r  dctc/cos_addr_reg[4]/C
  -------------------------------------------------------------------    -------------------
    SLICE_X57Y26         FDRE (Prop_fdre_C_Q)         0.141     1.580 r  dctc/cos_addr_reg[4]/Q
                         net (fo=2, routed)           0.157     1.737    dctc/cos_rom/U0/inst_blk_mem_gen/gnbram.gnativebmg.native_blk_mem_gen/valid.cstr/ramloop[0].ram.r/prim_init.ram/addra[4]
    RAMB18_X2Y10         RAMB18E1                                     r  dctc/cos_rom/U0/inst_blk_mem_gen/gnbram.gnativebmg.native_blk_mem_gen/valid.cstr/ramloop[0].ram.r/prim_init.ram/DEVICE_7SERIES.NO_BMM_INFO.SP.WIDE_PRIM18.ram/ADDRBWRADDR[9]
  -------------------------------------------------------------------    -------------------

                         (clock sys_clk_pin rise edge)
                                                      0.000     0.000 r  
    W5                                                0.000     0.000 r  clock_in (IN)
                         net (fo=0)                   0.000     0.000    clock_in
    W5                   IBUF (Prop_ibuf_I_O)         0.414     0.414 r  clock_in_IBUF_inst/O
                         net (fo=1, routed)           0.685     1.099    clock_in_IBUF
    BUFGCTRL_X0Y0        BUFG (Prop_bufg_I_O)         0.029     1.128 r  clock_in_IBUF_BUFG_inst/O
                         net (fo=8720, routed)        0.864     1.992    dctc/cos_rom/U0/inst_blk_mem_gen/gnbram.gnativebmg.native_blk_mem_gen/valid.cstr/ramloop[0].ram.r/prim_init.ram/clka
    RAMB18_X2Y10         RAMB18E1                                     r  dctc/cos_rom/U0/inst_blk_mem_gen/gnbram.gnativebmg.native_blk_mem_gen/valid.cstr/ramloop[0].ram.r/prim_init.ram/DEVICE_7SERIES.NO_BMM_INFO.SP.WIDE_PRIM18.ram/CLKBWRCLK
                         clock pessimism             -0.497     1.495    
    RAMB18_X2Y10         RAMB18E1 (Hold_ramb18e1_CLKBWRCLK_ADDRBWRADDR[9])
                                                      0.183     1.678    dctc/cos_rom/U0/inst_blk_mem_gen/gnbram.gnativebmg.native_blk_mem_gen/valid.cstr/ramloop[0].ram.r/prim_init.ram/DEVICE_7SERIES.NO_BMM_INFO.SP.WIDE_PRIM18.ram
  -------------------------------------------------------------------
                         required time                         -1.678    
                         arrival time                           1.737    
  -------------------------------------------------------------------
                         slack                                  0.060    

Slack (MET) :             0.060ns  (arrival time - required time)
  Source:                 dctc/cos_addr_reg[6]/C
                            (rising edge-triggered cell FDRE clocked by sys_clk_pin  {rise@0.000ns fall@5.000ns period=10.000ns})
  Destination:            dctc/cos_rom/U0/inst_blk_mem_gen/gnbram.gnativebmg.native_blk_mem_gen/valid.cstr/ramloop[0].ram.r/prim_init.ram/DEVICE_7SERIES.NO_BMM_INFO.SP.WIDE_PRIM18.ram/ADDRARDADDR[11]
                            (rising edge-triggered cell RAMB18E1 clocked by sys_clk_pin  {rise@0.000ns fall@5.000ns period=10.000ns})
  Path Group:             sys_clk_pin
  Path Type:              Hold (Min at Fast Process Corner)
  Requirement:            0.000ns  (sys_clk_pin rise@0.000ns - sys_clk_pin rise@0.000ns)
  Data Path Delay:        0.300ns  (logic 0.141ns (47.075%)  route 0.159ns (52.925%))
  Logic Levels:           0  
  Clock Path Skew:        0.056ns (DCD - SCD - CPR)
    Destination Clock Delay (DCD):    1.995ns
    Source Clock Delay      (SCD):    1.441ns
    Clock Pessimism Removal (CPR):    0.497ns

    Location             Delay type                Incr(ns)  Path(ns)    Netlist Resource(s)
  -------------------------------------------------------------------    -------------------
                         (clock sys_clk_pin rise edge)
                                                      0.000     0.000 r  
    W5                                                0.000     0.000 r  clock_in (IN)
                         net (fo=0)                   0.000     0.000    clock_in
    W5                   IBUF (Prop_ibuf_I_O)         0.226     0.226 r  clock_in_IBUF_inst/O
                         net (fo=1, routed)           0.631     0.858    clock_in_IBUF
    BUFGCTRL_X0Y0        BUFG (Prop_bufg_I_O)         0.026     0.884 r  clock_in_IBUF_BUFG_inst/O
                         net (fo=8720, routed)        0.558     1.441    dctc/clock_in_IBUF_BUFG
    SLICE_X57Y27         FDRE                                         r  dctc/cos_addr_reg[6]/C
  -------------------------------------------------------------------    -------------------
    SLICE_X57Y27         FDRE (Prop_fdre_C_Q)         0.141     1.582 r  dctc/cos_addr_reg[6]/Q
                         net (fo=2, routed)           0.159     1.741    dctc/cos_rom/U0/inst_blk_mem_gen/gnbram.gnativebmg.native_blk_mem_gen/valid.cstr/ramloop[0].ram.r/prim_init.ram/addra[6]
    RAMB18_X2Y10         RAMB18E1                                     r  dctc/cos_rom/U0/inst_blk_mem_gen/gnbram.gnativebmg.native_blk_mem_gen/valid.cstr/ramloop[0].ram.r/prim_init.ram/DEVICE_7SERIES.NO_BMM_INFO.SP.WIDE_PRIM18.ram/ADDRARDADDR[11]
  -------------------------------------------------------------------    -------------------

                         (clock sys_clk_pin rise edge)
                                                      0.000     0.000 r  
    W5                                                0.000     0.000 r  clock_in (IN)
                         net (fo=0)                   0.000     0.000    clock_in
    W5                   IBUF (Prop_ibuf_I_O)         0.414     0.414 r  clock_in_IBUF_inst/O
                         net (fo=1, routed)           0.685     1.099    clock_in_IBUF
    BUFGCTRL_X0Y0        BUFG (Prop_bufg_I_O)         0.029     1.128 r  clock_in_IBUF_BUFG_inst/O
                         net (fo=8720, routed)        0.867     1.995    dctc/cos_rom/U0/inst_blk_mem_gen/gnbram.gnativebmg.native_blk_mem_gen/valid.cstr/ramloop[0].ram.r/prim_init.ram/clka
    RAMB18_X2Y10         RAMB18E1                                     r  dctc/cos_rom/U0/inst_blk_mem_gen/gnbram.gnativebmg.native_blk_mem_gen/valid.cstr/ramloop[0].ram.r/prim_init.ram/DEVICE_7SERIES.NO_BMM_INFO.SP.WIDE_PRIM18.ram/CLKARDCLK
                         clock pessimism             -0.497     1.498    
    RAMB18_X2Y10         RAMB18E1 (Hold_ramb18e1_CLKARDCLK_ADDRARDADDR[11])
                                                      0.183     1.681    dctc/cos_rom/U0/inst_blk_mem_gen/gnbram.gnativebmg.native_blk_mem_gen/valid.cstr/ramloop[0].ram.r/prim_init.ram/DEVICE_7SERIES.NO_BMM_INFO.SP.WIDE_PRIM18.ram
  -------------------------------------------------------------------
                         required time                         -1.681    
                         arrival time                           1.741    
  -------------------------------------------------------------------
                         slack                                  0.060    

Slack (MET) :             0.061ns  (arrival time - required time)
  Source:                 top_module/FFT/xfft_0/<hidden>/<hidden>/<hidden>/<hidden>/<hidden>
                            (rising edge-triggered cell FDRE clocked by sys_clk_pin  {rise@0.000ns fall@5.000ns period=10.000ns})
  Destination:            top_module/FFT/xfft_0/<hidden>/<hidden>/<hidden>/<hidden>/<hidden>/<hidden>/<hidden>
                            (rising edge-triggered cell RAMB18E1 clocked by sys_clk_pin  {rise@0.000ns fall@5.000ns period=10.000ns})
  Path Group:             sys_clk_pin
  Path Type:              Hold (Min at Fast Process Corner)
  Requirement:            0.000ns  (sys_clk_pin rise@0.000ns - sys_clk_pin rise@0.000ns)
  Data Path Delay:        0.297ns  (logic 0.141ns (47.497%)  route 0.156ns (52.503%))
  Logic Levels:           0  
  Clock Path Skew:        0.080ns (DCD - SCD - CPR)
    Destination Clock Delay (DCD):    2.007ns
    Source Clock Delay      (SCD):    1.448ns
    Clock Pessimism Removal (CPR):    0.478ns

    Location             Delay type                Incr(ns)  Path(ns)    Netlist Resource(s)
  -------------------------------------------------------------------    -------------------
                         (clock sys_clk_pin rise edge)
                                                      0.000     0.000 r  
    W5                                                0.000     0.000 r  clock_in (IN)
                         net (fo=0)                   0.000     0.000    clock_in
    W5                   IBUF (Prop_ibuf_I_O)         0.226     0.226 r  clock_in_IBUF_inst/O
                         net (fo=1, routed)           0.631     0.858    clock_in_IBUF
    BUFGCTRL_X0Y0        BUFG (Prop_bufg_I_O)         0.026     0.884 r  clock_in_IBUF_BUFG_inst/O
                         net (fo=8720, routed)        0.565     1.448    top_module/FFT/xfft_0/<hidden>/<hidden>/<hidden>/<hidden>/<hidden>
    SLICE_X55Y7          FDRE                                         r  top_module/FFT/xfft_0/<hidden>/<hidden>/<hidden>/<hidden>/<hidden>
  -------------------------------------------------------------------    -------------------
    SLICE_X55Y7          FDRE (Prop_fdre_C_Q)         0.141     1.589 r  top_module/FFT/xfft_0/<hidden>/<hidden>/<hidden>/<hidden>/<hidden>
                         net (fo=1, routed)           0.156     1.745    top_module/FFT/xfft_0/<hidden>/<hidden>/<hidden>/<hidden>/<hidden>/<hidden>/<hidden>
    RAMB18_X2Y2          RAMB18E1                                     r  top_module/FFT/xfft_0/<hidden>/<hidden>/<hidden>/<hidden>/<hidden>/<hidden>/<hidden>
  -------------------------------------------------------------------    -------------------

                         (clock sys_clk_pin rise edge)
                                                      0.000     0.000 r  
    W5                                                0.000     0.000 r  clock_in (IN)
                         net (fo=0)                   0.000     0.000    clock_in
    W5                   IBUF (Prop_ibuf_I_O)         0.414     0.414 r  clock_in_IBUF_inst/O
                         net (fo=1, routed)           0.685     1.099    clock_in_IBUF
    BUFGCTRL_X0Y0        BUFG (Prop_bufg_I_O)         0.029     1.128 r  clock_in_IBUF_BUFG_inst/O
                         net (fo=8720, routed)        0.879     2.007    top_module/FFT/xfft_0/<hidden>/<hidden>/<hidden>/<hidden>/<hidden>/<hidden>/<hidden>
    RAMB18_X2Y2          RAMB18E1                                     r  top_module/FFT/xfft_0/<hidden>/<hidden>/<hidden>/<hidden>/<hidden>/<hidden>/<hidden>
                         clock pessimism             -0.478     1.529    
    RAMB18_X2Y2          RAMB18E1 (Hold_ramb18e1_CLKBWRCLK_DIPBDIP[0])
                                                      0.155     1.684    top_module/FFT/xfft_0/<hidden>/<hidden>/<hidden>/<hidden>/<hidden>/<hidden>/<hidden>
  -------------------------------------------------------------------
                         required time                         -1.684    
                         arrival time                           1.745    
  -------------------------------------------------------------------
                         slack                                  0.061    





Pulse Width Checks
--------------------------------------------------------------------------------------
Clock Name:         sys_clk_pin
Waveform(ns):       { 0.000 5.000 }
Period(ns):         10.000
Sources:            { clock_in }

Check Type        Corner  Lib Pin             Reference Pin  Required(ns)  Actual(ns)  Slack(ns)  Location     Pin
Min Period        n/a     RAMB18E1/CLKARDCLK  n/a            2.944         10.000      7.056      RAMB18_X2Y2  top_module/FFT/xfft_0/<hidden>/<hidden>/<hidden>/<hidden>/<hidden>/<hidden>/<hidden>
Min Period        n/a     RAMB18E1/CLKBWRCLK  n/a            2.944         10.000      7.056      RAMB18_X2Y2  top_module/FFT/xfft_0/<hidden>/<hidden>/<hidden>/<hidden>/<hidden>/<hidden>/<hidden>
Min Period        n/a     RAMB18E1/CLKARDCLK  n/a            2.944         10.000      7.056      RAMB18_X1Y2  top_module/FFT/xfft_0/<hidden>/<hidden>/<hidden>/<hidden>/<hidden>/<hidden>/<hidden>
Min Period        n/a     RAMB18E1/CLKBWRCLK  n/a            2.944         10.000      7.056      RAMB18_X1Y2  top_module/FFT/xfft_0/<hidden>/<hidden>/<hidden>/<hidden>/<hidden>/<hidden>/<hidden>
Min Period        n/a     RAMB36E1/CLKARDCLK  n/a            2.576         10.000      7.424      RAMB36_X0Y0  ac/preroll_buf/U0/inst_blk_mem_gen/gnbram.gnativebmg.native_blk_mem_gen/valid.cstr/ramloop[0].ram.r/prim_noinit.ram/DEVICE_7SERIES.NO_BMM_INFO.SDP.SIMPLE_PRIM36.ram/CLKARDCLK
Min Period        n/a     RAMB36E1/CLKBWRCLK  n/a            2.576         10.000      7.424      RAMB36_X0Y0  ac/preroll_buf/U0/inst_blk_mem_gen/gnbram.gnativebmg.native_blk_mem_gen/valid.cstr/ramloop[0].ram.r/prim_noinit.ram/DEVICE_7SERIES.NO_BMM_INFO.SDP.SIMPLE_PRIM36.ram/CLKBWRCLK
Min Period        n/a     RAMB18E1/CLKARDCLK  n/a            2.576         10.000      7.424      RAMB18_X0Y2  ac/ram/U0/inst_blk_mem_gen/gnbram.gnativebmg.native_blk_mem_gen/valid.cstr/ramloop[0].ram.r/prim_noinit.ram/DEVICE_7SERIES.NO_BMM_INFO.SDP.SIMPLE_PRIM18.ram/CLKARDCLK
Min Period        n/a     RAMB18E1/CLKBWRCLK  n/a            2.576         10.000      7.424      RAMB18_X0Y2  ac/ram/U0/inst_blk_mem_gen/gnbram.gnativebmg.native_blk_mem_gen/valid.cstr/ramloop[0].ram.r/prim_noinit.ram/DEVICE_7SERIES.NO_BMM_INFO.SDP.SIMPLE_PRIM18.ram/CLKBWRCLK
Min Period        n/a     RAMB36E1/CLKARDCLK  n/a            2.576         10.000      7.424      RAMB36_X0Y5  ac/ram/U0/inst_blk_mem_gen/gnbram.gnativebmg.native_blk_mem_gen/valid.cstr/ramloop[1].ram.r/prim_noinit.ram/DEVICE_7SERIES.NO_BMM_INFO.SDP.SIMPLE_PRIM36.ram/CLKARDCLK
Min Period        n/a     RAMB36E1/CLKBWRCLK  n/a            2.576         10.000      7.424      RAMB36_X0Y5  ac/ram/U0/inst_blk_mem_gen/gnbram.gnativebmg.native_blk_mem_gen/valid.cstr/ramloop[1].ram.r/prim_noinit.ram/DEVICE_7SERIES.NO_BMM_INFO.SDP.SIMPLE_PRIM36.ram/CLKBWRCLK
Low Pulse Width   Slow    SRL16E/CLK          n/a            0.980         5.000       4.020      SLICE_X50Y0  top_module/FFT/xfft_0/<hidden>/<hidden>/<hidden>/<hidden>/<hidden>/<hidden>/<hidden>/<hidden>/<hidden>/<hidden>
Low Pulse Width   Fast    SRL16E/CLK          n/a            0.980         5.000       4.020      SLICE_X50Y0  top_module/FFT/xfft_0/<hidden>/<hidden>/<hidden>/<hidden>/<hidden>/<hidden>/<hidden>/<hidden>/<hidden>/<hidden>
Low Pulse Width   Slow    SRL16E/CLK          n/a            0.980         5.000       4.020      SLICE_X42Y3  top_module/FFT/xfft_0/<hidden>/<hidden>/<hidden>/<hidden>/<hidden>/<hidden>/<hidden>/<hidden>/<hidden>/<hidden>
Low Pulse Width   Fast    SRL16E/CLK          n/a            0.980         5.000       4.020      SLICE_X42Y3  top_module/FFT/xfft_0/<hidden>/<hidden>/<hidden>/<hidden>/<hidden>/<hidden>/<hidden>/<hidden>/<hidden>/<hidden>
Low Pulse Width   Slow    SRL16E/CLK          n/a            0.980         5.000       4.020      SLICE_X50Y0  top_module/FFT/xfft_0/<hidden>/<hidden>/<hidden>/<hidden>/<hidden>/<hidden>/<hidden>/<hidden>/<hidden>/<hidden>
Low Pulse Width   Fast    SRL16E/CLK          n/a            0.980         5.000       4.020      SLICE_X50Y0  top_module/FFT/xfft_0/<hidden>/<hidden>/<hidden>/<hidden>/<hidden>/<hidden>/<hidden>/<hidden>/<hidden>/<hidden>
Low Pulse Width   Slow    SRL16E/CLK          n/a            0.980         5.000       4.020      SLICE_X46Y2  top_module/FFT/xfft_0/<hidden>/<hidden>/<hidden>/<hidden>/<hidden>/<hidden>/<hidden>/<hidden>/<hidden>/<hidden>
Low Pulse Width   Fast    SRL16E/CLK          n/a            0.980         5.000       4.020      SLICE_X46Y2  top_module/FFT/xfft_0/<hidden>/<hidden>/<hidden>/<hidden>/<hidden>/<hidden>/<hidden>/<hidden>/<hidden>/<hidden>
Low Pulse Width   Slow    SRL16E/CLK          n/a            0.980         5.000       4.020      SLICE_X56Y2  top_module/FFT/xfft_0/<hidden>/<hidden>/<hidden>/<hidden>/<hidden>/<hidden>/<hidden>/<hidden>
Low Pulse Width   Fast    SRL16E/CLK          n/a            0.980         5.000       4.020      SLICE_X56Y2  top_module/FFT/xfft_0/<hidden>/<hidden>/<hidden>/<hidden>/<hidden>/<hidden>/<hidden>/<hidden>
High Pulse Width  Slow    SRL16E/CLK          n/a            0.980         5.000       4.020      SLICE_X50Y0  top_module/FFT/xfft_0/<hidden>/<hidden>/<hidden>/<hidden>/<hidden>/<hidden>/<hidden>/<hidden>/<hidden>/<hidden>
High Pulse Width  Fast    SRL16E/CLK          n/a            0.980         5.000       4.020      SLICE_X50Y0  top_module/FFT/xfft_0/<hidden>/<hidden>/<hidden>/<hidden>/<hidden>/<hidden>/<hidden>/<hidden>/<hidden>/<hidden>
High Pulse Width  Slow    SRL16E/CLK          n/a            0.980         5.000       4.020      SLICE_X42Y3  top_module/FFT/xfft_0/<hidden>/<hidden>/<hidden>/<hidden>/<hidden>/<hidden>/<hidden>/<hidden>/<hidden>/<hidden>
High Pulse Width  Fast    SRL16E/CLK          n/a            0.980         5.000       4.020      SLICE_X42Y3  top_module/FFT/xfft_0/<hidden>/<hidden>/<hidden>/<hidden>/<hidden>/<hidden>/<hidden>/<hidden>/<hidden>/<hidden>
High Pulse Width  Slow    SRL16E/CLK          n/a            0.980         5.000       4.020      SLICE_X50Y0  top_module/FFT/xfft_0/<hidden>/<hidden>/<hidden>/<hidden>/<hidden>/<hidden>/<hidden>/<hidden>/<hidden>/<hidden>
High Pulse Width  Fast    SRL16E/CLK          n/a            0.980         5.000       4.020      SLICE_X50Y0  top_module/FFT/xfft_0/<hidden>/<hidden>/<hidden>/<hidden>/<hidden>/<hidden>/<hidden>/<hidden>/<hidden>/<hidden>
High Pulse Width  Slow    SRL16E/CLK          n/a            0.980         5.000       4.020      SLICE_X46Y2  top_module/FFT/xfft_0/<hidden>/<hidden>/<hidden>/<hidden>/<hidden>/<hidden>/<hidden>/<hidden>/<hidden>/<hidden>
High Pulse Width  Fast    SRL16E/CLK          n/a            0.980         5.000       4.020      SLICE_X46Y2  top_module/FFT/xfft_0/<hidden>/<hidden>/<hidden>/<hidden>/<hidden>/<hidden>/<hidden>/<hidden>/<hidden>/<hidden>
High Pulse Width  Slow    SRL16E/CLK          n/a            0.980         5.000       4.020      SLICE_X56Y2  top_module/FFT/xfft_0/<hidden>/<hidden>/<hidden>/<hidden>/<hidden>/<hidden>/<hidden>/<hidden>
High Pulse Width  Fast    SRL16E/CLK          n/a            0.980         5.000       4.020      SLICE_X56Y2  top_module/FFT/xfft_0/<hidden>/<hidden>/<hidden>/<hidden>/<hidden>/<hidden>/<hidden>/<hidden>



--------------------------------------------------------------------------------------
Path Group:  (none)
From Clock:  
  To Clock:  

Max Delay             2 Endpoints
Min Delay             2 Endpoints
--------------------------------------------------------------------------------------


Max Delay Paths
--------------------------------------------------------------------------------------
Slack:                    inf
  Source:                 debug_enable_in
                            (input port)
  Destination:            debug_led_out
                            (output port)
  Path Group:             (none)
  Path Type:              Max at Slow Process Corner
  Data Path Delay:        7.942ns  (logic 4.991ns (62.842%)  route 2.951ns (37.158%))
  Logic Levels:           2  (IBUF=1 OBUF=1)

    Location             Delay type                Incr(ns)  Path(ns)    Netlist Resource(s)
  -------------------------------------------------------------------    -------------------
    V16                                               0.000     0.000 r  debug_enable_in (IN)
                         net (fo=0)                   0.000     0.000    debug_enable_in
    V16                  IBUF (Prop_ibuf_I_O)         1.461     1.461 r  debug_enable_in_IBUF_inst/O
                         net (fo=7, routed)           2.951     4.412    debug_led_out_OBUF
    E19                  OBUF (Prop_obuf_I_O)         3.530     7.942 r  debug_led_out_OBUF_inst/O
                         net (fo=0)                   0.000     7.942    debug_led_out
    E19                                                               r  debug_led_out (OUT)
  -------------------------------------------------------------------    -------------------

Slack:                    inf
  Source:                 switch
                            (input port)
  Destination:            pmod
                            (output port)
  Path Group:             (none)
  Path Type:              Max at Slow Process Corner
  Data Path Delay:        7.147ns  (logic 4.953ns (69.305%)  route 2.194ns (30.695%))
  Logic Levels:           2  (IBUF=1 OBUF=1)

    Location             Delay type                Incr(ns)  Path(ns)    Netlist Resource(s)
  -------------------------------------------------------------------    -------------------
    V17                                               0.000     0.000 r  switch (IN)
                         net (fo=0)                   0.000     0.000    switch
    V17                  IBUF (Prop_ibuf_I_O)         1.453     1.453 r  switch_IBUF_inst/O
                         net (fo=13, routed)          2.194     3.647    pmod_OBUF
    R18                  OBUF (Prop_obuf_I_O)         3.500     7.147 r  pmod_OBUF_inst/O
                         net (fo=0)                   0.000     7.147    pmod
    R18                                                               r  pmod (OUT)
  -------------------------------------------------------------------    -------------------





Min Delay Paths
--------------------------------------------------------------------------------------
Slack:                    inf
  Source:                 switch
                            (input port)
  Destination:            pmod
                            (output port)
  Path Group:             (none)
  Path Type:              Min at Fast Process Corner
  Data Path Delay:        1.908ns  (logic 1.423ns (74.546%)  route 0.486ns (25.454%))
  Logic Levels:           2  (IBUF=1 OBUF=1)

    Location             Delay type                Incr(ns)  Path(ns)    Netlist Resource(s)
  -------------------------------------------------------------------    -------------------
    V17                                               0.000     0.000 r  switch (IN)
                         net (fo=0)                   0.000     0.000    switch
    V17                  IBUF (Prop_ibuf_I_O)         0.221     0.221 r  switch_IBUF_inst/O
                         net (fo=13, routed)          0.486     0.707    pmod_OBUF
    R18                  OBUF (Prop_obuf_I_O)         1.202     1.908 r  pmod_OBUF_inst/O
                         net (fo=0)                   0.000     1.908    pmod
    R18                                                               r  pmod (OUT)
  -------------------------------------------------------------------    -------------------

Slack:                    inf
  Source:                 debug_enable_in
                            (input port)
  Destination:            debug_led_out
                            (output port)
  Path Group:             (none)
  Path Type:              Min at Fast Process Corner
  Data Path Delay:        2.278ns  (logic 1.460ns (64.087%)  route 0.818ns (35.913%))
  Logic Levels:           2  (IBUF=1 OBUF=1)

    Location             Delay type                Incr(ns)  Path(ns)    Netlist Resource(s)
  -------------------------------------------------------------------    -------------------
    V16                                               0.000     0.000 r  debug_enable_in (IN)
                         net (fo=0)                   0.000     0.000    debug_enable_in
    V16                  IBUF (Prop_ibuf_I_O)         0.229     0.229 r  debug_enable_in_IBUF_inst/O
                         net (fo=7, routed)           0.818     1.047    debug_led_out_OBUF
    E19                  OBUF (Prop_obuf_I_O)         1.231     2.278 r  debug_led_out_OBUF_inst/O
                         net (fo=0)                   0.000     2.278    debug_led_out
    E19                                                               r  debug_led_out (OUT)
  -------------------------------------------------------------------    -------------------





--------------------------------------------------------------------------------------
Path Group:  (none)
From Clock:  sys_clk_pin
  To Clock:  

Max Delay            18 Endpoints
Min Delay            18 Endpoints
--------------------------------------------------------------------------------------


Max Delay Paths
--------------------------------------------------------------------------------------
Slack:                    inf
  Source:                 debugc/txd_reg_reg/C
                            (rising edge-triggered cell FDSE clocked by sys_clk_pin  {rise@0.000ns fall@5.000ns period=10.000ns})
  Destination:            txd_out
                            (output port)
  Path Group:             (none)
  Path Type:              Max at Slow Process Corner
  Data Path Delay:        8.889ns  (logic 3.974ns (44.705%)  route 4.915ns (55.295%))
  Logic Levels:           1  (OBUF=1)
  Clock Uncertainty:      0.025ns  ((TSJ^2 + TIJ^2)^1/2 + DJ) / 2 + PE
    Total System Jitter     (TSJ):    0.050ns
    Total Input Jitter      (TIJ):    0.000ns
    Discrete Jitter          (DJ):    0.000ns
    Phase Error              (PE):    0.000ns

    Location             Delay type                Incr(ns)  Path(ns)    Netlist Resource(s)
  -------------------------------------------------------------------    -------------------
                         (clock sys_clk_pin rise edge)
                                                      0.000     0.000 r  
    W5                                                0.000     0.000 r  clock_in (IN)
                         net (fo=0)                   0.000     0.000    clock_in
    W5                   IBUF (Prop_ibuf_I_O)         1.458     1.458 r  clock_in_IBUF_inst/O
                         net (fo=1, routed)           1.967     3.425    clock_in_IBUF
    BUFGCTRL_X0Y0        BUFG (Prop_bufg_I_O)         0.096     3.521 r  clock_in_IBUF_BUFG_inst/O
                         net (fo=8720, routed)        1.548     5.069    debugc/clock_in_IBUF_BUFG
    SLICE_X36Y22         FDSE                                         r  debugc/txd_reg_reg/C
  -------------------------------------------------------------------    -------------------
    SLICE_X36Y22         FDSE (Prop_fdse_C_Q)         0.456     5.525 r  debugc/txd_reg_reg/Q
                         net (fo=1, routed)           4.915    10.440    txd_out_OBUF
    A18                  OBUF (Prop_obuf_I_O)         3.518    13.958 r  txd_out_OBUF_inst/O
                         net (fo=0)                   0.000    13.958    txd_out
    A18                                                               r  txd_out (OUT)
  -------------------------------------------------------------------    -------------------

Slack:                    inf
  Source:                 compc/flush_done_reg_reg/C
                            (rising edge-triggered cell FDRE clocked by sys_clk_pin  {rise@0.000ns fall@5.000ns period=10.000ns})
  Destination:            flush_done
                            (output port)
  Path Group:             (none)
  Path Type:              Max at Slow Process Corner
  Data Path Delay:        7.482ns  (logic 3.964ns (52.986%)  route 3.517ns (47.014%))
  Logic Levels:           1  (OBUF=1)
  Clock Uncertainty:      0.025ns  ((TSJ^2 + TIJ^2)^1/2 + DJ) / 2 + PE
    Total System Jitter     (TSJ):    0.050ns
    Total Input Jitter      (TIJ):    0.000ns
    Discrete Jitter          (DJ):    0.000ns
    Phase Error              (PE):    0.000ns

    Location             Delay type                Incr(ns)  Path(ns)    Netlist Resource(s)
  -------------------------------------------------------------------    -------------------
                         (clock sys_clk_pin rise edge)
                                                      0.000     0.000 r  
    W5                                                0.000     0.000 r  clock_in (IN)
                         net (fo=0)                   0.000     0.000    clock_in
    W5                   IBUF (Prop_ibuf_I_O)         1.458     1.458 r  clock_in_IBUF_inst/O
                         net (fo=1, routed)           1.967     3.425    clock_in_IBUF
    BUFGCTRL_X0Y0        BUFG (Prop_bufg_I_O)         0.096     3.521 r  clock_in_IBUF_BUFG_inst/O
                         net (fo=8720, routed)        1.558     5.079    compc/clock_in_IBUF_BUFG
    SLICE_X29Y16         FDRE                                         r  compc/flush_done_reg_reg/C
  -------------------------------------------------------------------    -------------------
    SLICE_X29Y16         FDRE (Prop_fdre_C_Q)         0.456     5.535 r  compc/flush_done_reg_reg/Q
                         net (fo=1, routed)           3.517     9.053    flush_done_OBUF
    V3                   OBUF (Prop_obuf_I_O)         3.508    12.561 r  flush_done_OBUF_inst/O
                         net (fo=0)                   0.000    12.561    flush_done
    V3                                                                r  flush_done (OUT)
  -------------------------------------------------------------------    -------------------

Slack:                    inf
  Source:                 sevenseg/a_to_g_reg[4]/C
                            (rising edge-triggered cell FDRE clocked by sys_clk_pin  {rise@0.000ns fall@5.000ns period=10.000ns})
  Destination:            a_to_g[4]
                            (output port)
  Path Group:             (none)
  Path Type:              Max at Slow Process Corner
  Data Path Delay:        6.987ns  (logic 4.038ns (57.790%)  route 2.949ns (42.210%))
  Logic Levels:           1  (OBUF=1)
  Clock Uncertainty:      0.025ns  ((TSJ^2 + TIJ^2)^1/2 + DJ) / 2 + PE
    Total System Jitter     (TSJ):    0.050ns
    Total Input Jitter      (TIJ):    0.000ns
    Discrete Jitter          (DJ):    0.000ns
    Phase Error              (PE):    0.000ns

    Location             Delay type                Incr(ns)  Path(ns)    Netlist Resource(s)
  -------------------------------------------------------------------    -------------------
                         (clock sys_clk_pin rise edge)
                                                      0.000     0.000 r  
    W5                                                0.000     0.000 r  clock_in (IN)
                         net (fo=0)                   0.000     0.000    clock_in
    W5                   IBUF (Prop_ibuf_I_O)         1.458     1.458 r  clock_in_IBUF_inst/O
                         net (fo=1, routed)           1.967     3.425    clock_in_IBUF
    BUFGCTRL_X0Y0        BUFG (Prop_bufg_I_O)         0.096     3.521 r  clock_in_IBUF_BUFG_inst/O
                         net (fo=8720, routed)        1.555     5.076    sevenseg/clock_in_IBUF_BUFG
    SLICE_X34Y17         FDRE                                         r  sevenseg/a_to_g_reg[4]/C
  -------------------------------------------------------------------    -------------------
    SLICE_X34Y17         FDRE (Prop_fdre_C_Q)         0.518     5.594 r  sevenseg/a_to_g_reg[4]/Q
                         net (fo=1, routed)           2.949     8.544    a_to_g_OBUF[4]
    U5                   OBUF (Prop_obuf_I_O)         3.520    12.063 r  a_to_g_OBUF[4]_inst/O
                         net (fo=0)                   0.000    12.063    a_to_g[4]
    U5                                                                r  a_to_g[4] (OUT)
  -------------------------------------------------------------------    -------------------

Slack:                    inf
  Source:                 sevenseg/a_to_g_reg[3]/C
                            (rising edge-triggered cell FDRE clocked by sys_clk_pin  {rise@0.000ns fall@5.000ns period=10.000ns})
  Destination:            a_to_g[3]
                            (output port)
  Path Group:             (none)
  Path Type:              Max at Slow Process Corner
  Data Path Delay:        6.960ns  (logic 4.054ns (58.244%)  route 2.906ns (41.756%))
  Logic Levels:           1  (OBUF=1)
  Clock Uncertainty:      0.025ns  ((TSJ^2 + TIJ^2)^1/2 + DJ) / 2 + PE
    Total System Jitter     (TSJ):    0.050ns
    Total Input Jitter      (TIJ):    0.000ns
    Discrete Jitter          (DJ):    0.000ns
    Phase Error              (PE):    0.000ns

    Location             Delay type                Incr(ns)  Path(ns)    Netlist Resource(s)
  -------------------------------------------------------------------    -------------------
                         (clock sys_clk_pin rise edge)
                                                      0.000     0.000 r  
    W5                                                0.000     0.000 r  clock_in (IN)
                         net (fo=0)                   0.000     0.000    clock_in
    W5                   IBUF (Prop_ibuf_I_O)         1.458     1.458 r  clock_in_IBUF_inst/O
                         net (fo=1, routed)           1.967     3.425    clock_in_IBUF
    BUFGCTRL_X0Y0        BUFG (Prop_bufg_I_O)         0.096     3.521 r  clock_in_IBUF_BUFG_inst/O
                         net (fo=8720, routed)        1.553     5.074    sevenseg/clock_in_IBUF_BUFG
    SLICE_X34Y18         FDRE                                         r  sevenseg/a_to_g_reg[3]/C
  -------------------------------------------------------------------    -------------------
    SLICE_X34Y18         FDRE (Prop_fdre_C_Q)         0.518     5.592 r  sevenseg/a_to_g_reg[3]/Q
                         net (fo=1, routed)           2.906     8.498    a_to_g_OBUF[3]
    V8                   OBUF (Prop_obuf_I_O)         3.536    12.034 r  a_to_g_OBUF[3]_inst/O
                         net (fo=0)                   0.000    12.034    a_to_g[3]
    V8                                                                r  a_to_g[3] (OUT)
  -------------------------------------------------------------------    -------------------

Slack:                    inf
  Source:                 sevenseg/an_reg[0]/C
                            (rising edge-triggered cell FDSE clocked by sys_clk_pin  {rise@0.000ns fall@5.000ns period=10.000ns})
  Destination:            an[0]
                            (output port)
  Path Group:             (none)
  Path Type:              Max at Slow Process Corner
  Data Path Delay:        6.959ns  (logic 3.959ns (56.892%)  route 3.000ns (43.108%))
  Logic Levels:           1  (OBUF=1)
  Clock Uncertainty:      0.025ns  ((TSJ^2 + TIJ^2)^1/2 + DJ) / 2 + PE
    Total System Jitter     (TSJ):    0.050ns
    Total Input Jitter      (TIJ):    0.000ns
    Discrete Jitter          (DJ):    0.000ns
    Phase Error              (PE):    0.000ns

    Location             Delay type                Incr(ns)  Path(ns)    Netlist Resource(s)
  -------------------------------------------------------------------    -------------------
                         (clock sys_clk_pin rise edge)
                                                      0.000     0.000 r  
    W5                                                0.000     0.000 r  clock_in (IN)
                         net (fo=0)                   0.000     0.000    clock_in
    W5                   IBUF (Prop_ibuf_I_O)         1.458     1.458 r  clock_in_IBUF_inst/O
                         net (fo=1, routed)           1.967     3.425    clock_in_IBUF
    BUFGCTRL_X0Y0        BUFG (Prop_bufg_I_O)         0.096     3.521 r  clock_in_IBUF_BUFG_inst/O
                         net (fo=8720, routed)        1.552     5.073    sevenseg/clock_in_IBUF_BUFG
    SLICE_X37Y20         FDSE                                         r  sevenseg/an_reg[0]/C
  -------------------------------------------------------------------    -------------------
    SLICE_X37Y20         FDSE (Prop_fdse_C_Q)         0.456     5.529 r  sevenseg/an_reg[0]/Q
                         net (fo=1, routed)           3.000     8.529    an_OBUF[0]
    U2                   OBUF (Prop_obuf_I_O)         3.503    12.032 r  an_OBUF[0]_inst/O
                         net (fo=0)                   0.000    12.032    an[0]
    U2                                                                r  an[0] (OUT)
  -------------------------------------------------------------------    -------------------

Slack:                    inf
  Source:                 sevenseg/a_to_g_reg[6]/C
                            (rising edge-triggered cell FDRE clocked by sys_clk_pin  {rise@0.000ns fall@5.000ns period=10.000ns})
  Destination:            a_to_g[6]
                            (output port)
  Path Group:             (none)
  Path Type:              Max at Slow Process Corner
  Data Path Delay:        6.889ns  (logic 3.987ns (57.880%)  route 2.902ns (42.120%))
  Logic Levels:           1  (OBUF=1)
  Clock Uncertainty:      0.025ns  ((TSJ^2 + TIJ^2)^1/2 + DJ) / 2 + PE
    Total System Jitter     (TSJ):    0.050ns
    Total Input Jitter      (TIJ):    0.000ns
    Discrete Jitter          (DJ):    0.000ns
    Phase Error              (PE):    0.000ns

    Location             Delay type                Incr(ns)  Path(ns)    Netlist Resource(s)
  -------------------------------------------------------------------    -------------------
                         (clock sys_clk_pin rise edge)
                                                      0.000     0.000 r  
    W5                                                0.000     0.000 r  clock_in (IN)
                         net (fo=0)                   0.000     0.000    clock_in
    W5                   IBUF (Prop_ibuf_I_O)         1.458     1.458 r  clock_in_IBUF_inst/O
                         net (fo=1, routed)           1.967     3.425    clock_in_IBUF
    BUFGCTRL_X0Y0        BUFG (Prop_bufg_I_O)         0.096     3.521 r  clock_in_IBUF_BUFG_inst/O
                         net (fo=8720, routed)        1.555     5.076    sevenseg/clock_in_IBUF_BUFG
    SLICE_X35Y17         FDRE                                         r  sevenseg/a_to_g_reg[6]/C
  -------------------------------------------------------------------    -------------------
    SLICE_X35Y17         FDRE (Prop_fdre_C_Q)         0.456     5.532 r  sevenseg/a_to_g_reg[6]/Q
                         net (fo=1, routed)           2.902     8.434    a_to_g_OBUF[6]
    U7                   OBUF (Prop_obuf_I_O)         3.531    11.965 r  a_to_g_OBUF[6]_inst/O
                         net (fo=0)                   0.000    11.965    a_to_g[6]
    U7                                                                r  a_to_g[6] (OUT)
  -------------------------------------------------------------------    -------------------

Slack:                    inf
  Source:                 sevenseg/a_to_g_reg[1]/C
                            (rising edge-triggered cell FDRE clocked by sys_clk_pin  {rise@0.000ns fall@5.000ns period=10.000ns})
  Destination:            a_to_g[1]
                            (output port)
  Path Group:             (none)
  Path Type:              Max at Slow Process Corner
  Data Path Delay:        6.873ns  (logic 3.985ns (57.984%)  route 2.888ns (42.016%))
  Logic Levels:           1  (OBUF=1)
  Clock Uncertainty:      0.025ns  ((TSJ^2 + TIJ^2)^1/2 + DJ) / 2 + PE
    Total System Jitter     (TSJ):    0.050ns
    Total Input Jitter      (TIJ):    0.000ns
    Discrete Jitter          (DJ):    0.000ns
    Phase Error              (PE):    0.000ns

    Location             Delay type                Incr(ns)  Path(ns)    Netlist Resource(s)
  -------------------------------------------------------------------    -------------------
                         (clock sys_clk_pin rise edge)
                                                      0.000     0.000 r  
    W5                                                0.000     0.000 r  clock_in (IN)
                         net (fo=0)                   0.000     0.000    clock_in
    W5                   IBUF (Prop_ibuf_I_O)         1.458     1.458 r  clock_in_IBUF_inst/O
                         net (fo=1, routed)           1.967     3.425    clock_in_IBUF
    BUFGCTRL_X0Y0        BUFG (Prop_bufg_I_O)         0.096     3.521 r  clock_in_IBUF_BUFG_inst/O
                         net (fo=8720, routed)        1.553     5.074    sevenseg/clock_in_IBUF_BUFG
    SLICE_X35Y18         FDRE                                         r  sevenseg/a_to_g_reg[1]/C
  -------------------------------------------------------------------    -------------------
    SLICE_X35Y18         FDRE (Prop_fdre_C_Q)         0.456     5.530 r  sevenseg/a_to_g_reg[1]/Q
                         net (fo=1, routed)           2.888     8.418    a_to_g_OBUF[1]
    W6                   OBUF (Prop_obuf_I_O)         3.529    11.947 r  a_to_g_OBUF[1]_inst/O
                         net (fo=0)                   0.000    11.947    a_to_g[1]
    W6                                                                r  a_to_g[1] (OUT)
  -------------------------------------------------------------------    -------------------

Slack:                    inf
  Source:                 ctl/ready_out_reg/C
                            (rising edge-triggered cell FDSE clocked by sys_clk_pin  {rise@0.000ns fall@5.000ns period=10.000ns})
  Destination:            ready_out
                            (output port)
  Path Group:             (none)
  Path Type:              Max at Slow Process Corner
  Data Path Delay:        6.793ns  (logic 3.962ns (58.326%)  route 2.831ns (41.674%))
  Logic Levels:           1  (OBUF=1)
  Clock Uncertainty:      0.025ns  ((TSJ^2 + TIJ^2)^1/2 + DJ) / 2 + PE
    Total System Jitter     (TSJ):    0.050ns
    Total Input Jitter      (TIJ):    0.000ns
    Discrete Jitter          (DJ):    0.000ns
    Phase Error              (PE):    0.000ns

    Location             Delay type                Incr(ns)  Path(ns)    Netlist Resource(s)
  -------------------------------------------------------------------    -------------------
                         (clock sys_clk_pin rise edge)
                                                      0.000     0.000 r  
    W5                                                0.000     0.000 r  clock_in (IN)
                         net (fo=0)                   0.000     0.000    clock_in
    W5                   IBUF (Prop_ibuf_I_O)         1.458     1.458 r  clock_in_IBUF_inst/O
                         net (fo=1, routed)           1.967     3.425    clock_in_IBUF
    BUFGCTRL_X0Y0        BUFG (Prop_bufg_I_O)         0.096     3.521 r  clock_in_IBUF_BUFG_inst/O
                         net (fo=8720, routed)        1.562     5.083    ctl/clock_in_IBUF_BUFG
    SLICE_X35Y10         FDSE                                         r  ctl/ready_out_reg/C
  -------------------------------------------------------------------    -------------------
    SLICE_X35Y10         FDSE (Prop_fdse_C_Q)         0.456     5.539 r  ctl/ready_out_reg/Q
                         net (fo=3, routed)           2.831     8.370    ready_out_OBUF
    U14                  OBUF (Prop_obuf_I_O)         3.506    11.876 r  ready_out_OBUF_inst/O
                         net (fo=0)                   0.000    11.876    ready_out
    U14                                                               r  ready_out (OUT)
  -------------------------------------------------------------------    -------------------

Slack:                    inf
  Source:                 sevenseg/an_reg[1]/C
                            (rising edge-triggered cell FDSE clocked by sys_clk_pin  {rise@0.000ns fall@5.000ns period=10.000ns})
  Destination:            an[1]
                            (output port)
  Path Group:             (none)
  Path Type:              Max at Slow Process Corner
  Data Path Delay:        6.798ns  (logic 3.955ns (58.181%)  route 2.843ns (41.819%))
  Logic Levels:           1  (OBUF=1)
  Clock Uncertainty:      0.025ns  ((TSJ^2 + TIJ^2)^1/2 + DJ) / 2 + PE
    Total System Jitter     (TSJ):    0.050ns
    Total Input Jitter      (TIJ):    0.000ns
    Discrete Jitter          (DJ):    0.000ns
    Phase Error              (PE):    0.000ns

    Location             Delay type                Incr(ns)  Path(ns)    Netlist Resource(s)
  -------------------------------------------------------------------    -------------------
                         (clock sys_clk_pin rise edge)
                                                      0.000     0.000 r  
    W5                                                0.000     0.000 r  clock_in (IN)
                         net (fo=0)                   0.000     0.000    clock_in
    W5                   IBUF (Prop_ibuf_I_O)         1.458     1.458 r  clock_in_IBUF_inst/O
                         net (fo=1, routed)           1.967     3.425    clock_in_IBUF
    BUFGCTRL_X0Y0        BUFG (Prop_bufg_I_O)         0.096     3.521 r  clock_in_IBUF_BUFG_inst/O
                         net (fo=8720, routed)        1.554     5.075    sevenseg/clock_in_IBUF_BUFG
    SLICE_X37Y18         FDSE                                         r  sevenseg/an_reg[1]/C
  -------------------------------------------------------------------    -------------------
    SLICE_X37Y18         FDSE (Prop_fdse_C_Q)         0.456     5.531 r  sevenseg/an_reg[1]/Q
                         net (fo=1, routed)           2.843     8.374    an_OBUF[1]
    U4                   OBUF (Prop_obuf_I_O)         3.499    11.873 r  an_OBUF[1]_inst/O
                         net (fo=0)                   0.000    11.873    an[1]
    U4                                                                r  an[1] (OUT)
  -------------------------------------------------------------------    -------------------

Slack:                    inf
  Source:                 sevenseg/a_to_g_reg[2]/C
                            (rising edge-triggered cell FDRE clocked by sys_clk_pin  {rise@0.000ns fall@5.000ns period=10.000ns})
  Destination:            a_to_g[2]
                            (output port)
  Path Group:             (none)
  Path Type:              Max at Slow Process Corner
  Data Path Delay:        6.793ns  (logic 4.053ns (59.668%)  route 2.740ns (40.332%))
  Logic Levels:           1  (OBUF=1)
  Clock Uncertainty:      0.025ns  ((TSJ^2 + TIJ^2)^1/2 + DJ) / 2 + PE
    Total System Jitter     (TSJ):    0.050ns
    Total Input Jitter      (TIJ):    0.000ns
    Discrete Jitter          (DJ):    0.000ns
    Phase Error              (PE):    0.000ns

    Location             Delay type                Incr(ns)  Path(ns)    Netlist Resource(s)
  -------------------------------------------------------------------    -------------------
                         (clock sys_clk_pin rise edge)
                                                      0.000     0.000 r  
    W5                                                0.000     0.000 r  clock_in (IN)
                         net (fo=0)                   0.000     0.000    clock_in
    W5                   IBUF (Prop_ibuf_I_O)         1.458     1.458 r  clock_in_IBUF_inst/O
                         net (fo=1, routed)           1.967     3.425    clock_in_IBUF
    BUFGCTRL_X0Y0        BUFG (Prop_bufg_I_O)         0.096     3.521 r  clock_in_IBUF_BUFG_inst/O
                         net (fo=8720, routed)        1.553     5.074    sevenseg/clock_in_IBUF_BUFG
    SLICE_X34Y18         FDRE                                         r  sevenseg/a_to_g_reg[2]/C
  -------------------------------------------------------------------    -------------------
    SLICE_X34Y18         FDRE (Prop_fdre_C_Q)         0.518     5.592 r  sevenseg/a_to_g_reg[2]/Q
                         net (fo=1, routed)           2.740     8.332    a_to_g_OBUF[2]
    U8                   OBUF (Prop_obuf_I_O)         3.535    11.867 r  a_to_g_OBUF[2]_inst/O
                         net (fo=0)                   0.000    11.867    a_to_g[2]
    U8                                                                r  a_to_g[2] (OUT)
  -------------------------------------------------------------------    -------------------





Min Delay Paths
--------------------------------------------------------------------------------------
Slack:                    inf
  Source:                 ac/spi_clk_iob_reg/C
                            (rising edge-triggered cell FDRE clocked by sys_clk_pin  {rise@0.000ns fall@5.000ns period=10.000ns})
  Destination:            spi_clk
                            (output port)
  Path Group:             (none)
  Path Type:              Min at Fast Process Corner
  Data Path Delay:        1.404ns  (logic 1.403ns (99.929%)  route 0.001ns (0.071%))
  Logic Levels:           1  (OBUF=1)
  Clock Uncertainty:      0.025ns  ((TSJ^2 + TIJ^2)^1/2 + DJ) / 2 + PE
    Total System Jitter     (TSJ):    0.050ns
    Total Input Jitter      (TIJ):    0.000ns
    Discrete Jitter          (DJ):    0.000ns
    Phase Error              (PE):    0.000ns

    Location             Delay type                Incr(ns)  Path(ns)    Netlist Resource(s)
  -------------------------------------------------------------------    -------------------
                         (clock sys_clk_pin rise edge)
                                                      0.000     0.000 r  
    W5                                                0.000     0.000 r  clock_in (IN)
                         net (fo=0)                   0.000     0.000    clock_in
    W5                   IBUF (Prop_ibuf_I_O)         0.226     0.226 r  clock_in_IBUF_inst/O
                         net (fo=1, routed)           0.631     0.858    clock_in_IBUF
    BUFGCTRL_X0Y0        BUFG (Prop_bufg_I_O)         0.026     0.884 r  clock_in_IBUF_BUFG_inst/O
                         net (fo=8720, routed)        0.661     1.545    ac/clock_in_IBUF_BUFG
    OLOGIC_X0Y127        FDRE                                         r  ac/spi_clk_iob_reg/C
  -------------------------------------------------------------------    -------------------
    OLOGIC_X0Y127        FDRE (Prop_fdre_C_Q)         0.177     1.722 r  ac/spi_clk_iob_reg/Q
                         net (fo=1, routed)           0.001     1.723    spi_clk_OBUF
    B15                  OBUF (Prop_obuf_I_O)         1.226     2.948 r  spi_clk_OBUF_inst/O
                         net (fo=0)                   0.000     2.948    spi_clk
    B15                                                               r  spi_clk (OUT)
  -------------------------------------------------------------------    -------------------

Slack:                    inf
  Source:                 ac/cs_iob_reg/C
                            (rising edge-triggered cell FDSE clocked by sys_clk_pin  {rise@0.000ns fall@5.000ns period=10.000ns})
  Destination:            cs_out
                            (output port)
  Path Group:             (none)
  Path Type:              Min at Fast Process Corner
  Data Path Delay:        1.399ns  (logic 1.398ns (99.929%)  route 0.001ns (0.071%))
  Logic Levels:           1  (OBUF=1)
  Clock Uncertainty:      0.025ns  ((TSJ^2 + TIJ^2)^1/2 + DJ) / 2 + PE
    Total System Jitter     (TSJ):    0.050ns
    Total Input Jitter      (TIJ):    0.000ns
    Discrete Jitter          (DJ):    0.000ns
    Phase Error              (PE):    0.000ns

    Location             Delay type                Incr(ns)  Path(ns)    Netlist Resource(s)
  -------------------------------------------------------------------    -------------------
                         (clock sys_clk_pin rise edge)
                                                      0.000     0.000 r  
    W5                                                0.000     0.000 r  clock_in (IN)
                         net (fo=0)                   0.000     0.000    clock_in
    W5                   IBUF (Prop_ibuf_I_O)         0.226     0.226 r  clock_in_IBUF_inst/O
                         net (fo=1, routed)           0.631     0.858    clock_in_IBUF
    BUFGCTRL_X0Y0        BUFG (Prop_bufg_I_O)         0.026     0.884 r  clock_in_IBUF_BUFG_inst/O
                         net (fo=8720, routed)        0.667     1.551    ac/clock_in_IBUF_BUFG
    OLOGIC_X0Y138        FDSE                                         r  ac/cs_iob_reg/C
  -------------------------------------------------------------------    -------------------
    OLOGIC_X0Y138        FDSE (Prop_fdse_C_Q)         0.177     1.728 r  ac/cs_iob_reg/Q
                         net (fo=1, routed)           0.001     1.729    cs_out_OBUF
    A14                  OBUF (Prop_obuf_I_O)         1.221     2.950 r  cs_out_OBUF_inst/O
                         net (fo=0)                   0.000     2.950    cs_out
    A14                                                               r  cs_out (OUT)
  -------------------------------------------------------------------    -------------------

Slack:                    inf
  Source:                 sevenseg/a_to_g_reg[5]/C
                            (rising edge-triggered cell FDRE clocked by sys_clk_pin  {rise@0.000ns fall@5.000ns period=10.000ns})
  Destination:            a_to_g[5]
                            (output port)
  Path Group:             (none)
  Path Type:              Min at Fast Process Corner
  Data Path Delay:        2.127ns  (logic 1.347ns (63.294%)  route 0.781ns (36.706%))
  Logic Levels:           1  (OBUF=1)
  Clock Uncertainty:      0.025ns  ((TSJ^2 + TIJ^2)^1/2 + DJ) / 2 + PE
    Total System Jitter     (TSJ):    0.050ns
    Total Input Jitter      (TIJ):    0.000ns
    Discrete Jitter          (DJ):    0.000ns
    Phase Error              (PE):    0.000ns

    Location             Delay type                Incr(ns)  Path(ns)    Netlist Resource(s)
  -------------------------------------------------------------------    -------------------
                         (clock sys_clk_pin rise edge)
                                                      0.000     0.000 r  
    W5                                                0.000     0.000 r  clock_in (IN)
                         net (fo=0)                   0.000     0.000    clock_in
    W5                   IBUF (Prop_ibuf_I_O)         0.226     0.226 r  clock_in_IBUF_inst/O
                         net (fo=1, routed)           0.631     0.858    clock_in_IBUF
    BUFGCTRL_X0Y0        BUFG (Prop_bufg_I_O)         0.026     0.884 r  clock_in_IBUF_BUFG_inst/O
                         net (fo=8720, routed)        0.556     1.439    sevenseg/clock_in_IBUF_BUFG
    SLICE_X35Y17         FDRE                                         r  sevenseg/a_to_g_reg[5]/C
  -------------------------------------------------------------------    -------------------
    SLICE_X35Y17         FDRE (Prop_fdre_C_Q)         0.141     1.580 r  sevenseg/a_to_g_reg[5]/Q
                         net (fo=1, routed)           0.781     2.361    a_to_g_OBUF[5]
    V5                   OBUF (Prop_obuf_I_O)         1.206     3.567 r  a_to_g_OBUF[5]_inst/O
                         net (fo=0)                   0.000     3.567    a_to_g[5]
    V5                                                                r  a_to_g[5] (OUT)
  -------------------------------------------------------------------    -------------------

Slack:                    inf
  Source:                 ctl/adcdone_reg/C
                            (rising edge-triggered cell FDRE clocked by sys_clk_pin  {rise@0.000ns fall@5.000ns period=10.000ns})
  Destination:            adcdone
                            (output port)
  Path Group:             (none)
  Path Type:              Min at Fast Process Corner
  Data Path Delay:        2.174ns  (logic 1.346ns (61.930%)  route 0.828ns (38.070%))
  Logic Levels:           1  (OBUF=1)
  Clock Uncertainty:      0.025ns  ((TSJ^2 + TIJ^2)^1/2 + DJ) / 2 + PE
    Total System Jitter     (TSJ):    0.050ns
    Total Input Jitter      (TIJ):    0.000ns
    Discrete Jitter          (DJ):    0.000ns
    Phase Error              (PE):    0.000ns

    Location             Delay type                Incr(ns)  Path(ns)    Netlist Resource(s)
  -------------------------------------------------------------------    -------------------
                         (clock sys_clk_pin rise edge)
                                                      0.000     0.000 r  
    W5                                                0.000     0.000 r  clock_in (IN)
                         net (fo=0)                   0.000     0.000    clock_in
    W5                   IBUF (Prop_ibuf_I_O)         0.226     0.226 r  clock_in_IBUF_inst/O
                         net (fo=1, routed)           0.631     0.858    clock_in_IBUF
    BUFGCTRL_X0Y0        BUFG (Prop_bufg_I_O)         0.026     0.884 r  clock_in_IBUF_BUFG_inst/O
                         net (fo=8720, routed)        0.562     1.445    ctl/clock_in_IBUF_BUFG
    SLICE_X32Y9          FDRE                                         r  ctl/adcdone_reg/C
  -------------------------------------------------------------------    -------------------
    SLICE_X32Y9          FDRE (Prop_fdre_C_Q)         0.141     1.586 r  ctl/adcdone_reg/Q
                         net (fo=1, routed)           0.828     2.414    adcdone_OBUF
    V13                  OBUF (Prop_obuf_I_O)         1.205     3.619 r  adcdone_OBUF_inst/O
                         net (fo=0)                   0.000     3.619    adcdone
    V13                                                               r  adcdone (OUT)
  -------------------------------------------------------------------    -------------------

Slack:                    inf
  Source:                 sevenseg/an_reg[3]/C
                            (rising edge-triggered cell FDSE clocked by sys_clk_pin  {rise@0.000ns fall@5.000ns period=10.000ns})
  Destination:            an[3]
                            (output port)
  Path Group:             (none)
  Path Type:              Min at Fast Process Corner
  Data Path Delay:        2.232ns  (logic 1.352ns (60.582%)  route 0.880ns (39.418%))
  Logic Levels:           1  (OBUF=1)
  Clock Uncertainty:      0.025ns  ((TSJ^2 + TIJ^2)^1/2 + DJ) / 2 + PE
    Total System Jitter     (TSJ):    0.050ns
    Total Input Jitter      (TIJ):    0.000ns
    Discrete Jitter          (DJ):    0.000ns
    Phase Error              (PE):    0.000ns

    Location             Delay type                Incr(ns)  Path(ns)    Netlist Resource(s)
  -------------------------------------------------------------------    -------------------
                         (clock sys_clk_pin rise edge)
                                                      0.000     0.000 r  
    W5                                                0.000     0.000 r  clock_in (IN)
                         net (fo=0)                   0.000     0.000    clock_in
    W5                   IBUF (Prop_ibuf_I_O)         0.226     0.226 r  clock_in_IBUF_inst/O
                         net (fo=1, routed)           0.631     0.858    clock_in_IBUF
    BUFGCTRL_X0Y0        BUFG (Prop_bufg_I_O)         0.026     0.884 r  clock_in_IBUF_BUFG_inst/O
                         net (fo=8720, routed)        0.556     1.439    sevenseg/clock_in_IBUF_BUFG
    SLICE_X37Y18         FDSE                                         r  sevenseg/an_reg[3]/C
  -------------------------------------------------------------------    -------------------
    SLICE_X37Y18         FDSE (Prop_fdse_C_Q)         0.141     1.580 r  sevenseg/an_reg[3]/Q
                         net (fo=1, routed)           0.880     2.460    an_OBUF[3]
    W4                   OBUF (Prop_obuf_I_O)         1.211     3.671 r  an_OBUF[3]_inst/O
                         net (fo=0)                   0.000     3.671    an[3]
    W4                                                                r  an[3] (OUT)
  -------------------------------------------------------------------    -------------------

Slack:                    inf
  Source:                 sevenseg/a_to_g_reg[0]/C
                            (rising edge-triggered cell FDRE clocked by sys_clk_pin  {rise@0.000ns fall@5.000ns period=10.000ns})
  Destination:            a_to_g[0]
                            (output port)
  Path Group:             (none)
  Path Type:              Min at Fast Process Corner
  Data Path Delay:        2.237ns  (logic 1.353ns (60.482%)  route 0.884ns (39.518%))
  Logic Levels:           1  (OBUF=1)
  Clock Uncertainty:      0.025ns  ((TSJ^2 + TIJ^2)^1/2 + DJ) / 2 + PE
    Total System Jitter     (TSJ):    0.050ns
    Total Input Jitter      (TIJ):    0.000ns
    Discrete Jitter          (DJ):    0.000ns
    Phase Error              (PE):    0.000ns

    Location             Delay type                Incr(ns)  Path(ns)    Netlist Resource(s)
  -------------------------------------------------------------------    -------------------
                         (clock sys_clk_pin rise edge)
                                                      0.000     0.000 r  
    W5                                                0.000     0.000 r  clock_in (IN)
                         net (fo=0)                   0.000     0.000    clock_in
    W5                   IBUF (Prop_ibuf_I_O)         0.226     0.226 r  clock_in_IBUF_inst/O
                         net (fo=1, routed)           0.631     0.858    clock_in_IBUF
    BUFGCTRL_X0Y0        BUFG (Prop_bufg_I_O)         0.026     0.884 r  clock_in_IBUF_BUFG_inst/O
                         net (fo=8720, routed)        0.555     1.438    sevenseg/clock_in_IBUF_BUFG
    SLICE_X35Y18         FDRE                                         r  sevenseg/a_to_g_reg[0]/C
  -------------------------------------------------------------------    -------------------
    SLICE_X35Y18         FDRE (Prop_fdre_C_Q)         0.141     1.579 r  sevenseg/a_to_g_reg[0]/Q
                         net (fo=1, routed)           0.884     2.463    a_to_g_OBUF[0]
    W7                   OBUF (Prop_obuf_I_O)         1.212     3.675 r  a_to_g_OBUF[0]_inst/O
                         net (fo=0)                   0.000     3.675    a_to_g[0]
    W7                                                                r  a_to_g[0] (OUT)
  -------------------------------------------------------------------    -------------------

Slack:                    inf
  Source:                 ctl/adcbusy_reg/C
                            (rising edge-triggered cell FDRE clocked by sys_clk_pin  {rise@0.000ns fall@5.000ns period=10.000ns})
  Destination:            adcbusy
                            (output port)
  Path Group:             (none)
  Path Type:              Min at Fast Process Corner
  Data Path Delay:        2.238ns  (logic 1.384ns (61.847%)  route 0.854ns (38.153%))
  Logic Levels:           1  (OBUF=1)
  Clock Uncertainty:      0.025ns  ((TSJ^2 + TIJ^2)^1/2 + DJ) / 2 + PE
    Total System Jitter     (TSJ):    0.050ns
    Total Input Jitter      (TIJ):    0.000ns
    Discrete Jitter          (DJ):    0.000ns
    Phase Error              (PE):    0.000ns

    Location             Delay type                Incr(ns)  Path(ns)    Netlist Resource(s)
  -------------------------------------------------------------------    -------------------
                         (clock sys_clk_pin rise edge)
                                                      0.000     0.000 r  
    W5                                                0.000     0.000 r  clock_in (IN)
                         net (fo=0)                   0.000     0.000    clock_in
    W5                   IBUF (Prop_ibuf_I_O)         0.226     0.226 r  clock_in_IBUF_inst/O
                         net (fo=1, routed)           0.631     0.858    clock_in_IBUF
    BUFGCTRL_X0Y0        BUFG (Prop_bufg_I_O)         0.026     0.884 r  clock_in_IBUF_BUFG_inst/O
                         net (fo=8720, routed)        0.562     1.445    ctl/clock_in_IBUF_BUFG
    SLICE_X32Y9          FDRE                                         r  ctl/adcbusy_reg/C
  -------------------------------------------------------------------    -------------------
    SLICE_X32Y9          FDRE (Prop_fdre_C_Q)         0.128     1.573 r  ctl/adcbusy_reg/Q
                         net (fo=1, routed)           0.854     2.427    adcbusy_OBUF
    V14                  OBUF (Prop_obuf_I_O)         1.256     3.683 r  adcbusy_OBUF_inst/O
                         net (fo=0)                   0.000     3.683    adcbusy
    V14                                                               r  adcbusy (OUT)
  -------------------------------------------------------------------    -------------------

Slack:                    inf
  Source:                 sevenseg/a_to_g_reg[2]/C
                            (rising edge-triggered cell FDRE clocked by sys_clk_pin  {rise@0.000ns fall@5.000ns period=10.000ns})
  Destination:            a_to_g[2]
                            (output port)
  Path Group:             (none)
  Path Type:              Min at Fast Process Corner
  Data Path Delay:        2.261ns  (logic 1.400ns (61.928%)  route 0.861ns (38.072%))
  Logic Levels:           1  (OBUF=1)
  Clock Uncertainty:      0.025ns  ((TSJ^2 + TIJ^2)^1/2 + DJ) / 2 + PE
    Total System Jitter     (TSJ):    0.050ns
    Total Input Jitter      (TIJ):    0.000ns
    Discrete Jitter          (DJ):    0.000ns
    Phase Error              (PE):    0.000ns

    Location             Delay type                Incr(ns)  Path(ns)    Netlist Resource(s)
  -------------------------------------------------------------------    -------------------
                         (clock sys_clk_pin rise edge)
                                                      0.000     0.000 r  
    W5                                                0.000     0.000 r  clock_in (IN)
                         net (fo=0)                   0.000     0.000    clock_in
    W5                   IBUF (Prop_ibuf_I_O)         0.226     0.226 r  clock_in_IBUF_inst/O
                         net (fo=1, routed)           0.631     0.858    clock_in_IBUF
    BUFGCTRL_X0Y0        BUFG (Prop_bufg_I_O)         0.026     0.884 r  clock_in_IBUF_BUFG_inst/O
                         net (fo=8720, routed)        0.555     1.438    sevenseg/clock_in_IBUF_BUFG
    SLICE_X34Y18         FDRE                                         r  sevenseg/a_to_g_reg[2]/C
  -------------------------------------------------------------------    -------------------
    SLICE_X34Y18         FDRE (Prop_fdre_C_Q)         0.164     1.602 r  sevenseg/a_to_g_reg[2]/Q
                         net (fo=1, routed)           0.861     2.463    a_to_g_OBUF[2]
    U8                   OBUF (Prop_obuf_I_O)         1.236     3.699 r  a_to_g_OBUF[2]_inst/O
                         net (fo=0)                   0.000     3.699    a_to_g[2]
    U8                                                                r  a_to_g[2] (OUT)
  -------------------------------------------------------------------    -------------------

Slack:                    inf
  Source:                 sevenseg/an_reg[2]/C
                            (rising edge-triggered cell FDSE clocked by sys_clk_pin  {rise@0.000ns fall@5.000ns period=10.000ns})
  Destination:            an[2]
                            (output port)
  Path Group:             (none)
  Path Type:              Min at Fast Process Corner
  Data Path Delay:        2.266ns  (logic 1.365ns (60.229%)  route 0.901ns (39.771%))
  Logic Levels:           1  (OBUF=1)
  Clock Uncertainty:      0.025ns  ((TSJ^2 + TIJ^2)^1/2 + DJ) / 2 + PE
    Total System Jitter     (TSJ):    0.050ns
    Total Input Jitter      (TIJ):    0.000ns
    Discrete Jitter          (DJ):    0.000ns
    Phase Error              (PE):    0.000ns

    Location             Delay type                Incr(ns)  Path(ns)    Netlist Resource(s)
  -------------------------------------------------------------------    -------------------
                         (clock sys_clk_pin rise edge)
                                                      0.000     0.000 r  
    W5                                                0.000     0.000 r  clock_in (IN)
                         net (fo=0)                   0.000     0.000    clock_in
    W5                   IBUF (Prop_ibuf_I_O)         0.226     0.226 r  clock_in_IBUF_inst/O
                         net (fo=1, routed)           0.631     0.858    clock_in_IBUF
    BUFGCTRL_X0Y0        BUFG (Prop_bufg_I_O)         0.026     0.884 r  clock_in_IBUF_BUFG_inst/O
                         net (fo=8720, routed)        0.554     1.437    sevenseg/clock_in_IBUF_BUFG
    SLICE_X37Y20         FDSE                                         r  sevenseg/an_reg[2]/C
  -------------------------------------------------------------------    -------------------
    SLICE_X37Y20         FDSE (Prop_fdse_C_Q)         0.141     1.578 r  sevenseg/an_reg[2]/Q
                         net (fo=1, routed)           0.901     2.479    an_OBUF[2]
    V4                   OBUF (Prop_obuf_I_O)         1.224     3.703 r  an_OBUF[2]_inst/O
                         net (fo=0)                   0.000     3.703    an[2]
    V4                                                                r  an[2] (OUT)
  -------------------------------------------------------------------    -------------------

Slack:                    inf
  Source:                 sevenseg/a_to_g_reg[1]/C
                            (rising edge-triggered cell FDRE clocked by sys_clk_pin  {rise@0.000ns fall@5.000ns period=10.000ns})
  Destination:            a_to_g[1]
                            (output port)
  Path Group:             (none)
  Path Type:              Min at Fast Process Corner
  Data Path Delay:        2.280ns  (logic 1.371ns (60.141%)  route 0.909ns (39.859%))
  Logic Levels:           1  (OBUF=1)
  Clock Uncertainty:      0.025ns  ((TSJ^2 + TIJ^2)^1/2 + DJ) / 2 + PE
    Total System Jitter     (TSJ):    0.050ns
    Total Input Jitter      (TIJ):    0.000ns
    Discrete Jitter          (DJ):    0.000ns
    Phase Error              (PE):    0.000ns

    Location             Delay type                Incr(ns)  Path(ns)    Netlist Resource(s)
  -------------------------------------------------------------------    -------------------
                         (clock sys_clk_pin rise edge)
                                                      0.000     0.000 r  
    W5                                                0.000     0.000 r  clock_in (IN)
                         net (fo=0)                   0.000     0.000    clock_in
    W5                   IBUF (Prop_ibuf_I_O)         0.226     0.226 r  clock_in_IBUF_inst/O
                         net (fo=1, routed)           0.631     0.858    clock_in_IBUF
    BUFGCTRL_X0Y0        BUFG (Prop_bufg_I_O)         0.026     0.884 r  clock_in_IBUF_BUFG_inst/O
                         net (fo=8720, routed)        0.555     1.438    sevenseg/clock_in_IBUF_BUFG
    SLICE_X35Y18         FDRE                                         r  sevenseg/a_to_g_reg[1]/C
  -------------------------------------------------------------------    -------------------
    SLICE_X35Y18         FDRE (Prop_fdre_C_Q)         0.141     1.579 r  sevenseg/a_to_g_reg[1]/Q
                         net (fo=1, routed)           0.909     2.488    a_to_g_OBUF[1]
    W6                   OBUF (Prop_obuf_I_O)         1.230     3.718 r  a_to_g_OBUF[1]_inst/O
                         net (fo=0)                   0.000     3.718    a_to_g[1]
    W6                                                                r  a_to_g[1] (OUT)
  -------------------------------------------------------------------    -------------------





--------------------------------------------------------------------------------------
Path Group:  (none)
From Clock:  
  To Clock:  sys_clk_pin

Max Delay          6706 Endpoints
Min Delay          6706 Endpoints
--------------------------------------------------------------------------------------


Max Delay Paths
--------------------------------------------------------------------------------------
Slack:                    inf
  Source:                 reset_in
                            (input port)
  Destination:            compc/energy_by_frame_reg[12][41]/R
                            (rising edge-triggered cell FDRE clocked by sys_clk_pin  {rise@0.000ns fall@5.000ns period=10.000ns})
  Path Group:             (none)
  Path Type:              Setup (Max at Slow Process Corner)
  Data Path Delay:        14.626ns  (logic 1.565ns (10.702%)  route 13.061ns (89.298%))
  Logic Levels:           2  (IBUF=1 LUT2=1)
  Clock Path Skew:        4.833ns (DCD - SCD + CPR)
    Destination Clock Delay (DCD):    4.833ns
    Source Clock Delay      (SCD):    0.000ns
    Clock Pessimism Removal (CPR):    0.000ns
  Clock Uncertainty:      0.025ns  ((TSJ^2 + TIJ^2)^1/2 + DJ) / 2 + PE
    Total System Jitter     (TSJ):    0.050ns
    Total Input Jitter      (TIJ):    0.000ns
    Discrete Jitter          (DJ):    0.000ns
    Phase Error              (PE):    0.000ns

    Location             Delay type                Incr(ns)  Path(ns)    Netlist Resource(s)
  -------------------------------------------------------------------    -------------------
    U18                                               0.000     0.000 r  reset_in (IN)
                         net (fo=0)                   0.000     0.000    reset_in
    U18                  IBUF (Prop_ibuf_I_O)         1.441     1.441 r  reset_in_IBUF_inst/O
                         net (fo=1198, routed)        6.452     7.894    compc/SR[0]
    SLICE_X30Y9          LUT2 (Prop_lut2_I0_O)        0.124     8.018 r  compc/FSM_sequential_state[4]_i_1/O
                         net (fo=5291, routed)        6.608    14.626    compc/FSM_sequential_state[4]_i_1_n_0
    SLICE_X62Y74         FDRE                                         r  compc/energy_by_frame_reg[12][41]/R
  -------------------------------------------------------------------    -------------------

                         (clock sys_clk_pin rise edge)
                                                      0.000     0.000 r  
    W5                                                0.000     0.000 r  clock_in (IN)
                         net (fo=0)                   0.000     0.000    clock_in
    W5                   IBUF (Prop_ibuf_I_O)         1.388     1.388 r  clock_in_IBUF_inst/O
                         net (fo=1, routed)           1.862     3.250    clock_in_IBUF
    BUFGCTRL_X0Y0        BUFG (Prop_bufg_I_O)         0.091     3.341 r  clock_in_IBUF_BUFG_inst/O
                         net (fo=8720, routed)        1.492     4.833    compc/clock_in_IBUF_BUFG
    SLICE_X62Y74         FDRE                                         r  compc/energy_by_frame_reg[12][41]/C

Slack:                    inf
  Source:                 reset_in
                            (input port)
  Destination:            compc/energy_by_frame_reg[12][47]/R
                            (rising edge-triggered cell FDRE clocked by sys_clk_pin  {rise@0.000ns fall@5.000ns period=10.000ns})
  Path Group:             (none)
  Path Type:              Setup (Max at Slow Process Corner)
  Data Path Delay:        14.626ns  (logic 1.565ns (10.702%)  route 13.061ns (89.298%))
  Logic Levels:           2  (IBUF=1 LUT2=1)
  Clock Path Skew:        4.833ns (DCD - SCD + CPR)
    Destination Clock Delay (DCD):    4.833ns
    Source Clock Delay      (SCD):    0.000ns
    Clock Pessimism Removal (CPR):    0.000ns
  Clock Uncertainty:      0.025ns  ((TSJ^2 + TIJ^2)^1/2 + DJ) / 2 + PE
    Total System Jitter     (TSJ):    0.050ns
    Total Input Jitter      (TIJ):    0.000ns
    Discrete Jitter          (DJ):    0.000ns
    Phase Error              (PE):    0.000ns

    Location             Delay type                Incr(ns)  Path(ns)    Netlist Resource(s)
  -------------------------------------------------------------------    -------------------
    U18                                               0.000     0.000 r  reset_in (IN)
                         net (fo=0)                   0.000     0.000    reset_in
    U18                  IBUF (Prop_ibuf_I_O)         1.441     1.441 r  reset_in_IBUF_inst/O
                         net (fo=1198, routed)        6.452     7.894    compc/SR[0]
    SLICE_X30Y9          LUT2 (Prop_lut2_I0_O)        0.124     8.018 r  compc/FSM_sequential_state[4]_i_1/O
                         net (fo=5291, routed)        6.608    14.626    compc/FSM_sequential_state[4]_i_1_n_0
    SLICE_X62Y74         FDRE                                         r  compc/energy_by_frame_reg[12][47]/R
  -------------------------------------------------------------------    -------------------

                         (clock sys_clk_pin rise edge)
                                                      0.000     0.000 r  
    W5                                                0.000     0.000 r  clock_in (IN)
                         net (fo=0)                   0.000     0.000    clock_in
    W5                   IBUF (Prop_ibuf_I_O)         1.388     1.388 r  clock_in_IBUF_inst/O
                         net (fo=1, routed)           1.862     3.250    clock_in_IBUF
    BUFGCTRL_X0Y0        BUFG (Prop_bufg_I_O)         0.091     3.341 r  clock_in_IBUF_BUFG_inst/O
                         net (fo=8720, routed)        1.492     4.833    compc/clock_in_IBUF_BUFG
    SLICE_X62Y74         FDRE                                         r  compc/energy_by_frame_reg[12][47]/C

Slack:                    inf
  Source:                 reset_in
                            (input port)
  Destination:            compc/energy_by_frame_reg[12][48]/R
                            (rising edge-triggered cell FDRE clocked by sys_clk_pin  {rise@0.000ns fall@5.000ns period=10.000ns})
  Path Group:             (none)
  Path Type:              Setup (Max at Slow Process Corner)
  Data Path Delay:        14.626ns  (logic 1.565ns (10.702%)  route 13.061ns (89.298%))
  Logic Levels:           2  (IBUF=1 LUT2=1)
  Clock Path Skew:        4.833ns (DCD - SCD + CPR)
    Destination Clock Delay (DCD):    4.833ns
    Source Clock Delay      (SCD):    0.000ns
    Clock Pessimism Removal (CPR):    0.000ns
  Clock Uncertainty:      0.025ns  ((TSJ^2 + TIJ^2)^1/2 + DJ) / 2 + PE
    Total System Jitter     (TSJ):    0.050ns
    Total Input Jitter      (TIJ):    0.000ns
    Discrete Jitter          (DJ):    0.000ns
    Phase Error              (PE):    0.000ns

    Location             Delay type                Incr(ns)  Path(ns)    Netlist Resource(s)
  -------------------------------------------------------------------    -------------------
    U18                                               0.000     0.000 r  reset_in (IN)
                         net (fo=0)                   0.000     0.000    reset_in
    U18                  IBUF (Prop_ibuf_I_O)         1.441     1.441 r  reset_in_IBUF_inst/O
                         net (fo=1198, routed)        6.452     7.894    compc/SR[0]
    SLICE_X30Y9          LUT2 (Prop_lut2_I0_O)        0.124     8.018 r  compc/FSM_sequential_state[4]_i_1/O
                         net (fo=5291, routed)        6.608    14.626    compc/FSM_sequential_state[4]_i_1_n_0
    SLICE_X62Y74         FDRE                                         r  compc/energy_by_frame_reg[12][48]/R
  -------------------------------------------------------------------    -------------------

                         (clock sys_clk_pin rise edge)
                                                      0.000     0.000 r  
    W5                                                0.000     0.000 r  clock_in (IN)
                         net (fo=0)                   0.000     0.000    clock_in
    W5                   IBUF (Prop_ibuf_I_O)         1.388     1.388 r  clock_in_IBUF_inst/O
                         net (fo=1, routed)           1.862     3.250    clock_in_IBUF
    BUFGCTRL_X0Y0        BUFG (Prop_bufg_I_O)         0.091     3.341 r  clock_in_IBUF_BUFG_inst/O
                         net (fo=8720, routed)        1.492     4.833    compc/clock_in_IBUF_BUFG
    SLICE_X62Y74         FDRE                                         r  compc/energy_by_frame_reg[12][48]/C

Slack:                    inf
  Source:                 reset_in
                            (input port)
  Destination:            compc/energy_by_frame_reg[12][54]/R
                            (rising edge-triggered cell FDRE clocked by sys_clk_pin  {rise@0.000ns fall@5.000ns period=10.000ns})
  Path Group:             (none)
  Path Type:              Setup (Max at Slow Process Corner)
  Data Path Delay:        14.626ns  (logic 1.565ns (10.702%)  route 13.061ns (89.298%))
  Logic Levels:           2  (IBUF=1 LUT2=1)
  Clock Path Skew:        4.833ns (DCD - SCD + CPR)
    Destination Clock Delay (DCD):    4.833ns
    Source Clock Delay      (SCD):    0.000ns
    Clock Pessimism Removal (CPR):    0.000ns
  Clock Uncertainty:      0.025ns  ((TSJ^2 + TIJ^2)^1/2 + DJ) / 2 + PE
    Total System Jitter     (TSJ):    0.050ns
    Total Input Jitter      (TIJ):    0.000ns
    Discrete Jitter          (DJ):    0.000ns
    Phase Error              (PE):    0.000ns

    Location             Delay type                Incr(ns)  Path(ns)    Netlist Resource(s)
  -------------------------------------------------------------------    -------------------
    U18                                               0.000     0.000 r  reset_in (IN)
                         net (fo=0)                   0.000     0.000    reset_in
    U18                  IBUF (Prop_ibuf_I_O)         1.441     1.441 r  reset_in_IBUF_inst/O
                         net (fo=1198, routed)        6.452     7.894    compc/SR[0]
    SLICE_X30Y9          LUT2 (Prop_lut2_I0_O)        0.124     8.018 r  compc/FSM_sequential_state[4]_i_1/O
                         net (fo=5291, routed)        6.608    14.626    compc/FSM_sequential_state[4]_i_1_n_0
    SLICE_X62Y74         FDRE                                         r  compc/energy_by_frame_reg[12][54]/R
  -------------------------------------------------------------------    -------------------

                         (clock sys_clk_pin rise edge)
                                                      0.000     0.000 r  
    W5                                                0.000     0.000 r  clock_in (IN)
                         net (fo=0)                   0.000     0.000    clock_in
    W5                   IBUF (Prop_ibuf_I_O)         1.388     1.388 r  clock_in_IBUF_inst/O
                         net (fo=1, routed)           1.862     3.250    clock_in_IBUF
    BUFGCTRL_X0Y0        BUFG (Prop_bufg_I_O)         0.091     3.341 r  clock_in_IBUF_BUFG_inst/O
                         net (fo=8720, routed)        1.492     4.833    compc/clock_in_IBUF_BUFG
    SLICE_X62Y74         FDRE                                         r  compc/energy_by_frame_reg[12][54]/C

Slack:                    inf
  Source:                 reset_in
                            (input port)
  Destination:            compc/energy_by_frame_reg[47][58]/R
                            (rising edge-triggered cell FDRE clocked by sys_clk_pin  {rise@0.000ns fall@5.000ns period=10.000ns})
  Path Group:             (none)
  Path Type:              Setup (Max at Slow Process Corner)
  Data Path Delay:        14.624ns  (logic 1.565ns (10.703%)  route 13.059ns (89.297%))
  Logic Levels:           2  (IBUF=1 LUT2=1)
  Clock Path Skew:        4.834ns (DCD - SCD + CPR)
    Destination Clock Delay (DCD):    4.834ns
    Source Clock Delay      (SCD):    0.000ns
    Clock Pessimism Removal (CPR):    0.000ns
  Clock Uncertainty:      0.025ns  ((TSJ^2 + TIJ^2)^1/2 + DJ) / 2 + PE
    Total System Jitter     (TSJ):    0.050ns
    Total Input Jitter      (TIJ):    0.000ns
    Discrete Jitter          (DJ):    0.000ns
    Phase Error              (PE):    0.000ns

    Location             Delay type                Incr(ns)  Path(ns)    Netlist Resource(s)
  -------------------------------------------------------------------    -------------------
    U18                                               0.000     0.000 r  reset_in (IN)
                         net (fo=0)                   0.000     0.000    reset_in
    U18                  IBUF (Prop_ibuf_I_O)         1.441     1.441 r  reset_in_IBUF_inst/O
                         net (fo=1198, routed)        6.452     7.894    compc/SR[0]
    SLICE_X30Y9          LUT2 (Prop_lut2_I0_O)        0.124     8.018 r  compc/FSM_sequential_state[4]_i_1/O
                         net (fo=5291, routed)        6.607    14.624    compc/FSM_sequential_state[4]_i_1_n_0
    SLICE_X61Y73         FDRE                                         r  compc/energy_by_frame_reg[47][58]/R
  -------------------------------------------------------------------    -------------------

                         (clock sys_clk_pin rise edge)
                                                      0.000     0.000 r  
    W5                                                0.000     0.000 r  clock_in (IN)
                         net (fo=0)                   0.000     0.000    clock_in
    W5                   IBUF (Prop_ibuf_I_O)         1.388     1.388 r  clock_in_IBUF_inst/O
                         net (fo=1, routed)           1.862     3.250    clock_in_IBUF
    BUFGCTRL_X0Y0        BUFG (Prop_bufg_I_O)         0.091     3.341 r  clock_in_IBUF_BUFG_inst/O
                         net (fo=8720, routed)        1.493     4.834    compc/clock_in_IBUF_BUFG
    SLICE_X61Y73         FDRE                                         r  compc/energy_by_frame_reg[47][58]/C

Slack:                    inf
  Source:                 reset_in
                            (input port)
  Destination:            compc/energy_by_frame_reg[47][59]/R
                            (rising edge-triggered cell FDRE clocked by sys_clk_pin  {rise@0.000ns fall@5.000ns period=10.000ns})
  Path Group:             (none)
  Path Type:              Setup (Max at Slow Process Corner)
  Data Path Delay:        14.624ns  (logic 1.565ns (10.703%)  route 13.059ns (89.297%))
  Logic Levels:           2  (IBUF=1 LUT2=1)
  Clock Path Skew:        4.834ns (DCD - SCD + CPR)
    Destination Clock Delay (DCD):    4.834ns
    Source Clock Delay      (SCD):    0.000ns
    Clock Pessimism Removal (CPR):    0.000ns
  Clock Uncertainty:      0.025ns  ((TSJ^2 + TIJ^2)^1/2 + DJ) / 2 + PE
    Total System Jitter     (TSJ):    0.050ns
    Total Input Jitter      (TIJ):    0.000ns
    Discrete Jitter          (DJ):    0.000ns
    Phase Error              (PE):    0.000ns

    Location             Delay type                Incr(ns)  Path(ns)    Netlist Resource(s)
  -------------------------------------------------------------------    -------------------
    U18                                               0.000     0.000 r  reset_in (IN)
                         net (fo=0)                   0.000     0.000    reset_in
    U18                  IBUF (Prop_ibuf_I_O)         1.441     1.441 r  reset_in_IBUF_inst/O
                         net (fo=1198, routed)        6.452     7.894    compc/SR[0]
    SLICE_X30Y9          LUT2 (Prop_lut2_I0_O)        0.124     8.018 r  compc/FSM_sequential_state[4]_i_1/O
                         net (fo=5291, routed)        6.607    14.624    compc/FSM_sequential_state[4]_i_1_n_0
    SLICE_X61Y73         FDRE                                         r  compc/energy_by_frame_reg[47][59]/R
  -------------------------------------------------------------------    -------------------

                         (clock sys_clk_pin rise edge)
                                                      0.000     0.000 r  
    W5                                                0.000     0.000 r  clock_in (IN)
                         net (fo=0)                   0.000     0.000    clock_in
    W5                   IBUF (Prop_ibuf_I_O)         1.388     1.388 r  clock_in_IBUF_inst/O
                         net (fo=1, routed)           1.862     3.250    clock_in_IBUF
    BUFGCTRL_X0Y0        BUFG (Prop_bufg_I_O)         0.091     3.341 r  clock_in_IBUF_BUFG_inst/O
                         net (fo=8720, routed)        1.493     4.834    compc/clock_in_IBUF_BUFG
    SLICE_X61Y73         FDRE                                         r  compc/energy_by_frame_reg[47][59]/C

Slack:                    inf
  Source:                 reset_in
                            (input port)
  Destination:            compc/energy_by_frame_reg[47][62]/R
                            (rising edge-triggered cell FDRE clocked by sys_clk_pin  {rise@0.000ns fall@5.000ns period=10.000ns})
  Path Group:             (none)
  Path Type:              Setup (Max at Slow Process Corner)
  Data Path Delay:        14.624ns  (logic 1.565ns (10.703%)  route 13.059ns (89.297%))
  Logic Levels:           2  (IBUF=1 LUT2=1)
  Clock Path Skew:        4.834ns (DCD - SCD + CPR)
    Destination Clock Delay (DCD):    4.834ns
    Source Clock Delay      (SCD):    0.000ns
    Clock Pessimism Removal (CPR):    0.000ns
  Clock Uncertainty:      0.025ns  ((TSJ^2 + TIJ^2)^1/2 + DJ) / 2 + PE
    Total System Jitter     (TSJ):    0.050ns
    Total Input Jitter      (TIJ):    0.000ns
    Discrete Jitter          (DJ):    0.000ns
    Phase Error              (PE):    0.000ns

    Location             Delay type                Incr(ns)  Path(ns)    Netlist Resource(s)
  -------------------------------------------------------------------    -------------------
    U18                                               0.000     0.000 r  reset_in (IN)
                         net (fo=0)                   0.000     0.000    reset_in
    U18                  IBUF (Prop_ibuf_I_O)         1.441     1.441 r  reset_in_IBUF_inst/O
                         net (fo=1198, routed)        6.452     7.894    compc/SR[0]
    SLICE_X30Y9          LUT2 (Prop_lut2_I0_O)        0.124     8.018 r  compc/FSM_sequential_state[4]_i_1/O
                         net (fo=5291, routed)        6.607    14.624    compc/FSM_sequential_state[4]_i_1_n_0
    SLICE_X61Y73         FDRE                                         r  compc/energy_by_frame_reg[47][62]/R
  -------------------------------------------------------------------    -------------------

                         (clock sys_clk_pin rise edge)
                                                      0.000     0.000 r  
    W5                                                0.000     0.000 r  clock_in (IN)
                         net (fo=0)                   0.000     0.000    clock_in
    W5                   IBUF (Prop_ibuf_I_O)         1.388     1.388 r  clock_in_IBUF_inst/O
                         net (fo=1, routed)           1.862     3.250    clock_in_IBUF
    BUFGCTRL_X0Y0        BUFG (Prop_bufg_I_O)         0.091     3.341 r  clock_in_IBUF_BUFG_inst/O
                         net (fo=8720, routed)        1.493     4.834    compc/clock_in_IBUF_BUFG
    SLICE_X61Y73         FDRE                                         r  compc/energy_by_frame_reg[47][62]/C

Slack:                    inf
  Source:                 reset_in
                            (input port)
  Destination:            compc/energy_by_frame_reg[50][45]/R
                            (rising edge-triggered cell FDRE clocked by sys_clk_pin  {rise@0.000ns fall@5.000ns period=10.000ns})
  Path Group:             (none)
  Path Type:              Setup (Max at Slow Process Corner)
  Data Path Delay:        14.624ns  (logic 1.565ns (10.703%)  route 13.059ns (89.297%))
  Logic Levels:           2  (IBUF=1 LUT2=1)
  Clock Path Skew:        4.834ns (DCD - SCD + CPR)
    Destination Clock Delay (DCD):    4.834ns
    Source Clock Delay      (SCD):    0.000ns
    Clock Pessimism Removal (CPR):    0.000ns
  Clock Uncertainty:      0.025ns  ((TSJ^2 + TIJ^2)^1/2 + DJ) / 2 + PE
    Total System Jitter     (TSJ):    0.050ns
    Total Input Jitter      (TIJ):    0.000ns
    Discrete Jitter          (DJ):    0.000ns
    Phase Error              (PE):    0.000ns

    Location             Delay type                Incr(ns)  Path(ns)    Netlist Resource(s)
  -------------------------------------------------------------------    -------------------
    U18                                               0.000     0.000 r  reset_in (IN)
                         net (fo=0)                   0.000     0.000    reset_in
    U18                  IBUF (Prop_ibuf_I_O)         1.441     1.441 r  reset_in_IBUF_inst/O
                         net (fo=1198, routed)        6.452     7.894    compc/SR[0]
    SLICE_X30Y9          LUT2 (Prop_lut2_I0_O)        0.124     8.018 r  compc/FSM_sequential_state[4]_i_1/O
                         net (fo=5291, routed)        6.607    14.624    compc/FSM_sequential_state[4]_i_1_n_0
    SLICE_X60Y73         FDRE                                         r  compc/energy_by_frame_reg[50][45]/R
  -------------------------------------------------------------------    -------------------

                         (clock sys_clk_pin rise edge)
                                                      0.000     0.000 r  
    W5                                                0.000     0.000 r  clock_in (IN)
                         net (fo=0)                   0.000     0.000    clock_in
    W5                   IBUF (Prop_ibuf_I_O)         1.388     1.388 r  clock_in_IBUF_inst/O
                         net (fo=1, routed)           1.862     3.250    clock_in_IBUF
    BUFGCTRL_X0Y0        BUFG (Prop_bufg_I_O)         0.091     3.341 r  clock_in_IBUF_BUFG_inst/O
                         net (fo=8720, routed)        1.493     4.834    compc/clock_in_IBUF_BUFG
    SLICE_X60Y73         FDRE                                         r  compc/energy_by_frame_reg[50][45]/C

Slack:                    inf
  Source:                 reset_in
                            (input port)
  Destination:            compc/energy_by_frame_reg[50][46]/R
                            (rising edge-triggered cell FDRE clocked by sys_clk_pin  {rise@0.000ns fall@5.000ns period=10.000ns})
  Path Group:             (none)
  Path Type:              Setup (Max at Slow Process Corner)
  Data Path Delay:        14.624ns  (logic 1.565ns (10.703%)  route 13.059ns (89.297%))
  Logic Levels:           2  (IBUF=1 LUT2=1)
  Clock Path Skew:        4.834ns (DCD - SCD + CPR)
    Destination Clock Delay (DCD):    4.834ns
    Source Clock Delay      (SCD):    0.000ns
    Clock Pessimism Removal (CPR):    0.000ns
  Clock Uncertainty:      0.025ns  ((TSJ^2 + TIJ^2)^1/2 + DJ) / 2 + PE
    Total System Jitter     (TSJ):    0.050ns
    Total Input Jitter      (TIJ):    0.000ns
    Discrete Jitter          (DJ):    0.000ns
    Phase Error              (PE):    0.000ns

    Location             Delay type                Incr(ns)  Path(ns)    Netlist Resource(s)
  -------------------------------------------------------------------    -------------------
    U18                                               0.000     0.000 r  reset_in (IN)
                         net (fo=0)                   0.000     0.000    reset_in
    U18                  IBUF (Prop_ibuf_I_O)         1.441     1.441 r  reset_in_IBUF_inst/O
                         net (fo=1198, routed)        6.452     7.894    compc/SR[0]
    SLICE_X30Y9          LUT2 (Prop_lut2_I0_O)        0.124     8.018 r  compc/FSM_sequential_state[4]_i_1/O
                         net (fo=5291, routed)        6.607    14.624    compc/FSM_sequential_state[4]_i_1_n_0
    SLICE_X60Y73         FDRE                                         r  compc/energy_by_frame_reg[50][46]/R
  -------------------------------------------------------------------    -------------------

                         (clock sys_clk_pin rise edge)
                                                      0.000     0.000 r  
    W5                                                0.000     0.000 r  clock_in (IN)
                         net (fo=0)                   0.000     0.000    clock_in
    W5                   IBUF (Prop_ibuf_I_O)         1.388     1.388 r  clock_in_IBUF_inst/O
                         net (fo=1, routed)           1.862     3.250    clock_in_IBUF
    BUFGCTRL_X0Y0        BUFG (Prop_bufg_I_O)         0.091     3.341 r  clock_in_IBUF_BUFG_inst/O
                         net (fo=8720, routed)        1.493     4.834    compc/clock_in_IBUF_BUFG
    SLICE_X60Y73         FDRE                                         r  compc/energy_by_frame_reg[50][46]/C

Slack:                    inf
  Source:                 reset_in
                            (input port)
  Destination:            compc/energy_by_frame_reg[50][47]/R
                            (rising edge-triggered cell FDRE clocked by sys_clk_pin  {rise@0.000ns fall@5.000ns period=10.000ns})
  Path Group:             (none)
  Path Type:              Setup (Max at Slow Process Corner)
  Data Path Delay:        14.624ns  (logic 1.565ns (10.703%)  route 13.059ns (89.297%))
  Logic Levels:           2  (IBUF=1 LUT2=1)
  Clock Path Skew:        4.834ns (DCD - SCD + CPR)
    Destination Clock Delay (DCD):    4.834ns
    Source Clock Delay      (SCD):    0.000ns
    Clock Pessimism Removal (CPR):    0.000ns
  Clock Uncertainty:      0.025ns  ((TSJ^2 + TIJ^2)^1/2 + DJ) / 2 + PE
    Total System Jitter     (TSJ):    0.050ns
    Total Input Jitter      (TIJ):    0.000ns
    Discrete Jitter          (DJ):    0.000ns
    Phase Error              (PE):    0.000ns

    Location             Delay type                Incr(ns)  Path(ns)    Netlist Resource(s)
  -------------------------------------------------------------------    -------------------
    U18                                               0.000     0.000 r  reset_in (IN)
                         net (fo=0)                   0.000     0.000    reset_in
    U18                  IBUF (Prop_ibuf_I_O)         1.441     1.441 r  reset_in_IBUF_inst/O
                         net (fo=1198, routed)        6.452     7.894    compc/SR[0]
    SLICE_X30Y9          LUT2 (Prop_lut2_I0_O)        0.124     8.018 r  compc/FSM_sequential_state[4]_i_1/O
                         net (fo=5291, routed)        6.607    14.624    compc/FSM_sequential_state[4]_i_1_n_0
    SLICE_X60Y73         FDRE                                         r  compc/energy_by_frame_reg[50][47]/R
  -------------------------------------------------------------------    -------------------

                         (clock sys_clk_pin rise edge)
                                                      0.000     0.000 r  
    W5                                                0.000     0.000 r  clock_in (IN)
                         net (fo=0)                   0.000     0.000    clock_in
    W5                   IBUF (Prop_ibuf_I_O)         1.388     1.388 r  clock_in_IBUF_inst/O
                         net (fo=1, routed)           1.862     3.250    clock_in_IBUF
    BUFGCTRL_X0Y0        BUFG (Prop_bufg_I_O)         0.091     3.341 r  clock_in_IBUF_BUFG_inst/O
                         net (fo=8720, routed)        1.493     4.834    compc/clock_in_IBUF_BUFG
    SLICE_X60Y73         FDRE                                         r  compc/energy_by_frame_reg[50][47]/C





Min Delay Paths
--------------------------------------------------------------------------------------
Slack:                    inf
  Source:                 top_module/FFT/mult_gen_2/<hidden>/<hidden>/<hidden>
                            (internal pin)
  Destination:            top_module/FFT/mult_gen_2/<hidden>/<hidden>/<hidden>
                            (rising edge-triggered cell DSP48E1 clocked by sys_clk_pin  {rise@0.000ns fall@5.000ns period=10.000ns})
  Path Group:             (none)
  Path Type:              Hold (Min at Slow Process Corner)
  Data Path Delay:        0.002ns  (logic 0.000ns (0.000%)  route 0.002ns (100.000%))
  Logic Levels:           0  
  Clock Uncertainty:      0.025ns  ((TSJ^2 + TIJ^2)^1/2 + DJ) / 2 + PE
    Total System Jitter     (TSJ):    0.050ns
    Total Input Jitter      (TIJ):    0.000ns
    Discrete Jitter          (DJ):    0.000ns
    Phase Error              (PE):    0.000ns

    Location             Delay type                Incr(ns)  Path(ns)    Netlist Resource(s)
  -------------------------------------------------------------------    -------------------
    DSP48_X1Y0           DSP48E1                      0.000     0.000 r  top_module/FFT/mult_gen_2/<hidden>/<hidden>/<hidden>
                         net (fo=1, routed)           0.002     0.002    top_module/FFT/mult_gen_2/<hidden>/<hidden>/<hidden>
    DSP48_X1Y1           DSP48E1                                      r  top_module/FFT/mult_gen_2/<hidden>/<hidden>/<hidden>
  -------------------------------------------------------------------    -------------------

                         (clock sys_clk_pin rise edge)
                                                      0.000     0.000 r  
    W5                                                0.000     0.000 r  clock_in (IN)
                         net (fo=0)                   0.000     0.000    clock_in
    W5                   IBUF (Prop_ibuf_I_O)         1.458     1.458 r  clock_in_IBUF_inst/O
                         net (fo=1, routed)           1.967     3.425    clock_in_IBUF
    BUFGCTRL_X0Y0        BUFG (Prop_bufg_I_O)         0.096     3.521 r  clock_in_IBUF_BUFG_inst/O
                         net (fo=8720, routed)        1.661     5.182    top_module/FFT/mult_gen_2/<hidden>/<hidden>/<hidden>
    DSP48_X1Y1           DSP48E1                                      r  top_module/FFT/mult_gen_2/<hidden>/<hidden>/<hidden>

Slack:                    inf
  Source:                 top_module/FFT/mult_gen_2/<hidden>/<hidden>/<hidden>
                            (internal pin)
  Destination:            top_module/FFT/mult_gen_2/<hidden>/<hidden>/<hidden>
                            (rising edge-triggered cell DSP48E1 clocked by sys_clk_pin  {rise@0.000ns fall@5.000ns period=10.000ns})
  Path Group:             (none)
  Path Type:              Hold (Min at Slow Process Corner)
  Data Path Delay:        0.002ns  (logic 0.000ns (0.000%)  route 0.002ns (100.000%))
  Logic Levels:           0  
  Clock Uncertainty:      0.025ns  ((TSJ^2 + TIJ^2)^1/2 + DJ) / 2 + PE
    Total System Jitter     (TSJ):    0.050ns
    Total Input Jitter      (TIJ):    0.000ns
    Discrete Jitter          (DJ):    0.000ns
    Phase Error              (PE):    0.000ns

    Location             Delay type                Incr(ns)  Path(ns)    Netlist Resource(s)
  -------------------------------------------------------------------    -------------------
    DSP48_X1Y0           DSP48E1                      0.000     0.000 r  top_module/FFT/mult_gen_2/<hidden>/<hidden>/<hidden>
                         net (fo=1, routed)           0.002     0.002    top_module/FFT/mult_gen_2/<hidden>/<hidden>/<hidden>
    DSP48_X1Y1           DSP48E1                                      r  top_module/FFT/mult_gen_2/<hidden>/<hidden>/<hidden>
  -------------------------------------------------------------------    -------------------

                         (clock sys_clk_pin rise edge)
                                                      0.000     0.000 r  
    W5                                                0.000     0.000 r  clock_in (IN)
                         net (fo=0)                   0.000     0.000    clock_in
    W5                   IBUF (Prop_ibuf_I_O)         1.458     1.458 r  clock_in_IBUF_inst/O
                         net (fo=1, routed)           1.967     3.425    clock_in_IBUF
    BUFGCTRL_X0Y0        BUFG (Prop_bufg_I_O)         0.096     3.521 r  clock_in_IBUF_BUFG_inst/O
                         net (fo=8720, routed)        1.661     5.182    top_module/FFT/mult_gen_2/<hidden>/<hidden>/<hidden>
    DSP48_X1Y1           DSP48E1                                      r  top_module/FFT/mult_gen_2/<hidden>/<hidden>/<hidden>

Slack:                    inf
  Source:                 top_module/FFT/mult_gen_2/<hidden>/<hidden>/<hidden>
                            (internal pin)
  Destination:            top_module/FFT/mult_gen_2/<hidden>/<hidden>/<hidden>
                            (rising edge-triggered cell DSP48E1 clocked by sys_clk_pin  {rise@0.000ns fall@5.000ns period=10.000ns})
  Path Group:             (none)
  Path Type:              Hold (Min at Slow Process Corner)
  Data Path Delay:        0.002ns  (logic 0.000ns (0.000%)  route 0.002ns (100.000%))
  Logic Levels:           0  
  Clock Uncertainty:      0.025ns  ((TSJ^2 + TIJ^2)^1/2 + DJ) / 2 + PE
    Total System Jitter     (TSJ):    0.050ns
    Total Input Jitter      (TIJ):    0.000ns
    Discrete Jitter          (DJ):    0.000ns
    Phase Error              (PE):    0.000ns

    Location             Delay type                Incr(ns)  Path(ns)    Netlist Resource(s)
  -------------------------------------------------------------------    -------------------
    DSP48_X1Y0           DSP48E1                      0.000     0.000 r  top_module/FFT/mult_gen_2/<hidden>/<hidden>/<hidden>
                         net (fo=1, routed)           0.002     0.002    top_module/FFT/mult_gen_2/<hidden>/<hidden>/<hidden>
    DSP48_X1Y1           DSP48E1                                      r  top_module/FFT/mult_gen_2/<hidden>/<hidden>/<hidden>
  -------------------------------------------------------------------    -------------------

                         (clock sys_clk_pin rise edge)
                                                      0.000     0.000 r  
    W5                                                0.000     0.000 r  clock_in (IN)
                         net (fo=0)                   0.000     0.000    clock_in
    W5                   IBUF (Prop_ibuf_I_O)         1.458     1.458 r  clock_in_IBUF_inst/O
                         net (fo=1, routed)           1.967     3.425    clock_in_IBUF
    BUFGCTRL_X0Y0        BUFG (Prop_bufg_I_O)         0.096     3.521 r  clock_in_IBUF_BUFG_inst/O
                         net (fo=8720, routed)        1.661     5.182    top_module/FFT/mult_gen_2/<hidden>/<hidden>/<hidden>
    DSP48_X1Y1           DSP48E1                                      r  top_module/FFT/mult_gen_2/<hidden>/<hidden>/<hidden>

Slack:                    inf
  Source:                 top_module/FFT/mult_gen_2/<hidden>/<hidden>/<hidden>
                            (internal pin)
  Destination:            top_module/FFT/mult_gen_2/<hidden>/<hidden>/<hidden>
                            (rising edge-triggered cell DSP48E1 clocked by sys_clk_pin  {rise@0.000ns fall@5.000ns period=10.000ns})
  Path Group:             (none)
  Path Type:              Hold (Min at Slow Process Corner)
  Data Path Delay:        0.002ns  (logic 0.000ns (0.000%)  route 0.002ns (100.000%))
  Logic Levels:           0  
  Clock Uncertainty:      0.025ns  ((TSJ^2 + TIJ^2)^1/2 + DJ) / 2 + PE
    Total System Jitter     (TSJ):    0.050ns
    Total Input Jitter      (TIJ):    0.000ns
    Discrete Jitter          (DJ):    0.000ns
    Phase Error              (PE):    0.000ns

    Location             Delay type                Incr(ns)  Path(ns)    Netlist Resource(s)
  -------------------------------------------------------------------    -------------------
    DSP48_X1Y0           DSP48E1                      0.000     0.000 r  top_module/FFT/mult_gen_2/<hidden>/<hidden>/<hidden>
                         net (fo=1, routed)           0.002     0.002    top_module/FFT/mult_gen_2/<hidden>/<hidden>/<hidden>
    DSP48_X1Y1           DSP48E1                                      r  top_module/FFT/mult_gen_2/<hidden>/<hidden>/<hidden>
  -------------------------------------------------------------------    -------------------

                         (clock sys_clk_pin rise edge)
                                                      0.000     0.000 r  
    W5                                                0.000     0.000 r  clock_in (IN)
                         net (fo=0)                   0.000     0.000    clock_in
    W5                   IBUF (Prop_ibuf_I_O)         1.458     1.458 r  clock_in_IBUF_inst/O
                         net (fo=1, routed)           1.967     3.425    clock_in_IBUF
    BUFGCTRL_X0Y0        BUFG (Prop_bufg_I_O)         0.096     3.521 r  clock_in_IBUF_BUFG_inst/O
                         net (fo=8720, routed)        1.661     5.182    top_module/FFT/mult_gen_2/<hidden>/<hidden>/<hidden>
    DSP48_X1Y1           DSP48E1                                      r  top_module/FFT/mult_gen_2/<hidden>/<hidden>/<hidden>

Slack:                    inf
  Source:                 top_module/FFT/mult_gen_2/<hidden>/<hidden>/<hidden>
                            (internal pin)
  Destination:            top_module/FFT/mult_gen_2/<hidden>/<hidden>/<hidden>
                            (rising edge-triggered cell DSP48E1 clocked by sys_clk_pin  {rise@0.000ns fall@5.000ns period=10.000ns})
  Path Group:             (none)
  Path Type:              Hold (Min at Slow Process Corner)
  Data Path Delay:        0.002ns  (logic 0.000ns (0.000%)  route 0.002ns (100.000%))
  Logic Levels:           0  
  Clock Uncertainty:      0.025ns  ((TSJ^2 + TIJ^2)^1/2 + DJ) / 2 + PE
    Total System Jitter     (TSJ):    0.050ns
    Total Input Jitter      (TIJ):    0.000ns
    Discrete Jitter          (DJ):    0.000ns
    Phase Error              (PE):    0.000ns

    Location             Delay type                Incr(ns)  Path(ns)    Netlist Resource(s)
  -------------------------------------------------------------------    -------------------
    DSP48_X1Y0           DSP48E1                      0.000     0.000 r  top_module/FFT/mult_gen_2/<hidden>/<hidden>/<hidden>
                         net (fo=1, routed)           0.002     0.002    top_module/FFT/mult_gen_2/<hidden>/<hidden>/<hidden>
    DSP48_X1Y1           DSP48E1                                      r  top_module/FFT/mult_gen_2/<hidden>/<hidden>/<hidden>
  -------------------------------------------------------------------    -------------------

                         (clock sys_clk_pin rise edge)
                                                      0.000     0.000 r  
    W5                                                0.000     0.000 r  clock_in (IN)
                         net (fo=0)                   0.000     0.000    clock_in
    W5                   IBUF (Prop_ibuf_I_O)         1.458     1.458 r  clock_in_IBUF_inst/O
                         net (fo=1, routed)           1.967     3.425    clock_in_IBUF
    BUFGCTRL_X0Y0        BUFG (Prop_bufg_I_O)         0.096     3.521 r  clock_in_IBUF_BUFG_inst/O
                         net (fo=8720, routed)        1.661     5.182    top_module/FFT/mult_gen_2/<hidden>/<hidden>/<hidden>
    DSP48_X1Y1           DSP48E1                                      r  top_module/FFT/mult_gen_2/<hidden>/<hidden>/<hidden>

Slack:                    inf
  Source:                 top_module/FFT/mult_gen_2/<hidden>/<hidden>/<hidden>
                            (internal pin)
  Destination:            top_module/FFT/mult_gen_2/<hidden>/<hidden>/<hidden>
                            (rising edge-triggered cell DSP48E1 clocked by sys_clk_pin  {rise@0.000ns fall@5.000ns period=10.000ns})
  Path Group:             (none)
  Path Type:              Hold (Min at Slow Process Corner)
  Data Path Delay:        0.002ns  (logic 0.000ns (0.000%)  route 0.002ns (100.000%))
  Logic Levels:           0  
  Clock Uncertainty:      0.025ns  ((TSJ^2 + TIJ^2)^1/2 + DJ) / 2 + PE
    Total System Jitter     (TSJ):    0.050ns
    Total Input Jitter      (TIJ):    0.000ns
    Discrete Jitter          (DJ):    0.000ns
    Phase Error              (PE):    0.000ns

    Location             Delay type                Incr(ns)  Path(ns)    Netlist Resource(s)
  -------------------------------------------------------------------    -------------------
    DSP48_X1Y0           DSP48E1                      0.000     0.000 r  top_module/FFT/mult_gen_2/<hidden>/<hidden>/<hidden>
                         net (fo=1, routed)           0.002     0.002    top_module/FFT/mult_gen_2/<hidden>/<hidden>/<hidden>
    DSP48_X1Y1           DSP48E1                                      r  top_module/FFT/mult_gen_2/<hidden>/<hidden>/<hidden>
  -------------------------------------------------------------------    -------------------

                         (clock sys_clk_pin rise edge)
                                                      0.000     0.000 r  
    W5                                                0.000     0.000 r  clock_in (IN)
                         net (fo=0)                   0.000     0.000    clock_in
    W5                   IBUF (Prop_ibuf_I_O)         1.458     1.458 r  clock_in_IBUF_inst/O
                         net (fo=1, routed)           1.967     3.425    clock_in_IBUF
    BUFGCTRL_X0Y0        BUFG (Prop_bufg_I_O)         0.096     3.521 r  clock_in_IBUF_BUFG_inst/O
                         net (fo=8720, routed)        1.661     5.182    top_module/FFT/mult_gen_2/<hidden>/<hidden>/<hidden>
    DSP48_X1Y1           DSP48E1                                      r  top_module/FFT/mult_gen_2/<hidden>/<hidden>/<hidden>

Slack:                    inf
  Source:                 top_module/FFT/mult_gen_2/<hidden>/<hidden>/<hidden>
                            (internal pin)
  Destination:            top_module/FFT/mult_gen_2/<hidden>/<hidden>/<hidden>
                            (rising edge-triggered cell DSP48E1 clocked by sys_clk_pin  {rise@0.000ns fall@5.000ns period=10.000ns})
  Path Group:             (none)
  Path Type:              Hold (Min at Slow Process Corner)
  Data Path Delay:        0.002ns  (logic 0.000ns (0.000%)  route 0.002ns (100.000%))
  Logic Levels:           0  
  Clock Uncertainty:      0.025ns  ((TSJ^2 + TIJ^2)^1/2 + DJ) / 2 + PE
    Total System Jitter     (TSJ):    0.050ns
    Total Input Jitter      (TIJ):    0.000ns
    Discrete Jitter          (DJ):    0.000ns
    Phase Error              (PE):    0.000ns

    Location             Delay type                Incr(ns)  Path(ns)    Netlist Resource(s)
  -------------------------------------------------------------------    -------------------
    DSP48_X1Y0           DSP48E1                      0.000     0.000 r  top_module/FFT/mult_gen_2/<hidden>/<hidden>/<hidden>
                         net (fo=1, routed)           0.002     0.002    top_module/FFT/mult_gen_2/<hidden>/<hidden>/<hidden>
    DSP48_X1Y1           DSP48E1                                      r  top_module/FFT/mult_gen_2/<hidden>/<hidden>/<hidden>
  -------------------------------------------------------------------    -------------------

                         (clock sys_clk_pin rise edge)
                                                      0.000     0.000 r  
    W5                                                0.000     0.000 r  clock_in (IN)
                         net (fo=0)                   0.000     0.000    clock_in
    W5                   IBUF (Prop_ibuf_I_O)         1.458     1.458 r  clock_in_IBUF_inst/O
                         net (fo=1, routed)           1.967     3.425    clock_in_IBUF
    BUFGCTRL_X0Y0        BUFG (Prop_bufg_I_O)         0.096     3.521 r  clock_in_IBUF_BUFG_inst/O
                         net (fo=8720, routed)        1.661     5.182    top_module/FFT/mult_gen_2/<hidden>/<hidden>/<hidden>
    DSP48_X1Y1           DSP48E1                                      r  top_module/FFT/mult_gen_2/<hidden>/<hidden>/<hidden>

Slack:                    inf
  Source:                 top_module/FFT/mult_gen_2/<hidden>/<hidden>/<hidden>
                            (internal pin)
  Destination:            top_module/FFT/mult_gen_2/<hidden>/<hidden>/<hidden>
                            (rising edge-triggered cell DSP48E1 clocked by sys_clk_pin  {rise@0.000ns fall@5.000ns period=10.000ns})
  Path Group:             (none)
  Path Type:              Hold (Min at Slow Process Corner)
  Data Path Delay:        0.002ns  (logic 0.000ns (0.000%)  route 0.002ns (100.000%))
  Logic Levels:           0  
  Clock Uncertainty:      0.025ns  ((TSJ^2 + TIJ^2)^1/2 + DJ) / 2 + PE
    Total System Jitter     (TSJ):    0.050ns
    Total Input Jitter      (TIJ):    0.000ns
    Discrete Jitter          (DJ):    0.000ns
    Phase Error              (PE):    0.000ns

    Location             Delay type                Incr(ns)  Path(ns)    Netlist Resource(s)
  -------------------------------------------------------------------    -------------------
    DSP48_X1Y0           DSP48E1                      0.000     0.000 r  top_module/FFT/mult_gen_2/<hidden>/<hidden>/<hidden>
                         net (fo=1, routed)           0.002     0.002    top_module/FFT/mult_gen_2/<hidden>/<hidden>/<hidden>
    DSP48_X1Y1           DSP48E1                                      r  top_module/FFT/mult_gen_2/<hidden>/<hidden>/<hidden>
  -------------------------------------------------------------------    -------------------

                         (clock sys_clk_pin rise edge)
                                                      0.000     0.000 r  
    W5                                                0.000     0.000 r  clock_in (IN)
                         net (fo=0)                   0.000     0.000    clock_in
    W5                   IBUF (Prop_ibuf_I_O)         1.458     1.458 r  clock_in_IBUF_inst/O
                         net (fo=1, routed)           1.967     3.425    clock_in_IBUF
    BUFGCTRL_X0Y0        BUFG (Prop_bufg_I_O)         0.096     3.521 r  clock_in_IBUF_BUFG_inst/O
                         net (fo=8720, routed)        1.661     5.182    top_module/FFT/mult_gen_2/<hidden>/<hidden>/<hidden>
    DSP48_X1Y1           DSP48E1                                      r  top_module/FFT/mult_gen_2/<hidden>/<hidden>/<hidden>

Slack:                    inf
  Source:                 top_module/FFT/mult_gen_2/<hidden>/<hidden>/<hidden>
                            (internal pin)
  Destination:            top_module/FFT/mult_gen_2/<hidden>/<hidden>/<hidden>
                            (rising edge-triggered cell DSP48E1 clocked by sys_clk_pin  {rise@0.000ns fall@5.000ns period=10.000ns})
  Path Group:             (none)
  Path Type:              Hold (Min at Slow Process Corner)
  Data Path Delay:        0.002ns  (logic 0.000ns (0.000%)  route 0.002ns (100.000%))
  Logic Levels:           0  
  Clock Uncertainty:      0.025ns  ((TSJ^2 + TIJ^2)^1/2 + DJ) / 2 + PE
    Total System Jitter     (TSJ):    0.050ns
    Total Input Jitter      (TIJ):    0.000ns
    Discrete Jitter          (DJ):    0.000ns
    Phase Error              (PE):    0.000ns

    Location             Delay type                Incr(ns)  Path(ns)    Netlist Resource(s)
  -------------------------------------------------------------------    -------------------
    DSP48_X1Y0           DSP48E1                      0.000     0.000 r  top_module/FFT/mult_gen_2/<hidden>/<hidden>/<hidden>
                         net (fo=1, routed)           0.002     0.002    top_module/FFT/mult_gen_2/<hidden>/<hidden>/<hidden>
    DSP48_X1Y1           DSP48E1                                      r  top_module/FFT/mult_gen_2/<hidden>/<hidden>/<hidden>
  -------------------------------------------------------------------    -------------------

                         (clock sys_clk_pin rise edge)
                                                      0.000     0.000 r  
    W5                                                0.000     0.000 r  clock_in (IN)
                         net (fo=0)                   0.000     0.000    clock_in
    W5                   IBUF (Prop_ibuf_I_O)         1.458     1.458 r  clock_in_IBUF_inst/O
                         net (fo=1, routed)           1.967     3.425    clock_in_IBUF
    BUFGCTRL_X0Y0        BUFG (Prop_bufg_I_O)         0.096     3.521 r  clock_in_IBUF_BUFG_inst/O
                         net (fo=8720, routed)        1.661     5.182    top_module/FFT/mult_gen_2/<hidden>/<hidden>/<hidden>
    DSP48_X1Y1           DSP48E1                                      r  top_module/FFT/mult_gen_2/<hidden>/<hidden>/<hidden>

Slack:                    inf
  Source:                 top_module/FFT/mult_gen_2/<hidden>/<hidden>/<hidden>
                            (internal pin)
  Destination:            top_module/FFT/mult_gen_2/<hidden>/<hidden>/<hidden>
                            (rising edge-triggered cell DSP48E1 clocked by sys_clk_pin  {rise@0.000ns fall@5.000ns period=10.000ns})
  Path Group:             (none)
  Path Type:              Hold (Min at Slow Process Corner)
  Data Path Delay:        0.002ns  (logic 0.000ns (0.000%)  route 0.002ns (100.000%))
  Logic Levels:           0  
  Clock Uncertainty:      0.025ns  ((TSJ^2 + TIJ^2)^1/2 + DJ) / 2 + PE
    Total System Jitter     (TSJ):    0.050ns
    Total Input Jitter      (TIJ):    0.000ns
    Discrete Jitter          (DJ):    0.000ns
    Phase Error              (PE):    0.000ns

    Location             Delay type                Incr(ns)  Path(ns)    Netlist Resource(s)
  -------------------------------------------------------------------    -------------------
    DSP48_X1Y0           DSP48E1                      0.000     0.000 r  top_module/FFT/mult_gen_2/<hidden>/<hidden>/<hidden>
                         net (fo=1, routed)           0.002     0.002    top_module/FFT/mult_gen_2/<hidden>/<hidden>/<hidden>
    DSP48_X1Y1           DSP48E1                                      r  top_module/FFT/mult_gen_2/<hidden>/<hidden>/<hidden>
  -------------------------------------------------------------------    -------------------

                         (clock sys_clk_pin rise edge)
                                                      0.000     0.000 r  
    W5                                                0.000     0.000 r  clock_in (IN)
                         net (fo=0)                   0.000     0.000    clock_in
    W5                   IBUF (Prop_ibuf_I_O)         1.458     1.458 r  clock_in_IBUF_inst/O
                         net (fo=1, routed)           1.967     3.425    clock_in_IBUF
    BUFGCTRL_X0Y0        BUFG (Prop_bufg_I_O)         0.096     3.521 r  clock_in_IBUF_BUFG_inst/O
                         net (fo=8720, routed)        1.661     5.182    top_module/FFT/mult_gen_2/<hidden>/<hidden>/<hidden>
    DSP48_X1Y1           DSP48E1                                      r  top_module/FFT/mult_gen_2/<hidden>/<hidden>/<hidden>





