Copyright 1986-2022 Xilinx, Inc. All Rights Reserved. Copyright 2022-2025 Advanced Micro Devices, Inc. All Rights Reserved.
----------------------------------------------------------------------------------------------------------------------------------------------------------------------------------------------------------------
| Tool Version : Vivado v.2025.2 (lin64) Build 6299465 Fri Nov 14 12:34:56 MST 2025
| Date         : Wed Aug 19 03:24:50 2026
| Host         : borek running 64-bit Ubuntu 26.04 LTS
| Command      : report_timing_summary -delay_type min_max -report_unconstrained -check_timing_verbose -max_paths 10 -file <isolated-build>/build_results/PCB_timing_summary_routed.rpt
| Design       : PCB
| Device       : 7a35t-cpg236
| Speed File   : -1  PRODUCTION 1.23 2018-06-13
| Design State : Routed
----------------------------------------------------------------------------------------------------------------------------------------------------------------------------------------------------------------

Timing Summary Report

------------------------------------------------------------------------------------------------
| Timer Settings
| --------------
------------------------------------------------------------------------------------------------

  Enable Multi Corner Analysis               :  Yes
  Enable Pessimism Removal                   :  Yes
  Pessimism Removal Resolution               :  Nearest Common Node
  Enable Input Delay Default Clock           :  No
  Enable Preset / Clear Arcs                 :  No
  Disable Flight Delays                      :  No
  Ignore I/O Paths                           :  No
  Timing Early Launch at Borrowing Latches   :  No
  Borrow Time for Max Delay Exceptions       :  Yes
  Merge Timing Exceptions                    :  Yes
  Inter-SLR Compensation                     :  Conservative

  Corner  Analyze    Analyze    
  Name    Max Paths  Min Paths  
  ------  ---------  ---------  
  Slow    Yes        Yes        
  Fast    Yes        Yes        


------------------------------------------------------------------------------------------------
| Report Methodology
| ------------------
------------------------------------------------------------------------------------------------

No report available as report_methodology has not been run prior. Run report_methodology on the current design for the summary of methodology violations.



check_timing report

Table of Contents
-----------------
1. checking no_clock (0)
2. checking constant_clock (0)
3. checking pulse_width_clock (0)
4. checking unconstrained_internal_endpoints (0)
5. checking no_input_delay (3)
6. checking no_output_delay (4)
7. checking multiple_clock (0)
8. checking generated_clocks (0)
9. checking loops (0)
10. checking partial_input_delay (0)
11. checking partial_output_delay (0)
12. checking latch_loops (0)

1. checking no_clock (0)
------------------------
 There are 0 register/latch pins with no clock.


2. checking constant_clock (0)
------------------------------
 There are 0 register/latch pins with constant_clock.


3. checking pulse_width_clock (0)
---------------------------------
 There are 0 register/latch pins which need pulse_width check


4. checking unconstrained_internal_endpoints (0)
------------------------------------------------
 There are 0 pins that are not constrained for maximum delay.

 There are 0 pins that are not constrained for maximum delay due to constant clock.


5. checking no_input_delay (3)
------------------------------
 There is 1 input port with no input delay specified. (HIGH)

spi_miso

 There are 2 input ports with no input delay but user has a false path constraint. (MEDIUM)

reset_in
start_in


6. checking no_output_delay (4)
-------------------------------
 There are 2 ports with no output delay specified. (HIGH)

cs_out
spi_clk

 There are 2 ports with no output delay but user has a false path constraint (MEDIUM)

ready_out
txd_out

 There are 0 ports with no output delay but with a timing clock defined on it or propagating through it


7. checking multiple_clock (0)
------------------------------
 There are 0 register/latch pins with multiple clocks.


8. checking generated_clocks (0)
--------------------------------
 There are 0 generated clocks that are not connected to a clock source.


9. checking loops (0)
---------------------
 There are 0 combinational loops in the design.


10. checking partial_input_delay (0)
------------------------------------
 There are 0 input ports with partial input delay specified.


11. checking partial_output_delay (0)
-------------------------------------
 There are 0 ports with partial output delay specified.


12. checking latch_loops (0)
----------------------------
 There are 0 combinational latch loops in the design through latch input



------------------------------------------------------------------------------------------------
| Design Timing Summary
| ---------------------
------------------------------------------------------------------------------------------------

    WNS(ns)      TNS(ns)  TNS Failing Endpoints  TNS Total Endpoints      WHS(ns)      THS(ns)  THS Failing Endpoints  THS Total Endpoints     WPWS(ns)     TPWS(ns)  TPWS Failing Endpoints  TPWS Total Endpoints  
    -------      -------  ---------------------  -------------------      -------      -------  ---------------------  -------------------     --------     --------  ----------------------  --------------------  
      6.874        0.000                      0                  212        0.106        0.000                      0                  212        3.000        0.000                       0                   134  


All user specified timing constraints are met.


------------------------------------------------------------------------------------------------
| Clock Summary
| -------------
------------------------------------------------------------------------------------------------

Clock                 Waveform(ns)       Period(ns)      Frequency(MHz)
-----                 ------------       ----------      --------------
sys_clk_pin           {0.000 5.000}      10.000          100.000         
  clk_out1_clk_wiz_0  {0.000 13.889}     27.778          36.000          
  clkfbout_clk_wiz_0  {0.000 25.000}     50.000          20.000          


------------------------------------------------------------------------------------------------
| Intra Clock Table
| -----------------
------------------------------------------------------------------------------------------------

Clock                     WNS(ns)      TNS(ns)  TNS Failing Endpoints  TNS Total Endpoints      WHS(ns)      THS(ns)  THS Failing Endpoints  THS Total Endpoints     WPWS(ns)     TPWS(ns)  TPWS Failing Endpoints  TPWS Total Endpoints  
-----                     -------      -------  ---------------------  -------------------      -------      -------  ---------------------  -------------------     --------     --------  ----------------------  --------------------  
sys_clk_pin                 6.874        0.000                      0                   46        0.122        0.000                      0                   46        3.000        0.000                       0                    40  
  clk_out1_clk_wiz_0       23.978        0.000                      0                  166        0.106        0.000                      0                  166       13.389        0.000                       0                    91  
  clkfbout_clk_wiz_0                                                                                                                                                   47.845        0.000                       0                     3  


------------------------------------------------------------------------------------------------
| Inter Clock Table
| -----------------
------------------------------------------------------------------------------------------------

From Clock    To Clock          WNS(ns)      TNS(ns)  TNS Failing Endpoints  TNS Total Endpoints      WHS(ns)      THS(ns)  THS Failing Endpoints  THS Total Endpoints  
----------    --------          -------      -------  ---------------------  -------------------      -------      -------  ---------------------  -------------------  


------------------------------------------------------------------------------------------------
| Other Path Groups Table
| -----------------------
------------------------------------------------------------------------------------------------

Path Group    From Clock    To Clock          WNS(ns)      TNS(ns)  TNS Failing Endpoints  TNS Total Endpoints      WHS(ns)      THS(ns)  THS Failing Endpoints  THS Total Endpoints  
----------    ----------    --------          -------      -------  ---------------------  -------------------      -------      -------  ---------------------  -------------------  


------------------------------------------------------------------------------------------------
| User Ignored Path Table
| -----------------------
------------------------------------------------------------------------------------------------

Path Group          From Clock          To Clock          
----------          ----------          --------          
(none)                                                      
(none)              sys_clk_pin                             
(none)                                  clk_out1_clk_wiz_0  
(none)              sys_clk_pin         clk_out1_clk_wiz_0  
(none)                                  sys_clk_pin         
(none)              clk_out1_clk_wiz_0  sys_clk_pin         


------------------------------------------------------------------------------------------------
| Unconstrained Path Table
| ------------------------
------------------------------------------------------------------------------------------------

Path Group          From Clock          To Clock          
----------          ----------          --------          
(none)              clk_out1_clk_wiz_0                      
(none)                                  clk_out1_clk_wiz_0  


------------------------------------------------------------------------------------------------
| Timing Details
| --------------
------------------------------------------------------------------------------------------------


---------------------------------------------------------------------------------------------------
From Clock:  sys_clk_pin
  To Clock:  sys_clk_pin

Setup :            0  Failing Endpoints,  Worst Slack        6.874ns,  Total Violation        0.000ns
Hold  :            0  Failing Endpoints,  Worst Slack        0.122ns,  Total Violation        0.000ns
PW    :            0  Failing Endpoints,  Worst Slack        3.000ns,  Total Violation        0.000ns
---------------------------------------------------------------------------------------------------


Max Delay Paths
--------------------------------------------------------------------------------------
Slack (MET) :             6.874ns  (required time - arrival time)
  Source:                 uart_div_cnt_reg[4]/C
                            (rising edge-triggered cell FDRE clocked by sys_clk_pin  {rise@0.000ns fall@5.000ns period=10.000ns})
  Destination:            uart_div_cnt_reg[3]/D
                            (rising edge-triggered cell FDRE clocked by sys_clk_pin  {rise@0.000ns fall@5.000ns period=10.000ns})
  Path Group:             sys_clk_pin
  Path Type:              Setup (Max at Slow Process Corner)
  Requirement:            10.000ns  (sys_clk_pin rise@10.000ns - sys_clk_pin rise@0.000ns)
  Data Path Delay:        2.814ns  (logic 0.854ns (30.352%)  route 1.960ns (69.648%))
  Logic Levels:           3  (LUT4=1 LUT5=1 LUT6=1)
  Clock Path Skew:        -0.022ns (DCD - SCD + CPR)
    Destination Clock Delay (DCD):    4.855ns = ( 14.855 - 10.000 ) 
    Source Clock Delay      (SCD):    5.154ns
    Clock Pessimism Removal (CPR):    0.277ns
  Clock Uncertainty:      0.035ns  ((TSJ^2 + TIJ^2)^1/2 + DJ) / 2 + PE
    Total System Jitter     (TSJ):    0.071ns
    Total Input Jitter      (TIJ):    0.000ns
    Discrete Jitter          (DJ):    0.000ns
    Phase Error              (PE):    0.000ns

    Location             Delay type                Incr(ns)  Path(ns)    Netlist Resource(s)
  -------------------------------------------------------------------    -------------------
                         (clock sys_clk_pin rise edge)
                                                      0.000     0.000 r  
    W5                                                0.000     0.000 r  clock_in (IN)
                         net (fo=0)                   0.000     0.000    clock_in
    W5                   IBUF (Prop_ibuf_I_O)         1.458     1.458 r  clock_in_IBUF_inst/O
                         net (fo=1, routed)           1.967     3.425    clock_in_IBUF
    BUFGCTRL_X0Y1        BUFG (Prop_bufg_I_O)         0.096     3.521 r  clock_in_IBUF_BUFG_inst/O
                         net (fo=39, routed)          1.633     5.154    clock_in_IBUF_BUFG
    SLICE_X1Y36          FDRE                                         r  uart_div_cnt_reg[4]/C
  -------------------------------------------------------------------    -------------------
    SLICE_X1Y36          FDRE (Prop_fdre_C_Q)         0.456     5.610 r  uart_div_cnt_reg[4]/Q
                         net (fo=5, routed)           0.694     6.305    uart_div_cnt__0[4]
    SLICE_X0Y36          LUT4 (Prop_lut4_I3_O)        0.124     6.429 f  uart_div_cnt[2]_i_2/O
                         net (fo=2, routed)           0.313     6.742    uart_div_cnt[2]_i_2_n_0
    SLICE_X0Y37          LUT6 (Prop_lut6_I2_O)        0.124     6.866 r  FSM_sequential_uart_state[1]_i_2/O
                         net (fo=7, routed)           0.606     7.472    FSM_sequential_uart_state[1]_i_2_n_0
    SLICE_X0Y36          LUT5 (Prop_lut5_I0_O)        0.150     7.622 r  uart_div_cnt[3]_i_1/O
                         net (fo=1, routed)           0.346     7.968    uart_div_cnt[3]
    SLICE_X0Y36          FDRE                                         r  uart_div_cnt_reg[3]/D
  -------------------------------------------------------------------    -------------------

                         (clock sys_clk_pin rise edge)
                                                     10.000    10.000 r  
    W5                                                0.000    10.000 r  clock_in (IN)
                         net (fo=0)                   0.000    10.000    clock_in
    W5                   IBUF (Prop_ibuf_I_O)         1.388    11.388 r  clock_in_IBUF_inst/O
                         net (fo=1, routed)           1.862    13.250    clock_in_IBUF
    BUFGCTRL_X0Y1        BUFG (Prop_bufg_I_O)         0.091    13.341 r  clock_in_IBUF_BUFG_inst/O
                         net (fo=39, routed)          1.514    14.855    clock_in_IBUF_BUFG
    SLICE_X0Y36          FDRE                                         r  uart_div_cnt_reg[3]/C
                         clock pessimism              0.277    15.132    
                         clock uncertainty           -0.035    15.097    
    SLICE_X0Y36          FDRE (Setup_fdre_C_D)       -0.255    14.842    uart_div_cnt_reg[3]
  -------------------------------------------------------------------
                         required time                         14.842    
                         arrival time                          -7.968    
  -------------------------------------------------------------------
                         slack                                  6.874    

Slack (MET) :             7.138ns  (required time - arrival time)
  Source:                 uart_shift_reg[6]/C
                            (rising edge-triggered cell FDRE clocked by sys_clk_pin  {rise@0.000ns fall@5.000ns period=10.000ns})
  Destination:            txd_r_reg/D
                            (rising edge-triggered cell FDSE clocked by sys_clk_pin  {rise@0.000ns fall@5.000ns period=10.000ns})
  Path Group:             sys_clk_pin
  Path Type:              Setup (Max at Slow Process Corner)
  Requirement:            10.000ns  (sys_clk_pin rise@10.000ns - sys_clk_pin rise@0.000ns)
  Data Path Delay:        2.754ns  (logic 0.704ns (25.560%)  route 2.050ns (74.440%))
  Logic Levels:           2  (LUT5=1 LUT6=1)
  Clock Path Skew:        -0.025ns (DCD - SCD + CPR)
    Destination Clock Delay (DCD):    4.858ns = ( 14.858 - 10.000 ) 
    Source Clock Delay      (SCD):    5.157ns
    Clock Pessimism Removal (CPR):    0.274ns
  Clock Uncertainty:      0.035ns  ((TSJ^2 + TIJ^2)^1/2 + DJ) / 2 + PE
    Total System Jitter     (TSJ):    0.071ns
    Total Input Jitter      (TIJ):    0.000ns
    Discrete Jitter          (DJ):    0.000ns
    Phase Error              (PE):    0.000ns

    Location             Delay type                Incr(ns)  Path(ns)    Netlist Resource(s)
  -------------------------------------------------------------------    -------------------
                         (clock sys_clk_pin rise edge)
                                                      0.000     0.000 r  
    W5                                                0.000     0.000 r  clock_in (IN)
                         net (fo=0)                   0.000     0.000    clock_in
    W5                   IBUF (Prop_ibuf_I_O)         1.458     1.458 r  clock_in_IBUF_inst/O
                         net (fo=1, routed)           1.967     3.425    clock_in_IBUF
    BUFGCTRL_X0Y1        BUFG (Prop_bufg_I_O)         0.096     3.521 r  clock_in_IBUF_BUFG_inst/O
                         net (fo=39, routed)          1.636     5.157    clock_in_IBUF_BUFG
    SLICE_X0Y40          FDRE                                         r  uart_shift_reg[6]/C
  -------------------------------------------------------------------    -------------------
    SLICE_X0Y40          FDRE (Prop_fdre_C_Q)         0.456     5.613 r  uart_shift_reg[6]/Q
                         net (fo=1, routed)           1.245     6.858    uart_shift_reg_n_0_[6]
    SLICE_X0Y40          LUT6 (Prop_lut6_I1_O)        0.124     6.982 r  txd_r_i_2/O
                         net (fo=1, routed)           0.611     7.593    txd_r_i_2_n_0
    SLICE_X1Y39          LUT5 (Prop_lut5_I1_O)        0.124     7.717 r  txd_r_i_1/O
                         net (fo=1, routed)           0.195     7.912    txd_r
    SLICE_X0Y39          FDSE                                         r  txd_r_reg/D
  -------------------------------------------------------------------    -------------------

                         (clock sys_clk_pin rise edge)
                                                     10.000    10.000 r  
    W5                                                0.000    10.000 r  clock_in (IN)
                         net (fo=0)                   0.000    10.000    clock_in
    W5                   IBUF (Prop_ibuf_I_O)         1.388    11.388 r  clock_in_IBUF_inst/O
                         net (fo=1, routed)           1.862    13.250    clock_in_IBUF
    BUFGCTRL_X0Y1        BUFG (Prop_bufg_I_O)         0.091    13.341 r  clock_in_IBUF_BUFG_inst/O
                         net (fo=39, routed)          1.517    14.858    clock_in_IBUF_BUFG
    SLICE_X0Y39          FDSE                                         r  txd_r_reg/C
                         clock pessimism              0.274    15.132    
                         clock uncertainty           -0.035    15.097    
    SLICE_X0Y39          FDSE (Setup_fdse_C_D)       -0.047    15.050    txd_r_reg
  -------------------------------------------------------------------
                         required time                         15.050    
                         arrival time                          -7.912    
  -------------------------------------------------------------------
                         slack                                  7.138    

Slack (MET) :             7.474ns  (required time - arrival time)
  Source:                 sample_req_sync_u_reg/C
                            (rising edge-triggered cell FDRE clocked by sys_clk_pin  {rise@0.000ns fall@5.000ns period=10.000ns})
  Destination:            tx_word_reg[0]/CE
                            (rising edge-triggered cell FDRE clocked by sys_clk_pin  {rise@0.000ns fall@5.000ns period=10.000ns})
  Path Group:             sys_clk_pin
  Path Type:              Setup (Max at Slow Process Corner)
  Requirement:            10.000ns  (sys_clk_pin rise@10.000ns - sys_clk_pin rise@0.000ns)
  Data Path Delay:        2.090ns  (logic 0.711ns (34.021%)  route 1.379ns (65.979%))
  Logic Levels:           1  (LUT3=1)
  Clock Path Skew:        -0.024ns (DCD - SCD + CPR)
    Destination Clock Delay (DCD):    4.858ns = ( 14.858 - 10.000 ) 
    Source Clock Delay      (SCD):    5.156ns
    Clock Pessimism Removal (CPR):    0.274ns
  Clock Uncertainty:      0.035ns  ((TSJ^2 + TIJ^2)^1/2 + DJ) / 2 + PE
    Total System Jitter     (TSJ):    0.071ns
    Total Input Jitter      (TIJ):    0.000ns
    Discrete Jitter          (DJ):    0.000ns
    Phase Error              (PE):    0.000ns

    Location             Delay type                Incr(ns)  Path(ns)    Netlist Resource(s)
  -------------------------------------------------------------------    -------------------
                         (clock sys_clk_pin rise edge)
                                                      0.000     0.000 r  
    W5                                                0.000     0.000 r  clock_in (IN)
                         net (fo=0)                   0.000     0.000    clock_in
    W5                   IBUF (Prop_ibuf_I_O)         1.458     1.458 r  clock_in_IBUF_inst/O
                         net (fo=1, routed)           1.967     3.425    clock_in_IBUF
    BUFGCTRL_X0Y1        BUFG (Prop_bufg_I_O)         0.096     3.521 r  clock_in_IBUF_BUFG_inst/O
                         net (fo=39, routed)          1.635     5.156    clock_in_IBUF_BUFG
    SLICE_X1Y38          FDRE                                         r  sample_req_sync_u_reg/C
  -------------------------------------------------------------------    -------------------
    SLICE_X1Y38          FDRE (Prop_fdre_C_Q)         0.419     5.575 r  sample_req_sync_u_reg/Q
                         net (fo=5, routed)           0.881     6.456    sample_req_sync_u
    SLICE_X0Y39          LUT3 (Prop_lut3_I1_O)        0.292     6.748 r  tx_word[11]_i_1/O
                         net (fo=13, routed)          0.498     7.246    sample_req_seen_u0
    SLICE_X2Y40          FDRE                                         r  tx_word_reg[0]/CE
  -------------------------------------------------------------------    -------------------

                         (clock sys_clk_pin rise edge)
                                                     10.000    10.000 r  
    W5                                                0.000    10.000 r  clock_in (IN)
                         net (fo=0)                   0.000    10.000    clock_in
    W5                   IBUF (Prop_ibuf_I_O)         1.388    11.388 r  clock_in_IBUF_inst/O
                         net (fo=1, routed)           1.862    13.250    clock_in_IBUF
    BUFGCTRL_X0Y1        BUFG (Prop_bufg_I_O)         0.091    13.341 r  clock_in_IBUF_BUFG_inst/O
                         net (fo=39, routed)          1.517    14.858    clock_in_IBUF_BUFG
    SLICE_X2Y40          FDRE                                         r  tx_word_reg[0]/C
                         clock pessimism              0.274    15.132    
                         clock uncertainty           -0.035    15.097    
    SLICE_X2Y40          FDRE (Setup_fdre_C_CE)      -0.377    14.720    tx_word_reg[0]
  -------------------------------------------------------------------
                         required time                         14.720    
                         arrival time                          -7.246    
  -------------------------------------------------------------------
                         slack                                  7.474    

Slack (MET) :             7.474ns  (required time - arrival time)
  Source:                 sample_req_sync_u_reg/C
                            (rising edge-triggered cell FDRE clocked by sys_clk_pin  {rise@0.000ns fall@5.000ns period=10.000ns})
  Destination:            tx_word_reg[11]/CE
                            (rising edge-triggered cell FDRE clocked by sys_clk_pin  {rise@0.000ns fall@5.000ns period=10.000ns})
  Path Group:             sys_clk_pin
  Path Type:              Setup (Max at Slow Process Corner)
  Requirement:            10.000ns  (sys_clk_pin rise@10.000ns - sys_clk_pin rise@0.000ns)
  Data Path Delay:        2.090ns  (logic 0.711ns (34.021%)  route 1.379ns (65.979%))
  Logic Levels:           1  (LUT3=1)
  Clock Path Skew:        -0.024ns (DCD - SCD + CPR)
    Destination Clock Delay (DCD):    4.858ns = ( 14.858 - 10.000 ) 
    Source Clock Delay      (SCD):    5.156ns
    Clock Pessimism Removal (CPR):    0.274ns
  Clock Uncertainty:      0.035ns  ((TSJ^2 + TIJ^2)^1/2 + DJ) / 2 + PE
    Total System Jitter     (TSJ):    0.071ns
    Total Input Jitter      (TIJ):    0.000ns
    Discrete Jitter          (DJ):    0.000ns
    Phase Error              (PE):    0.000ns

    Location             Delay type                Incr(ns)  Path(ns)    Netlist Resource(s)
  -------------------------------------------------------------------    -------------------
                         (clock sys_clk_pin rise edge)
                                                      0.000     0.000 r  
    W5                                                0.000     0.000 r  clock_in (IN)
                         net (fo=0)                   0.000     0.000    clock_in
    W5                   IBUF (Prop_ibuf_I_O)         1.458     1.458 r  clock_in_IBUF_inst/O
                         net (fo=1, routed)           1.967     3.425    clock_in_IBUF
    BUFGCTRL_X0Y1        BUFG (Prop_bufg_I_O)         0.096     3.521 r  clock_in_IBUF_BUFG_inst/O
                         net (fo=39, routed)          1.635     5.156    clock_in_IBUF_BUFG
    SLICE_X1Y38          FDRE                                         r  sample_req_sync_u_reg/C
  -------------------------------------------------------------------    -------------------
    SLICE_X1Y38          FDRE (Prop_fdre_C_Q)         0.419     5.575 r  sample_req_sync_u_reg/Q
                         net (fo=5, routed)           0.881     6.456    sample_req_sync_u
    SLICE_X0Y39          LUT3 (Prop_lut3_I1_O)        0.292     6.748 r  tx_word[11]_i_1/O
                         net (fo=13, routed)          0.498     7.246    sample_req_seen_u0
    SLICE_X2Y40          FDRE                                         r  tx_word_reg[11]/CE
  -------------------------------------------------------------------    -------------------

                         (clock sys_clk_pin rise edge)
                                                     10.000    10.000 r  
    W5                                                0.000    10.000 r  clock_in (IN)
                         net (fo=0)                   0.000    10.000    clock_in
    W5                   IBUF (Prop_ibuf_I_O)         1.388    11.388 r  clock_in_IBUF_inst/O
                         net (fo=1, routed)           1.862    13.250    clock_in_IBUF
    BUFGCTRL_X0Y1        BUFG (Prop_bufg_I_O)         0.091    13.341 r  clock_in_IBUF_BUFG_inst/O
                         net (fo=39, routed)          1.517    14.858    clock_in_IBUF_BUFG
    SLICE_X2Y40          FDRE                                         r  tx_word_reg[11]/C
                         clock pessimism              0.274    15.132    
                         clock uncertainty           -0.035    15.097    
    SLICE_X2Y40          FDRE (Setup_fdre_C_CE)      -0.377    14.720    tx_word_reg[11]
  -------------------------------------------------------------------
                         required time                         14.720    
                         arrival time                          -7.246    
  -------------------------------------------------------------------
                         slack                                  7.474    

Slack (MET) :             7.474ns  (required time - arrival time)
  Source:                 sample_req_sync_u_reg/C
                            (rising edge-triggered cell FDRE clocked by sys_clk_pin  {rise@0.000ns fall@5.000ns period=10.000ns})
  Destination:            tx_word_reg[1]/CE
                            (rising edge-triggered cell FDRE clocked by sys_clk_pin  {rise@0.000ns fall@5.000ns period=10.000ns})
  Path Group:             sys_clk_pin
  Path Type:              Setup (Max at Slow Process Corner)
  Requirement:            10.000ns  (sys_clk_pin rise@10.000ns - sys_clk_pin rise@0.000ns)
  Data Path Delay:        2.090ns  (logic 0.711ns (34.021%)  route 1.379ns (65.979%))
  Logic Levels:           1  (LUT3=1)
  Clock Path Skew:        -0.024ns (DCD - SCD + CPR)
    Destination Clock Delay (DCD):    4.858ns = ( 14.858 - 10.000 ) 
    Source Clock Delay      (SCD):    5.156ns
    Clock Pessimism Removal (CPR):    0.274ns
  Clock Uncertainty:      0.035ns  ((TSJ^2 + TIJ^2)^1/2 + DJ) / 2 + PE
    Total System Jitter     (TSJ):    0.071ns
    Total Input Jitter      (TIJ):    0.000ns
    Discrete Jitter          (DJ):    0.000ns
    Phase Error              (PE):    0.000ns

    Location             Delay type                Incr(ns)  Path(ns)    Netlist Resource(s)
  -------------------------------------------------------------------    -------------------
                         (clock sys_clk_pin rise edge)
                                                      0.000     0.000 r  
    W5                                                0.000     0.000 r  clock_in (IN)
                         net (fo=0)                   0.000     0.000    clock_in
    W5                   IBUF (Prop_ibuf_I_O)         1.458     1.458 r  clock_in_IBUF_inst/O
                         net (fo=1, routed)           1.967     3.425    clock_in_IBUF
    BUFGCTRL_X0Y1        BUFG (Prop_bufg_I_O)         0.096     3.521 r  clock_in_IBUF_BUFG_inst/O
                         net (fo=39, routed)          1.635     5.156    clock_in_IBUF_BUFG
    SLICE_X1Y38          FDRE                                         r  sample_req_sync_u_reg/C
  -------------------------------------------------------------------    -------------------
    SLICE_X1Y38          FDRE (Prop_fdre_C_Q)         0.419     5.575 r  sample_req_sync_u_reg/Q
                         net (fo=5, routed)           0.881     6.456    sample_req_sync_u
    SLICE_X0Y39          LUT3 (Prop_lut3_I1_O)        0.292     6.748 r  tx_word[11]_i_1/O
                         net (fo=13, routed)          0.498     7.246    sample_req_seen_u0
    SLICE_X2Y40          FDRE                                         r  tx_word_reg[1]/CE
  -------------------------------------------------------------------    -------------------

                         (clock sys_clk_pin rise edge)
                                                     10.000    10.000 r  
    W5                                                0.000    10.000 r  clock_in (IN)
                         net (fo=0)                   0.000    10.000    clock_in
    W5                   IBUF (Prop_ibuf_I_O)         1.388    11.388 r  clock_in_IBUF_inst/O
                         net (fo=1, routed)           1.862    13.250    clock_in_IBUF
    BUFGCTRL_X0Y1        BUFG (Prop_bufg_I_O)         0.091    13.341 r  clock_in_IBUF_BUFG_inst/O
                         net (fo=39, routed)          1.517    14.858    clock_in_IBUF_BUFG
    SLICE_X2Y40          FDRE                                         r  tx_word_reg[1]/C
                         clock pessimism              0.274    15.132    
                         clock uncertainty           -0.035    15.097    
    SLICE_X2Y40          FDRE (Setup_fdre_C_CE)      -0.377    14.720    tx_word_reg[1]
  -------------------------------------------------------------------
                         required time                         14.720    
                         arrival time                          -7.246    
  -------------------------------------------------------------------
                         slack                                  7.474    

Slack (MET) :             7.474ns  (required time - arrival time)
  Source:                 sample_req_sync_u_reg/C
                            (rising edge-triggered cell FDRE clocked by sys_clk_pin  {rise@0.000ns fall@5.000ns period=10.000ns})
  Destination:            tx_word_reg[2]/CE
                            (rising edge-triggered cell FDRE clocked by sys_clk_pin  {rise@0.000ns fall@5.000ns period=10.000ns})
  Path Group:             sys_clk_pin
  Path Type:              Setup (Max at Slow Process Corner)
  Requirement:            10.000ns  (sys_clk_pin rise@10.000ns - sys_clk_pin rise@0.000ns)
  Data Path Delay:        2.090ns  (logic 0.711ns (34.021%)  route 1.379ns (65.979%))
  Logic Levels:           1  (LUT3=1)
  Clock Path Skew:        -0.024ns (DCD - SCD + CPR)
    Destination Clock Delay (DCD):    4.858ns = ( 14.858 - 10.000 ) 
    Source Clock Delay      (SCD):    5.156ns
    Clock Pessimism Removal (CPR):    0.274ns
  Clock Uncertainty:      0.035ns  ((TSJ^2 + TIJ^2)^1/2 + DJ) / 2 + PE
    Total System Jitter     (TSJ):    0.071ns
    Total Input Jitter      (TIJ):    0.000ns
    Discrete Jitter          (DJ):    0.000ns
    Phase Error              (PE):    0.000ns

    Location             Delay type                Incr(ns)  Path(ns)    Netlist Resource(s)
  -------------------------------------------------------------------    -------------------
                         (clock sys_clk_pin rise edge)
                                                      0.000     0.000 r  
    W5                                                0.000     0.000 r  clock_in (IN)
                         net (fo=0)                   0.000     0.000    clock_in
    W5                   IBUF (Prop_ibuf_I_O)         1.458     1.458 r  clock_in_IBUF_inst/O
                         net (fo=1, routed)           1.967     3.425    clock_in_IBUF
    BUFGCTRL_X0Y1        BUFG (Prop_bufg_I_O)         0.096     3.521 r  clock_in_IBUF_BUFG_inst/O
                         net (fo=39, routed)          1.635     5.156    clock_in_IBUF_BUFG
    SLICE_X1Y38          FDRE                                         r  sample_req_sync_u_reg/C
  -------------------------------------------------------------------    -------------------
    SLICE_X1Y38          FDRE (Prop_fdre_C_Q)         0.419     5.575 r  sample_req_sync_u_reg/Q
                         net (fo=5, routed)           0.881     6.456    sample_req_sync_u
    SLICE_X0Y39          LUT3 (Prop_lut3_I1_O)        0.292     6.748 r  tx_word[11]_i_1/O
                         net (fo=13, routed)          0.498     7.246    sample_req_seen_u0
    SLICE_X2Y40          FDRE                                         r  tx_word_reg[2]/CE
  -------------------------------------------------------------------    -------------------

                         (clock sys_clk_pin rise edge)
                                                     10.000    10.000 r  
    W5                                                0.000    10.000 r  clock_in (IN)
                         net (fo=0)                   0.000    10.000    clock_in
    W5                   IBUF (Prop_ibuf_I_O)         1.388    11.388 r  clock_in_IBUF_inst/O
                         net (fo=1, routed)           1.862    13.250    clock_in_IBUF
    BUFGCTRL_X0Y1        BUFG (Prop_bufg_I_O)         0.091    13.341 r  clock_in_IBUF_BUFG_inst/O
                         net (fo=39, routed)          1.517    14.858    clock_in_IBUF_BUFG
    SLICE_X2Y40          FDRE                                         r  tx_word_reg[2]/C
                         clock pessimism              0.274    15.132    
                         clock uncertainty           -0.035    15.097    
    SLICE_X2Y40          FDRE (Setup_fdre_C_CE)      -0.377    14.720    tx_word_reg[2]
  -------------------------------------------------------------------
                         required time                         14.720    
                         arrival time                          -7.246    
  -------------------------------------------------------------------
                         slack                                  7.474    

Slack (MET) :             7.474ns  (required time - arrival time)
  Source:                 sample_req_sync_u_reg/C
                            (rising edge-triggered cell FDRE clocked by sys_clk_pin  {rise@0.000ns fall@5.000ns period=10.000ns})
  Destination:            tx_word_reg[4]/CE
                            (rising edge-triggered cell FDRE clocked by sys_clk_pin  {rise@0.000ns fall@5.000ns period=10.000ns})
  Path Group:             sys_clk_pin
  Path Type:              Setup (Max at Slow Process Corner)
  Requirement:            10.000ns  (sys_clk_pin rise@10.000ns - sys_clk_pin rise@0.000ns)
  Data Path Delay:        2.090ns  (logic 0.711ns (34.021%)  route 1.379ns (65.979%))
  Logic Levels:           1  (LUT3=1)
  Clock Path Skew:        -0.024ns (DCD - SCD + CPR)
    Destination Clock Delay (DCD):    4.858ns = ( 14.858 - 10.000 ) 
    Source Clock Delay      (SCD):    5.156ns
    Clock Pessimism Removal (CPR):    0.274ns
  Clock Uncertainty:      0.035ns  ((TSJ^2 + TIJ^2)^1/2 + DJ) / 2 + PE
    Total System Jitter     (TSJ):    0.071ns
    Total Input Jitter      (TIJ):    0.000ns
    Discrete Jitter          (DJ):    0.000ns
    Phase Error              (PE):    0.000ns

    Location             Delay type                Incr(ns)  Path(ns)    Netlist Resource(s)
  -------------------------------------------------------------------    -------------------
                         (clock sys_clk_pin rise edge)
                                                      0.000     0.000 r  
    W5                                                0.000     0.000 r  clock_in (IN)
                         net (fo=0)                   0.000     0.000    clock_in
    W5                   IBUF (Prop_ibuf_I_O)         1.458     1.458 r  clock_in_IBUF_inst/O
                         net (fo=1, routed)           1.967     3.425    clock_in_IBUF
    BUFGCTRL_X0Y1        BUFG (Prop_bufg_I_O)         0.096     3.521 r  clock_in_IBUF_BUFG_inst/O
                         net (fo=39, routed)          1.635     5.156    clock_in_IBUF_BUFG
    SLICE_X1Y38          FDRE                                         r  sample_req_sync_u_reg/C
  -------------------------------------------------------------------    -------------------
    SLICE_X1Y38          FDRE (Prop_fdre_C_Q)         0.419     5.575 r  sample_req_sync_u_reg/Q
                         net (fo=5, routed)           0.881     6.456    sample_req_sync_u
    SLICE_X0Y39          LUT3 (Prop_lut3_I1_O)        0.292     6.748 r  tx_word[11]_i_1/O
                         net (fo=13, routed)          0.498     7.246    sample_req_seen_u0
    SLICE_X2Y40          FDRE                                         r  tx_word_reg[4]/CE
  -------------------------------------------------------------------    -------------------

                         (clock sys_clk_pin rise edge)
                                                     10.000    10.000 r  
    W5                                                0.000    10.000 r  clock_in (IN)
                         net (fo=0)                   0.000    10.000    clock_in
    W5                   IBUF (Prop_ibuf_I_O)         1.388    11.388 r  clock_in_IBUF_inst/O
                         net (fo=1, routed)           1.862    13.250    clock_in_IBUF
    BUFGCTRL_X0Y1        BUFG (Prop_bufg_I_O)         0.091    13.341 r  clock_in_IBUF_BUFG_inst/O
                         net (fo=39, routed)          1.517    14.858    clock_in_IBUF_BUFG
    SLICE_X2Y40          FDRE                                         r  tx_word_reg[4]/C
                         clock pessimism              0.274    15.132    
                         clock uncertainty           -0.035    15.097    
    SLICE_X2Y40          FDRE (Setup_fdre_C_CE)      -0.377    14.720    tx_word_reg[4]
  -------------------------------------------------------------------
                         required time                         14.720    
                         arrival time                          -7.246    
  -------------------------------------------------------------------
                         slack                                  7.474    

Slack (MET) :             7.474ns  (required time - arrival time)
  Source:                 sample_req_sync_u_reg/C
                            (rising edge-triggered cell FDRE clocked by sys_clk_pin  {rise@0.000ns fall@5.000ns period=10.000ns})
  Destination:            tx_word_reg[6]/CE
                            (rising edge-triggered cell FDRE clocked by sys_clk_pin  {rise@0.000ns fall@5.000ns period=10.000ns})
  Path Group:             sys_clk_pin
  Path Type:              Setup (Max at Slow Process Corner)
  Requirement:            10.000ns  (sys_clk_pin rise@10.000ns - sys_clk_pin rise@0.000ns)
  Data Path Delay:        2.090ns  (logic 0.711ns (34.021%)  route 1.379ns (65.979%))
  Logic Levels:           1  (LUT3=1)
  Clock Path Skew:        -0.024ns (DCD - SCD + CPR)
    Destination Clock Delay (DCD):    4.858ns = ( 14.858 - 10.000 ) 
    Source Clock Delay      (SCD):    5.156ns
    Clock Pessimism Removal (CPR):    0.274ns
  Clock Uncertainty:      0.035ns  ((TSJ^2 + TIJ^2)^1/2 + DJ) / 2 + PE
    Total System Jitter     (TSJ):    0.071ns
    Total Input Jitter      (TIJ):    0.000ns
    Discrete Jitter          (DJ):    0.000ns
    Phase Error              (PE):    0.000ns

    Location             Delay type                Incr(ns)  Path(ns)    Netlist Resource(s)
  -------------------------------------------------------------------    -------------------
                         (clock sys_clk_pin rise edge)
                                                      0.000     0.000 r  
    W5                                                0.000     0.000 r  clock_in (IN)
                         net (fo=0)                   0.000     0.000    clock_in
    W5                   IBUF (Prop_ibuf_I_O)         1.458     1.458 r  clock_in_IBUF_inst/O
                         net (fo=1, routed)           1.967     3.425    clock_in_IBUF
    BUFGCTRL_X0Y1        BUFG (Prop_bufg_I_O)         0.096     3.521 r  clock_in_IBUF_BUFG_inst/O
                         net (fo=39, routed)          1.635     5.156    clock_in_IBUF_BUFG
    SLICE_X1Y38          FDRE                                         r  sample_req_sync_u_reg/C
  -------------------------------------------------------------------    -------------------
    SLICE_X1Y38          FDRE (Prop_fdre_C_Q)         0.419     5.575 r  sample_req_sync_u_reg/Q
                         net (fo=5, routed)           0.881     6.456    sample_req_sync_u
    SLICE_X0Y39          LUT3 (Prop_lut3_I1_O)        0.292     6.748 r  tx_word[11]_i_1/O
                         net (fo=13, routed)          0.498     7.246    sample_req_seen_u0
    SLICE_X2Y40          FDRE                                         r  tx_word_reg[6]/CE
  -------------------------------------------------------------------    -------------------

                         (clock sys_clk_pin rise edge)
                                                     10.000    10.000 r  
    W5                                                0.000    10.000 r  clock_in (IN)
                         net (fo=0)                   0.000    10.000    clock_in
    W5                   IBUF (Prop_ibuf_I_O)         1.388    11.388 r  clock_in_IBUF_inst/O
                         net (fo=1, routed)           1.862    13.250    clock_in_IBUF
    BUFGCTRL_X0Y1        BUFG (Prop_bufg_I_O)         0.091    13.341 r  clock_in_IBUF_BUFG_inst/O
                         net (fo=39, routed)          1.517    14.858    clock_in_IBUF_BUFG
    SLICE_X2Y40          FDRE                                         r  tx_word_reg[6]/C
                         clock pessimism              0.274    15.132    
                         clock uncertainty           -0.035    15.097    
    SLICE_X2Y40          FDRE (Setup_fdre_C_CE)      -0.377    14.720    tx_word_reg[6]
  -------------------------------------------------------------------
                         required time                         14.720    
                         arrival time                          -7.246    
  -------------------------------------------------------------------
                         slack                                  7.474    

Slack (MET) :             7.474ns  (required time - arrival time)
  Source:                 sample_req_sync_u_reg/C
                            (rising edge-triggered cell FDRE clocked by sys_clk_pin  {rise@0.000ns fall@5.000ns period=10.000ns})
  Destination:            tx_word_reg[7]/CE
                            (rising edge-triggered cell FDRE clocked by sys_clk_pin  {rise@0.000ns fall@5.000ns period=10.000ns})
  Path Group:             sys_clk_pin
  Path Type:              Setup (Max at Slow Process Corner)
  Requirement:            10.000ns  (sys_clk_pin rise@10.000ns - sys_clk_pin rise@0.000ns)
  Data Path Delay:        2.090ns  (logic 0.711ns (34.021%)  route 1.379ns (65.979%))
  Logic Levels:           1  (LUT3=1)
  Clock Path Skew:        -0.024ns (DCD - SCD + CPR)
    Destination Clock Delay (DCD):    4.858ns = ( 14.858 - 10.000 ) 
    Source Clock Delay      (SCD):    5.156ns
    Clock Pessimism Removal (CPR):    0.274ns
  Clock Uncertainty:      0.035ns  ((TSJ^2 + TIJ^2)^1/2 + DJ) / 2 + PE
    Total System Jitter     (TSJ):    0.071ns
    Total Input Jitter      (TIJ):    0.000ns
    Discrete Jitter          (DJ):    0.000ns
    Phase Error              (PE):    0.000ns

    Location             Delay type                Incr(ns)  Path(ns)    Netlist Resource(s)
  -------------------------------------------------------------------    -------------------
                         (clock sys_clk_pin rise edge)
                                                      0.000     0.000 r  
    W5                                                0.000     0.000 r  clock_in (IN)
                         net (fo=0)                   0.000     0.000    clock_in
    W5                   IBUF (Prop_ibuf_I_O)         1.458     1.458 r  clock_in_IBUF_inst/O
                         net (fo=1, routed)           1.967     3.425    clock_in_IBUF
    BUFGCTRL_X0Y1        BUFG (Prop_bufg_I_O)         0.096     3.521 r  clock_in_IBUF_BUFG_inst/O
                         net (fo=39, routed)          1.635     5.156    clock_in_IBUF_BUFG
    SLICE_X1Y38          FDRE                                         r  sample_req_sync_u_reg/C
  -------------------------------------------------------------------    -------------------
    SLICE_X1Y38          FDRE (Prop_fdre_C_Q)         0.419     5.575 r  sample_req_sync_u_reg/Q
                         net (fo=5, routed)           0.881     6.456    sample_req_sync_u
    SLICE_X0Y39          LUT3 (Prop_lut3_I1_O)        0.292     6.748 r  tx_word[11]_i_1/O
                         net (fo=13, routed)          0.498     7.246    sample_req_seen_u0
    SLICE_X2Y40          FDRE                                         r  tx_word_reg[7]/CE
  -------------------------------------------------------------------    -------------------

                         (clock sys_clk_pin rise edge)
                                                     10.000    10.000 r  
    W5                                                0.000    10.000 r  clock_in (IN)
                         net (fo=0)                   0.000    10.000    clock_in
    W5                   IBUF (Prop_ibuf_I_O)         1.388    11.388 r  clock_in_IBUF_inst/O
                         net (fo=1, routed)           1.862    13.250    clock_in_IBUF
    BUFGCTRL_X0Y1        BUFG (Prop_bufg_I_O)         0.091    13.341 r  clock_in_IBUF_BUFG_inst/O
                         net (fo=39, routed)          1.517    14.858    clock_in_IBUF_BUFG
    SLICE_X2Y40          FDRE                                         r  tx_word_reg[7]/C
                         clock pessimism              0.274    15.132    
                         clock uncertainty           -0.035    15.097    
    SLICE_X2Y40          FDRE (Setup_fdre_C_CE)      -0.377    14.720    tx_word_reg[7]
  -------------------------------------------------------------------
                         required time                         14.720    
                         arrival time                          -7.246    
  -------------------------------------------------------------------
                         slack                                  7.474    

Slack (MET) :             7.474ns  (required time - arrival time)
  Source:                 sample_req_sync_u_reg/C
                            (rising edge-triggered cell FDRE clocked by sys_clk_pin  {rise@0.000ns fall@5.000ns period=10.000ns})
  Destination:            tx_word_reg[8]/CE
                            (rising edge-triggered cell FDRE clocked by sys_clk_pin  {rise@0.000ns fall@5.000ns period=10.000ns})
  Path Group:             sys_clk_pin
  Path Type:              Setup (Max at Slow Process Corner)
  Requirement:            10.000ns  (sys_clk_pin rise@10.000ns - sys_clk_pin rise@0.000ns)
  Data Path Delay:        2.090ns  (logic 0.711ns (34.021%)  route 1.379ns (65.979%))
  Logic Levels:           1  (LUT3=1)
  Clock Path Skew:        -0.024ns (DCD - SCD + CPR)
    Destination Clock Delay (DCD):    4.858ns = ( 14.858 - 10.000 ) 
    Source Clock Delay      (SCD):    5.156ns
    Clock Pessimism Removal (CPR):    0.274ns
  Clock Uncertainty:      0.035ns  ((TSJ^2 + TIJ^2)^1/2 + DJ) / 2 + PE
    Total System Jitter     (TSJ):    0.071ns
    Total Input Jitter      (TIJ):    0.000ns
    Discrete Jitter          (DJ):    0.000ns
    Phase Error              (PE):    0.000ns

    Location             Delay type                Incr(ns)  Path(ns)    Netlist Resource(s)
  -------------------------------------------------------------------    -------------------
                         (clock sys_clk_pin rise edge)
                                                      0.000     0.000 r  
    W5                                                0.000     0.000 r  clock_in (IN)
                         net (fo=0)                   0.000     0.000    clock_in
    W5                   IBUF (Prop_ibuf_I_O)         1.458     1.458 r  clock_in_IBUF_inst/O
                         net (fo=1, routed)           1.967     3.425    clock_in_IBUF
    BUFGCTRL_X0Y1        BUFG (Prop_bufg_I_O)         0.096     3.521 r  clock_in_IBUF_BUFG_inst/O
                         net (fo=39, routed)          1.635     5.156    clock_in_IBUF_BUFG
    SLICE_X1Y38          FDRE                                         r  sample_req_sync_u_reg/C
  -------------------------------------------------------------------    -------------------
    SLICE_X1Y38          FDRE (Prop_fdre_C_Q)         0.419     5.575 r  sample_req_sync_u_reg/Q
                         net (fo=5, routed)           0.881     6.456    sample_req_sync_u
    SLICE_X0Y39          LUT3 (Prop_lut3_I1_O)        0.292     6.748 r  tx_word[11]_i_1/O
                         net (fo=13, routed)          0.498     7.246    sample_req_seen_u0
    SLICE_X2Y40          FDRE                                         r  tx_word_reg[8]/CE
  -------------------------------------------------------------------    -------------------

                         (clock sys_clk_pin rise edge)
                                                     10.000    10.000 r  
    W5                                                0.000    10.000 r  clock_in (IN)
                         net (fo=0)                   0.000    10.000    clock_in
    W5                   IBUF (Prop_ibuf_I_O)         1.388    11.388 r  clock_in_IBUF_inst/O
                         net (fo=1, routed)           1.862    13.250    clock_in_IBUF
    BUFGCTRL_X0Y1        BUFG (Prop_bufg_I_O)         0.091    13.341 r  clock_in_IBUF_BUFG_inst/O
                         net (fo=39, routed)          1.517    14.858    clock_in_IBUF_BUFG
    SLICE_X2Y40          FDRE                                         r  tx_word_reg[8]/C
                         clock pessimism              0.274    15.132    
                         clock uncertainty           -0.035    15.097    
    SLICE_X2Y40          FDRE (Setup_fdre_C_CE)      -0.377    14.720    tx_word_reg[8]
  -------------------------------------------------------------------
                         required time                         14.720    
                         arrival time                          -7.246    
  -------------------------------------------------------------------
                         slack                                  7.474    





Min Delay Paths
--------------------------------------------------------------------------------------
Slack (MET) :             0.122ns  (arrival time - required time)
  Source:                 sample_req_meta_u_reg/C
                            (rising edge-triggered cell FDRE clocked by sys_clk_pin  {rise@0.000ns fall@5.000ns period=10.000ns})
  Destination:            sample_req_sync_u_reg/D
                            (rising edge-triggered cell FDRE clocked by sys_clk_pin  {rise@0.000ns fall@5.000ns period=10.000ns})
  Path Group:             sys_clk_pin
  Path Type:              Hold (Min at Fast Process Corner)
  Requirement:            0.000ns  (sys_clk_pin rise@0.000ns - sys_clk_pin rise@0.000ns)
  Data Path Delay:        0.197ns  (logic 0.141ns (71.611%)  route 0.056ns (28.389%))
  Logic Levels:           0  
  Clock Path Skew:        0.000ns (DCD - SCD - CPR)
    Destination Clock Delay (DCD):    1.991ns
    Source Clock Delay      (SCD):    1.476ns
    Clock Pessimism Removal (CPR):    0.515ns

    Location             Delay type                Incr(ns)  Path(ns)    Netlist Resource(s)
  -------------------------------------------------------------------    -------------------
                         (clock sys_clk_pin rise edge)
                                                      0.000     0.000 r  
    W5                                                0.000     0.000 r  clock_in (IN)
                         net (fo=0)                   0.000     0.000    clock_in
    W5                   IBUF (Prop_ibuf_I_O)         0.226     0.226 r  clock_in_IBUF_inst/O
                         net (fo=1, routed)           0.631     0.858    clock_in_IBUF
    BUFGCTRL_X0Y1        BUFG (Prop_bufg_I_O)         0.026     0.884 r  clock_in_IBUF_BUFG_inst/O
                         net (fo=39, routed)          0.593     1.476    clock_in_IBUF_BUFG
    SLICE_X1Y38          FDRE                                         r  sample_req_meta_u_reg/C
  -------------------------------------------------------------------    -------------------
    SLICE_X1Y38          FDRE (Prop_fdre_C_Q)         0.141     1.617 r  sample_req_meta_u_reg/Q
                         net (fo=1, routed)           0.056     1.673    sample_req_meta_u
    SLICE_X1Y38          FDRE                                         r  sample_req_sync_u_reg/D
  -------------------------------------------------------------------    -------------------

                         (clock sys_clk_pin rise edge)
                                                      0.000     0.000 r  
    W5                                                0.000     0.000 r  clock_in (IN)
                         net (fo=0)                   0.000     0.000    clock_in
    W5                   IBUF (Prop_ibuf_I_O)         0.414     0.414 r  clock_in_IBUF_inst/O
                         net (fo=1, routed)           0.685     1.099    clock_in_IBUF
    BUFGCTRL_X0Y1        BUFG (Prop_bufg_I_O)         0.029     1.128 r  clock_in_IBUF_BUFG_inst/O
                         net (fo=39, routed)          0.864     1.991    clock_in_IBUF_BUFG
    SLICE_X1Y38          FDRE                                         r  sample_req_sync_u_reg/C
                         clock pessimism             -0.515     1.476    
    SLICE_X1Y38          FDRE (Hold_fdre_C_D)         0.075     1.551    sample_req_sync_u_reg
  -------------------------------------------------------------------
                         required time                         -1.551    
                         arrival time                           1.673    
  -------------------------------------------------------------------
                         slack                                  0.122    

Slack (MET) :             0.224ns  (arrival time - required time)
  Source:                 uart_div_cnt_reg[2]/C
                            (rising edge-triggered cell FDRE clocked by sys_clk_pin  {rise@0.000ns fall@5.000ns period=10.000ns})
  Destination:            uart_div_cnt_reg[4]/D
                            (rising edge-triggered cell FDRE clocked by sys_clk_pin  {rise@0.000ns fall@5.000ns period=10.000ns})
  Path Group:             sys_clk_pin
  Path Type:              Hold (Min at Fast Process Corner)
  Requirement:            0.000ns  (sys_clk_pin rise@0.000ns - sys_clk_pin rise@0.000ns)
  Data Path Delay:        0.328ns  (logic 0.186ns (56.667%)  route 0.142ns (43.333%))
  Logic Levels:           1  (LUT6=1)
  Clock Path Skew:        0.013ns (DCD - SCD - CPR)
    Destination Clock Delay (DCD):    1.988ns
    Source Clock Delay      (SCD):    1.474ns
    Clock Pessimism Removal (CPR):    0.501ns

    Location             Delay type                Incr(ns)  Path(ns)    Netlist Resource(s)
  -------------------------------------------------------------------    -------------------
                         (clock sys_clk_pin rise edge)
                                                      0.000     0.000 r  
    W5                                                0.000     0.000 r  clock_in (IN)
                         net (fo=0)                   0.000     0.000    clock_in
    W5                   IBUF (Prop_ibuf_I_O)         0.226     0.226 r  clock_in_IBUF_inst/O
                         net (fo=1, routed)           0.631     0.858    clock_in_IBUF
    BUFGCTRL_X0Y1        BUFG (Prop_bufg_I_O)         0.026     0.884 r  clock_in_IBUF_BUFG_inst/O
                         net (fo=39, routed)          0.591     1.474    clock_in_IBUF_BUFG
    SLICE_X0Y36          FDRE                                         r  uart_div_cnt_reg[2]/C
  -------------------------------------------------------------------    -------------------
    SLICE_X0Y36          FDRE (Prop_fdre_C_Q)         0.141     1.615 r  uart_div_cnt_reg[2]/Q
                         net (fo=7, routed)           0.142     1.757    uart_div_cnt__0[2]
    SLICE_X1Y36          LUT6 (Prop_lut6_I1_O)        0.045     1.802 r  uart_div_cnt[4]_i_1/O
                         net (fo=1, routed)           0.000     1.802    uart_div_cnt[4]_i_1_n_0
    SLICE_X1Y36          FDRE                                         r  uart_div_cnt_reg[4]/D
  -------------------------------------------------------------------    -------------------

                         (clock sys_clk_pin rise edge)
                                                      0.000     0.000 r  
    W5                                                0.000     0.000 r  clock_in (IN)
                         net (fo=0)                   0.000     0.000    clock_in
    W5                   IBUF (Prop_ibuf_I_O)         0.414     0.414 r  clock_in_IBUF_inst/O
                         net (fo=1, routed)           0.685     1.099    clock_in_IBUF
    BUFGCTRL_X0Y1        BUFG (Prop_bufg_I_O)         0.029     1.128 r  clock_in_IBUF_BUFG_inst/O
                         net (fo=39, routed)          0.861     1.988    clock_in_IBUF_BUFG
    SLICE_X1Y36          FDRE                                         r  uart_div_cnt_reg[4]/C
                         clock pessimism             -0.501     1.487    
    SLICE_X1Y36          FDRE (Hold_fdre_C_D)         0.091     1.578    uart_div_cnt_reg[4]
  -------------------------------------------------------------------
                         required time                         -1.578    
                         arrival time                           1.802    
  -------------------------------------------------------------------
                         slack                                  0.224    

Slack (MET) :             0.234ns  (arrival time - required time)
  Source:                 sample_req_seen_u_reg/C
                            (rising edge-triggered cell FDRE clocked by sys_clk_pin  {rise@0.000ns fall@5.000ns period=10.000ns})
  Destination:            tx_byte_sel_reg/D
                            (rising edge-triggered cell FDRE clocked by sys_clk_pin  {rise@0.000ns fall@5.000ns period=10.000ns})
  Path Group:             sys_clk_pin
  Path Type:              Hold (Min at Fast Process Corner)
  Requirement:            0.000ns  (sys_clk_pin rise@0.000ns - sys_clk_pin rise@0.000ns)
  Data Path Delay:        0.342ns  (logic 0.186ns (54.392%)  route 0.156ns (45.608%))
  Logic Levels:           1  (LUT6=1)
  Clock Path Skew:        0.016ns (DCD - SCD - CPR)
    Destination Clock Delay (DCD):    1.991ns
    Source Clock Delay      (SCD):    1.476ns
    Clock Pessimism Removal (CPR):    0.499ns

    Location             Delay type                Incr(ns)  Path(ns)    Netlist Resource(s)
  -------------------------------------------------------------------    -------------------
                         (clock sys_clk_pin rise edge)
                                                      0.000     0.000 r  
    W5                                                0.000     0.000 r  clock_in (IN)
                         net (fo=0)                   0.000     0.000    clock_in
    W5                   IBUF (Prop_ibuf_I_O)         0.226     0.226 r  clock_in_IBUF_inst/O
                         net (fo=1, routed)           0.631     0.858    clock_in_IBUF
    BUFGCTRL_X0Y1        BUFG (Prop_bufg_I_O)         0.026     0.884 r  clock_in_IBUF_BUFG_inst/O
                         net (fo=39, routed)          0.593     1.476    clock_in_IBUF_BUFG
    SLICE_X1Y39          FDRE                                         r  sample_req_seen_u_reg/C
  -------------------------------------------------------------------    -------------------
    SLICE_X1Y39          FDRE (Prop_fdre_C_Q)         0.141     1.617 r  sample_req_seen_u_reg/Q
                         net (fo=5, routed)           0.156     1.773    sample_ack_uart
    SLICE_X0Y38          LUT6 (Prop_lut6_I1_O)        0.045     1.818 r  tx_byte_sel_i_1/O
                         net (fo=1, routed)           0.000     1.818    tx_byte_sel_i_1_n_0
    SLICE_X0Y38          FDRE                                         r  tx_byte_sel_reg/D
  -------------------------------------------------------------------    -------------------

                         (clock sys_clk_pin rise edge)
                                                      0.000     0.000 r  
    W5                                                0.000     0.000 r  clock_in (IN)
                         net (fo=0)                   0.000     0.000    clock_in
    W5                   IBUF (Prop_ibuf_I_O)         0.414     0.414 r  clock_in_IBUF_inst/O
                         net (fo=1, routed)           0.685     1.099    clock_in_IBUF
    BUFGCTRL_X0Y1        BUFG (Prop_bufg_I_O)         0.029     1.128 r  clock_in_IBUF_BUFG_inst/O
                         net (fo=39, routed)          0.864     1.991    clock_in_IBUF_BUFG
    SLICE_X0Y38          FDRE                                         r  tx_byte_sel_reg/C
                         clock pessimism             -0.499     1.492    
    SLICE_X0Y38          FDRE (Hold_fdre_C_D)         0.092     1.584    tx_byte_sel_reg
  -------------------------------------------------------------------
                         required time                         -1.584    
                         arrival time                           1.818    
  -------------------------------------------------------------------
                         slack                                  0.234    

Slack (MET) :             0.250ns  (arrival time - required time)
  Source:                 sample_req_sync_u_reg/C
                            (rising edge-triggered cell FDRE clocked by sys_clk_pin  {rise@0.000ns fall@5.000ns period=10.000ns})
  Destination:            sample_req_seen_u_reg/D
                            (rising edge-triggered cell FDRE clocked by sys_clk_pin  {rise@0.000ns fall@5.000ns period=10.000ns})
  Path Group:             sys_clk_pin
  Path Type:              Hold (Min at Fast Process Corner)
  Requirement:            0.000ns  (sys_clk_pin rise@0.000ns - sys_clk_pin rise@0.000ns)
  Data Path Delay:        0.282ns  (logic 0.128ns (45.413%)  route 0.154ns (54.587%))
  Logic Levels:           0  
  Clock Path Skew:        0.016ns (DCD - SCD - CPR)
    Destination Clock Delay (DCD):    1.991ns
    Source Clock Delay      (SCD):    1.476ns
    Clock Pessimism Removal (CPR):    0.499ns

    Location             Delay type                Incr(ns)  Path(ns)    Netlist Resource(s)
  -------------------------------------------------------------------    -------------------
                         (clock sys_clk_pin rise edge)
                                                      0.000     0.000 r  
    W5                                                0.000     0.000 r  clock_in (IN)
                         net (fo=0)                   0.000     0.000    clock_in
    W5                   IBUF (Prop_ibuf_I_O)         0.226     0.226 r  clock_in_IBUF_inst/O
                         net (fo=1, routed)           0.631     0.858    clock_in_IBUF
    BUFGCTRL_X0Y1        BUFG (Prop_bufg_I_O)         0.026     0.884 r  clock_in_IBUF_BUFG_inst/O
                         net (fo=39, routed)          0.593     1.476    clock_in_IBUF_BUFG
    SLICE_X1Y38          FDRE                                         r  sample_req_sync_u_reg/C
  -------------------------------------------------------------------    -------------------
    SLICE_X1Y38          FDRE (Prop_fdre_C_Q)         0.128     1.604 r  sample_req_sync_u_reg/Q
                         net (fo=5, routed)           0.154     1.758    sample_req_sync_u
    SLICE_X1Y39          FDRE                                         r  sample_req_seen_u_reg/D
  -------------------------------------------------------------------    -------------------

                         (clock sys_clk_pin rise edge)
                                                      0.000     0.000 r  
    W5                                                0.000     0.000 r  clock_in (IN)
                         net (fo=0)                   0.000     0.000    clock_in
    W5                   IBUF (Prop_ibuf_I_O)         0.414     0.414 r  clock_in_IBUF_inst/O
                         net (fo=1, routed)           0.685     1.099    clock_in_IBUF
    BUFGCTRL_X0Y1        BUFG (Prop_bufg_I_O)         0.029     1.128 r  clock_in_IBUF_BUFG_inst/O
                         net (fo=39, routed)          0.864     1.991    clock_in_IBUF_BUFG
    SLICE_X1Y39          FDRE                                         r  sample_req_seen_u_reg/C
                         clock pessimism             -0.499     1.492    
    SLICE_X1Y39          FDRE (Hold_fdre_C_D)         0.016     1.508    sample_req_seen_u_reg
  -------------------------------------------------------------------
                         required time                         -1.508    
                         arrival time                           1.758    
  -------------------------------------------------------------------
                         slack                                  0.250    

Slack (MET) :             0.255ns  (arrival time - required time)
  Source:                 uart_div_cnt_reg[0]/C
                            (rising edge-triggered cell FDRE clocked by sys_clk_pin  {rise@0.000ns fall@5.000ns period=10.000ns})
  Destination:            uart_div_cnt_reg[1]/D
                            (rising edge-triggered cell FDRE clocked by sys_clk_pin  {rise@0.000ns fall@5.000ns period=10.000ns})
  Path Group:             sys_clk_pin
  Path Type:              Hold (Min at Fast Process Corner)
  Requirement:            0.000ns  (sys_clk_pin rise@0.000ns - sys_clk_pin rise@0.000ns)
  Data Path Delay:        0.362ns  (logic 0.183ns (50.505%)  route 0.179ns (49.495%))
  Logic Levels:           1  (LUT4=1)
  Clock Path Skew:        0.000ns (DCD - SCD - CPR)
    Destination Clock Delay (DCD):    1.989ns
    Source Clock Delay      (SCD):    1.475ns
    Clock Pessimism Removal (CPR):    0.514ns

    Location             Delay type                Incr(ns)  Path(ns)    Netlist Resource(s)
  -------------------------------------------------------------------    -------------------
                         (clock sys_clk_pin rise edge)
                                                      0.000     0.000 r  
    W5                                                0.000     0.000 r  clock_in (IN)
                         net (fo=0)                   0.000     0.000    clock_in
    W5                   IBUF (Prop_ibuf_I_O)         0.226     0.226 r  clock_in_IBUF_inst/O
                         net (fo=1, routed)           0.631     0.858    clock_in_IBUF
    BUFGCTRL_X0Y1        BUFG (Prop_bufg_I_O)         0.026     0.884 r  clock_in_IBUF_BUFG_inst/O
                         net (fo=39, routed)          0.592     1.475    clock_in_IBUF_BUFG
    SLICE_X1Y37          FDRE                                         r  uart_div_cnt_reg[0]/C
  -------------------------------------------------------------------    -------------------
    SLICE_X1Y37          FDRE (Prop_fdre_C_Q)         0.141     1.616 r  uart_div_cnt_reg[0]/Q
                         net (fo=9, routed)           0.179     1.795    uart_div_cnt__0[0]
    SLICE_X1Y37          LUT4 (Prop_lut4_I1_O)        0.042     1.837 r  uart_div_cnt[1]_i_1/O
                         net (fo=1, routed)           0.000     1.837    uart_div_cnt[1]
    SLICE_X1Y37          FDRE                                         r  uart_div_cnt_reg[1]/D
  -------------------------------------------------------------------    -------------------

                         (clock sys_clk_pin rise edge)
                                                      0.000     0.000 r  
    W5                                                0.000     0.000 r  clock_in (IN)
                         net (fo=0)                   0.000     0.000    clock_in
    W5                   IBUF (Prop_ibuf_I_O)         0.414     0.414 r  clock_in_IBUF_inst/O
                         net (fo=1, routed)           0.685     1.099    clock_in_IBUF
    BUFGCTRL_X0Y1        BUFG (Prop_bufg_I_O)         0.029     1.128 r  clock_in_IBUF_BUFG_inst/O
                         net (fo=39, routed)          0.862     1.989    clock_in_IBUF_BUFG
    SLICE_X1Y37          FDRE                                         r  uart_div_cnt_reg[1]/C
                         clock pessimism             -0.514     1.475    
    SLICE_X1Y37          FDRE (Hold_fdre_C_D)         0.107     1.582    uart_div_cnt_reg[1]
  -------------------------------------------------------------------
                         required time                         -1.582    
                         arrival time                           1.837    
  -------------------------------------------------------------------
                         slack                                  0.255    

Slack (MET) :             0.269ns  (arrival time - required time)
  Source:                 tx_word_reg[8]/C
                            (rising edge-triggered cell FDRE clocked by sys_clk_pin  {rise@0.000ns fall@5.000ns period=10.000ns})
  Destination:            uart_shift_reg[0]/D
                            (rising edge-triggered cell FDRE clocked by sys_clk_pin  {rise@0.000ns fall@5.000ns period=10.000ns})
  Path Group:             sys_clk_pin
  Path Type:              Hold (Min at Fast Process Corner)
  Requirement:            0.000ns  (sys_clk_pin rise@0.000ns - sys_clk_pin rise@0.000ns)
  Data Path Delay:        0.376ns  (logic 0.246ns (65.453%)  route 0.130ns (34.547%))
  Logic Levels:           1  (LUT3=1)
  Clock Path Skew:        0.016ns (DCD - SCD - CPR)
    Destination Clock Delay (DCD):    1.992ns
    Source Clock Delay      (SCD):    1.477ns
    Clock Pessimism Removal (CPR):    0.499ns

    Location             Delay type                Incr(ns)  Path(ns)    Netlist Resource(s)
  -------------------------------------------------------------------    -------------------
                         (clock sys_clk_pin rise edge)
                                                      0.000     0.000 r  
    W5                                                0.000     0.000 r  clock_in (IN)
                         net (fo=0)                   0.000     0.000    clock_in
    W5                   IBUF (Prop_ibuf_I_O)         0.226     0.226 r  clock_in_IBUF_inst/O
                         net (fo=1, routed)           0.631     0.858    clock_in_IBUF
    BUFGCTRL_X0Y1        BUFG (Prop_bufg_I_O)         0.026     0.884 r  clock_in_IBUF_BUFG_inst/O
                         net (fo=39, routed)          0.594     1.477    clock_in_IBUF_BUFG
    SLICE_X2Y40          FDRE                                         r  tx_word_reg[8]/C
  -------------------------------------------------------------------    -------------------
    SLICE_X2Y40          FDRE (Prop_fdre_C_Q)         0.148     1.625 r  tx_word_reg[8]/Q
                         net (fo=1, routed)           0.130     1.755    tx_word[8]
    SLICE_X1Y40          LUT3 (Prop_lut3_I0_O)        0.098     1.853 r  uart_shift[0]_i_1/O
                         net (fo=1, routed)           0.000     1.853    p_0_in[0]
    SLICE_X1Y40          FDRE                                         r  uart_shift_reg[0]/D
  -------------------------------------------------------------------    -------------------

                         (clock sys_clk_pin rise edge)
                                                      0.000     0.000 r  
    W5                                                0.000     0.000 r  clock_in (IN)
                         net (fo=0)                   0.000     0.000    clock_in
    W5                   IBUF (Prop_ibuf_I_O)         0.414     0.414 r  clock_in_IBUF_inst/O
                         net (fo=1, routed)           0.685     1.099    clock_in_IBUF
    BUFGCTRL_X0Y1        BUFG (Prop_bufg_I_O)         0.029     1.128 r  clock_in_IBUF_BUFG_inst/O
                         net (fo=39, routed)          0.865     1.992    clock_in_IBUF_BUFG
    SLICE_X1Y40          FDRE                                         r  uart_shift_reg[0]/C
                         clock pessimism             -0.499     1.493    
    SLICE_X1Y40          FDRE (Hold_fdre_C_D)         0.091     1.584    uart_shift_reg[0]
  -------------------------------------------------------------------
                         required time                         -1.584    
                         arrival time                           1.853    
  -------------------------------------------------------------------
                         slack                                  0.269    

Slack (MET) :             0.274ns  (arrival time - required time)
  Source:                 uart_div_cnt_reg[0]/C
                            (rising edge-triggered cell FDRE clocked by sys_clk_pin  {rise@0.000ns fall@5.000ns period=10.000ns})
  Destination:            uart_div_cnt_reg[0]/D
                            (rising edge-triggered cell FDRE clocked by sys_clk_pin  {rise@0.000ns fall@5.000ns period=10.000ns})
  Path Group:             sys_clk_pin
  Path Type:              Hold (Min at Fast Process Corner)
  Requirement:            0.000ns  (sys_clk_pin rise@0.000ns - sys_clk_pin rise@0.000ns)
  Data Path Delay:        0.365ns  (logic 0.186ns (50.911%)  route 0.179ns (49.089%))
  Logic Levels:           1  (LUT3=1)
  Clock Path Skew:        0.000ns (DCD - SCD - CPR)
    Destination Clock Delay (DCD):    1.989ns
    Source Clock Delay      (SCD):    1.475ns
    Clock Pessimism Removal (CPR):    0.514ns

    Location             Delay type                Incr(ns)  Path(ns)    Netlist Resource(s)
  -------------------------------------------------------------------    -------------------
                         (clock sys_clk_pin rise edge)
                                                      0.000     0.000 r  
    W5                                                0.000     0.000 r  clock_in (IN)
                         net (fo=0)                   0.000     0.000    clock_in
    W5                   IBUF (Prop_ibuf_I_O)         0.226     0.226 r  clock_in_IBUF_inst/O
                         net (fo=1, routed)           0.631     0.858    clock_in_IBUF
    BUFGCTRL_X0Y1        BUFG (Prop_bufg_I_O)         0.026     0.884 r  clock_in_IBUF_BUFG_inst/O
                         net (fo=39, routed)          0.592     1.475    clock_in_IBUF_BUFG
    SLICE_X1Y37          FDRE                                         r  uart_div_cnt_reg[0]/C
  -------------------------------------------------------------------    -------------------
    SLICE_X1Y37          FDRE (Prop_fdre_C_Q)         0.141     1.616 f  uart_div_cnt_reg[0]/Q
                         net (fo=9, routed)           0.179     1.795    uart_div_cnt__0[0]
    SLICE_X1Y37          LUT3 (Prop_lut3_I0_O)        0.045     1.840 r  uart_div_cnt[0]_i_1/O
                         net (fo=1, routed)           0.000     1.840    uart_div_cnt[0]
    SLICE_X1Y37          FDRE                                         r  uart_div_cnt_reg[0]/D
  -------------------------------------------------------------------    -------------------

                         (clock sys_clk_pin rise edge)
                                                      0.000     0.000 r  
    W5                                                0.000     0.000 r  clock_in (IN)
                         net (fo=0)                   0.000     0.000    clock_in
    W5                   IBUF (Prop_ibuf_I_O)         0.414     0.414 r  clock_in_IBUF_inst/O
                         net (fo=1, routed)           0.685     1.099    clock_in_IBUF
    BUFGCTRL_X0Y1        BUFG (Prop_bufg_I_O)         0.029     1.128 r  clock_in_IBUF_BUFG_inst/O
                         net (fo=39, routed)          0.862     1.989    clock_in_IBUF_BUFG
    SLICE_X1Y37          FDRE                                         r  uart_div_cnt_reg[0]/C
                         clock pessimism             -0.514     1.475    
    SLICE_X1Y37          FDRE (Hold_fdre_C_D)         0.091     1.566    uart_div_cnt_reg[0]
  -------------------------------------------------------------------
                         required time                         -1.566    
                         arrival time                           1.840    
  -------------------------------------------------------------------
                         slack                                  0.274    

Slack (MET) :             0.275ns  (arrival time - required time)
  Source:                 FSM_sequential_uart_state_reg[1]/C
                            (rising edge-triggered cell FDRE clocked by sys_clk_pin  {rise@0.000ns fall@5.000ns period=10.000ns})
  Destination:            tx_pending_reg/D
                            (rising edge-triggered cell FDRE clocked by sys_clk_pin  {rise@0.000ns fall@5.000ns period=10.000ns})
  Path Group:             sys_clk_pin
  Path Type:              Hold (Min at Fast Process Corner)
  Requirement:            0.000ns  (sys_clk_pin rise@0.000ns - sys_clk_pin rise@0.000ns)
  Data Path Delay:        0.367ns  (logic 0.186ns (50.748%)  route 0.181ns (49.252%))
  Logic Levels:           1  (LUT6=1)
  Clock Path Skew:        0.000ns (DCD - SCD - CPR)
    Destination Clock Delay (DCD):    1.991ns
    Source Clock Delay      (SCD):    1.476ns
    Clock Pessimism Removal (CPR):    0.515ns

    Location             Delay type                Incr(ns)  Path(ns)    Netlist Resource(s)
  -------------------------------------------------------------------    -------------------
                         (clock sys_clk_pin rise edge)
                                                      0.000     0.000 r  
    W5                                                0.000     0.000 r  clock_in (IN)
                         net (fo=0)                   0.000     0.000    clock_in
    W5                   IBUF (Prop_ibuf_I_O)         0.226     0.226 r  clock_in_IBUF_inst/O
                         net (fo=1, routed)           0.631     0.858    clock_in_IBUF
    BUFGCTRL_X0Y1        BUFG (Prop_bufg_I_O)         0.026     0.884 r  clock_in_IBUF_BUFG_inst/O
                         net (fo=39, routed)          0.593     1.476    clock_in_IBUF_BUFG
    SLICE_X0Y38          FDRE                                         r  FSM_sequential_uart_state_reg[1]/C
  -------------------------------------------------------------------    -------------------
    SLICE_X0Y38          FDRE (Prop_fdre_C_Q)         0.141     1.617 r  FSM_sequential_uart_state_reg[1]/Q
                         net (fo=16, routed)          0.181     1.798    uart_state[1]
    SLICE_X0Y38          LUT6 (Prop_lut6_I3_O)        0.045     1.843 r  tx_pending_i_1/O
                         net (fo=1, routed)           0.000     1.843    tx_pending_i_1_n_0
    SLICE_X0Y38          FDRE                                         r  tx_pending_reg/D
  -------------------------------------------------------------------    -------------------

                         (clock sys_clk_pin rise edge)
                                                      0.000     0.000 r  
    W5                                                0.000     0.000 r  clock_in (IN)
                         net (fo=0)                   0.000     0.000    clock_in
    W5                   IBUF (Prop_ibuf_I_O)         0.414     0.414 r  clock_in_IBUF_inst/O
                         net (fo=1, routed)           0.685     1.099    clock_in_IBUF
    BUFGCTRL_X0Y1        BUFG (Prop_bufg_I_O)         0.029     1.128 r  clock_in_IBUF_BUFG_inst/O
                         net (fo=39, routed)          0.864     1.991    clock_in_IBUF_BUFG
    SLICE_X0Y38          FDRE                                         r  tx_pending_reg/C
                         clock pessimism             -0.515     1.476    
    SLICE_X0Y38          FDRE (Hold_fdre_C_D)         0.092     1.568    tx_pending_reg
  -------------------------------------------------------------------
                         required time                         -1.568    
                         arrival time                           1.843    
  -------------------------------------------------------------------
                         slack                                  0.275    

Slack (MET) :             0.277ns  (arrival time - required time)
  Source:                 tx_word_reg[11]/C
                            (rising edge-triggered cell FDRE clocked by sys_clk_pin  {rise@0.000ns fall@5.000ns period=10.000ns})
  Destination:            uart_shift_reg[7]/D
                            (rising edge-triggered cell FDRE clocked by sys_clk_pin  {rise@0.000ns fall@5.000ns period=10.000ns})
  Path Group:             sys_clk_pin
  Path Type:              Hold (Min at Fast Process Corner)
  Requirement:            0.000ns  (sys_clk_pin rise@0.000ns - sys_clk_pin rise@0.000ns)
  Data Path Delay:        0.400ns  (logic 0.209ns (52.265%)  route 0.191ns (47.735%))
  Logic Levels:           1  (LUT3=1)
  Clock Path Skew:        0.016ns (DCD - SCD - CPR)
    Destination Clock Delay (DCD):    1.992ns
    Source Clock Delay      (SCD):    1.477ns
    Clock Pessimism Removal (CPR):    0.499ns

    Location             Delay type                Incr(ns)  Path(ns)    Netlist Resource(s)
  -------------------------------------------------------------------    -------------------
                         (clock sys_clk_pin rise edge)
                                                      0.000     0.000 r  
    W5                                                0.000     0.000 r  clock_in (IN)
                         net (fo=0)                   0.000     0.000    clock_in
    W5                   IBUF (Prop_ibuf_I_O)         0.226     0.226 r  clock_in_IBUF_inst/O
                         net (fo=1, routed)           0.631     0.858    clock_in_IBUF
    BUFGCTRL_X0Y1        BUFG (Prop_bufg_I_O)         0.026     0.884 r  clock_in_IBUF_BUFG_inst/O
                         net (fo=39, routed)          0.594     1.477    clock_in_IBUF_BUFG
    SLICE_X2Y40          FDRE                                         r  tx_word_reg[11]/C
  -------------------------------------------------------------------    -------------------
    SLICE_X2Y40          FDRE (Prop_fdre_C_Q)         0.164     1.641 r  tx_word_reg[11]/Q
                         net (fo=5, routed)           0.191     1.832    tx_word[11]
    SLICE_X0Y40          LUT3 (Prop_lut3_I0_O)        0.045     1.877 r  uart_shift[7]_i_2/O
                         net (fo=1, routed)           0.000     1.877    p_0_in[7]
    SLICE_X0Y40          FDRE                                         r  uart_shift_reg[7]/D
  -------------------------------------------------------------------    -------------------

                         (clock sys_clk_pin rise edge)
                                                      0.000     0.000 r  
    W5                                                0.000     0.000 r  clock_in (IN)
                         net (fo=0)                   0.000     0.000    clock_in
    W5                   IBUF (Prop_ibuf_I_O)         0.414     0.414 r  clock_in_IBUF_inst/O
                         net (fo=1, routed)           0.685     1.099    clock_in_IBUF
    BUFGCTRL_X0Y1        BUFG (Prop_bufg_I_O)         0.029     1.128 r  clock_in_IBUF_BUFG_inst/O
                         net (fo=39, routed)          0.865     1.992    clock_in_IBUF_BUFG
    SLICE_X0Y40          FDRE                                         r  uart_shift_reg[7]/C
                         clock pessimism             -0.499     1.493    
    SLICE_X0Y40          FDRE (Hold_fdre_C_D)         0.107     1.600    uart_shift_reg[7]
  -------------------------------------------------------------------
                         required time                         -1.600    
                         arrival time                           1.877    
  -------------------------------------------------------------------
                         slack                                  0.277    

Slack (MET) :             0.277ns  (arrival time - required time)
  Source:                 uart_div_cnt_reg[1]/C
                            (rising edge-triggered cell FDRE clocked by sys_clk_pin  {rise@0.000ns fall@5.000ns period=10.000ns})
  Destination:            uart_div_cnt_reg[2]/D
                            (rising edge-triggered cell FDRE clocked by sys_clk_pin  {rise@0.000ns fall@5.000ns period=10.000ns})
  Path Group:             sys_clk_pin
  Path Type:              Hold (Min at Fast Process Corner)
  Requirement:            0.000ns  (sys_clk_pin rise@0.000ns - sys_clk_pin rise@0.000ns)
  Data Path Delay:        0.382ns  (logic 0.227ns (59.436%)  route 0.155ns (40.564%))
  Logic Levels:           1  (LUT6=1)
  Clock Path Skew:        0.014ns (DCD - SCD - CPR)
    Destination Clock Delay (DCD):    1.988ns
    Source Clock Delay      (SCD):    1.475ns
    Clock Pessimism Removal (CPR):    0.499ns

    Location             Delay type                Incr(ns)  Path(ns)    Netlist Resource(s)
  -------------------------------------------------------------------    -------------------
                         (clock sys_clk_pin rise edge)
                                                      0.000     0.000 r  
    W5                                                0.000     0.000 r  clock_in (IN)
                         net (fo=0)                   0.000     0.000    clock_in
    W5                   IBUF (Prop_ibuf_I_O)         0.226     0.226 r  clock_in_IBUF_inst/O
                         net (fo=1, routed)           0.631     0.858    clock_in_IBUF
    BUFGCTRL_X0Y1        BUFG (Prop_bufg_I_O)         0.026     0.884 r  clock_in_IBUF_BUFG_inst/O
                         net (fo=39, routed)          0.592     1.475    clock_in_IBUF_BUFG
    SLICE_X1Y37          FDRE                                         r  uart_div_cnt_reg[1]/C
  -------------------------------------------------------------------    -------------------
    SLICE_X1Y37          FDRE (Prop_fdre_C_Q)         0.128     1.603 r  uart_div_cnt_reg[1]/Q
                         net (fo=8, routed)           0.155     1.758    uart_div_cnt__0[1]
    SLICE_X0Y36          LUT6 (Prop_lut6_I1_O)        0.099     1.857 r  uart_div_cnt[2]_i_1/O
                         net (fo=1, routed)           0.000     1.857    uart_div_cnt[2]
    SLICE_X0Y36          FDRE                                         r  uart_div_cnt_reg[2]/D
  -------------------------------------------------------------------    -------------------

                         (clock sys_clk_pin rise edge)
                                                      0.000     0.000 r  
    W5                                                0.000     0.000 r  clock_in (IN)
                         net (fo=0)                   0.000     0.000    clock_in
    W5                   IBUF (Prop_ibuf_I_O)         0.414     0.414 r  clock_in_IBUF_inst/O
                         net (fo=1, routed)           0.685     1.099    clock_in_IBUF
    BUFGCTRL_X0Y1        BUFG (Prop_bufg_I_O)         0.029     1.128 r  clock_in_IBUF_BUFG_inst/O
                         net (fo=39, routed)          0.861     1.988    clock_in_IBUF_BUFG
    SLICE_X0Y36          FDRE                                         r  uart_div_cnt_reg[2]/C
                         clock pessimism             -0.499     1.489    
    SLICE_X0Y36          FDRE (Hold_fdre_C_D)         0.091     1.580    uart_div_cnt_reg[2]
  -------------------------------------------------------------------
                         required time                         -1.580    
                         arrival time                           1.857    
  -------------------------------------------------------------------
                         slack                                  0.277    





Pulse Width Checks
--------------------------------------------------------------------------------------
Clock Name:         sys_clk_pin
Waveform(ns):       { 0.000 5.000 }
Period(ns):         10.000
Sources:            { clock_in }

Check Type        Corner  Lib Pin            Reference Pin  Required(ns)  Actual(ns)  Slack(ns)  Location         Pin
Min Period        n/a     BUFG/I             n/a            2.155         10.000      7.845      BUFGCTRL_X0Y1    clock_in_IBUF_BUFG_inst/I
Min Period        n/a     MMCME2_ADV/CLKIN1  n/a            1.249         10.000      8.751      MMCME2_ADV_X1Y0  clkwiz/inst/mmcm_adv_inst/CLKIN1
Min Period        n/a     FDRE/C             n/a            1.000         10.000      9.000      SLICE_X0Y39      FSM_sequential_uart_state_reg[0]/C
Min Period        n/a     FDRE/C             n/a            1.000         10.000      9.000      SLICE_X0Y38      FSM_sequential_uart_state_reg[1]/C
Min Period        n/a     FDRE/C             n/a            1.000         10.000      9.000      SLICE_X1Y38      sample_req_meta_u_reg/C
Min Period        n/a     FDRE/C             n/a            1.000         10.000      9.000      SLICE_X1Y39      sample_req_seen_u_reg/C
Min Period        n/a     FDRE/C             n/a            1.000         10.000      9.000      SLICE_X1Y38      sample_req_sync_u_reg/C
Min Period        n/a     FDRE/C             n/a            1.000         10.000      9.000      SLICE_X0Y38      tx_byte_sel_reg/C
Min Period        n/a     FDRE/C             n/a            1.000         10.000      9.000      SLICE_X0Y38      tx_pending_reg/C
Min Period        n/a     FDRE/C             n/a            1.000         10.000      9.000      SLICE_X2Y40      tx_word_reg[0]/C
Max Period        n/a     MMCME2_ADV/CLKIN1  n/a            100.000       10.000      90.000     MMCME2_ADV_X1Y0  clkwiz/inst/mmcm_adv_inst/CLKIN1
Low Pulse Width   Slow    MMCME2_ADV/CLKIN1  n/a            2.000         5.000       3.000      MMCME2_ADV_X1Y0  clkwiz/inst/mmcm_adv_inst/CLKIN1
Low Pulse Width   Fast    MMCME2_ADV/CLKIN1  n/a            2.000         5.000       3.000      MMCME2_ADV_X1Y0  clkwiz/inst/mmcm_adv_inst/CLKIN1
Low Pulse Width   Slow    FDRE/C             n/a            0.500         5.000       4.500      SLICE_X0Y39      FSM_sequential_uart_state_reg[0]/C
Low Pulse Width   Fast    FDRE/C             n/a            0.500         5.000       4.500      SLICE_X0Y39      FSM_sequential_uart_state_reg[0]/C
Low Pulse Width   Slow    FDRE/C             n/a            0.500         5.000       4.500      SLICE_X0Y38      FSM_sequential_uart_state_reg[1]/C
Low Pulse Width   Fast    FDRE/C             n/a            0.500         5.000       4.500      SLICE_X0Y38      FSM_sequential_uart_state_reg[1]/C
Low Pulse Width   Slow    FDRE/C             n/a            0.500         5.000       4.500      SLICE_X1Y38      sample_req_meta_u_reg/C
Low Pulse Width   Fast    FDRE/C             n/a            0.500         5.000       4.500      SLICE_X1Y38      sample_req_meta_u_reg/C
Low Pulse Width   Slow    FDRE/C             n/a            0.500         5.000       4.500      SLICE_X1Y39      sample_req_seen_u_reg/C
Low Pulse Width   Fast    FDRE/C             n/a            0.500         5.000       4.500      SLICE_X1Y39      sample_req_seen_u_reg/C
High Pulse Width  Slow    MMCME2_ADV/CLKIN1  n/a            2.000         5.000       3.000      MMCME2_ADV_X1Y0  clkwiz/inst/mmcm_adv_inst/CLKIN1
High Pulse Width  Fast    MMCME2_ADV/CLKIN1  n/a            2.000         5.000       3.000      MMCME2_ADV_X1Y0  clkwiz/inst/mmcm_adv_inst/CLKIN1
High Pulse Width  Slow    FDRE/C             n/a            0.500         5.000       4.500      SLICE_X0Y39      FSM_sequential_uart_state_reg[0]/C
High Pulse Width  Fast    FDRE/C             n/a            0.500         5.000       4.500      SLICE_X0Y39      FSM_sequential_uart_state_reg[0]/C
High Pulse Width  Slow    FDRE/C             n/a            0.500         5.000       4.500      SLICE_X0Y38      FSM_sequential_uart_state_reg[1]/C
High Pulse Width  Fast    FDRE/C             n/a            0.500         5.000       4.500      SLICE_X0Y38      FSM_sequential_uart_state_reg[1]/C
High Pulse Width  Slow    FDRE/C             n/a            0.500         5.000       4.500      SLICE_X1Y38      sample_req_meta_u_reg/C
High Pulse Width  Fast    FDRE/C             n/a            0.500         5.000       4.500      SLICE_X1Y38      sample_req_meta_u_reg/C
High Pulse Width  Slow    FDRE/C             n/a            0.500         5.000       4.500      SLICE_X1Y39      sample_req_seen_u_reg/C
High Pulse Width  Fast    FDRE/C             n/a            0.500         5.000       4.500      SLICE_X1Y39      sample_req_seen_u_reg/C



---------------------------------------------------------------------------------------------------
From Clock:  clk_out1_clk_wiz_0
  To Clock:  clk_out1_clk_wiz_0

Setup :            0  Failing Endpoints,  Worst Slack       23.978ns,  Total Violation        0.000ns
Hold  :            0  Failing Endpoints,  Worst Slack        0.106ns,  Total Violation        0.000ns
PW    :            0  Failing Endpoints,  Worst Slack       13.389ns,  Total Violation        0.000ns
---------------------------------------------------------------------------------------------------


Max Delay Paths
--------------------------------------------------------------------------------------
Slack (MET) :             23.978ns  (required time - arrival time)
  Source:                 accum_sum_reg[4]/C
                            (rising edge-triggered cell FDRE clocked by clk_out1_clk_wiz_0  {rise@0.000ns fall@13.889ns period=27.778ns})
  Destination:            accum_sum_reg[13]/D
                            (rising edge-triggered cell FDRE clocked by clk_out1_clk_wiz_0  {rise@0.000ns fall@13.889ns period=27.778ns})
  Path Group:             clk_out1_clk_wiz_0
  Path Type:              Setup (Max at Slow Process Corner)
  Requirement:            27.778ns  (clk_out1_clk_wiz_0 rise@27.778ns - clk_out1_clk_wiz_0 rise@0.000ns)
  Data Path Delay:        3.662ns  (logic 1.998ns (54.559%)  route 1.664ns (45.441%))
  Logic Levels:           5  (CARRY4=3 LUT2=1 LUT3=1)
  Clock Path Skew:        -0.023ns (DCD - SCD + CPR)
    Destination Clock Delay (DCD):    4.857ns = ( 32.635 - 27.778 ) 
    Source Clock Delay      (SCD):    5.153ns
    Clock Pessimism Removal (CPR):    0.273ns
  Clock Uncertainty:      0.144ns  ((TSJ^2 + DJ^2)^1/2) / 2 + PE
    Total System Jitter     (TSJ):    0.071ns
    Discrete Jitter          (DJ):    0.278ns
    Phase Error              (PE):    0.000ns

    Location             Delay type                Incr(ns)  Path(ns)    Netlist Resource(s)
  -------------------------------------------------------------------    -------------------
                         (clock clk_out1_clk_wiz_0 rise edge)
                                                      0.000     0.000 r  
    W5                                                0.000     0.000 r  clock_in (IN)
                         net (fo=0)                   0.000     0.000    clock_in
    W5                   IBUF (Prop_ibuf_I_O)         1.458     1.458 r  clock_in_IBUF_inst/O
                         net (fo=1, routed)           1.967     3.425    clock_in_IBUF
    BUFGCTRL_X0Y1        BUFG (Prop_bufg_I_O)         0.096     3.521 r  clock_in_IBUF_BUFG_inst/O
                         net (fo=39, routed)          1.575     5.096    clkwiz/inst/clk_in1
    MMCME2_ADV_X1Y0      MMCME2_ADV (Prop_mmcme2_adv_CLKIN1_CLKOUT0)
                                                     -3.333     1.763 r  clkwiz/inst/mmcm_adv_inst/CLKOUT0
                         net (fo=1, routed)           1.661     3.425    clkwiz/inst/clk_out1_clk_wiz_0
    BUFGCTRL_X0Y0        BUFG (Prop_bufg_I_O)         0.096     3.521 r  clkwiz/inst/clkout1_buf/O
                         net (fo=89, routed)          1.632     5.153    clk_out1
    SLICE_X4Y38          FDRE                                         r  accum_sum_reg[4]/C
  -------------------------------------------------------------------    -------------------
    SLICE_X4Y38          FDRE (Prop_fdre_C_Q)         0.419     5.572 r  accum_sum_reg[4]/Q
                         net (fo=2, routed)           0.815     6.388    accum_sum_reg_n_0_[4]
    SLICE_X5Y39          LUT2 (Prop_lut2_I0_O)        0.296     6.684 r  accum_sum[7]_i_6/O
                         net (fo=1, routed)           0.000     6.684    accum_sum[7]_i_6_n_0
    SLICE_X5Y39          CARRY4 (Prop_carry4_S[0]_CO[3])
                                                      0.532     7.216 r  accum_sum_reg[7]_i_2/CO[3]
                         net (fo=1, routed)           0.000     7.216    accum_sum_reg[7]_i_2_n_0
    SLICE_X5Y40          CARRY4 (Prop_carry4_CI_CO[3])
                                                      0.114     7.330 r  accum_sum_reg[11]_i_2/CO[3]
                         net (fo=1, routed)           0.000     7.330    accum_sum_reg[11]_i_2_n_0
    SLICE_X5Y41          CARRY4 (Prop_carry4_CI_O[1])
                                                      0.334     7.664 r  accum_sum_reg[15]_i_2/O[1]
                         net (fo=1, routed)           0.849     8.512    in11[13]
    SLICE_X4Y41          LUT3 (Prop_lut3_I0_O)        0.303     8.815 r  accum_sum[13]_i_1/O
                         net (fo=1, routed)           0.000     8.815    accum_sum[13]
    SLICE_X4Y41          FDRE                                         r  accum_sum_reg[13]/D
  -------------------------------------------------------------------    -------------------

                         (clock clk_out1_clk_wiz_0 rise edge)
                                                     27.778    27.778 r  
    W5                                                0.000    27.778 r  clock_in (IN)
                         net (fo=0)                   0.000    27.778    clock_in
    W5                   IBUF (Prop_ibuf_I_O)         1.388    29.166 r  clock_in_IBUF_inst/O
                         net (fo=1, routed)           1.862    31.028    clock_in_IBUF
    BUFGCTRL_X0Y1        BUFG (Prop_bufg_I_O)         0.091    31.119 r  clock_in_IBUF_BUFG_inst/O
                         net (fo=39, routed)          1.457    32.576    clkwiz/inst/clk_in1
    MMCME2_ADV_X1Y0      MMCME2_ADV (Prop_mmcme2_adv_CLKIN1_CLKOUT0)
                                                     -3.129    29.447 r  clkwiz/inst/mmcm_adv_inst/CLKOUT0
                         net (fo=1, routed)           1.581    31.028    clkwiz/inst/clk_out1_clk_wiz_0
    BUFGCTRL_X0Y0        BUFG (Prop_bufg_I_O)         0.091    31.119 r  clkwiz/inst/clkout1_buf/O
                         net (fo=89, routed)          1.516    32.635    clk_out1
    SLICE_X4Y41          FDRE                                         r  accum_sum_reg[13]/C
                         clock pessimism              0.273    32.908    
                         clock uncertainty           -0.144    32.764    
    SLICE_X4Y41          FDRE (Setup_fdre_C_D)        0.029    32.793    accum_sum_reg[13]
  -------------------------------------------------------------------
                         required time                         32.793    
                         arrival time                          -8.815    
  -------------------------------------------------------------------
                         slack                                 23.978    

Slack (MET) :             24.019ns  (required time - arrival time)
  Source:                 accum_sum_reg[4]/C
                            (rising edge-triggered cell FDRE clocked by clk_out1_clk_wiz_0  {rise@0.000ns fall@13.889ns period=27.778ns})
  Destination:            accum_sum_reg[16]/D
                            (rising edge-triggered cell FDRE clocked by clk_out1_clk_wiz_0  {rise@0.000ns fall@13.889ns period=27.778ns})
  Path Group:             clk_out1_clk_wiz_0
  Path Type:              Setup (Max at Slow Process Corner)
  Requirement:            27.778ns  (clk_out1_clk_wiz_0 rise@27.778ns - clk_out1_clk_wiz_0 rise@0.000ns)
  Data Path Delay:        3.667ns  (logic 2.024ns (55.189%)  route 1.643ns (44.811%))
  Logic Levels:           6  (CARRY4=4 LUT2=1 LUT3=1)
  Clock Path Skew:        -0.023ns (DCD - SCD + CPR)
    Destination Clock Delay (DCD):    4.857ns = ( 32.635 - 27.778 ) 
    Source Clock Delay      (SCD):    5.153ns
    Clock Pessimism Removal (CPR):    0.273ns
  Clock Uncertainty:      0.144ns  ((TSJ^2 + DJ^2)^1/2) / 2 + PE
    Total System Jitter     (TSJ):    0.071ns
    Discrete Jitter          (DJ):    0.278ns
    Phase Error              (PE):    0.000ns

    Location             Delay type                Incr(ns)  Path(ns)    Netlist Resource(s)
  -------------------------------------------------------------------    -------------------
                         (clock clk_out1_clk_wiz_0 rise edge)
                                                      0.000     0.000 r  
    W5                                                0.000     0.000 r  clock_in (IN)
                         net (fo=0)                   0.000     0.000    clock_in
    W5                   IBUF (Prop_ibuf_I_O)         1.458     1.458 r  clock_in_IBUF_inst/O
                         net (fo=1, routed)           1.967     3.425    clock_in_IBUF
    BUFGCTRL_X0Y1        BUFG (Prop_bufg_I_O)         0.096     3.521 r  clock_in_IBUF_BUFG_inst/O
                         net (fo=39, routed)          1.575     5.096    clkwiz/inst/clk_in1
    MMCME2_ADV_X1Y0      MMCME2_ADV (Prop_mmcme2_adv_CLKIN1_CLKOUT0)
                                                     -3.333     1.763 r  clkwiz/inst/mmcm_adv_inst/CLKOUT0
                         net (fo=1, routed)           1.661     3.425    clkwiz/inst/clk_out1_clk_wiz_0
    BUFGCTRL_X0Y0        BUFG (Prop_bufg_I_O)         0.096     3.521 r  clkwiz/inst/clkout1_buf/O
                         net (fo=89, routed)          1.632     5.153    clk_out1
    SLICE_X4Y38          FDRE                                         r  accum_sum_reg[4]/C
  -------------------------------------------------------------------    -------------------
    SLICE_X4Y38          FDRE (Prop_fdre_C_Q)         0.419     5.572 r  accum_sum_reg[4]/Q
                         net (fo=2, routed)           0.815     6.388    accum_sum_reg_n_0_[4]
    SLICE_X5Y39          LUT2 (Prop_lut2_I0_O)        0.296     6.684 r  accum_sum[7]_i_6/O
                         net (fo=1, routed)           0.000     6.684    accum_sum[7]_i_6_n_0
    SLICE_X5Y39          CARRY4 (Prop_carry4_S[0]_CO[3])
                                                      0.532     7.216 r  accum_sum_reg[7]_i_2/CO[3]
                         net (fo=1, routed)           0.000     7.216    accum_sum_reg[7]_i_2_n_0
    SLICE_X5Y40          CARRY4 (Prop_carry4_CI_CO[3])
                                                      0.114     7.330 r  accum_sum_reg[11]_i_2/CO[3]
                         net (fo=1, routed)           0.000     7.330    accum_sum_reg[11]_i_2_n_0
    SLICE_X5Y41          CARRY4 (Prop_carry4_CI_CO[3])
                                                      0.114     7.444 r  accum_sum_reg[15]_i_2/CO[3]
                         net (fo=1, routed)           0.000     7.444    accum_sum_reg[15]_i_2_n_0
    SLICE_X5Y42          CARRY4 (Prop_carry4_CI_O[0])
                                                      0.222     7.666 r  accum_sum_reg[16]_i_3/O[0]
                         net (fo=1, routed)           0.828     8.494    in11[16]
    SLICE_X4Y41          LUT3 (Prop_lut3_I0_O)        0.327     8.821 r  accum_sum[16]_i_2/O
                         net (fo=1, routed)           0.000     8.821    accum_sum[16]
    SLICE_X4Y41          FDRE                                         r  accum_sum_reg[16]/D
  -------------------------------------------------------------------    -------------------

                         (clock clk_out1_clk_wiz_0 rise edge)
                                                     27.778    27.778 r  
    W5                                                0.000    27.778 r  clock_in (IN)
                         net (fo=0)                   0.000    27.778    clock_in
    W5                   IBUF (Prop_ibuf_I_O)         1.388    29.166 r  clock_in_IBUF_inst/O
                         net (fo=1, routed)           1.862    31.028    clock_in_IBUF
    BUFGCTRL_X0Y1        BUFG (Prop_bufg_I_O)         0.091    31.119 r  clock_in_IBUF_BUFG_inst/O
                         net (fo=39, routed)          1.457    32.576    clkwiz/inst/clk_in1
    MMCME2_ADV_X1Y0      MMCME2_ADV (Prop_mmcme2_adv_CLKIN1_CLKOUT0)
                                                     -3.129    29.447 r  clkwiz/inst/mmcm_adv_inst/CLKOUT0
                         net (fo=1, routed)           1.581    31.028    clkwiz/inst/clk_out1_clk_wiz_0
    BUFGCTRL_X0Y0        BUFG (Prop_bufg_I_O)         0.091    31.119 r  clkwiz/inst/clkout1_buf/O
                         net (fo=89, routed)          1.516    32.635    clk_out1
    SLICE_X4Y41          FDRE                                         r  accum_sum_reg[16]/C
                         clock pessimism              0.273    32.908    
                         clock uncertainty           -0.144    32.764    
    SLICE_X4Y41          FDRE (Setup_fdre_C_D)        0.075    32.839    accum_sum_reg[16]
  -------------------------------------------------------------------
                         required time                         32.839    
                         arrival time                          -8.821    
  -------------------------------------------------------------------
                         slack                                 24.019    

Slack (MET) :             24.123ns  (required time - arrival time)
  Source:                 accum_sum_reg[4]/C
                            (rising edge-triggered cell FDRE clocked by clk_out1_clk_wiz_0  {rise@0.000ns fall@13.889ns period=27.778ns})
  Destination:            accum_sum_reg[12]/D
                            (rising edge-triggered cell FDRE clocked by clk_out1_clk_wiz_0  {rise@0.000ns fall@13.889ns period=27.778ns})
  Path Group:             clk_out1_clk_wiz_0
  Path Type:              Setup (Max at Slow Process Corner)
  Requirement:            27.778ns  (clk_out1_clk_wiz_0 rise@27.778ns - clk_out1_clk_wiz_0 rise@0.000ns)
  Data Path Delay:        3.518ns  (logic 1.882ns (53.494%)  route 1.636ns (46.506%))
  Logic Levels:           5  (CARRY4=3 LUT2=1 LUT3=1)
  Clock Path Skew:        -0.024ns (DCD - SCD + CPR)
    Destination Clock Delay (DCD):    4.856ns = ( 32.634 - 27.778 ) 
    Source Clock Delay      (SCD):    5.153ns
    Clock Pessimism Removal (CPR):    0.273ns
  Clock Uncertainty:      0.144ns  ((TSJ^2 + DJ^2)^1/2) / 2 + PE
    Total System Jitter     (TSJ):    0.071ns
    Discrete Jitter          (DJ):    0.278ns
    Phase Error              (PE):    0.000ns

    Location             Delay type                Incr(ns)  Path(ns)    Netlist Resource(s)
  -------------------------------------------------------------------    -------------------
                         (clock clk_out1_clk_wiz_0 rise edge)
                                                      0.000     0.000 r  
    W5                                                0.000     0.000 r  clock_in (IN)
                         net (fo=0)                   0.000     0.000    clock_in
    W5                   IBUF (Prop_ibuf_I_O)         1.458     1.458 r  clock_in_IBUF_inst/O
                         net (fo=1, routed)           1.967     3.425    clock_in_IBUF
    BUFGCTRL_X0Y1        BUFG (Prop_bufg_I_O)         0.096     3.521 r  clock_in_IBUF_BUFG_inst/O
                         net (fo=39, routed)          1.575     5.096    clkwiz/inst/clk_in1
    MMCME2_ADV_X1Y0      MMCME2_ADV (Prop_mmcme2_adv_CLKIN1_CLKOUT0)
                                                     -3.333     1.763 r  clkwiz/inst/mmcm_adv_inst/CLKOUT0
                         net (fo=1, routed)           1.661     3.425    clkwiz/inst/clk_out1_clk_wiz_0
    BUFGCTRL_X0Y0        BUFG (Prop_bufg_I_O)         0.096     3.521 r  clkwiz/inst/clkout1_buf/O
                         net (fo=89, routed)          1.632     5.153    clk_out1
    SLICE_X4Y38          FDRE                                         r  accum_sum_reg[4]/C
  -------------------------------------------------------------------    -------------------
    SLICE_X4Y38          FDRE (Prop_fdre_C_Q)         0.419     5.572 r  accum_sum_reg[4]/Q
                         net (fo=2, routed)           0.815     6.388    accum_sum_reg_n_0_[4]
    SLICE_X5Y39          LUT2 (Prop_lut2_I0_O)        0.296     6.684 r  accum_sum[7]_i_6/O
                         net (fo=1, routed)           0.000     6.684    accum_sum[7]_i_6_n_0
    SLICE_X5Y39          CARRY4 (Prop_carry4_S[0]_CO[3])
                                                      0.532     7.216 r  accum_sum_reg[7]_i_2/CO[3]
                         net (fo=1, routed)           0.000     7.216    accum_sum_reg[7]_i_2_n_0
    SLICE_X5Y40          CARRY4 (Prop_carry4_CI_CO[3])
                                                      0.114     7.330 r  accum_sum_reg[11]_i_2/CO[3]
                         net (fo=1, routed)           0.000     7.330    accum_sum_reg[11]_i_2_n_0
    SLICE_X5Y41          CARRY4 (Prop_carry4_CI_O[0])
                                                      0.222     7.552 r  accum_sum_reg[15]_i_2/O[0]
                         net (fo=1, routed)           0.821     8.372    in11[12]
    SLICE_X4Y40          LUT3 (Prop_lut3_I0_O)        0.299     8.671 r  accum_sum[12]_i_1/O
                         net (fo=1, routed)           0.000     8.671    accum_sum[12]
    SLICE_X4Y40          FDRE                                         r  accum_sum_reg[12]/D
  -------------------------------------------------------------------    -------------------

                         (clock clk_out1_clk_wiz_0 rise edge)
                                                     27.778    27.778 r  
    W5                                                0.000    27.778 r  clock_in (IN)
                         net (fo=0)                   0.000    27.778    clock_in
    W5                   IBUF (Prop_ibuf_I_O)         1.388    29.166 r  clock_in_IBUF_inst/O
                         net (fo=1, routed)           1.862    31.028    clock_in_IBUF
    BUFGCTRL_X0Y1        BUFG (Prop_bufg_I_O)         0.091    31.119 r  clock_in_IBUF_BUFG_inst/O
                         net (fo=39, routed)          1.457    32.576    clkwiz/inst/clk_in1
    MMCME2_ADV_X1Y0      MMCME2_ADV (Prop_mmcme2_adv_CLKIN1_CLKOUT0)
                                                     -3.129    29.447 r  clkwiz/inst/mmcm_adv_inst/CLKOUT0
                         net (fo=1, routed)           1.581    31.028    clkwiz/inst/clk_out1_clk_wiz_0
    BUFGCTRL_X0Y0        BUFG (Prop_bufg_I_O)         0.091    31.119 r  clkwiz/inst/clkout1_buf/O
                         net (fo=89, routed)          1.515    32.634    clk_out1
    SLICE_X4Y40          FDRE                                         r  accum_sum_reg[12]/C
                         clock pessimism              0.273    32.907    
                         clock uncertainty           -0.144    32.763    
    SLICE_X4Y40          FDRE (Setup_fdre_C_D)        0.031    32.794    accum_sum_reg[12]
  -------------------------------------------------------------------
                         required time                         32.794    
                         arrival time                          -8.671    
  -------------------------------------------------------------------
                         slack                                 24.123    

Slack (MET) :             24.246ns  (required time - arrival time)
  Source:                 accum_sum_reg[4]/C
                            (rising edge-triggered cell FDRE clocked by clk_out1_clk_wiz_0  {rise@0.000ns fall@13.889ns period=27.778ns})
  Destination:            accum_sum_reg[8]/D
                            (rising edge-triggered cell FDRE clocked by clk_out1_clk_wiz_0  {rise@0.000ns fall@13.889ns period=27.778ns})
  Path Group:             clk_out1_clk_wiz_0
  Path Type:              Setup (Max at Slow Process Corner)
  Requirement:            27.778ns  (clk_out1_clk_wiz_0 rise@27.778ns - clk_out1_clk_wiz_0 rise@0.000ns)
  Data Path Delay:        3.439ns  (logic 1.796ns (52.219%)  route 1.643ns (47.781%))
  Logic Levels:           4  (CARRY4=2 LUT2=1 LUT3=1)
  Clock Path Skew:        -0.024ns (DCD - SCD + CPR)
    Destination Clock Delay (DCD):    4.856ns = ( 32.634 - 27.778 ) 
    Source Clock Delay      (SCD):    5.153ns
    Clock Pessimism Removal (CPR):    0.273ns
  Clock Uncertainty:      0.144ns  ((TSJ^2 + DJ^2)^1/2) / 2 + PE
    Total System Jitter     (TSJ):    0.071ns
    Discrete Jitter          (DJ):    0.278ns
    Phase Error              (PE):    0.000ns

    Location             Delay type                Incr(ns)  Path(ns)    Netlist Resource(s)
  -------------------------------------------------------------------    -------------------
                         (clock clk_out1_clk_wiz_0 rise edge)
                                                      0.000     0.000 r  
    W5                                                0.000     0.000 r  clock_in (IN)
                         net (fo=0)                   0.000     0.000    clock_in
    W5                   IBUF (Prop_ibuf_I_O)         1.458     1.458 r  clock_in_IBUF_inst/O
                         net (fo=1, routed)           1.967     3.425    clock_in_IBUF
    BUFGCTRL_X0Y1        BUFG (Prop_bufg_I_O)         0.096     3.521 r  clock_in_IBUF_BUFG_inst/O
                         net (fo=39, routed)          1.575     5.096    clkwiz/inst/clk_in1
    MMCME2_ADV_X1Y0      MMCME2_ADV (Prop_mmcme2_adv_CLKIN1_CLKOUT0)
                                                     -3.333     1.763 r  clkwiz/inst/mmcm_adv_inst/CLKOUT0
                         net (fo=1, routed)           1.661     3.425    clkwiz/inst/clk_out1_clk_wiz_0
    BUFGCTRL_X0Y0        BUFG (Prop_bufg_I_O)         0.096     3.521 r  clkwiz/inst/clkout1_buf/O
                         net (fo=89, routed)          1.632     5.153    clk_out1
    SLICE_X4Y38          FDRE                                         r  accum_sum_reg[4]/C
  -------------------------------------------------------------------    -------------------
    SLICE_X4Y38          FDRE (Prop_fdre_C_Q)         0.419     5.572 r  accum_sum_reg[4]/Q
                         net (fo=2, routed)           0.815     6.388    accum_sum_reg_n_0_[4]
    SLICE_X5Y39          LUT2 (Prop_lut2_I0_O)        0.296     6.684 r  accum_sum[7]_i_6/O
                         net (fo=1, routed)           0.000     6.684    accum_sum[7]_i_6_n_0
    SLICE_X5Y39          CARRY4 (Prop_carry4_S[0]_CO[3])
                                                      0.532     7.216 r  accum_sum_reg[7]_i_2/CO[3]
                         net (fo=1, routed)           0.000     7.216    accum_sum_reg[7]_i_2_n_0
    SLICE_X5Y40          CARRY4 (Prop_carry4_CI_O[0])
                                                      0.222     7.438 r  accum_sum_reg[11]_i_2/O[0]
                         net (fo=1, routed)           0.828     8.266    in11[8]
    SLICE_X4Y39          LUT3 (Prop_lut3_I0_O)        0.327     8.593 r  accum_sum[8]_i_1/O
                         net (fo=1, routed)           0.000     8.593    accum_sum[8]
    SLICE_X4Y39          FDRE                                         r  accum_sum_reg[8]/D
  -------------------------------------------------------------------    -------------------

                         (clock clk_out1_clk_wiz_0 rise edge)
                                                     27.778    27.778 r  
    W5                                                0.000    27.778 r  clock_in (IN)
                         net (fo=0)                   0.000    27.778    clock_in
    W5                   IBUF (Prop_ibuf_I_O)         1.388    29.166 r  clock_in_IBUF_inst/O
                         net (fo=1, routed)           1.862    31.028    clock_in_IBUF
    BUFGCTRL_X0Y1        BUFG (Prop_bufg_I_O)         0.091    31.119 r  clock_in_IBUF_BUFG_inst/O
                         net (fo=39, routed)          1.457    32.576    clkwiz/inst/clk_in1
    MMCME2_ADV_X1Y0      MMCME2_ADV (Prop_mmcme2_adv_CLKIN1_CLKOUT0)
                                                     -3.129    29.447 r  clkwiz/inst/mmcm_adv_inst/CLKOUT0
                         net (fo=1, routed)           1.581    31.028    clkwiz/inst/clk_out1_clk_wiz_0
    BUFGCTRL_X0Y0        BUFG (Prop_bufg_I_O)         0.091    31.119 r  clkwiz/inst/clkout1_buf/O
                         net (fo=89, routed)          1.515    32.634    clk_out1
    SLICE_X4Y39          FDRE                                         r  accum_sum_reg[8]/C
                         clock pessimism              0.273    32.907    
                         clock uncertainty           -0.144    32.763    
    SLICE_X4Y39          FDRE (Setup_fdre_C_D)        0.075    32.838    accum_sum_reg[8]
  -------------------------------------------------------------------
                         required time                         32.838    
                         arrival time                          -8.593    
  -------------------------------------------------------------------
                         slack                                 24.246    

Slack (MET) :             24.283ns  (required time - arrival time)
  Source:                 frame_tick_reg[1]/C
                            (rising edge-triggered cell FDRE clocked by clk_out1_clk_wiz_0  {rise@0.000ns fall@13.889ns period=27.778ns})
  Destination:            frame_tick_reg[0]/D
                            (rising edge-triggered cell FDRE clocked by clk_out1_clk_wiz_0  {rise@0.000ns fall@13.889ns period=27.778ns})
  Path Group:             clk_out1_clk_wiz_0
  Path Type:              Setup (Max at Slow Process Corner)
  Requirement:            27.778ns  (clk_out1_clk_wiz_0 rise@27.778ns - clk_out1_clk_wiz_0 rise@0.000ns)
  Data Path Delay:        3.360ns  (logic 0.890ns (26.490%)  route 2.470ns (73.510%))
  Logic Levels:           3  (LUT2=1 LUT5=1 LUT6=1)
  Clock Path Skew:        -0.022ns (DCD - SCD + CPR)
    Destination Clock Delay (DCD):    4.856ns = ( 32.634 - 27.778 ) 
    Source Clock Delay      (SCD):    5.154ns
    Clock Pessimism Removal (CPR):    0.276ns
  Clock Uncertainty:      0.144ns  ((TSJ^2 + DJ^2)^1/2) / 2 + PE
    Total System Jitter     (TSJ):    0.071ns
    Discrete Jitter          (DJ):    0.278ns
    Phase Error              (PE):    0.000ns

    Location             Delay type                Incr(ns)  Path(ns)    Netlist Resource(s)
  -------------------------------------------------------------------    -------------------
                         (clock clk_out1_clk_wiz_0 rise edge)
                                                      0.000     0.000 r  
    W5                                                0.000     0.000 r  clock_in (IN)
                         net (fo=0)                   0.000     0.000    clock_in
    W5                   IBUF (Prop_ibuf_I_O)         1.458     1.458 r  clock_in_IBUF_inst/O
                         net (fo=1, routed)           1.967     3.425    clock_in_IBUF
    BUFGCTRL_X0Y1        BUFG (Prop_bufg_I_O)         0.096     3.521 r  clock_in_IBUF_BUFG_inst/O
                         net (fo=39, routed)          1.575     5.096    clkwiz/inst/clk_in1
    MMCME2_ADV_X1Y0      MMCME2_ADV (Prop_mmcme2_adv_CLKIN1_CLKOUT0)
                                                     -3.333     1.763 r  clkwiz/inst/mmcm_adv_inst/CLKOUT0
                         net (fo=1, routed)           1.661     3.425    clkwiz/inst/clk_out1_clk_wiz_0
    BUFGCTRL_X0Y0        BUFG (Prop_bufg_I_O)         0.096     3.521 r  clkwiz/inst/clkout1_buf/O
                         net (fo=89, routed)          1.633     5.154    clk_out1
    SLICE_X6Y40          FDRE                                         r  frame_tick_reg[1]/C
  -------------------------------------------------------------------    -------------------
    SLICE_X6Y40          FDRE (Prop_fdre_C_Q)         0.518     5.672 f  frame_tick_reg[1]/Q
                         net (fo=6, routed)           0.912     6.584    frame_tick_reg_n_0_[1]
    SLICE_X6Y40          LUT6 (Prop_lut6_I4_O)        0.124     6.708 r  FSM_sequential_adc_state[3]_i_4/O
                         net (fo=4, routed)           0.524     7.232    FSM_sequential_adc_state[3]_i_4_n_0
    SLICE_X7Y40          LUT5 (Prop_lut5_I0_O)        0.124     7.356 r  frame_tick[5]_i_3/O
                         net (fo=6, routed)           1.034     8.390    frame_tick[5]_i_3_n_0
    SLICE_X7Y40          LUT2 (Prop_lut2_I0_O)        0.124     8.514 r  frame_tick[0]_i_1/O
                         net (fo=1, routed)           0.000     8.514    frame_tick[0]
    SLICE_X7Y40          FDRE                                         r  frame_tick_reg[0]/D
  -------------------------------------------------------------------    -------------------

                         (clock clk_out1_clk_wiz_0 rise edge)
                                                     27.778    27.778 r  
    W5                                                0.000    27.778 r  clock_in (IN)
                         net (fo=0)                   0.000    27.778    clock_in
    W5                   IBUF (Prop_ibuf_I_O)         1.388    29.166 r  clock_in_IBUF_inst/O
                         net (fo=1, routed)           1.862    31.028    clock_in_IBUF
    BUFGCTRL_X0Y1        BUFG (Prop_bufg_I_O)         0.091    31.119 r  clock_in_IBUF_BUFG_inst/O
                         net (fo=39, routed)          1.457    32.576    clkwiz/inst/clk_in1
    MMCME2_ADV_X1Y0      MMCME2_ADV (Prop_mmcme2_adv_CLKIN1_CLKOUT0)
                                                     -3.129    29.447 r  clkwiz/inst/mmcm_adv_inst/CLKOUT0
                         net (fo=1, routed)           1.581    31.028    clkwiz/inst/clk_out1_clk_wiz_0
    BUFGCTRL_X0Y0        BUFG (Prop_bufg_I_O)         0.091    31.119 r  clkwiz/inst/clkout1_buf/O
                         net (fo=89, routed)          1.515    32.634    clk_out1
    SLICE_X7Y40          FDRE                                         r  frame_tick_reg[0]/C
                         clock pessimism              0.276    32.910    
                         clock uncertainty           -0.144    32.766    
    SLICE_X7Y40          FDRE (Setup_fdre_C_D)        0.031    32.797    frame_tick_reg[0]
  -------------------------------------------------------------------
                         required time                         32.797    
                         arrival time                          -8.514    
  -------------------------------------------------------------------
                         slack                                 24.283    

Slack (MET) :             24.289ns  (required time - arrival time)
  Source:                 decim_count_reg[2]/C
                            (rising edge-triggered cell FDRE clocked by clk_out1_clk_wiz_0  {rise@0.000ns fall@13.889ns period=27.778ns})
  Destination:            FSM_sequential_adc_state_reg[3]/D
                            (rising edge-triggered cell FDRE clocked by clk_out1_clk_wiz_0  {rise@0.000ns fall@13.889ns period=27.778ns})
  Path Group:             clk_out1_clk_wiz_0
  Path Type:              Setup (Max at Slow Process Corner)
  Requirement:            27.778ns  (clk_out1_clk_wiz_0 rise@27.778ns - clk_out1_clk_wiz_0 rise@0.000ns)
  Data Path Delay:        3.403ns  (logic 1.027ns (30.178%)  route 2.376ns (69.822%))
  Logic Levels:           3  (LUT4=1 LUT6=2)
  Clock Path Skew:        0.029ns (DCD - SCD + CPR)
    Destination Clock Delay (DCD):    4.857ns = ( 32.635 - 27.778 ) 
    Source Clock Delay      (SCD):    5.088ns
    Clock Pessimism Removal (CPR):    0.260ns
  Clock Uncertainty:      0.144ns  ((TSJ^2 + DJ^2)^1/2) / 2 + PE
    Total System Jitter     (TSJ):    0.071ns
    Discrete Jitter          (DJ):    0.278ns
    Phase Error              (PE):    0.000ns

    Location             Delay type                Incr(ns)  Path(ns)    Netlist Resource(s)
  -------------------------------------------------------------------    -------------------
                         (clock clk_out1_clk_wiz_0 rise edge)
                                                      0.000     0.000 r  
    W5                                                0.000     0.000 r  clock_in (IN)
                         net (fo=0)                   0.000     0.000    clock_in
    W5                   IBUF (Prop_ibuf_I_O)         1.458     1.458 r  clock_in_IBUF_inst/O
                         net (fo=1, routed)           1.967     3.425    clock_in_IBUF
    BUFGCTRL_X0Y1        BUFG (Prop_bufg_I_O)         0.096     3.521 r  clock_in_IBUF_BUFG_inst/O
                         net (fo=39, routed)          1.575     5.096    clkwiz/inst/clk_in1
    MMCME2_ADV_X1Y0      MMCME2_ADV (Prop_mmcme2_adv_CLKIN1_CLKOUT0)
                                                     -3.333     1.763 r  clkwiz/inst/mmcm_adv_inst/CLKOUT0
                         net (fo=1, routed)           1.661     3.425    clkwiz/inst/clk_out1_clk_wiz_0
    BUFGCTRL_X0Y0        BUFG (Prop_bufg_I_O)         0.096     3.521 r  clkwiz/inst/clkout1_buf/O
                         net (fo=89, routed)          1.567     5.088    clk_out1
    SLICE_X8Y40          FDRE                                         r  decim_count_reg[2]/C
  -------------------------------------------------------------------    -------------------
    SLICE_X8Y40          FDRE (Prop_fdre_C_Q)         0.478     5.566 f  decim_count_reg[2]/Q
                         net (fo=3, routed)           1.044     6.610    decim_count_reg_n_0_[2]
    SLICE_X8Y40          LUT4 (Prop_lut4_I1_O)        0.301     6.911 f  decim_count[4]_i_3/O
                         net (fo=2, routed)           0.526     7.437    decim_count[4]_i_3_n_0
    SLICE_X7Y40          LUT6 (Prop_lut6_I0_O)        0.124     7.561 r  FSM_sequential_adc_state[3]_i_5/O
                         net (fo=2, routed)           0.806     8.367    FSM_sequential_adc_state[3]_i_5_n_0
    SLICE_X7Y41          LUT6 (Prop_lut6_I5_O)        0.124     8.491 r  FSM_sequential_adc_state[3]_i_3/O
                         net (fo=1, routed)           0.000     8.491    adc_state__0[3]
    SLICE_X7Y41          FDRE                                         r  FSM_sequential_adc_state_reg[3]/D
  -------------------------------------------------------------------    -------------------

                         (clock clk_out1_clk_wiz_0 rise edge)
                                                     27.778    27.778 r  
    W5                                                0.000    27.778 r  clock_in (IN)
                         net (fo=0)                   0.000    27.778    clock_in
    W5                   IBUF (Prop_ibuf_I_O)         1.388    29.166 r  clock_in_IBUF_inst/O
                         net (fo=1, routed)           1.862    31.028    clock_in_IBUF
    BUFGCTRL_X0Y1        BUFG (Prop_bufg_I_O)         0.091    31.119 r  clock_in_IBUF_BUFG_inst/O
                         net (fo=39, routed)          1.457    32.576    clkwiz/inst/clk_in1
    MMCME2_ADV_X1Y0      MMCME2_ADV (Prop_mmcme2_adv_CLKIN1_CLKOUT0)
                                                     -3.129    29.447 r  clkwiz/inst/mmcm_adv_inst/CLKOUT0
                         net (fo=1, routed)           1.581    31.028    clkwiz/inst/clk_out1_clk_wiz_0
    BUFGCTRL_X0Y0        BUFG (Prop_bufg_I_O)         0.091    31.119 r  clkwiz/inst/clkout1_buf/O
                         net (fo=89, routed)          1.516    32.635    clk_out1
    SLICE_X7Y41          FDRE                                         r  FSM_sequential_adc_state_reg[3]/C
                         clock pessimism              0.260    32.895    
                         clock uncertainty           -0.144    32.751    
    SLICE_X7Y41          FDRE (Setup_fdre_C_D)        0.029    32.780    FSM_sequential_adc_state_reg[3]
  -------------------------------------------------------------------
                         required time                         32.780    
                         arrival time                          -8.491    
  -------------------------------------------------------------------
                         slack                                 24.289    

Slack (MET) :             24.291ns  (required time - arrival time)
  Source:                 decim_count_reg[2]/C
                            (rising edge-triggered cell FDRE clocked by clk_out1_clk_wiz_0  {rise@0.000ns fall@13.889ns period=27.778ns})
  Destination:            FSM_sequential_adc_state_reg[2]/D
                            (rising edge-triggered cell FDRE clocked by clk_out1_clk_wiz_0  {rise@0.000ns fall@13.889ns period=27.778ns})
  Path Group:             clk_out1_clk_wiz_0
  Path Type:              Setup (Max at Slow Process Corner)
  Requirement:            27.778ns  (clk_out1_clk_wiz_0 rise@27.778ns - clk_out1_clk_wiz_0 rise@0.000ns)
  Data Path Delay:        3.403ns  (logic 1.027ns (30.178%)  route 2.376ns (69.822%))
  Logic Levels:           3  (LUT4=1 LUT6=2)
  Clock Path Skew:        0.029ns (DCD - SCD + CPR)
    Destination Clock Delay (DCD):    4.857ns = ( 32.635 - 27.778 ) 
    Source Clock Delay      (SCD):    5.088ns
    Clock Pessimism Removal (CPR):    0.260ns
  Clock Uncertainty:      0.144ns  ((TSJ^2 + DJ^2)^1/2) / 2 + PE
    Total System Jitter     (TSJ):    0.071ns
    Discrete Jitter          (DJ):    0.278ns
    Phase Error              (PE):    0.000ns

    Location             Delay type                Incr(ns)  Path(ns)    Netlist Resource(s)
  -------------------------------------------------------------------    -------------------
                         (clock clk_out1_clk_wiz_0 rise edge)
                                                      0.000     0.000 r  
    W5                                                0.000     0.000 r  clock_in (IN)
                         net (fo=0)                   0.000     0.000    clock_in
    W5                   IBUF (Prop_ibuf_I_O)         1.458     1.458 r  clock_in_IBUF_inst/O
                         net (fo=1, routed)           1.967     3.425    clock_in_IBUF
    BUFGCTRL_X0Y1        BUFG (Prop_bufg_I_O)         0.096     3.521 r  clock_in_IBUF_BUFG_inst/O
                         net (fo=39, routed)          1.575     5.096    clkwiz/inst/clk_in1
    MMCME2_ADV_X1Y0      MMCME2_ADV (Prop_mmcme2_adv_CLKIN1_CLKOUT0)
                                                     -3.333     1.763 r  clkwiz/inst/mmcm_adv_inst/CLKOUT0
                         net (fo=1, routed)           1.661     3.425    clkwiz/inst/clk_out1_clk_wiz_0
    BUFGCTRL_X0Y0        BUFG (Prop_bufg_I_O)         0.096     3.521 r  clkwiz/inst/clkout1_buf/O
                         net (fo=89, routed)          1.567     5.088    clk_out1
    SLICE_X8Y40          FDRE                                         r  decim_count_reg[2]/C
  -------------------------------------------------------------------    -------------------
    SLICE_X8Y40          FDRE (Prop_fdre_C_Q)         0.478     5.566 r  decim_count_reg[2]/Q
                         net (fo=3, routed)           1.044     6.610    decim_count_reg_n_0_[2]
    SLICE_X8Y40          LUT4 (Prop_lut4_I1_O)        0.301     6.911 r  decim_count[4]_i_3/O
                         net (fo=2, routed)           0.526     7.437    decim_count[4]_i_3_n_0
    SLICE_X7Y40          LUT6 (Prop_lut6_I0_O)        0.124     7.561 f  FSM_sequential_adc_state[3]_i_5/O
                         net (fo=2, routed)           0.806     8.367    FSM_sequential_adc_state[3]_i_5_n_0
    SLICE_X7Y41          LUT6 (Prop_lut6_I5_O)        0.124     8.491 r  FSM_sequential_adc_state[2]_i_1/O
                         net (fo=1, routed)           0.000     8.491    FSM_sequential_adc_state[2]_i_1_n_0
    SLICE_X7Y41          FDRE                                         r  FSM_sequential_adc_state_reg[2]/D
  -------------------------------------------------------------------    -------------------

                         (clock clk_out1_clk_wiz_0 rise edge)
                                                     27.778    27.778 r  
    W5                                                0.000    27.778 r  clock_in (IN)
                         net (fo=0)                   0.000    27.778    clock_in
    W5                   IBUF (Prop_ibuf_I_O)         1.388    29.166 r  clock_in_IBUF_inst/O
                         net (fo=1, routed)           1.862    31.028    clock_in_IBUF
    BUFGCTRL_X0Y1        BUFG (Prop_bufg_I_O)         0.091    31.119 r  clock_in_IBUF_BUFG_inst/O
                         net (fo=39, routed)          1.457    32.576    clkwiz/inst/clk_in1
    MMCME2_ADV_X1Y0      MMCME2_ADV (Prop_mmcme2_adv_CLKIN1_CLKOUT0)
                                                     -3.129    29.447 r  clkwiz/inst/mmcm_adv_inst/CLKOUT0
                         net (fo=1, routed)           1.581    31.028    clkwiz/inst/clk_out1_clk_wiz_0
    BUFGCTRL_X0Y0        BUFG (Prop_bufg_I_O)         0.091    31.119 r  clkwiz/inst/clkout1_buf/O
                         net (fo=89, routed)          1.516    32.635    clk_out1
    SLICE_X7Y41          FDRE                                         r  FSM_sequential_adc_state_reg[2]/C
                         clock pessimism              0.260    32.895    
                         clock uncertainty           -0.144    32.751    
    SLICE_X7Y41          FDRE (Setup_fdre_C_D)        0.031    32.782    FSM_sequential_adc_state_reg[2]
  -------------------------------------------------------------------
                         required time                         32.782    
                         arrival time                          -8.491    
  -------------------------------------------------------------------
                         slack                                 24.291    

Slack (MET) :             24.301ns  (required time - arrival time)
  Source:                 frame_tick_reg[1]/C
                            (rising edge-triggered cell FDRE clocked by clk_out1_clk_wiz_0  {rise@0.000ns fall@13.889ns period=27.778ns})
  Destination:            frame_tick_reg[5]/D
                            (rising edge-triggered cell FDRE clocked by clk_out1_clk_wiz_0  {rise@0.000ns fall@13.889ns period=27.778ns})
  Path Group:             clk_out1_clk_wiz_0
  Path Type:              Setup (Max at Slow Process Corner)
  Requirement:            27.778ns  (clk_out1_clk_wiz_0 rise@27.778ns - clk_out1_clk_wiz_0 rise@0.000ns)
  Data Path Delay:        3.386ns  (logic 0.916ns (27.055%)  route 2.470ns (72.945%))
  Logic Levels:           3  (LUT4=1 LUT5=1 LUT6=1)
  Clock Path Skew:        -0.022ns (DCD - SCD + CPR)
    Destination Clock Delay (DCD):    4.856ns = ( 32.634 - 27.778 ) 
    Source Clock Delay      (SCD):    5.154ns
    Clock Pessimism Removal (CPR):    0.276ns
  Clock Uncertainty:      0.144ns  ((TSJ^2 + DJ^2)^1/2) / 2 + PE
    Total System Jitter     (TSJ):    0.071ns
    Discrete Jitter          (DJ):    0.278ns
    Phase Error              (PE):    0.000ns

    Location             Delay type                Incr(ns)  Path(ns)    Netlist Resource(s)
  -------------------------------------------------------------------    -------------------
                         (clock clk_out1_clk_wiz_0 rise edge)
                                                      0.000     0.000 r  
    W5                                                0.000     0.000 r  clock_in (IN)
                         net (fo=0)                   0.000     0.000    clock_in
    W5                   IBUF (Prop_ibuf_I_O)         1.458     1.458 r  clock_in_IBUF_inst/O
                         net (fo=1, routed)           1.967     3.425    clock_in_IBUF
    BUFGCTRL_X0Y1        BUFG (Prop_bufg_I_O)         0.096     3.521 r  clock_in_IBUF_BUFG_inst/O
                         net (fo=39, routed)          1.575     5.096    clkwiz/inst/clk_in1
    MMCME2_ADV_X1Y0      MMCME2_ADV (Prop_mmcme2_adv_CLKIN1_CLKOUT0)
                                                     -3.333     1.763 r  clkwiz/inst/mmcm_adv_inst/CLKOUT0
                         net (fo=1, routed)           1.661     3.425    clkwiz/inst/clk_out1_clk_wiz_0
    BUFGCTRL_X0Y0        BUFG (Prop_bufg_I_O)         0.096     3.521 r  clkwiz/inst/clkout1_buf/O
                         net (fo=89, routed)          1.633     5.154    clk_out1
    SLICE_X6Y40          FDRE                                         r  frame_tick_reg[1]/C
  -------------------------------------------------------------------    -------------------
    SLICE_X6Y40          FDRE (Prop_fdre_C_Q)         0.518     5.672 f  frame_tick_reg[1]/Q
                         net (fo=6, routed)           0.912     6.584    frame_tick_reg_n_0_[1]
    SLICE_X6Y40          LUT6 (Prop_lut6_I4_O)        0.124     6.708 r  FSM_sequential_adc_state[3]_i_4/O
                         net (fo=4, routed)           0.524     7.232    FSM_sequential_adc_state[3]_i_4_n_0
    SLICE_X7Y40          LUT5 (Prop_lut5_I0_O)        0.124     7.356 r  frame_tick[5]_i_3/O
                         net (fo=6, routed)           1.034     8.390    frame_tick[5]_i_3_n_0
    SLICE_X7Y40          LUT4 (Prop_lut4_I3_O)        0.150     8.540 r  frame_tick[5]_i_1/O
                         net (fo=1, routed)           0.000     8.540    frame_tick[5]
    SLICE_X7Y40          FDRE                                         r  frame_tick_reg[5]/D
  -------------------------------------------------------------------    -------------------

                         (clock clk_out1_clk_wiz_0 rise edge)
                                                     27.778    27.778 r  
    W5                                                0.000    27.778 r  clock_in (IN)
                         net (fo=0)                   0.000    27.778    clock_in
    W5                   IBUF (Prop_ibuf_I_O)         1.388    29.166 r  clock_in_IBUF_inst/O
                         net (fo=1, routed)           1.862    31.028    clock_in_IBUF
    BUFGCTRL_X0Y1        BUFG (Prop_bufg_I_O)         0.091    31.119 r  clock_in_IBUF_BUFG_inst/O
                         net (fo=39, routed)          1.457    32.576    clkwiz/inst/clk_in1
    MMCME2_ADV_X1Y0      MMCME2_ADV (Prop_mmcme2_adv_CLKIN1_CLKOUT0)
                                                     -3.129    29.447 r  clkwiz/inst/mmcm_adv_inst/CLKOUT0
                         net (fo=1, routed)           1.581    31.028    clkwiz/inst/clk_out1_clk_wiz_0
    BUFGCTRL_X0Y0        BUFG (Prop_bufg_I_O)         0.091    31.119 r  clkwiz/inst/clkout1_buf/O
                         net (fo=89, routed)          1.515    32.634    clk_out1
    SLICE_X7Y40          FDRE                                         r  frame_tick_reg[5]/C
                         clock pessimism              0.276    32.910    
                         clock uncertainty           -0.144    32.766    
    SLICE_X7Y40          FDRE (Setup_fdre_C_D)        0.075    32.841    frame_tick_reg[5]
  -------------------------------------------------------------------
                         required time                         32.841    
                         arrival time                          -8.540    
  -------------------------------------------------------------------
                         slack                                 24.301    

Slack (MET) :             24.314ns  (required time - arrival time)
  Source:                 accum_sum_reg[4]/C
                            (rising edge-triggered cell FDRE clocked by clk_out1_clk_wiz_0  {rise@0.000ns fall@13.889ns period=27.778ns})
  Destination:            accum_sum_reg[9]/D
                            (rising edge-triggered cell FDRE clocked by clk_out1_clk_wiz_0  {rise@0.000ns fall@13.889ns period=27.778ns})
  Path Group:             clk_out1_clk_wiz_0
  Path Type:              Setup (Max at Slow Process Corner)
  Requirement:            27.778ns  (clk_out1_clk_wiz_0 rise@27.778ns - clk_out1_clk_wiz_0 rise@0.000ns)
  Data Path Delay:        3.371ns  (logic 1.912ns (56.714%)  route 1.459ns (43.286%))
  Logic Levels:           4  (CARRY4=2 LUT2=1 LUT3=1)
  Clock Path Skew:        -0.024ns (DCD - SCD + CPR)
    Destination Clock Delay (DCD):    4.856ns = ( 32.634 - 27.778 ) 
    Source Clock Delay      (SCD):    5.153ns
    Clock Pessimism Removal (CPR):    0.273ns
  Clock Uncertainty:      0.144ns  ((TSJ^2 + DJ^2)^1/2) / 2 + PE
    Total System Jitter     (TSJ):    0.071ns
    Discrete Jitter          (DJ):    0.278ns
    Phase Error              (PE):    0.000ns

    Location             Delay type                Incr(ns)  Path(ns)    Netlist Resource(s)
  -------------------------------------------------------------------    -------------------
                         (clock clk_out1_clk_wiz_0 rise edge)
                                                      0.000     0.000 r  
    W5                                                0.000     0.000 r  clock_in (IN)
                         net (fo=0)                   0.000     0.000    clock_in
    W5                   IBUF (Prop_ibuf_I_O)         1.458     1.458 r  clock_in_IBUF_inst/O
                         net (fo=1, routed)           1.967     3.425    clock_in_IBUF
    BUFGCTRL_X0Y1        BUFG (Prop_bufg_I_O)         0.096     3.521 r  clock_in_IBUF_BUFG_inst/O
                         net (fo=39, routed)          1.575     5.096    clkwiz/inst/clk_in1
    MMCME2_ADV_X1Y0      MMCME2_ADV (Prop_mmcme2_adv_CLKIN1_CLKOUT0)
                                                     -3.333     1.763 r  clkwiz/inst/mmcm_adv_inst/CLKOUT0
                         net (fo=1, routed)           1.661     3.425    clkwiz/inst/clk_out1_clk_wiz_0
    BUFGCTRL_X0Y0        BUFG (Prop_bufg_I_O)         0.096     3.521 r  clkwiz/inst/clkout1_buf/O
                         net (fo=89, routed)          1.632     5.153    clk_out1
    SLICE_X4Y38          FDRE                                         r  accum_sum_reg[4]/C
  -------------------------------------------------------------------    -------------------
    SLICE_X4Y38          FDRE (Prop_fdre_C_Q)         0.419     5.572 r  accum_sum_reg[4]/Q
                         net (fo=2, routed)           0.815     6.388    accum_sum_reg_n_0_[4]
    SLICE_X5Y39          LUT2 (Prop_lut2_I0_O)        0.296     6.684 r  accum_sum[7]_i_6/O
                         net (fo=1, routed)           0.000     6.684    accum_sum[7]_i_6_n_0
    SLICE_X5Y39          CARRY4 (Prop_carry4_S[0]_CO[3])
                                                      0.532     7.216 r  accum_sum_reg[7]_i_2/CO[3]
                         net (fo=1, routed)           0.000     7.216    accum_sum_reg[7]_i_2_n_0
    SLICE_X5Y40          CARRY4 (Prop_carry4_CI_O[1])
                                                      0.334     7.550 r  accum_sum_reg[11]_i_2/O[1]
                         net (fo=1, routed)           0.644     8.194    in11[9]
    SLICE_X4Y40          LUT3 (Prop_lut3_I0_O)        0.331     8.525 r  accum_sum[9]_i_1/O
                         net (fo=1, routed)           0.000     8.525    accum_sum[9]
    SLICE_X4Y40          FDRE                                         r  accum_sum_reg[9]/D
  -------------------------------------------------------------------    -------------------

                         (clock clk_out1_clk_wiz_0 rise edge)
                                                     27.778    27.778 r  
    W5                                                0.000    27.778 r  clock_in (IN)
                         net (fo=0)                   0.000    27.778    clock_in
    W5                   IBUF (Prop_ibuf_I_O)         1.388    29.166 r  clock_in_IBUF_inst/O
                         net (fo=1, routed)           1.862    31.028    clock_in_IBUF
    BUFGCTRL_X0Y1        BUFG (Prop_bufg_I_O)         0.091    31.119 r  clock_in_IBUF_BUFG_inst/O
                         net (fo=39, routed)          1.457    32.576    clkwiz/inst/clk_in1
    MMCME2_ADV_X1Y0      MMCME2_ADV (Prop_mmcme2_adv_CLKIN1_CLKOUT0)
                                                     -3.129    29.447 r  clkwiz/inst/mmcm_adv_inst/CLKOUT0
                         net (fo=1, routed)           1.581    31.028    clkwiz/inst/clk_out1_clk_wiz_0
    BUFGCTRL_X0Y0        BUFG (Prop_bufg_I_O)         0.091    31.119 r  clkwiz/inst/clkout1_buf/O
                         net (fo=89, routed)          1.515    32.634    clk_out1
    SLICE_X4Y40          FDRE                                         r  accum_sum_reg[9]/C
                         clock pessimism              0.273    32.907    
                         clock uncertainty           -0.144    32.763    
    SLICE_X4Y40          FDRE (Setup_fdre_C_D)        0.075    32.838    accum_sum_reg[9]
  -------------------------------------------------------------------
                         required time                         32.838    
                         arrival time                          -8.525    
  -------------------------------------------------------------------
                         slack                                 24.314    

Slack (MET) :             24.314ns  (required time - arrival time)
  Source:                 frame_tick_reg[1]/C
                            (rising edge-triggered cell FDRE clocked by clk_out1_clk_wiz_0  {rise@0.000ns fall@13.889ns period=27.778ns})
  Destination:            FSM_sequential_adc_state_reg[0]/CE
                            (rising edge-triggered cell FDRE clocked by clk_out1_clk_wiz_0  {rise@0.000ns fall@13.889ns period=27.778ns})
  Path Group:             clk_out1_clk_wiz_0
  Path Type:              Setup (Max at Slow Process Corner)
  Requirement:            27.778ns  (clk_out1_clk_wiz_0 rise@27.778ns - clk_out1_clk_wiz_0 rise@0.000ns)
  Data Path Delay:        3.091ns  (logic 0.766ns (24.782%)  route 2.325ns (75.218%))
  Logic Levels:           2  (LUT5=1 LUT6=1)
  Clock Path Skew:        -0.024ns (DCD - SCD + CPR)
    Destination Clock Delay (DCD):    4.857ns = ( 32.635 - 27.778 ) 
    Source Clock Delay      (SCD):    5.154ns
    Clock Pessimism Removal (CPR):    0.273ns
  Clock Uncertainty:      0.144ns  ((TSJ^2 + DJ^2)^1/2) / 2 + PE
    Total System Jitter     (TSJ):    0.071ns
    Discrete Jitter          (DJ):    0.278ns
    Phase Error              (PE):    0.000ns

    Location             Delay type                Incr(ns)  Path(ns)    Netlist Resource(s)
  -------------------------------------------------------------------    -------------------
                         (clock clk_out1_clk_wiz_0 rise edge)
                                                      0.000     0.000 r  
    W5                                                0.000     0.000 r  clock_in (IN)
                         net (fo=0)                   0.000     0.000    clock_in
    W5                   IBUF (Prop_ibuf_I_O)         1.458     1.458 r  clock_in_IBUF_inst/O
                         net (fo=1, routed)           1.967     3.425    clock_in_IBUF
    BUFGCTRL_X0Y1        BUFG (Prop_bufg_I_O)         0.096     3.521 r  clock_in_IBUF_BUFG_inst/O
                         net (fo=39, routed)          1.575     5.096    clkwiz/inst/clk_in1
    MMCME2_ADV_X1Y0      MMCME2_ADV (Prop_mmcme2_adv_CLKIN1_CLKOUT0)
                                                     -3.333     1.763 r  clkwiz/inst/mmcm_adv_inst/CLKOUT0
                         net (fo=1, routed)           1.661     3.425    clkwiz/inst/clk_out1_clk_wiz_0
    BUFGCTRL_X0Y0        BUFG (Prop_bufg_I_O)         0.096     3.521 r  clkwiz/inst/clkout1_buf/O
                         net (fo=89, routed)          1.633     5.154    clk_out1
    SLICE_X6Y40          FDRE                                         r  frame_tick_reg[1]/C
  -------------------------------------------------------------------    -------------------
    SLICE_X6Y40          FDRE (Prop_fdre_C_Q)         0.518     5.672 r  frame_tick_reg[1]/Q
                         net (fo=6, routed)           0.912     6.584    frame_tick_reg_n_0_[1]
    SLICE_X6Y40          LUT6 (Prop_lut6_I4_O)        0.124     6.708 f  FSM_sequential_adc_state[3]_i_4/O
                         net (fo=4, routed)           0.844     7.552    FSM_sequential_adc_state[3]_i_4_n_0
    SLICE_X6Y41          LUT5 (Prop_lut5_I4_O)        0.124     7.676 r  FSM_sequential_adc_state[3]_i_2/O
                         net (fo=4, routed)           0.569     8.245    FSM_sequential_adc_state[3]_i_2_n_0
    SLICE_X7Y41          FDRE                                         r  FSM_sequential_adc_state_reg[0]/CE
  -------------------------------------------------------------------    -------------------

                         (clock clk_out1_clk_wiz_0 rise edge)
                                                     27.778    27.778 r  
    W5                                                0.000    27.778 r  clock_in (IN)
                         net (fo=0)                   0.000    27.778    clock_in
    W5                   IBUF (Prop_ibuf_I_O)         1.388    29.166 r  clock_in_IBUF_inst/O
                         net (fo=1, routed)           1.862    31.028    clock_in_IBUF
    BUFGCTRL_X0Y1        BUFG (Prop_bufg_I_O)         0.091    31.119 r  clock_in_IBUF_BUFG_inst/O
                         net (fo=39, routed)          1.457    32.576    clkwiz/inst/clk_in1
    MMCME2_ADV_X1Y0      MMCME2_ADV (Prop_mmcme2_adv_CLKIN1_CLKOUT0)
                                                     -3.129    29.447 r  clkwiz/inst/mmcm_adv_inst/CLKOUT0
                         net (fo=1, routed)           1.581    31.028    clkwiz/inst/clk_out1_clk_wiz_0
    BUFGCTRL_X0Y0        BUFG (Prop_bufg_I_O)         0.091    31.119 r  clkwiz/inst/clkout1_buf/O
                         net (fo=89, routed)          1.516    32.635    clk_out1
    SLICE_X7Y41          FDRE                                         r  FSM_sequential_adc_state_reg[0]/C
                         clock pessimism              0.273    32.908    
                         clock uncertainty           -0.144    32.764    
    SLICE_X7Y41          FDRE (Setup_fdre_C_CE)      -0.205    32.559    FSM_sequential_adc_state_reg[0]
  -------------------------------------------------------------------
                         required time                         32.559    
                         arrival time                          -8.245    
  -------------------------------------------------------------------
                         slack                                 24.314    





Min Delay Paths
--------------------------------------------------------------------------------------
Slack (MET) :             0.106ns  (arrival time - required time)
  Source:                 centered_reg[1]/C
                            (rising edge-triggered cell FDRE clocked by clk_out1_clk_wiz_0  {rise@0.000ns fall@13.889ns period=27.778ns})
  Destination:            sample_word_adc_reg[1]/D
                            (rising edge-triggered cell FDRE clocked by clk_out1_clk_wiz_0  {rise@0.000ns fall@13.889ns period=27.778ns})
  Path Group:             clk_out1_clk_wiz_0
  Path Type:              Hold (Min at Fast Process Corner)
  Requirement:            0.000ns  (clk_out1_clk_wiz_0 rise@0.000ns - clk_out1_clk_wiz_0 rise@0.000ns)
  Data Path Delay:        0.195ns  (logic 0.141ns (72.269%)  route 0.054ns (27.731%))
  Logic Levels:           0  
  Clock Path Skew:        0.013ns (DCD - SCD - CPR)
    Destination Clock Delay (DCD):    1.991ns
    Source Clock Delay      (SCD):    1.476ns
    Clock Pessimism Removal (CPR):    0.502ns

    Location             Delay type                Incr(ns)  Path(ns)    Netlist Resource(s)
  -------------------------------------------------------------------    -------------------
                         (clock clk_out1_clk_wiz_0 rise edge)
                                                      0.000     0.000 r  
    W5                                                0.000     0.000 r  clock_in (IN)
                         net (fo=0)                   0.000     0.000    clock_in
    W5                   IBUF (Prop_ibuf_I_O)         0.226     0.226 r  clock_in_IBUF_inst/O
                         net (fo=1, routed)           0.631     0.858    clock_in_IBUF
    BUFGCTRL_X0Y1        BUFG (Prop_bufg_I_O)         0.026     0.884 r  clock_in_IBUF_BUFG_inst/O
                         net (fo=39, routed)          0.549     1.432    clkwiz/inst/clk_in1
    MMCME2_ADV_X1Y0      MMCME2_ADV (Prop_mmcme2_adv_CLKIN1_CLKOUT0)
                                                     -1.061     0.372 r  clkwiz/inst/mmcm_adv_inst/CLKOUT0
                         net (fo=1, routed)           0.486     0.858    clkwiz/inst/clk_out1_clk_wiz_0
    BUFGCTRL_X0Y0        BUFG (Prop_bufg_I_O)         0.026     0.884 r  clkwiz/inst/clkout1_buf/O
                         net (fo=89, routed)          0.593     1.476    clk_out1
    SLICE_X3Y39          FDRE                                         r  centered_reg[1]/C
  -------------------------------------------------------------------    -------------------
    SLICE_X3Y39          FDRE (Prop_fdre_C_Q)         0.141     1.617 r  centered_reg[1]/Q
                         net (fo=1, routed)           0.054     1.671    centered_reg_n_0_[1]
    SLICE_X2Y39          FDRE                                         r  sample_word_adc_reg[1]/D
  -------------------------------------------------------------------    -------------------

                         (clock clk_out1_clk_wiz_0 rise edge)
                                                      0.000     0.000 r  
    W5                                                0.000     0.000 r  clock_in (IN)
                         net (fo=0)                   0.000     0.000    clock_in
    W5                   IBUF (Prop_ibuf_I_O)         0.414     0.414 r  clock_in_IBUF_inst/O
                         net (fo=1, routed)           0.685     1.099    clock_in_IBUF
    BUFGCTRL_X0Y1        BUFG (Prop_bufg_I_O)         0.029     1.128 r  clock_in_IBUF_BUFG_inst/O
                         net (fo=39, routed)          0.817     1.944    clkwiz/inst/clk_in1
    MMCME2_ADV_X1Y0      MMCME2_ADV (Prop_mmcme2_adv_CLKIN1_CLKOUT0)
                                                     -1.375     0.569 r  clkwiz/inst/mmcm_adv_inst/CLKOUT0
                         net (fo=1, routed)           0.530     1.099    clkwiz/inst/clk_out1_clk_wiz_0
    BUFGCTRL_X0Y0        BUFG (Prop_bufg_I_O)         0.029     1.128 r  clkwiz/inst/clkout1_buf/O
                         net (fo=89, routed)          0.864     1.991    clk_out1
    SLICE_X2Y39          FDRE                                         r  sample_word_adc_reg[1]/C
                         clock pessimism             -0.502     1.489    
    SLICE_X2Y39          FDRE (Hold_fdre_C_D)         0.076     1.565    sample_word_adc_reg[1]
  -------------------------------------------------------------------
                         required time                         -1.565    
                         arrival time                           1.671    
  -------------------------------------------------------------------
                         slack                                  0.106    

Slack (MET) :             0.139ns  (arrival time - required time)
  Source:                 frame_tick_reg[0]/C
                            (rising edge-triggered cell FDRE clocked by clk_out1_clk_wiz_0  {rise@0.000ns fall@13.889ns period=27.778ns})
  Destination:            frame_tick_reg[4]/D
                            (rising edge-triggered cell FDRE clocked by clk_out1_clk_wiz_0  {rise@0.000ns fall@13.889ns period=27.778ns})
  Path Group:             clk_out1_clk_wiz_0
  Path Type:              Hold (Min at Fast Process Corner)
  Requirement:            0.000ns  (clk_out1_clk_wiz_0 rise@0.000ns - clk_out1_clk_wiz_0 rise@0.000ns)
  Data Path Delay:        0.273ns  (logic 0.186ns (68.080%)  route 0.087ns (31.920%))
  Logic Levels:           1  (LUT6=1)
  Clock Path Skew:        0.013ns (DCD - SCD - CPR)
    Destination Clock Delay (DCD):    1.990ns
    Source Clock Delay      (SCD):    1.475ns
    Clock Pessimism Removal (CPR):    0.502ns

    Location             Delay type                Incr(ns)  Path(ns)    Netlist Resource(s)
  -------------------------------------------------------------------    -------------------
                         (clock clk_out1_clk_wiz_0 rise edge)
                                                      0.000     0.000 r  
    W5                                                0.000     0.000 r  clock_in (IN)
                         net (fo=0)                   0.000     0.000    clock_in
    W5                   IBUF (Prop_ibuf_I_O)         0.226     0.226 r  clock_in_IBUF_inst/O
                         net (fo=1, routed)           0.631     0.858    clock_in_IBUF
    BUFGCTRL_X0Y1        BUFG (Prop_bufg_I_O)         0.026     0.884 r  clock_in_IBUF_BUFG_inst/O
                         net (fo=39, routed)          0.549     1.432    clkwiz/inst/clk_in1
    MMCME2_ADV_X1Y0      MMCME2_ADV (Prop_mmcme2_adv_CLKIN1_CLKOUT0)
                                                     -1.061     0.372 r  clkwiz/inst/mmcm_adv_inst/CLKOUT0
                         net (fo=1, routed)           0.486     0.858    clkwiz/inst/clk_out1_clk_wiz_0
    BUFGCTRL_X0Y0        BUFG (Prop_bufg_I_O)         0.026     0.884 r  clkwiz/inst/clkout1_buf/O
                         net (fo=89, routed)          0.592     1.475    clk_out1
    SLICE_X7Y40          FDRE                                         r  frame_tick_reg[0]/C
  -------------------------------------------------------------------    -------------------
    SLICE_X7Y40          FDRE (Prop_fdre_C_Q)         0.141     1.616 r  frame_tick_reg[0]/Q
                         net (fo=7, routed)           0.087     1.703    frame_tick_reg_n_0_[0]
    SLICE_X6Y40          LUT6 (Prop_lut6_I4_O)        0.045     1.748 r  frame_tick[4]_i_1/O
                         net (fo=1, routed)           0.000     1.748    frame_tick[4]
    SLICE_X6Y40          FDRE                                         r  frame_tick_reg[4]/D
  -------------------------------------------------------------------    -------------------

                         (clock clk_out1_clk_wiz_0 rise edge)
                                                      0.000     0.000 r  
    W5                                                0.000     0.000 r  clock_in (IN)
                         net (fo=0)                   0.000     0.000    clock_in
    W5                   IBUF (Prop_ibuf_I_O)         0.414     0.414 r  clock_in_IBUF_inst/O
                         net (fo=1, routed)           0.685     1.099    clock_in_IBUF
    BUFGCTRL_X0Y1        BUFG (Prop_bufg_I_O)         0.029     1.128 r  clock_in_IBUF_BUFG_inst/O
                         net (fo=39, routed)          0.817     1.944    clkwiz/inst/clk_in1
    MMCME2_ADV_X1Y0      MMCME2_ADV (Prop_mmcme2_adv_CLKIN1_CLKOUT0)
                                                     -1.375     0.569 r  clkwiz/inst/mmcm_adv_inst/CLKOUT0
                         net (fo=1, routed)           0.530     1.099    clkwiz/inst/clk_out1_clk_wiz_0
    BUFGCTRL_X0Y0        BUFG (Prop_bufg_I_O)         0.029     1.128 r  clkwiz/inst/clkout1_buf/O
                         net (fo=89, routed)          0.863     1.990    clk_out1
    SLICE_X6Y40          FDRE                                         r  frame_tick_reg[4]/C
                         clock pessimism             -0.502     1.488    
    SLICE_X6Y40          FDRE (Hold_fdre_C_D)         0.121     1.609    frame_tick_reg[4]
  -------------------------------------------------------------------
                         required time                         -1.609    
                         arrival time                           1.748    
  -------------------------------------------------------------------
                         slack                                  0.139    

Slack (MET) :             0.152ns  (arrival time - required time)
  Source:                 centered_reg[9]/C
                            (rising edge-triggered cell FDRE clocked by clk_out1_clk_wiz_0  {rise@0.000ns fall@13.889ns period=27.778ns})
  Destination:            sample_word_adc_reg[9]/D
                            (rising edge-triggered cell FDRE clocked by clk_out1_clk_wiz_0  {rise@0.000ns fall@13.889ns period=27.778ns})
  Path Group:             clk_out1_clk_wiz_0
  Path Type:              Hold (Min at Fast Process Corner)
  Requirement:            0.000ns  (clk_out1_clk_wiz_0 rise@0.000ns - clk_out1_clk_wiz_0 rise@0.000ns)
  Data Path Delay:        0.257ns  (logic 0.141ns (54.785%)  route 0.116ns (45.215%))
  Logic Levels:           0  
  Clock Path Skew:        0.039ns (DCD - SCD - CPR)
    Destination Clock Delay (DCD):    1.992ns
    Source Clock Delay      (SCD):    1.475ns
    Clock Pessimism Removal (CPR):    0.478ns

    Location             Delay type                Incr(ns)  Path(ns)    Netlist Resource(s)
  -------------------------------------------------------------------    -------------------
                         (clock clk_out1_clk_wiz_0 rise edge)
                                                      0.000     0.000 r  
    W5                                                0.000     0.000 r  clock_in (IN)
                         net (fo=0)                   0.000     0.000    clock_in
    W5                   IBUF (Prop_ibuf_I_O)         0.226     0.226 r  clock_in_IBUF_inst/O
                         net (fo=1, routed)           0.631     0.858    clock_in_IBUF
    BUFGCTRL_X0Y1        BUFG (Prop_bufg_I_O)         0.026     0.884 r  clock_in_IBUF_BUFG_inst/O
                         net (fo=39, routed)          0.549     1.432    clkwiz/inst/clk_in1
    MMCME2_ADV_X1Y0      MMCME2_ADV (Prop_mmcme2_adv_CLKIN1_CLKOUT0)
                                                     -1.061     0.372 r  clkwiz/inst/mmcm_adv_inst/CLKOUT0
                         net (fo=1, routed)           0.486     0.858    clkwiz/inst/clk_out1_clk_wiz_0
    BUFGCTRL_X0Y0        BUFG (Prop_bufg_I_O)         0.026     0.884 r  clkwiz/inst/clkout1_buf/O
                         net (fo=89, routed)          0.592     1.475    clk_out1
    SLICE_X5Y41          FDRE                                         r  centered_reg[9]/C
  -------------------------------------------------------------------    -------------------
    SLICE_X5Y41          FDRE (Prop_fdre_C_Q)         0.141     1.616 r  centered_reg[9]/Q
                         net (fo=1, routed)           0.116     1.732    centered_reg_n_0_[9]
    SLICE_X3Y41          FDRE                                         r  sample_word_adc_reg[9]/D
  -------------------------------------------------------------------    -------------------

                         (clock clk_out1_clk_wiz_0 rise edge)
                                                      0.000     0.000 r  
    W5                                                0.000     0.000 r  clock_in (IN)
                         net (fo=0)                   0.000     0.000    clock_in
    W5                   IBUF (Prop_ibuf_I_O)         0.414     0.414 r  clock_in_IBUF_inst/O
                         net (fo=1, routed)           0.685     1.099    clock_in_IBUF
    BUFGCTRL_X0Y1        BUFG (Prop_bufg_I_O)         0.029     1.128 r  clock_in_IBUF_BUFG_inst/O
                         net (fo=39, routed)          0.817     1.944    clkwiz/inst/clk_in1
    MMCME2_ADV_X1Y0      MMCME2_ADV (Prop_mmcme2_adv_CLKIN1_CLKOUT0)
                                                     -1.375     0.569 r  clkwiz/inst/mmcm_adv_inst/CLKOUT0
                         net (fo=1, routed)           0.530     1.099    clkwiz/inst/clk_out1_clk_wiz_0
    BUFGCTRL_X0Y0        BUFG (Prop_bufg_I_O)         0.029     1.128 r  clkwiz/inst/clkout1_buf/O
                         net (fo=89, routed)          0.865     1.992    clk_out1
    SLICE_X3Y41          FDRE                                         r  sample_word_adc_reg[9]/C
                         clock pessimism             -0.478     1.514    
    SLICE_X3Y41          FDRE (Hold_fdre_C_D)         0.066     1.580    sample_word_adc_reg[9]
  -------------------------------------------------------------------
                         required time                         -1.580    
                         arrival time                           1.732    
  -------------------------------------------------------------------
                         slack                                  0.152    

Slack (MET) :             0.160ns  (arrival time - required time)
  Source:                 sample_ack_meta_a_reg/C
                            (rising edge-triggered cell FDRE clocked by clk_out1_clk_wiz_0  {rise@0.000ns fall@13.889ns period=27.778ns})
  Destination:            sample_ack_sync_a_reg/D
                            (rising edge-triggered cell FDRE clocked by clk_out1_clk_wiz_0  {rise@0.000ns fall@13.889ns period=27.778ns})
  Path Group:             clk_out1_clk_wiz_0
  Path Type:              Hold (Min at Fast Process Corner)
  Requirement:            0.000ns  (clk_out1_clk_wiz_0 rise@0.000ns - clk_out1_clk_wiz_0 rise@0.000ns)
  Data Path Delay:        0.220ns  (logic 0.164ns (74.580%)  route 0.056ns (25.420%))
  Logic Levels:           0  
  Clock Path Skew:        0.000ns (DCD - SCD - CPR)
    Destination Clock Delay (DCD):    1.991ns
    Source Clock Delay      (SCD):    1.476ns
    Clock Pessimism Removal (CPR):    0.515ns

    Location             Delay type                Incr(ns)  Path(ns)    Netlist Resource(s)
  -------------------------------------------------------------------    -------------------
                         (clock clk_out1_clk_wiz_0 rise edge)
                                                      0.000     0.000 r  
    W5                                                0.000     0.000 r  clock_in (IN)
                         net (fo=0)                   0.000     0.000    clock_in
    W5                   IBUF (Prop_ibuf_I_O)         0.226     0.226 r  clock_in_IBUF_inst/O
                         net (fo=1, routed)           0.631     0.858    clock_in_IBUF
    BUFGCTRL_X0Y1        BUFG (Prop_bufg_I_O)         0.026     0.884 r  clock_in_IBUF_BUFG_inst/O
                         net (fo=39, routed)          0.549     1.432    clkwiz/inst/clk_in1
    MMCME2_ADV_X1Y0      MMCME2_ADV (Prop_mmcme2_adv_CLKIN1_CLKOUT0)
                                                     -1.061     0.372 r  clkwiz/inst/mmcm_adv_inst/CLKOUT0
                         net (fo=1, routed)           0.486     0.858    clkwiz/inst/clk_out1_clk_wiz_0
    BUFGCTRL_X0Y0        BUFG (Prop_bufg_I_O)         0.026     0.884 r  clkwiz/inst/clkout1_buf/O
                         net (fo=89, routed)          0.593     1.476    clk_out1
    SLICE_X2Y38          FDRE                                         r  sample_ack_meta_a_reg/C
  -------------------------------------------------------------------    -------------------
    SLICE_X2Y38          FDRE (Prop_fdre_C_Q)         0.164     1.640 r  sample_ack_meta_a_reg/Q
                         net (fo=1, routed)           0.056     1.696    sample_ack_meta_a
    SLICE_X2Y38          FDRE                                         r  sample_ack_sync_a_reg/D
  -------------------------------------------------------------------    -------------------

                         (clock clk_out1_clk_wiz_0 rise edge)
                                                      0.000     0.000 r  
    W5                                                0.000     0.000 r  clock_in (IN)
                         net (fo=0)                   0.000     0.000    clock_in
    W5                   IBUF (Prop_ibuf_I_O)         0.414     0.414 r  clock_in_IBUF_inst/O
                         net (fo=1, routed)           0.685     1.099    clock_in_IBUF
    BUFGCTRL_X0Y1        BUFG (Prop_bufg_I_O)         0.029     1.128 r  clock_in_IBUF_BUFG_inst/O
                         net (fo=39, routed)          0.817     1.944    clkwiz/inst/clk_in1
    MMCME2_ADV_X1Y0      MMCME2_ADV (Prop_mmcme2_adv_CLKIN1_CLKOUT0)
                                                     -1.375     0.569 r  clkwiz/inst/mmcm_adv_inst/CLKOUT0
                         net (fo=1, routed)           0.530     1.099    clkwiz/inst/clk_out1_clk_wiz_0
    BUFGCTRL_X0Y0        BUFG (Prop_bufg_I_O)         0.029     1.128 r  clkwiz/inst/clkout1_buf/O
                         net (fo=89, routed)          0.864     1.991    clk_out1
    SLICE_X2Y38          FDRE                                         r  sample_ack_sync_a_reg/C
                         clock pessimism             -0.515     1.476    
    SLICE_X2Y38          FDRE (Hold_fdre_C_D)         0.060     1.536    sample_ack_sync_a_reg
  -------------------------------------------------------------------
                         required time                         -1.536    
                         arrival time                           1.696    
  -------------------------------------------------------------------
                         slack                                  0.160    

Slack (MET) :             0.177ns  (arrival time - required time)
  Source:                 frame_shift_reg[0]/C
                            (rising edge-triggered cell FDRE clocked by clk_out1_clk_wiz_0  {rise@0.000ns fall@13.889ns period=27.778ns})
  Destination:            data_buf_reg[1]/D
                            (rising edge-triggered cell FDRE clocked by clk_out1_clk_wiz_0  {rise@0.000ns fall@13.889ns period=27.778ns})
  Path Group:             clk_out1_clk_wiz_0
  Path Type:              Hold (Min at Fast Process Corner)
  Requirement:            0.000ns  (clk_out1_clk_wiz_0 rise@0.000ns - clk_out1_clk_wiz_0 rise@0.000ns)
  Data Path Delay:        0.266ns  (logic 0.141ns (52.911%)  route 0.125ns (47.089%))
  Logic Levels:           0  
  Clock Path Skew:        0.013ns (DCD - SCD - CPR)
    Destination Clock Delay (DCD):    1.989ns
    Source Clock Delay      (SCD):    1.474ns
    Clock Pessimism Removal (CPR):    0.502ns

    Location             Delay type                Incr(ns)  Path(ns)    Netlist Resource(s)
  -------------------------------------------------------------------    -------------------
                         (clock clk_out1_clk_wiz_0 rise edge)
                                                      0.000     0.000 r  
    W5                                                0.000     0.000 r  clock_in (IN)
                         net (fo=0)                   0.000     0.000    clock_in
    W5                   IBUF (Prop_ibuf_I_O)         0.226     0.226 r  clock_in_IBUF_inst/O
                         net (fo=1, routed)           0.631     0.858    clock_in_IBUF
    BUFGCTRL_X0Y1        BUFG (Prop_bufg_I_O)         0.026     0.884 r  clock_in_IBUF_BUFG_inst/O
                         net (fo=39, routed)          0.549     1.432    clkwiz/inst/clk_in1
    MMCME2_ADV_X1Y0      MMCME2_ADV (Prop_mmcme2_adv_CLKIN1_CLKOUT0)
                                                     -1.061     0.372 r  clkwiz/inst/mmcm_adv_inst/CLKOUT0
                         net (fo=1, routed)           0.486     0.858    clkwiz/inst/clk_out1_clk_wiz_0
    BUFGCTRL_X0Y0        BUFG (Prop_bufg_I_O)         0.026     0.884 r  clkwiz/inst/clkout1_buf/O
                         net (fo=89, routed)          0.591     1.474    clk_out1
    SLICE_X7Y38          FDRE                                         r  frame_shift_reg[0]/C
  -------------------------------------------------------------------    -------------------
    SLICE_X7Y38          FDRE (Prop_fdre_C_Q)         0.141     1.615 r  frame_shift_reg[0]/Q
                         net (fo=2, routed)           0.125     1.741    frame_shift_reg_n_0_[0]
    SLICE_X6Y38          FDRE                                         r  data_buf_reg[1]/D
  -------------------------------------------------------------------    -------------------

                         (clock clk_out1_clk_wiz_0 rise edge)
                                                      0.000     0.000 r  
    W5                                                0.000     0.000 r  clock_in (IN)
                         net (fo=0)                   0.000     0.000    clock_in
    W5                   IBUF (Prop_ibuf_I_O)         0.414     0.414 r  clock_in_IBUF_inst/O
                         net (fo=1, routed)           0.685     1.099    clock_in_IBUF
    BUFGCTRL_X0Y1        BUFG (Prop_bufg_I_O)         0.029     1.128 r  clock_in_IBUF_BUFG_inst/O
                         net (fo=39, routed)          0.817     1.944    clkwiz/inst/clk_in1
    MMCME2_ADV_X1Y0      MMCME2_ADV (Prop_mmcme2_adv_CLKIN1_CLKOUT0)
                                                     -1.375     0.569 r  clkwiz/inst/mmcm_adv_inst/CLKOUT0
                         net (fo=1, routed)           0.530     1.099    clkwiz/inst/clk_out1_clk_wiz_0
    BUFGCTRL_X0Y0        BUFG (Prop_bufg_I_O)         0.029     1.128 r  clkwiz/inst/clkout1_buf/O
                         net (fo=89, routed)          0.862     1.989    clk_out1
    SLICE_X6Y38          FDRE                                         r  data_buf_reg[1]/C
                         clock pessimism             -0.502     1.487    
    SLICE_X6Y38          FDRE (Hold_fdre_C_D)         0.076     1.563    data_buf_reg[1]
  -------------------------------------------------------------------
                         required time                         -1.563    
                         arrival time                           1.741    
  -------------------------------------------------------------------
                         slack                                  0.177    

Slack (MET) :             0.189ns  (arrival time - required time)
  Source:                 accum_sum_reg[6]/C
                            (rising edge-triggered cell FDRE clocked by clk_out1_clk_wiz_0  {rise@0.000ns fall@13.889ns period=27.778ns})
  Destination:            centered_reg[1]/D
                            (rising edge-triggered cell FDRE clocked by clk_out1_clk_wiz_0  {rise@0.000ns fall@13.889ns period=27.778ns})
  Path Group:             clk_out1_clk_wiz_0
  Path Type:              Hold (Min at Fast Process Corner)
  Requirement:            0.000ns  (clk_out1_clk_wiz_0 rise@0.000ns - clk_out1_clk_wiz_0 rise@0.000ns)
  Data Path Delay:        0.275ns  (logic 0.141ns (51.201%)  route 0.134ns (48.799%))
  Logic Levels:           0  
  Clock Path Skew:        0.039ns (DCD - SCD - CPR)
    Destination Clock Delay (DCD):    1.991ns
    Source Clock Delay      (SCD):    1.474ns
    Clock Pessimism Removal (CPR):    0.478ns

    Location             Delay type                Incr(ns)  Path(ns)    Netlist Resource(s)
  -------------------------------------------------------------------    -------------------
                         (clock clk_out1_clk_wiz_0 rise edge)
                                                      0.000     0.000 r  
    W5                                                0.000     0.000 r  clock_in (IN)
                         net (fo=0)                   0.000     0.000    clock_in
    W5                   IBUF (Prop_ibuf_I_O)         0.226     0.226 r  clock_in_IBUF_inst/O
                         net (fo=1, routed)           0.631     0.858    clock_in_IBUF
    BUFGCTRL_X0Y1        BUFG (Prop_bufg_I_O)         0.026     0.884 r  clock_in_IBUF_BUFG_inst/O
                         net (fo=39, routed)          0.549     1.432    clkwiz/inst/clk_in1
    MMCME2_ADV_X1Y0      MMCME2_ADV (Prop_mmcme2_adv_CLKIN1_CLKOUT0)
                                                     -1.061     0.372 r  clkwiz/inst/mmcm_adv_inst/CLKOUT0
                         net (fo=1, routed)           0.486     0.858    clkwiz/inst/clk_out1_clk_wiz_0
    BUFGCTRL_X0Y0        BUFG (Prop_bufg_I_O)         0.026     0.884 r  clkwiz/inst/clkout1_buf/O
                         net (fo=89, routed)          0.591     1.474    clk_out1
    SLICE_X4Y39          FDRE                                         r  accum_sum_reg[6]/C
  -------------------------------------------------------------------    -------------------
    SLICE_X4Y39          FDRE (Prop_fdre_C_Q)         0.141     1.615 r  accum_sum_reg[6]/Q
                         net (fo=3, routed)           0.134     1.750    centered1[1]
    SLICE_X3Y39          FDRE                                         r  centered_reg[1]/D
  -------------------------------------------------------------------    -------------------

                         (clock clk_out1_clk_wiz_0 rise edge)
                                                      0.000     0.000 r  
    W5                                                0.000     0.000 r  clock_in (IN)
                         net (fo=0)                   0.000     0.000    clock_in
    W5                   IBUF (Prop_ibuf_I_O)         0.414     0.414 r  clock_in_IBUF_inst/O
                         net (fo=1, routed)           0.685     1.099    clock_in_IBUF
    BUFGCTRL_X0Y1        BUFG (Prop_bufg_I_O)         0.029     1.128 r  clock_in_IBUF_BUFG_inst/O
                         net (fo=39, routed)          0.817     1.944    clkwiz/inst/clk_in1
    MMCME2_ADV_X1Y0      MMCME2_ADV (Prop_mmcme2_adv_CLKIN1_CLKOUT0)
                                                     -1.375     0.569 r  clkwiz/inst/mmcm_adv_inst/CLKOUT0
                         net (fo=1, routed)           0.530     1.099    clkwiz/inst/clk_out1_clk_wiz_0
    BUFGCTRL_X0Y0        BUFG (Prop_bufg_I_O)         0.029     1.128 r  clkwiz/inst/clkout1_buf/O
                         net (fo=89, routed)          0.864     1.991    clk_out1
    SLICE_X3Y39          FDRE                                         r  centered_reg[1]/C
                         clock pessimism             -0.478     1.513    
    SLICE_X3Y39          FDRE (Hold_fdre_C_D)         0.047     1.560    centered_reg[1]
  -------------------------------------------------------------------
                         required time                         -1.560    
                         arrival time                           1.750    
  -------------------------------------------------------------------
                         slack                                  0.189    

Slack (MET) :             0.191ns  (arrival time - required time)
  Source:                 frame_shift_reg[4]/C
                            (rising edge-triggered cell FDRE clocked by clk_out1_clk_wiz_0  {rise@0.000ns fall@13.889ns period=27.778ns})
  Destination:            data_buf_reg[5]/D
                            (rising edge-triggered cell FDRE clocked by clk_out1_clk_wiz_0  {rise@0.000ns fall@13.889ns period=27.778ns})
  Path Group:             clk_out1_clk_wiz_0
  Path Type:              Hold (Min at Fast Process Corner)
  Requirement:            0.000ns  (clk_out1_clk_wiz_0 rise@0.000ns - clk_out1_clk_wiz_0 rise@0.000ns)
  Data Path Delay:        0.268ns  (logic 0.141ns (52.559%)  route 0.127ns (47.441%))
  Logic Levels:           0  
  Clock Path Skew:        0.013ns (DCD - SCD - CPR)
    Destination Clock Delay (DCD):    1.989ns
    Source Clock Delay      (SCD):    1.474ns
    Clock Pessimism Removal (CPR):    0.502ns

    Location             Delay type                Incr(ns)  Path(ns)    Netlist Resource(s)
  -------------------------------------------------------------------    -------------------
                         (clock clk_out1_clk_wiz_0 rise edge)
                                                      0.000     0.000 r  
    W5                                                0.000     0.000 r  clock_in (IN)
                         net (fo=0)                   0.000     0.000    clock_in
    W5                   IBUF (Prop_ibuf_I_O)         0.226     0.226 r  clock_in_IBUF_inst/O
                         net (fo=1, routed)           0.631     0.858    clock_in_IBUF
    BUFGCTRL_X0Y1        BUFG (Prop_bufg_I_O)         0.026     0.884 r  clock_in_IBUF_BUFG_inst/O
                         net (fo=39, routed)          0.549     1.432    clkwiz/inst/clk_in1
    MMCME2_ADV_X1Y0      MMCME2_ADV (Prop_mmcme2_adv_CLKIN1_CLKOUT0)
                                                     -1.061     0.372 r  clkwiz/inst/mmcm_adv_inst/CLKOUT0
                         net (fo=1, routed)           0.486     0.858    clkwiz/inst/clk_out1_clk_wiz_0
    BUFGCTRL_X0Y0        BUFG (Prop_bufg_I_O)         0.026     0.884 r  clkwiz/inst/clkout1_buf/O
                         net (fo=89, routed)          0.591     1.474    clk_out1
    SLICE_X7Y38          FDRE                                         r  frame_shift_reg[4]/C
  -------------------------------------------------------------------    -------------------
    SLICE_X7Y38          FDRE (Prop_fdre_C_Q)         0.141     1.615 r  frame_shift_reg[4]/Q
                         net (fo=2, routed)           0.127     1.742    frame_shift_reg_n_0_[4]
    SLICE_X6Y38          FDRE                                         r  data_buf_reg[5]/D
  -------------------------------------------------------------------    -------------------

                         (clock clk_out1_clk_wiz_0 rise edge)
                                                      0.000     0.000 r  
    W5                                                0.000     0.000 r  clock_in (IN)
                         net (fo=0)                   0.000     0.000    clock_in
    W5                   IBUF (Prop_ibuf_I_O)         0.414     0.414 r  clock_in_IBUF_inst/O
                         net (fo=1, routed)           0.685     1.099    clock_in_IBUF
    BUFGCTRL_X0Y1        BUFG (Prop_bufg_I_O)         0.029     1.128 r  clock_in_IBUF_BUFG_inst/O
                         net (fo=39, routed)          0.817     1.944    clkwiz/inst/clk_in1
    MMCME2_ADV_X1Y0      MMCME2_ADV (Prop_mmcme2_adv_CLKIN1_CLKOUT0)
                                                     -1.375     0.569 r  clkwiz/inst/mmcm_adv_inst/CLKOUT0
                         net (fo=1, routed)           0.530     1.099    clkwiz/inst/clk_out1_clk_wiz_0
    BUFGCTRL_X0Y0        BUFG (Prop_bufg_I_O)         0.029     1.128 r  clkwiz/inst/clkout1_buf/O
                         net (fo=89, routed)          0.862     1.989    clk_out1
    SLICE_X6Y38          FDRE                                         r  data_buf_reg[5]/C
                         clock pessimism             -0.502     1.487    
    SLICE_X6Y38          FDRE (Hold_fdre_C_D)         0.064     1.551    data_buf_reg[5]
  -------------------------------------------------------------------
                         required time                         -1.551    
                         arrival time                           1.742    
  -------------------------------------------------------------------
                         slack                                  0.191    

Slack (MET) :             0.192ns  (arrival time - required time)
  Source:                 frame_shift_reg[2]/C
                            (rising edge-triggered cell FDRE clocked by clk_out1_clk_wiz_0  {rise@0.000ns fall@13.889ns period=27.778ns})
  Destination:            data_buf_reg[3]/D
                            (rising edge-triggered cell FDRE clocked by clk_out1_clk_wiz_0  {rise@0.000ns fall@13.889ns period=27.778ns})
  Path Group:             clk_out1_clk_wiz_0
  Path Type:              Hold (Min at Fast Process Corner)
  Requirement:            0.000ns  (clk_out1_clk_wiz_0 rise@0.000ns - clk_out1_clk_wiz_0 rise@0.000ns)
  Data Path Delay:        0.268ns  (logic 0.141ns (52.559%)  route 0.127ns (47.441%))
  Logic Levels:           0  
  Clock Path Skew:        0.013ns (DCD - SCD - CPR)
    Destination Clock Delay (DCD):    1.989ns
    Source Clock Delay      (SCD):    1.474ns
    Clock Pessimism Removal (CPR):    0.502ns

    Location             Delay type                Incr(ns)  Path(ns)    Netlist Resource(s)
  -------------------------------------------------------------------    -------------------
                         (clock clk_out1_clk_wiz_0 rise edge)
                                                      0.000     0.000 r  
    W5                                                0.000     0.000 r  clock_in (IN)
                         net (fo=0)                   0.000     0.000    clock_in
    W5                   IBUF (Prop_ibuf_I_O)         0.226     0.226 r  clock_in_IBUF_inst/O
                         net (fo=1, routed)           0.631     0.858    clock_in_IBUF
    BUFGCTRL_X0Y1        BUFG (Prop_bufg_I_O)         0.026     0.884 r  clock_in_IBUF_BUFG_inst/O
                         net (fo=39, routed)          0.549     1.432    clkwiz/inst/clk_in1
    MMCME2_ADV_X1Y0      MMCME2_ADV (Prop_mmcme2_adv_CLKIN1_CLKOUT0)
                                                     -1.061     0.372 r  clkwiz/inst/mmcm_adv_inst/CLKOUT0
                         net (fo=1, routed)           0.486     0.858    clkwiz/inst/clk_out1_clk_wiz_0
    BUFGCTRL_X0Y0        BUFG (Prop_bufg_I_O)         0.026     0.884 r  clkwiz/inst/clkout1_buf/O
                         net (fo=89, routed)          0.591     1.474    clk_out1
    SLICE_X7Y38          FDRE                                         r  frame_shift_reg[2]/C
  -------------------------------------------------------------------    -------------------
    SLICE_X7Y38          FDRE (Prop_fdre_C_Q)         0.141     1.615 r  frame_shift_reg[2]/Q
                         net (fo=2, routed)           0.127     1.742    frame_shift_reg_n_0_[2]
    SLICE_X6Y38          FDRE                                         r  data_buf_reg[3]/D
  -------------------------------------------------------------------    -------------------

                         (clock clk_out1_clk_wiz_0 rise edge)
                                                      0.000     0.000 r  
    W5                                                0.000     0.000 r  clock_in (IN)
                         net (fo=0)                   0.000     0.000    clock_in
    W5                   IBUF (Prop_ibuf_I_O)         0.414     0.414 r  clock_in_IBUF_inst/O
                         net (fo=1, routed)           0.685     1.099    clock_in_IBUF
    BUFGCTRL_X0Y1        BUFG (Prop_bufg_I_O)         0.029     1.128 r  clock_in_IBUF_BUFG_inst/O
                         net (fo=39, routed)          0.817     1.944    clkwiz/inst/clk_in1
    MMCME2_ADV_X1Y0      MMCME2_ADV (Prop_mmcme2_adv_CLKIN1_CLKOUT0)
                                                     -1.375     0.569 r  clkwiz/inst/mmcm_adv_inst/CLKOUT0
                         net (fo=1, routed)           0.530     1.099    clkwiz/inst/clk_out1_clk_wiz_0
    BUFGCTRL_X0Y0        BUFG (Prop_bufg_I_O)         0.029     1.128 r  clkwiz/inst/clkout1_buf/O
                         net (fo=89, routed)          0.862     1.989    clk_out1
    SLICE_X6Y38          FDRE                                         r  data_buf_reg[3]/C
                         clock pessimism             -0.502     1.487    
    SLICE_X6Y38          FDRE (Hold_fdre_C_D)         0.063     1.550    data_buf_reg[3]
  -------------------------------------------------------------------
                         required time                         -1.550    
                         arrival time                           1.742    
  -------------------------------------------------------------------
                         slack                                  0.192    

Slack (MET) :             0.192ns  (arrival time - required time)
  Source:                 frame_shift_reg[6]/C
                            (rising edge-triggered cell FDRE clocked by clk_out1_clk_wiz_0  {rise@0.000ns fall@13.889ns period=27.778ns})
  Destination:            data_buf_reg[7]/D
                            (rising edge-triggered cell FDRE clocked by clk_out1_clk_wiz_0  {rise@0.000ns fall@13.889ns period=27.778ns})
  Path Group:             clk_out1_clk_wiz_0
  Path Type:              Hold (Min at Fast Process Corner)
  Requirement:            0.000ns  (clk_out1_clk_wiz_0 rise@0.000ns - clk_out1_clk_wiz_0 rise@0.000ns)
  Data Path Delay:        0.268ns  (logic 0.141ns (52.559%)  route 0.127ns (47.441%))
  Logic Levels:           0  
  Clock Path Skew:        0.013ns (DCD - SCD - CPR)
    Destination Clock Delay (DCD):    1.989ns
    Source Clock Delay      (SCD):    1.474ns
    Clock Pessimism Removal (CPR):    0.502ns

    Location             Delay type                Incr(ns)  Path(ns)    Netlist Resource(s)
  -------------------------------------------------------------------    -------------------
                         (clock clk_out1_clk_wiz_0 rise edge)
                                                      0.000     0.000 r  
    W5                                                0.000     0.000 r  clock_in (IN)
                         net (fo=0)                   0.000     0.000    clock_in
    W5                   IBUF (Prop_ibuf_I_O)         0.226     0.226 r  clock_in_IBUF_inst/O
                         net (fo=1, routed)           0.631     0.858    clock_in_IBUF
    BUFGCTRL_X0Y1        BUFG (Prop_bufg_I_O)         0.026     0.884 r  clock_in_IBUF_BUFG_inst/O
                         net (fo=39, routed)          0.549     1.432    clkwiz/inst/clk_in1
    MMCME2_ADV_X1Y0      MMCME2_ADV (Prop_mmcme2_adv_CLKIN1_CLKOUT0)
                                                     -1.061     0.372 r  clkwiz/inst/mmcm_adv_inst/CLKOUT0
                         net (fo=1, routed)           0.486     0.858    clkwiz/inst/clk_out1_clk_wiz_0
    BUFGCTRL_X0Y0        BUFG (Prop_bufg_I_O)         0.026     0.884 r  clkwiz/inst/clkout1_buf/O
                         net (fo=89, routed)          0.591     1.474    clk_out1
    SLICE_X7Y39          FDRE                                         r  frame_shift_reg[6]/C
  -------------------------------------------------------------------    -------------------
    SLICE_X7Y39          FDRE (Prop_fdre_C_Q)         0.141     1.615 r  frame_shift_reg[6]/Q
                         net (fo=2, routed)           0.127     1.742    frame_shift_reg_n_0_[6]
    SLICE_X6Y39          FDRE                                         r  data_buf_reg[7]/D
  -------------------------------------------------------------------    -------------------

                         (clock clk_out1_clk_wiz_0 rise edge)
                                                      0.000     0.000 r  
    W5                                                0.000     0.000 r  clock_in (IN)
                         net (fo=0)                   0.000     0.000    clock_in
    W5                   IBUF (Prop_ibuf_I_O)         0.414     0.414 r  clock_in_IBUF_inst/O
                         net (fo=1, routed)           0.685     1.099    clock_in_IBUF
    BUFGCTRL_X0Y1        BUFG (Prop_bufg_I_O)         0.029     1.128 r  clock_in_IBUF_BUFG_inst/O
                         net (fo=39, routed)          0.817     1.944    clkwiz/inst/clk_in1
    MMCME2_ADV_X1Y0      MMCME2_ADV (Prop_mmcme2_adv_CLKIN1_CLKOUT0)
                                                     -1.375     0.569 r  clkwiz/inst/mmcm_adv_inst/CLKOUT0
                         net (fo=1, routed)           0.530     1.099    clkwiz/inst/clk_out1_clk_wiz_0
    BUFGCTRL_X0Y0        BUFG (Prop_bufg_I_O)         0.029     1.128 r  clkwiz/inst/clkout1_buf/O
                         net (fo=89, routed)          0.862     1.989    clk_out1
    SLICE_X6Y39          FDRE                                         r  data_buf_reg[7]/C
                         clock pessimism             -0.502     1.487    
    SLICE_X6Y39          FDRE (Hold_fdre_C_D)         0.063     1.550    data_buf_reg[7]
  -------------------------------------------------------------------
                         required time                         -1.550    
                         arrival time                           1.742    
  -------------------------------------------------------------------
                         slack                                  0.192    

Slack (MET) :             0.201ns  (arrival time - required time)
  Source:                 centered_reg[10]/C
                            (rising edge-triggered cell FDRE clocked by clk_out1_clk_wiz_0  {rise@0.000ns fall@13.889ns period=27.778ns})
  Destination:            sample_word_adc_reg[10]/D
                            (rising edge-triggered cell FDRE clocked by clk_out1_clk_wiz_0  {rise@0.000ns fall@13.889ns period=27.778ns})
  Path Group:             clk_out1_clk_wiz_0
  Path Type:              Hold (Min at Fast Process Corner)
  Requirement:            0.000ns  (clk_out1_clk_wiz_0 rise@0.000ns - clk_out1_clk_wiz_0 rise@0.000ns)
  Data Path Delay:        0.310ns  (logic 0.141ns (45.479%)  route 0.169ns (54.521%))
  Logic Levels:           0  
  Clock Path Skew:        0.039ns (DCD - SCD - CPR)
    Destination Clock Delay (DCD):    1.992ns
    Source Clock Delay      (SCD):    1.475ns
    Clock Pessimism Removal (CPR):    0.478ns

    Location             Delay type                Incr(ns)  Path(ns)    Netlist Resource(s)
  -------------------------------------------------------------------    -------------------
                         (clock clk_out1_clk_wiz_0 rise edge)
                                                      0.000     0.000 r  
    W5                                                0.000     0.000 r  clock_in (IN)
                         net (fo=0)                   0.000     0.000    clock_in
    W5                   IBUF (Prop_ibuf_I_O)         0.226     0.226 r  clock_in_IBUF_inst/O
                         net (fo=1, routed)           0.631     0.858    clock_in_IBUF
    BUFGCTRL_X0Y1        BUFG (Prop_bufg_I_O)         0.026     0.884 r  clock_in_IBUF_BUFG_inst/O
                         net (fo=39, routed)          0.549     1.432    clkwiz/inst/clk_in1
    MMCME2_ADV_X1Y0      MMCME2_ADV (Prop_mmcme2_adv_CLKIN1_CLKOUT0)
                                                     -1.061     0.372 r  clkwiz/inst/mmcm_adv_inst/CLKOUT0
                         net (fo=1, routed)           0.486     0.858    clkwiz/inst/clk_out1_clk_wiz_0
    BUFGCTRL_X0Y0        BUFG (Prop_bufg_I_O)         0.026     0.884 r  clkwiz/inst/clkout1_buf/O
                         net (fo=89, routed)          0.592     1.475    clk_out1
    SLICE_X5Y41          FDRE                                         r  centered_reg[10]/C
  -------------------------------------------------------------------    -------------------
    SLICE_X5Y41          FDRE (Prop_fdre_C_Q)         0.141     1.616 r  centered_reg[10]/Q
                         net (fo=1, routed)           0.169     1.785    centered_reg_n_0_[10]
    SLICE_X3Y41          FDRE                                         r  sample_word_adc_reg[10]/D
  -------------------------------------------------------------------    -------------------

                         (clock clk_out1_clk_wiz_0 rise edge)
                                                      0.000     0.000 r  
    W5                                                0.000     0.000 r  clock_in (IN)
                         net (fo=0)                   0.000     0.000    clock_in
    W5                   IBUF (Prop_ibuf_I_O)         0.414     0.414 r  clock_in_IBUF_inst/O
                         net (fo=1, routed)           0.685     1.099    clock_in_IBUF
    BUFGCTRL_X0Y1        BUFG (Prop_bufg_I_O)         0.029     1.128 r  clock_in_IBUF_BUFG_inst/O
                         net (fo=39, routed)          0.817     1.944    clkwiz/inst/clk_in1
    MMCME2_ADV_X1Y0      MMCME2_ADV (Prop_mmcme2_adv_CLKIN1_CLKOUT0)
                                                     -1.375     0.569 r  clkwiz/inst/mmcm_adv_inst/CLKOUT0
                         net (fo=1, routed)           0.530     1.099    clkwiz/inst/clk_out1_clk_wiz_0
    BUFGCTRL_X0Y0        BUFG (Prop_bufg_I_O)         0.029     1.128 r  clkwiz/inst/clkout1_buf/O
                         net (fo=89, routed)          0.865     1.992    clk_out1
    SLICE_X3Y41          FDRE                                         r  sample_word_adc_reg[10]/C
                         clock pessimism             -0.478     1.514    
    SLICE_X3Y41          FDRE (Hold_fdre_C_D)         0.070     1.584    sample_word_adc_reg[10]
  -------------------------------------------------------------------
                         required time                         -1.584    
                         arrival time                           1.785    
  -------------------------------------------------------------------
                         slack                                  0.201    





Pulse Width Checks
--------------------------------------------------------------------------------------
Clock Name:         clk_out1_clk_wiz_0
Waveform(ns):       { 0.000 13.889 }
Period(ns):         27.778
Sources:            { clkwiz/inst/mmcm_adv_inst/CLKOUT0 }

Check Type        Corner  Lib Pin             Reference Pin  Required(ns)  Actual(ns)  Slack(ns)  Location         Pin
Min Period        n/a     BUFG/I              n/a            2.155         27.778      25.623     BUFGCTRL_X0Y0    clkwiz/inst/clkout1_buf/I
Min Period        n/a     MMCME2_ADV/CLKOUT0  n/a            1.249         27.778      26.529     MMCME2_ADV_X1Y0  clkwiz/inst/mmcm_adv_inst/CLKOUT0
Min Period        n/a     FDRE/C              n/a            1.000         27.778      26.778     SLICE_X7Y41      FSM_sequential_adc_state_reg[0]/C
Min Period        n/a     FDRE/C              n/a            1.000         27.778      26.778     SLICE_X6Y41      FSM_sequential_adc_state_reg[1]/C
Min Period        n/a     FDRE/C              n/a            1.000         27.778      26.778     SLICE_X7Y41      FSM_sequential_adc_state_reg[2]/C
Min Period        n/a     FDRE/C              n/a            1.000         27.778      26.778     SLICE_X7Y41      FSM_sequential_adc_state_reg[3]/C
Min Period        n/a     FDRE/C              n/a            1.000         27.778      26.778     SLICE_X4Y38      accum_sum_reg[0]/C
Min Period        n/a     FDRE/C              n/a            1.000         27.778      26.778     SLICE_X4Y40      accum_sum_reg[10]/C
Min Period        n/a     FDRE/C              n/a            1.000         27.778      26.778     SLICE_X4Y40      accum_sum_reg[11]/C
Min Period        n/a     FDRE/C              n/a            1.000         27.778      26.778     SLICE_X4Y40      accum_sum_reg[12]/C
Max Period        n/a     MMCME2_ADV/CLKOUT0  n/a            213.360       27.778      185.582    MMCME2_ADV_X1Y0  clkwiz/inst/mmcm_adv_inst/CLKOUT0
Low Pulse Width   Slow    FDRE/C              n/a            0.500         13.889      13.389     SLICE_X7Y41      FSM_sequential_adc_state_reg[0]/C
Low Pulse Width   Fast    FDRE/C              n/a            0.500         13.889      13.389     SLICE_X7Y41      FSM_sequential_adc_state_reg[0]/C
Low Pulse Width   Slow    FDRE/C              n/a            0.500         13.889      13.389     SLICE_X6Y41      FSM_sequential_adc_state_reg[1]/C
Low Pulse Width   Fast    FDRE/C              n/a            0.500         13.889      13.389     SLICE_X6Y41      FSM_sequential_adc_state_reg[1]/C
Low Pulse Width   Slow    FDRE/C              n/a            0.500         13.889      13.389     SLICE_X7Y41      FSM_sequential_adc_state_reg[2]/C
Low Pulse Width   Fast    FDRE/C              n/a            0.500         13.889      13.389     SLICE_X7Y41      FSM_sequential_adc_state_reg[2]/C
Low Pulse Width   Slow    FDRE/C              n/a            0.500         13.889      13.389     SLICE_X7Y41      FSM_sequential_adc_state_reg[3]/C
Low Pulse Width   Fast    FDRE/C              n/a            0.500         13.889      13.389     SLICE_X7Y41      FSM_sequential_adc_state_reg[3]/C
Low Pulse Width   Slow    FDRE/C              n/a            0.500         13.889      13.389     SLICE_X4Y38      accum_sum_reg[0]/C
Low Pulse Width   Fast    FDRE/C              n/a            0.500         13.889      13.389     SLICE_X4Y38      accum_sum_reg[0]/C
High Pulse Width  Slow    FDRE/C              n/a            0.500         13.889      13.389     SLICE_X7Y41      FSM_sequential_adc_state_reg[0]/C
High Pulse Width  Fast    FDRE/C              n/a            0.500         13.889      13.389     SLICE_X7Y41      FSM_sequential_adc_state_reg[0]/C
High Pulse Width  Slow    FDRE/C              n/a            0.500         13.889      13.389     SLICE_X6Y41      FSM_sequential_adc_state_reg[1]/C
High Pulse Width  Fast    FDRE/C              n/a            0.500         13.889      13.389     SLICE_X6Y41      FSM_sequential_adc_state_reg[1]/C
High Pulse Width  Slow    FDRE/C              n/a            0.500         13.889      13.389     SLICE_X7Y41      FSM_sequential_adc_state_reg[2]/C
High Pulse Width  Fast    FDRE/C              n/a            0.500         13.889      13.389     SLICE_X7Y41      FSM_sequential_adc_state_reg[2]/C
High Pulse Width  Slow    FDRE/C              n/a            0.500         13.889      13.389     SLICE_X7Y41      FSM_sequential_adc_state_reg[3]/C
High Pulse Width  Fast    FDRE/C              n/a            0.500         13.889      13.389     SLICE_X7Y41      FSM_sequential_adc_state_reg[3]/C
High Pulse Width  Slow    FDRE/C              n/a            0.500         13.889      13.389     SLICE_X4Y38      accum_sum_reg[0]/C
High Pulse Width  Fast    FDRE/C              n/a            0.500         13.889      13.389     SLICE_X4Y38      accum_sum_reg[0]/C



---------------------------------------------------------------------------------------------------
From Clock:  clkfbout_clk_wiz_0
  To Clock:  clkfbout_clk_wiz_0

Setup :           NA  Failing Endpoints,  Worst Slack           NA  ,  Total Violation           NA
Hold  :           NA  Failing Endpoints,  Worst Slack           NA  ,  Total Violation           NA
PW    :            0  Failing Endpoints,  Worst Slack       47.845ns,  Total Violation        0.000ns
---------------------------------------------------------------------------------------------------


Pulse Width Checks
--------------------------------------------------------------------------------------
Clock Name:         clkfbout_clk_wiz_0
Waveform(ns):       { 0.000 25.000 }
Period(ns):         50.000
Sources:            { clkwiz/inst/mmcm_adv_inst/CLKFBOUT }

Check Type  Corner  Lib Pin              Reference Pin  Required(ns)  Actual(ns)  Slack(ns)  Location         Pin
Min Period  n/a     BUFG/I               n/a            2.155         50.000      47.845     BUFGCTRL_X0Y2    clkwiz/inst/clkf_buf/I
Min Period  n/a     MMCME2_ADV/CLKFBOUT  n/a            1.249         50.000      48.751     MMCME2_ADV_X1Y0  clkwiz/inst/mmcm_adv_inst/CLKFBOUT
Min Period  n/a     MMCME2_ADV/CLKFBIN   n/a            1.249         50.000      48.751     MMCME2_ADV_X1Y0  clkwiz/inst/mmcm_adv_inst/CLKFBIN
Max Period  n/a     MMCME2_ADV/CLKFBIN   n/a            100.000       50.000      50.000     MMCME2_ADV_X1Y0  clkwiz/inst/mmcm_adv_inst/CLKFBIN
Max Period  n/a     MMCME2_ADV/CLKFBOUT  n/a            213.360       50.000      163.360    MMCME2_ADV_X1Y0  clkwiz/inst/mmcm_adv_inst/CLKFBOUT



--------------------------------------------------------------------------------------
Path Group:  (none)
From Clock:  
  To Clock:  

Max Delay             1 Endpoint
Min Delay             1 Endpoint
--------------------------------------------------------------------------------------


Max Delay Paths
--------------------------------------------------------------------------------------
Slack:                    inf
  Source:                 start_in
                            (input port)
  Destination:            ready_out
                            (output port)
  Path Group:             (none)
  Path Type:              Max at Slow Process Corner
  Data Path Delay:        10.040ns  (logic 5.083ns (50.622%)  route 4.958ns (49.378%))
  Logic Levels:           3  (IBUF=1 LUT6=1 OBUF=1)
  Timing Exception:       False Path

    Location             Delay type                Incr(ns)  Path(ns)    Netlist Resource(s)
  -------------------------------------------------------------------    -------------------
    T18                                               0.000     0.000 f  start_in (IN)
                         net (fo=0)                   0.000     0.000    start_in
    T18                  IBUF (Prop_ibuf_I_O)         1.454     1.454 f  start_in_IBUF_inst/O
                         net (fo=3, routed)           2.046     3.500    start_in_IBUF
    SLICE_X0Y38          LUT6 (Prop_lut6_I1_O)        0.124     3.624 r  ready_out_OBUF_inst_i_1/O
                         net (fo=1, routed)           2.912     6.535    ready_out_OBUF
    U16                  OBUF (Prop_obuf_I_O)         3.505    10.040 r  ready_out_OBUF_inst/O
                         net (fo=0)                   0.000    10.040    ready_out
    U16                                                               r  ready_out (OUT)
  -------------------------------------------------------------------    -------------------





Min Delay Paths
--------------------------------------------------------------------------------------
Slack:                    inf
  Source:                 start_in
                            (input port)
  Destination:            ready_out
                            (output port)
  Path Group:             (none)
  Path Type:              Min at Fast Process Corner
  Data Path Delay:        3.197ns  (logic 1.473ns (46.062%)  route 1.725ns (53.938%))
  Logic Levels:           3  (IBUF=1 LUT6=1 OBUF=1)
  Timing Exception:       False Path

    Location             Delay type                Incr(ns)  Path(ns)    Netlist Resource(s)
  -------------------------------------------------------------------    -------------------
    T18                                               0.000     0.000 f  start_in (IN)
                         net (fo=0)                   0.000     0.000    start_in
    T18                  IBUF (Prop_ibuf_I_O)         0.222     0.222 f  start_in_IBUF_inst/O
                         net (fo=3, routed)           0.847     1.069    start_in_IBUF
    SLICE_X0Y38          LUT6 (Prop_lut6_I1_O)        0.045     1.114 r  ready_out_OBUF_inst_i_1/O
                         net (fo=1, routed)           0.878     1.992    ready_out_OBUF
    U16                  OBUF (Prop_obuf_I_O)         1.206     3.197 r  ready_out_OBUF_inst/O
                         net (fo=0)                   0.000     3.197    ready_out
    U16                                                               r  ready_out (OUT)
  -------------------------------------------------------------------    -------------------





--------------------------------------------------------------------------------------
Path Group:  (none)
From Clock:  sys_clk_pin
  To Clock:  

Max Delay             2 Endpoints
Min Delay             2 Endpoints
--------------------------------------------------------------------------------------


Max Delay Paths
--------------------------------------------------------------------------------------
Slack:                    inf
  Source:                 txd_r_reg/C
                            (rising edge-triggered cell FDSE clocked by sys_clk_pin  {rise@0.000ns fall@5.000ns period=10.000ns})
  Destination:            txd_out
                            (output port)
  Path Group:             (none)
  Path Type:              Max at Slow Process Corner
  Data Path Delay:        8.556ns  (logic 4.112ns (48.058%)  route 4.444ns (51.942%))
  Logic Levels:           1  (OBUF=1)
  Clock Uncertainty:      0.025ns  ((TSJ^2 + TIJ^2)^1/2 + DJ) / 2 + PE
    Total System Jitter     (TSJ):    0.050ns
    Total Input Jitter      (TIJ):    0.000ns
    Discrete Jitter          (DJ):    0.000ns
    Phase Error              (PE):    0.000ns
  Timing Exception:       False Path

    Location             Delay type                Incr(ns)  Path(ns)    Netlist Resource(s)
  -------------------------------------------------------------------    -------------------
                         (clock sys_clk_pin rise edge)
                                                      0.000     0.000 r  
    W5                                                0.000     0.000 r  clock_in (IN)
                         net (fo=0)                   0.000     0.000    clock_in
    W5                   IBUF (Prop_ibuf_I_O)         1.458     1.458 r  clock_in_IBUF_inst/O
                         net (fo=1, routed)           1.967     3.425    clock_in_IBUF
    BUFGCTRL_X0Y1        BUFG (Prop_bufg_I_O)         0.096     3.521 r  clock_in_IBUF_BUFG_inst/O
                         net (fo=39, routed)          1.636     5.157    clock_in_IBUF_BUFG
    SLICE_X0Y39          FDSE                                         r  txd_r_reg/C
  -------------------------------------------------------------------    -------------------
    SLICE_X0Y39          FDSE (Prop_fdse_C_Q)         0.419     5.576 r  txd_r_reg/Q
                         net (fo=1, routed)           4.444    10.020    txd_out_OBUF
    A18                  OBUF (Prop_obuf_I_O)         3.693    13.713 r  txd_out_OBUF_inst/O
                         net (fo=0)                   0.000    13.713    txd_out
    A18                                                               r  txd_out (OUT)
  -------------------------------------------------------------------    -------------------

Slack:                    inf
  Source:                 FSM_sequential_uart_state_reg[0]/C
                            (rising edge-triggered cell FDRE clocked by sys_clk_pin  {rise@0.000ns fall@5.000ns period=10.000ns})
  Destination:            ready_out
                            (output port)
  Path Group:             (none)
  Path Type:              Max at Slow Process Corner
  Data Path Delay:        7.874ns  (logic 4.085ns (51.879%)  route 3.789ns (48.121%))
  Logic Levels:           2  (LUT6=1 OBUF=1)
  Clock Uncertainty:      0.025ns  ((TSJ^2 + TIJ^2)^1/2 + DJ) / 2 + PE
    Total System Jitter     (TSJ):    0.050ns
    Total Input Jitter      (TIJ):    0.000ns
    Discrete Jitter          (DJ):    0.000ns
    Phase Error              (PE):    0.000ns
  Timing Exception:       False Path

    Location             Delay type                Incr(ns)  Path(ns)    Netlist Resource(s)
  -------------------------------------------------------------------    -------------------
                         (clock sys_clk_pin rise edge)
                                                      0.000     0.000 r  
    W5                                                0.000     0.000 r  clock_in (IN)
                         net (fo=0)                   0.000     0.000    clock_in
    W5                   IBUF (Prop_ibuf_I_O)         1.458     1.458 r  clock_in_IBUF_inst/O
                         net (fo=1, routed)           1.967     3.425    clock_in_IBUF
    BUFGCTRL_X0Y1        BUFG (Prop_bufg_I_O)         0.096     3.521 r  clock_in_IBUF_BUFG_inst/O
                         net (fo=39, routed)          1.636     5.157    clock_in_IBUF_BUFG
    SLICE_X0Y39          FDRE                                         r  FSM_sequential_uart_state_reg[0]/C
  -------------------------------------------------------------------    -------------------
    SLICE_X0Y39          FDRE (Prop_fdre_C_Q)         0.456     5.613 f  FSM_sequential_uart_state_reg[0]/Q
                         net (fo=16, routed)          0.877     6.490    uart_state[0]
    SLICE_X0Y38          LUT6 (Prop_lut6_I3_O)        0.124     6.614 r  ready_out_OBUF_inst_i_1/O
                         net (fo=1, routed)           2.912     9.526    ready_out_OBUF
    U16                  OBUF (Prop_obuf_I_O)         3.505    13.031 r  ready_out_OBUF_inst/O
                         net (fo=0)                   0.000    13.031    ready_out
    U16                                                               r  ready_out (OUT)
  -------------------------------------------------------------------    -------------------





Min Delay Paths
--------------------------------------------------------------------------------------
Slack:                    inf
  Source:                 FSM_sequential_uart_state_reg[1]/C
                            (rising edge-triggered cell FDRE clocked by sys_clk_pin  {rise@0.000ns fall@5.000ns period=10.000ns})
  Destination:            ready_out
                            (output port)
  Path Group:             (none)
  Path Type:              Min at Fast Process Corner
  Data Path Delay:        2.451ns  (logic 1.392ns (56.781%)  route 1.059ns (43.219%))
  Logic Levels:           2  (LUT6=1 OBUF=1)
  Clock Uncertainty:      0.025ns  ((TSJ^2 + TIJ^2)^1/2 + DJ) / 2 + PE
    Total System Jitter     (TSJ):    0.050ns
    Total Input Jitter      (TIJ):    0.000ns
    Discrete Jitter          (DJ):    0.000ns
    Phase Error              (PE):    0.000ns
  Timing Exception:       False Path

    Location             Delay type                Incr(ns)  Path(ns)    Netlist Resource(s)
  -------------------------------------------------------------------    -------------------
                         (clock sys_clk_pin rise edge)
                                                      0.000     0.000 r  
    W5                                                0.000     0.000 r  clock_in (IN)
                         net (fo=0)                   0.000     0.000    clock_in
    W5                   IBUF (Prop_ibuf_I_O)         0.226     0.226 r  clock_in_IBUF_inst/O
                         net (fo=1, routed)           0.631     0.858    clock_in_IBUF
    BUFGCTRL_X0Y1        BUFG (Prop_bufg_I_O)         0.026     0.884 r  clock_in_IBUF_BUFG_inst/O
                         net (fo=39, routed)          0.593     1.476    clock_in_IBUF_BUFG
    SLICE_X0Y38          FDRE                                         r  FSM_sequential_uart_state_reg[1]/C
  -------------------------------------------------------------------    -------------------
    SLICE_X0Y38          FDRE (Prop_fdre_C_Q)         0.141     1.617 f  FSM_sequential_uart_state_reg[1]/Q
                         net (fo=16, routed)          0.182     1.799    uart_state[1]
    SLICE_X0Y38          LUT6 (Prop_lut6_I2_O)        0.045     1.844 r  ready_out_OBUF_inst_i_1/O
                         net (fo=1, routed)           0.878     2.722    ready_out_OBUF
    U16                  OBUF (Prop_obuf_I_O)         1.206     3.927 r  ready_out_OBUF_inst/O
                         net (fo=0)                   0.000     3.927    ready_out
    U16                                                               r  ready_out (OUT)
  -------------------------------------------------------------------    -------------------

Slack:                    inf
  Source:                 txd_r_reg/C
                            (rising edge-triggered cell FDSE clocked by sys_clk_pin  {rise@0.000ns fall@5.000ns period=10.000ns})
  Destination:            txd_out
                            (output port)
  Path Group:             (none)
  Path Type:              Min at Fast Process Corner
  Data Path Delay:        3.000ns  (logic 1.401ns (46.694%)  route 1.599ns (53.306%))
  Logic Levels:           1  (OBUF=1)
  Clock Uncertainty:      0.025ns  ((TSJ^2 + TIJ^2)^1/2 + DJ) / 2 + PE
    Total System Jitter     (TSJ):    0.050ns
    Total Input Jitter      (TIJ):    0.000ns
    Discrete Jitter          (DJ):    0.000ns
    Phase Error              (PE):    0.000ns
  Timing Exception:       False Path

    Location             Delay type                Incr(ns)  Path(ns)    Netlist Resource(s)
  -------------------------------------------------------------------    -------------------
                         (clock sys_clk_pin rise edge)
                                                      0.000     0.000 r  
    W5                                                0.000     0.000 r  clock_in (IN)
                         net (fo=0)                   0.000     0.000    clock_in
    W5                   IBUF (Prop_ibuf_I_O)         0.226     0.226 r  clock_in_IBUF_inst/O
                         net (fo=1, routed)           0.631     0.858    clock_in_IBUF
    BUFGCTRL_X0Y1        BUFG (Prop_bufg_I_O)         0.026     0.884 r  clock_in_IBUF_BUFG_inst/O
                         net (fo=39, routed)          0.593     1.476    clock_in_IBUF_BUFG
    SLICE_X0Y39          FDSE                                         r  txd_r_reg/C
  -------------------------------------------------------------------    -------------------
    SLICE_X0Y39          FDSE (Prop_fdse_C_Q)         0.128     1.604 r  txd_r_reg/Q
                         net (fo=1, routed)           1.599     3.203    txd_out_OBUF
    A18                  OBUF (Prop_obuf_I_O)         1.273     4.476 r  txd_out_OBUF_inst/O
                         net (fo=0)                   0.000     4.476    txd_out
    A18                                                               r  txd_out (OUT)
  -------------------------------------------------------------------    -------------------





--------------------------------------------------------------------------------------
Path Group:  (none)
From Clock:  
  To Clock:  clk_out1_clk_wiz_0

Max Delay           101 Endpoints
Min Delay           101 Endpoints
--------------------------------------------------------------------------------------


Max Delay Paths
--------------------------------------------------------------------------------------
Slack:                    inf
  Source:                 reset_in
                            (input port)
  Destination:            decim_count_reg[0]/R
                            (rising edge-triggered cell FDRE clocked by clk_out1_clk_wiz_0  {rise@0.000ns fall@13.889ns period=27.778ns})
  Path Group:             (none)
  Path Type:              Setup (Max at Slow Process Corner)
  Data Path Delay:        5.780ns  (logic 1.565ns (27.083%)  route 4.214ns (72.917%))
  Logic Levels:           2  (IBUF=1 LUT2=1)
  Clock Path Skew:        4.789ns (DCD - SCD + CPR)
    Destination Clock Delay (DCD):    4.789ns
    Source Clock Delay      (SCD):    0.000ns
    Clock Pessimism Removal (CPR):    0.000ns
  Clock Uncertainty:      0.438ns  ((TSJ^2 + DJ^2)^1/2) / 2 + PE
    Total System Jitter     (TSJ):    0.050ns
    Discrete Jitter          (DJ):    0.278ns
    Phase Error              (PE):    0.297ns
  Timing Exception:       False Path

    Location             Delay type                Incr(ns)  Path(ns)    Netlist Resource(s)
  -------------------------------------------------------------------    -------------------
    U18                                               0.000     0.000 r  reset_in (IN)
                         net (fo=0)                   0.000     0.000    reset_in
    U18                  IBUF (Prop_ibuf_I_O)         1.441     1.441 r  reset_in_IBUF_inst/O
                         net (fo=54, routed)          2.681     4.122    reset_in_IBUF
    SLICE_X3Y38          LUT2 (Prop_lut2_I0_O)        0.124     4.246 r  FSM_sequential_adc_state[3]_i_1/O
                         net (fo=74, routed)          1.533     5.780    FSM_sequential_adc_state[3]_i_1_n_0
    SLICE_X8Y40          FDRE                                         r  decim_count_reg[0]/R
  -------------------------------------------------------------------    -------------------

                         (clock clk_out1_clk_wiz_0 rise edge)
                                                      0.000     0.000 r  
    W5                                                0.000     0.000 r  clock_in (IN)
                         net (fo=0)                   0.000     0.000    clock_in
    W5                   IBUF (Prop_ibuf_I_O)         1.388     1.388 r  clock_in_IBUF_inst/O
                         net (fo=1, routed)           1.862     3.250    clock_in_IBUF
    BUFGCTRL_X0Y1        BUFG (Prop_bufg_I_O)         0.091     3.341 r  clock_in_IBUF_BUFG_inst/O
                         net (fo=39, routed)          1.457     4.798    clkwiz/inst/clk_in1
    MMCME2_ADV_X1Y0      MMCME2_ADV (Prop_mmcme2_adv_CLKIN1_CLKOUT0)
                                                     -3.129     1.669 r  clkwiz/inst/mmcm_adv_inst/CLKOUT0
                         net (fo=1, routed)           1.581     3.250    clkwiz/inst/clk_out1_clk_wiz_0
    BUFGCTRL_X0Y0        BUFG (Prop_bufg_I_O)         0.091     3.341 r  clkwiz/inst/clkout1_buf/O
                         net (fo=89, routed)          1.448     4.789    clk_out1
    SLICE_X8Y40          FDRE                                         r  decim_count_reg[0]/C

Slack:                    inf
  Source:                 reset_in
                            (input port)
  Destination:            decim_count_reg[1]/R
                            (rising edge-triggered cell FDRE clocked by clk_out1_clk_wiz_0  {rise@0.000ns fall@13.889ns period=27.778ns})
  Path Group:             (none)
  Path Type:              Setup (Max at Slow Process Corner)
  Data Path Delay:        5.780ns  (logic 1.565ns (27.083%)  route 4.214ns (72.917%))
  Logic Levels:           2  (IBUF=1 LUT2=1)
  Clock Path Skew:        4.789ns (DCD - SCD + CPR)
    Destination Clock Delay (DCD):    4.789ns
    Source Clock Delay      (SCD):    0.000ns
    Clock Pessimism Removal (CPR):    0.000ns
  Clock Uncertainty:      0.438ns  ((TSJ^2 + DJ^2)^1/2) / 2 + PE
    Total System Jitter     (TSJ):    0.050ns
    Discrete Jitter          (DJ):    0.278ns
    Phase Error              (PE):    0.297ns
  Timing Exception:       False Path

    Location             Delay type                Incr(ns)  Path(ns)    Netlist Resource(s)
  -------------------------------------------------------------------    -------------------
    U18                                               0.000     0.000 r  reset_in (IN)
                         net (fo=0)                   0.000     0.000    reset_in
    U18                  IBUF (Prop_ibuf_I_O)         1.441     1.441 r  reset_in_IBUF_inst/O
                         net (fo=54, routed)          2.681     4.122    reset_in_IBUF
    SLICE_X3Y38          LUT2 (Prop_lut2_I0_O)        0.124     4.246 r  FSM_sequential_adc_state[3]_i_1/O
                         net (fo=74, routed)          1.533     5.780    FSM_sequential_adc_state[3]_i_1_n_0
    SLICE_X8Y40          FDRE                                         r  decim_count_reg[1]/R
  -------------------------------------------------------------------    -------------------

                         (clock clk_out1_clk_wiz_0 rise edge)
                                                      0.000     0.000 r  
    W5                                                0.000     0.000 r  clock_in (IN)
                         net (fo=0)                   0.000     0.000    clock_in
    W5                   IBUF (Prop_ibuf_I_O)         1.388     1.388 r  clock_in_IBUF_inst/O
                         net (fo=1, routed)           1.862     3.250    clock_in_IBUF
    BUFGCTRL_X0Y1        BUFG (Prop_bufg_I_O)         0.091     3.341 r  clock_in_IBUF_BUFG_inst/O
                         net (fo=39, routed)          1.457     4.798    clkwiz/inst/clk_in1
    MMCME2_ADV_X1Y0      MMCME2_ADV (Prop_mmcme2_adv_CLKIN1_CLKOUT0)
                                                     -3.129     1.669 r  clkwiz/inst/mmcm_adv_inst/CLKOUT0
                         net (fo=1, routed)           1.581     3.250    clkwiz/inst/clk_out1_clk_wiz_0
    BUFGCTRL_X0Y0        BUFG (Prop_bufg_I_O)         0.091     3.341 r  clkwiz/inst/clkout1_buf/O
                         net (fo=89, routed)          1.448     4.789    clk_out1
    SLICE_X8Y40          FDRE                                         r  decim_count_reg[1]/C

Slack:                    inf
  Source:                 reset_in
                            (input port)
  Destination:            decim_count_reg[2]/R
                            (rising edge-triggered cell FDRE clocked by clk_out1_clk_wiz_0  {rise@0.000ns fall@13.889ns period=27.778ns})
  Path Group:             (none)
  Path Type:              Setup (Max at Slow Process Corner)
  Data Path Delay:        5.780ns  (logic 1.565ns (27.083%)  route 4.214ns (72.917%))
  Logic Levels:           2  (IBUF=1 LUT2=1)
  Clock Path Skew:        4.789ns (DCD - SCD + CPR)
    Destination Clock Delay (DCD):    4.789ns
    Source Clock Delay      (SCD):    0.000ns
    Clock Pessimism Removal (CPR):    0.000ns
  Clock Uncertainty:      0.438ns  ((TSJ^2 + DJ^2)^1/2) / 2 + PE
    Total System Jitter     (TSJ):    0.050ns
    Discrete Jitter          (DJ):    0.278ns
    Phase Error              (PE):    0.297ns
  Timing Exception:       False Path

    Location             Delay type                Incr(ns)  Path(ns)    Netlist Resource(s)
  -------------------------------------------------------------------    -------------------
    U18                                               0.000     0.000 r  reset_in (IN)
                         net (fo=0)                   0.000     0.000    reset_in
    U18                  IBUF (Prop_ibuf_I_O)         1.441     1.441 r  reset_in_IBUF_inst/O
                         net (fo=54, routed)          2.681     4.122    reset_in_IBUF
    SLICE_X3Y38          LUT2 (Prop_lut2_I0_O)        0.124     4.246 r  FSM_sequential_adc_state[3]_i_1/O
                         net (fo=74, routed)          1.533     5.780    FSM_sequential_adc_state[3]_i_1_n_0
    SLICE_X8Y40          FDRE                                         r  decim_count_reg[2]/R
  -------------------------------------------------------------------    -------------------

                         (clock clk_out1_clk_wiz_0 rise edge)
                                                      0.000     0.000 r  
    W5                                                0.000     0.000 r  clock_in (IN)
                         net (fo=0)                   0.000     0.000    clock_in
    W5                   IBUF (Prop_ibuf_I_O)         1.388     1.388 r  clock_in_IBUF_inst/O
                         net (fo=1, routed)           1.862     3.250    clock_in_IBUF
    BUFGCTRL_X0Y1        BUFG (Prop_bufg_I_O)         0.091     3.341 r  clock_in_IBUF_BUFG_inst/O
                         net (fo=39, routed)          1.457     4.798    clkwiz/inst/clk_in1
    MMCME2_ADV_X1Y0      MMCME2_ADV (Prop_mmcme2_adv_CLKIN1_CLKOUT0)
                                                     -3.129     1.669 r  clkwiz/inst/mmcm_adv_inst/CLKOUT0
                         net (fo=1, routed)           1.581     3.250    clkwiz/inst/clk_out1_clk_wiz_0
    BUFGCTRL_X0Y0        BUFG (Prop_bufg_I_O)         0.091     3.341 r  clkwiz/inst/clkout1_buf/O
                         net (fo=89, routed)          1.448     4.789    clk_out1
    SLICE_X8Y40          FDRE                                         r  decim_count_reg[2]/C

Slack:                    inf
  Source:                 reset_in
                            (input port)
  Destination:            decim_count_reg[3]/R
                            (rising edge-triggered cell FDRE clocked by clk_out1_clk_wiz_0  {rise@0.000ns fall@13.889ns period=27.778ns})
  Path Group:             (none)
  Path Type:              Setup (Max at Slow Process Corner)
  Data Path Delay:        5.780ns  (logic 1.565ns (27.083%)  route 4.214ns (72.917%))
  Logic Levels:           2  (IBUF=1 LUT2=1)
  Clock Path Skew:        4.789ns (DCD - SCD + CPR)
    Destination Clock Delay (DCD):    4.789ns
    Source Clock Delay      (SCD):    0.000ns
    Clock Pessimism Removal (CPR):    0.000ns
  Clock Uncertainty:      0.438ns  ((TSJ^2 + DJ^2)^1/2) / 2 + PE
    Total System Jitter     (TSJ):    0.050ns
    Discrete Jitter          (DJ):    0.278ns
    Phase Error              (PE):    0.297ns
  Timing Exception:       False Path

    Location             Delay type                Incr(ns)  Path(ns)    Netlist Resource(s)
  -------------------------------------------------------------------    -------------------
    U18                                               0.000     0.000 r  reset_in (IN)
                         net (fo=0)                   0.000     0.000    reset_in
    U18                  IBUF (Prop_ibuf_I_O)         1.441     1.441 r  reset_in_IBUF_inst/O
                         net (fo=54, routed)          2.681     4.122    reset_in_IBUF
    SLICE_X3Y38          LUT2 (Prop_lut2_I0_O)        0.124     4.246 r  FSM_sequential_adc_state[3]_i_1/O
                         net (fo=74, routed)          1.533     5.780    FSM_sequential_adc_state[3]_i_1_n_0
    SLICE_X9Y40          FDRE                                         r  decim_count_reg[3]/R
  -------------------------------------------------------------------    -------------------

                         (clock clk_out1_clk_wiz_0 rise edge)
                                                      0.000     0.000 r  
    W5                                                0.000     0.000 r  clock_in (IN)
                         net (fo=0)                   0.000     0.000    clock_in
    W5                   IBUF (Prop_ibuf_I_O)         1.388     1.388 r  clock_in_IBUF_inst/O
                         net (fo=1, routed)           1.862     3.250    clock_in_IBUF
    BUFGCTRL_X0Y1        BUFG (Prop_bufg_I_O)         0.091     3.341 r  clock_in_IBUF_BUFG_inst/O
                         net (fo=39, routed)          1.457     4.798    clkwiz/inst/clk_in1
    MMCME2_ADV_X1Y0      MMCME2_ADV (Prop_mmcme2_adv_CLKIN1_CLKOUT0)
                                                     -3.129     1.669 r  clkwiz/inst/mmcm_adv_inst/CLKOUT0
                         net (fo=1, routed)           1.581     3.250    clkwiz/inst/clk_out1_clk_wiz_0
    BUFGCTRL_X0Y0        BUFG (Prop_bufg_I_O)         0.091     3.341 r  clkwiz/inst/clkout1_buf/O
                         net (fo=89, routed)          1.448     4.789    clk_out1
    SLICE_X9Y40          FDRE                                         r  decim_count_reg[3]/C

Slack:                    inf
  Source:                 reset_in
                            (input port)
  Destination:            decim_count_reg[4]/R
                            (rising edge-triggered cell FDRE clocked by clk_out1_clk_wiz_0  {rise@0.000ns fall@13.889ns period=27.778ns})
  Path Group:             (none)
  Path Type:              Setup (Max at Slow Process Corner)
  Data Path Delay:        5.780ns  (logic 1.565ns (27.083%)  route 4.214ns (72.917%))
  Logic Levels:           2  (IBUF=1 LUT2=1)
  Clock Path Skew:        4.789ns (DCD - SCD + CPR)
    Destination Clock Delay (DCD):    4.789ns
    Source Clock Delay      (SCD):    0.000ns
    Clock Pessimism Removal (CPR):    0.000ns
  Clock Uncertainty:      0.438ns  ((TSJ^2 + DJ^2)^1/2) / 2 + PE
    Total System Jitter     (TSJ):    0.050ns
    Discrete Jitter          (DJ):    0.278ns
    Phase Error              (PE):    0.297ns
  Timing Exception:       False Path

    Location             Delay type                Incr(ns)  Path(ns)    Netlist Resource(s)
  -------------------------------------------------------------------    -------------------
    U18                                               0.000     0.000 r  reset_in (IN)
                         net (fo=0)                   0.000     0.000    reset_in
    U18                  IBUF (Prop_ibuf_I_O)         1.441     1.441 r  reset_in_IBUF_inst/O
                         net (fo=54, routed)          2.681     4.122    reset_in_IBUF
    SLICE_X3Y38          LUT2 (Prop_lut2_I0_O)        0.124     4.246 r  FSM_sequential_adc_state[3]_i_1/O
                         net (fo=74, routed)          1.533     5.780    FSM_sequential_adc_state[3]_i_1_n_0
    SLICE_X8Y40          FDRE                                         r  decim_count_reg[4]/R
  -------------------------------------------------------------------    -------------------

                         (clock clk_out1_clk_wiz_0 rise edge)
                                                      0.000     0.000 r  
    W5                                                0.000     0.000 r  clock_in (IN)
                         net (fo=0)                   0.000     0.000    clock_in
    W5                   IBUF (Prop_ibuf_I_O)         1.388     1.388 r  clock_in_IBUF_inst/O
                         net (fo=1, routed)           1.862     3.250    clock_in_IBUF
    BUFGCTRL_X0Y1        BUFG (Prop_bufg_I_O)         0.091     3.341 r  clock_in_IBUF_BUFG_inst/O
                         net (fo=39, routed)          1.457     4.798    clkwiz/inst/clk_in1
    MMCME2_ADV_X1Y0      MMCME2_ADV (Prop_mmcme2_adv_CLKIN1_CLKOUT0)
                                                     -3.129     1.669 r  clkwiz/inst/mmcm_adv_inst/CLKOUT0
                         net (fo=1, routed)           1.581     3.250    clkwiz/inst/clk_out1_clk_wiz_0
    BUFGCTRL_X0Y0        BUFG (Prop_bufg_I_O)         0.091     3.341 r  clkwiz/inst/clkout1_buf/O
                         net (fo=89, routed)          1.448     4.789    clk_out1
    SLICE_X8Y40          FDRE                                         r  decim_count_reg[4]/C

Slack:                    inf
  Source:                 reset_in
                            (input port)
  Destination:            FSM_sequential_adc_state_reg[0]/R
                            (rising edge-triggered cell FDRE clocked by clk_out1_clk_wiz_0  {rise@0.000ns fall@13.889ns period=27.778ns})
  Path Group:             (none)
  Path Type:              Setup (Max at Slow Process Corner)
  Data Path Delay:        5.560ns  (logic 1.565ns (28.155%)  route 3.994ns (71.845%))
  Logic Levels:           2  (IBUF=1 LUT2=1)
  Clock Path Skew:        4.857ns (DCD - SCD + CPR)
    Destination Clock Delay (DCD):    4.857ns
    Source Clock Delay      (SCD):    0.000ns
    Clock Pessimism Removal (CPR):    0.000ns
  Clock Uncertainty:      0.438ns  ((TSJ^2 + DJ^2)^1/2) / 2 + PE
    Total System Jitter     (TSJ):    0.050ns
    Discrete Jitter          (DJ):    0.278ns
    Phase Error              (PE):    0.297ns
  Timing Exception:       False Path

    Location             Delay type                Incr(ns)  Path(ns)    Netlist Resource(s)
  -------------------------------------------------------------------    -------------------
    U18                                               0.000     0.000 r  reset_in (IN)
                         net (fo=0)                   0.000     0.000    reset_in
    U18                  IBUF (Prop_ibuf_I_O)         1.441     1.441 r  reset_in_IBUF_inst/O
                         net (fo=54, routed)          2.681     4.122    reset_in_IBUF
    SLICE_X3Y38          LUT2 (Prop_lut2_I0_O)        0.124     4.246 r  FSM_sequential_adc_state[3]_i_1/O
                         net (fo=74, routed)          1.313     5.560    FSM_sequential_adc_state[3]_i_1_n_0
    SLICE_X7Y41          FDRE                                         r  FSM_sequential_adc_state_reg[0]/R
  -------------------------------------------------------------------    -------------------

                         (clock clk_out1_clk_wiz_0 rise edge)
                                                      0.000     0.000 r  
    W5                                                0.000     0.000 r  clock_in (IN)
                         net (fo=0)                   0.000     0.000    clock_in
    W5                   IBUF (Prop_ibuf_I_O)         1.388     1.388 r  clock_in_IBUF_inst/O
                         net (fo=1, routed)           1.862     3.250    clock_in_IBUF
    BUFGCTRL_X0Y1        BUFG (Prop_bufg_I_O)         0.091     3.341 r  clock_in_IBUF_BUFG_inst/O
                         net (fo=39, routed)          1.457     4.798    clkwiz/inst/clk_in1
    MMCME2_ADV_X1Y0      MMCME2_ADV (Prop_mmcme2_adv_CLKIN1_CLKOUT0)
                                                     -3.129     1.669 r  clkwiz/inst/mmcm_adv_inst/CLKOUT0
                         net (fo=1, routed)           1.581     3.250    clkwiz/inst/clk_out1_clk_wiz_0
    BUFGCTRL_X0Y0        BUFG (Prop_bufg_I_O)         0.091     3.341 r  clkwiz/inst/clkout1_buf/O
                         net (fo=89, routed)          1.516     4.857    clk_out1
    SLICE_X7Y41          FDRE                                         r  FSM_sequential_adc_state_reg[0]/C

Slack:                    inf
  Source:                 reset_in
                            (input port)
  Destination:            FSM_sequential_adc_state_reg[1]/R
                            (rising edge-triggered cell FDRE clocked by clk_out1_clk_wiz_0  {rise@0.000ns fall@13.889ns period=27.778ns})
  Path Group:             (none)
  Path Type:              Setup (Max at Slow Process Corner)
  Data Path Delay:        5.560ns  (logic 1.565ns (28.155%)  route 3.994ns (71.845%))
  Logic Levels:           2  (IBUF=1 LUT2=1)
  Clock Path Skew:        4.857ns (DCD - SCD + CPR)
    Destination Clock Delay (DCD):    4.857ns
    Source Clock Delay      (SCD):    0.000ns
    Clock Pessimism Removal (CPR):    0.000ns
  Clock Uncertainty:      0.438ns  ((TSJ^2 + DJ^2)^1/2) / 2 + PE
    Total System Jitter     (TSJ):    0.050ns
    Discrete Jitter          (DJ):    0.278ns
    Phase Error              (PE):    0.297ns
  Timing Exception:       False Path

    Location             Delay type                Incr(ns)  Path(ns)    Netlist Resource(s)
  -------------------------------------------------------------------    -------------------
    U18                                               0.000     0.000 r  reset_in (IN)
                         net (fo=0)                   0.000     0.000    reset_in
    U18                  IBUF (Prop_ibuf_I_O)         1.441     1.441 r  reset_in_IBUF_inst/O
                         net (fo=54, routed)          2.681     4.122    reset_in_IBUF
    SLICE_X3Y38          LUT2 (Prop_lut2_I0_O)        0.124     4.246 r  FSM_sequential_adc_state[3]_i_1/O
                         net (fo=74, routed)          1.313     5.560    FSM_sequential_adc_state[3]_i_1_n_0
    SLICE_X6Y41          FDRE                                         r  FSM_sequential_adc_state_reg[1]/R
  -------------------------------------------------------------------    -------------------

                         (clock clk_out1_clk_wiz_0 rise edge)
                                                      0.000     0.000 r  
    W5                                                0.000     0.000 r  clock_in (IN)
                         net (fo=0)                   0.000     0.000    clock_in
    W5                   IBUF (Prop_ibuf_I_O)         1.388     1.388 r  clock_in_IBUF_inst/O
                         net (fo=1, routed)           1.862     3.250    clock_in_IBUF
    BUFGCTRL_X0Y1        BUFG (Prop_bufg_I_O)         0.091     3.341 r  clock_in_IBUF_BUFG_inst/O
                         net (fo=39, routed)          1.457     4.798    clkwiz/inst/clk_in1
    MMCME2_ADV_X1Y0      MMCME2_ADV (Prop_mmcme2_adv_CLKIN1_CLKOUT0)
                                                     -3.129     1.669 r  clkwiz/inst/mmcm_adv_inst/CLKOUT0
                         net (fo=1, routed)           1.581     3.250    clkwiz/inst/clk_out1_clk_wiz_0
    BUFGCTRL_X0Y0        BUFG (Prop_bufg_I_O)         0.091     3.341 r  clkwiz/inst/clkout1_buf/O
                         net (fo=89, routed)          1.516     4.857    clk_out1
    SLICE_X6Y41          FDRE                                         r  FSM_sequential_adc_state_reg[1]/C

Slack:                    inf
  Source:                 reset_in
                            (input port)
  Destination:            FSM_sequential_adc_state_reg[2]/R
                            (rising edge-triggered cell FDRE clocked by clk_out1_clk_wiz_0  {rise@0.000ns fall@13.889ns period=27.778ns})
  Path Group:             (none)
  Path Type:              Setup (Max at Slow Process Corner)
  Data Path Delay:        5.560ns  (logic 1.565ns (28.155%)  route 3.994ns (71.845%))
  Logic Levels:           2  (IBUF=1 LUT2=1)
  Clock Path Skew:        4.857ns (DCD - SCD + CPR)
    Destination Clock Delay (DCD):    4.857ns
    Source Clock Delay      (SCD):    0.000ns
    Clock Pessimism Removal (CPR):    0.000ns
  Clock Uncertainty:      0.438ns  ((TSJ^2 + DJ^2)^1/2) / 2 + PE
    Total System Jitter     (TSJ):    0.050ns
    Discrete Jitter          (DJ):    0.278ns
    Phase Error              (PE):    0.297ns
  Timing Exception:       False Path

    Location             Delay type                Incr(ns)  Path(ns)    Netlist Resource(s)
  -------------------------------------------------------------------    -------------------
    U18                                               0.000     0.000 r  reset_in (IN)
                         net (fo=0)                   0.000     0.000    reset_in
    U18                  IBUF (Prop_ibuf_I_O)         1.441     1.441 r  reset_in_IBUF_inst/O
                         net (fo=54, routed)          2.681     4.122    reset_in_IBUF
    SLICE_X3Y38          LUT2 (Prop_lut2_I0_O)        0.124     4.246 r  FSM_sequential_adc_state[3]_i_1/O
                         net (fo=74, routed)          1.313     5.560    FSM_sequential_adc_state[3]_i_1_n_0
    SLICE_X7Y41          FDRE                                         r  FSM_sequential_adc_state_reg[2]/R
  -------------------------------------------------------------------    -------------------

                         (clock clk_out1_clk_wiz_0 rise edge)
                                                      0.000     0.000 r  
    W5                                                0.000     0.000 r  clock_in (IN)
                         net (fo=0)                   0.000     0.000    clock_in
    W5                   IBUF (Prop_ibuf_I_O)         1.388     1.388 r  clock_in_IBUF_inst/O
                         net (fo=1, routed)           1.862     3.250    clock_in_IBUF
    BUFGCTRL_X0Y1        BUFG (Prop_bufg_I_O)         0.091     3.341 r  clock_in_IBUF_BUFG_inst/O
                         net (fo=39, routed)          1.457     4.798    clkwiz/inst/clk_in1
    MMCME2_ADV_X1Y0      MMCME2_ADV (Prop_mmcme2_adv_CLKIN1_CLKOUT0)
                                                     -3.129     1.669 r  clkwiz/inst/mmcm_adv_inst/CLKOUT0
                         net (fo=1, routed)           1.581     3.250    clkwiz/inst/clk_out1_clk_wiz_0
    BUFGCTRL_X0Y0        BUFG (Prop_bufg_I_O)         0.091     3.341 r  clkwiz/inst/clkout1_buf/O
                         net (fo=89, routed)          1.516     4.857    clk_out1
    SLICE_X7Y41          FDRE                                         r  FSM_sequential_adc_state_reg[2]/C

Slack:                    inf
  Source:                 reset_in
                            (input port)
  Destination:            FSM_sequential_adc_state_reg[3]/R
                            (rising edge-triggered cell FDRE clocked by clk_out1_clk_wiz_0  {rise@0.000ns fall@13.889ns period=27.778ns})
  Path Group:             (none)
  Path Type:              Setup (Max at Slow Process Corner)
  Data Path Delay:        5.560ns  (logic 1.565ns (28.155%)  route 3.994ns (71.845%))
  Logic Levels:           2  (IBUF=1 LUT2=1)
  Clock Path Skew:        4.857ns (DCD - SCD + CPR)
    Destination Clock Delay (DCD):    4.857ns
    Source Clock Delay      (SCD):    0.000ns
    Clock Pessimism Removal (CPR):    0.000ns
  Clock Uncertainty:      0.438ns  ((TSJ^2 + DJ^2)^1/2) / 2 + PE
    Total System Jitter     (TSJ):    0.050ns
    Discrete Jitter          (DJ):    0.278ns
    Phase Error              (PE):    0.297ns
  Timing Exception:       False Path

    Location             Delay type                Incr(ns)  Path(ns)    Netlist Resource(s)
  -------------------------------------------------------------------    -------------------
    U18                                               0.000     0.000 r  reset_in (IN)
                         net (fo=0)                   0.000     0.000    reset_in
    U18                  IBUF (Prop_ibuf_I_O)         1.441     1.441 r  reset_in_IBUF_inst/O
                         net (fo=54, routed)          2.681     4.122    reset_in_IBUF
    SLICE_X3Y38          LUT2 (Prop_lut2_I0_O)        0.124     4.246 r  FSM_sequential_adc_state[3]_i_1/O
                         net (fo=74, routed)          1.313     5.560    FSM_sequential_adc_state[3]_i_1_n_0
    SLICE_X7Y41          FDRE                                         r  FSM_sequential_adc_state_reg[3]/R
  -------------------------------------------------------------------    -------------------

                         (clock clk_out1_clk_wiz_0 rise edge)
                                                      0.000     0.000 r  
    W5                                                0.000     0.000 r  clock_in (IN)
                         net (fo=0)                   0.000     0.000    clock_in
    W5                   IBUF (Prop_ibuf_I_O)         1.388     1.388 r  clock_in_IBUF_inst/O
                         net (fo=1, routed)           1.862     3.250    clock_in_IBUF
    BUFGCTRL_X0Y1        BUFG (Prop_bufg_I_O)         0.091     3.341 r  clock_in_IBUF_BUFG_inst/O
                         net (fo=39, routed)          1.457     4.798    clkwiz/inst/clk_in1
    MMCME2_ADV_X1Y0      MMCME2_ADV (Prop_mmcme2_adv_CLKIN1_CLKOUT0)
                                                     -3.129     1.669 r  clkwiz/inst/mmcm_adv_inst/CLKOUT0
                         net (fo=1, routed)           1.581     3.250    clkwiz/inst/clk_out1_clk_wiz_0
    BUFGCTRL_X0Y0        BUFG (Prop_bufg_I_O)         0.091     3.341 r  clkwiz/inst/clkout1_buf/O
                         net (fo=89, routed)          1.516     4.857    clk_out1
    SLICE_X7Y41          FDRE                                         r  FSM_sequential_adc_state_reg[3]/C

Slack:                    inf
  Source:                 reset_in
                            (input port)
  Destination:            discard_first_reg/S
                            (rising edge-triggered cell FDSE clocked by clk_out1_clk_wiz_0  {rise@0.000ns fall@13.889ns period=27.778ns})
  Path Group:             (none)
  Path Type:              Setup (Max at Slow Process Corner)
  Data Path Delay:        5.414ns  (logic 1.565ns (28.913%)  route 3.849ns (71.087%))
  Logic Levels:           2  (IBUF=1 LUT2=1)
  Clock Path Skew:        4.856ns (DCD - SCD + CPR)
    Destination Clock Delay (DCD):    4.856ns
    Source Clock Delay      (SCD):    0.000ns
    Clock Pessimism Removal (CPR):    0.000ns
  Clock Uncertainty:      0.438ns  ((TSJ^2 + DJ^2)^1/2) / 2 + PE
    Total System Jitter     (TSJ):    0.050ns
    Discrete Jitter          (DJ):    0.278ns
    Phase Error              (PE):    0.297ns
  Timing Exception:       False Path

    Location             Delay type                Incr(ns)  Path(ns)    Netlist Resource(s)
  -------------------------------------------------------------------    -------------------
    U18                                               0.000     0.000 r  reset_in (IN)
                         net (fo=0)                   0.000     0.000    reset_in
    U18                  IBUF (Prop_ibuf_I_O)         1.441     1.441 r  reset_in_IBUF_inst/O
                         net (fo=54, routed)          2.681     4.122    reset_in_IBUF
    SLICE_X3Y38          LUT2 (Prop_lut2_I0_O)        0.124     4.246 r  FSM_sequential_adc_state[3]_i_1/O
                         net (fo=74, routed)          1.168     5.414    FSM_sequential_adc_state[3]_i_1_n_0
    SLICE_X7Y40          FDSE                                         r  discard_first_reg/S
  -------------------------------------------------------------------    -------------------

                         (clock clk_out1_clk_wiz_0 rise edge)
                                                      0.000     0.000 r  
    W5                                                0.000     0.000 r  clock_in (IN)
                         net (fo=0)                   0.000     0.000    clock_in
    W5                   IBUF (Prop_ibuf_I_O)         1.388     1.388 r  clock_in_IBUF_inst/O
                         net (fo=1, routed)           1.862     3.250    clock_in_IBUF
    BUFGCTRL_X0Y1        BUFG (Prop_bufg_I_O)         0.091     3.341 r  clock_in_IBUF_BUFG_inst/O
                         net (fo=39, routed)          1.457     4.798    clkwiz/inst/clk_in1
    MMCME2_ADV_X1Y0      MMCME2_ADV (Prop_mmcme2_adv_CLKIN1_CLKOUT0)
                                                     -3.129     1.669 r  clkwiz/inst/mmcm_adv_inst/CLKOUT0
                         net (fo=1, routed)           1.581     3.250    clkwiz/inst/clk_out1_clk_wiz_0
    BUFGCTRL_X0Y0        BUFG (Prop_bufg_I_O)         0.091     3.341 r  clkwiz/inst/clkout1_buf/O
                         net (fo=89, routed)          1.515     4.856    clk_out1
    SLICE_X7Y40          FDSE                                         r  discard_first_reg/C





Min Delay Paths
--------------------------------------------------------------------------------------
Slack:                    inf
  Source:                 start_in
                            (input port)
  Destination:            centered_reg[0]/R
                            (rising edge-triggered cell FDRE clocked by clk_out1_clk_wiz_0  {rise@0.000ns fall@13.889ns period=27.778ns})
  Path Group:             (none)
  Path Type:              Hold (Min at Fast Process Corner)
  Data Path Delay:        1.216ns  (logic 0.267ns (21.944%)  route 0.949ns (78.056%))
  Logic Levels:           2  (IBUF=1 LUT2=1)
  Clock Path Skew:        1.991ns (DCD - SCD - CPR)
    Destination Clock Delay (DCD):    1.991ns
    Source Clock Delay      (SCD):    0.000ns
    Clock Pessimism Removal (CPR):    -0.000ns
  Timing Exception:       False Path

    Location             Delay type                Incr(ns)  Path(ns)    Netlist Resource(s)
  -------------------------------------------------------------------    -------------------
    T18                                               0.000     0.000 f  start_in (IN)
                         net (fo=0)                   0.000     0.000    start_in
    T18                  IBUF (Prop_ibuf_I_O)         0.222     0.222 f  start_in_IBUF_inst/O
                         net (fo=3, routed)           0.821     1.043    start_in_IBUF
    SLICE_X3Y38          LUT2 (Prop_lut2_I1_O)        0.045     1.088 r  FSM_sequential_adc_state[3]_i_1/O
                         net (fo=74, routed)          0.128     1.216    FSM_sequential_adc_state[3]_i_1_n_0
    SLICE_X3Y39          FDRE                                         r  centered_reg[0]/R
  -------------------------------------------------------------------    -------------------

                         (clock clk_out1_clk_wiz_0 rise edge)
                                                      0.000     0.000 r  
    W5                                                0.000     0.000 r  clock_in (IN)
                         net (fo=0)                   0.000     0.000    clock_in
    W5                   IBUF (Prop_ibuf_I_O)         0.414     0.414 r  clock_in_IBUF_inst/O
                         net (fo=1, routed)           0.685     1.099    clock_in_IBUF
    BUFGCTRL_X0Y1        BUFG (Prop_bufg_I_O)         0.029     1.128 r  clock_in_IBUF_BUFG_inst/O
                         net (fo=39, routed)          0.817     1.944    clkwiz/inst/clk_in1
    MMCME2_ADV_X1Y0      MMCME2_ADV (Prop_mmcme2_adv_CLKIN1_CLKOUT0)
                                                     -1.375     0.569 r  clkwiz/inst/mmcm_adv_inst/CLKOUT0
                         net (fo=1, routed)           0.530     1.099    clkwiz/inst/clk_out1_clk_wiz_0
    BUFGCTRL_X0Y0        BUFG (Prop_bufg_I_O)         0.029     1.128 r  clkwiz/inst/clkout1_buf/O
                         net (fo=89, routed)          0.864     1.991    clk_out1
    SLICE_X3Y39          FDRE                                         r  centered_reg[0]/C

Slack:                    inf
  Source:                 start_in
                            (input port)
  Destination:            centered_reg[11]/R
                            (rising edge-triggered cell FDRE clocked by clk_out1_clk_wiz_0  {rise@0.000ns fall@13.889ns period=27.778ns})
  Path Group:             (none)
  Path Type:              Hold (Min at Fast Process Corner)
  Data Path Delay:        1.216ns  (logic 0.267ns (21.944%)  route 0.949ns (78.056%))
  Logic Levels:           2  (IBUF=1 LUT2=1)
  Clock Path Skew:        1.991ns (DCD - SCD - CPR)
    Destination Clock Delay (DCD):    1.991ns
    Source Clock Delay      (SCD):    0.000ns
    Clock Pessimism Removal (CPR):    -0.000ns
  Timing Exception:       False Path

    Location             Delay type                Incr(ns)  Path(ns)    Netlist Resource(s)
  -------------------------------------------------------------------    -------------------
    T18                                               0.000     0.000 f  start_in (IN)
                         net (fo=0)                   0.000     0.000    start_in
    T18                  IBUF (Prop_ibuf_I_O)         0.222     0.222 f  start_in_IBUF_inst/O
                         net (fo=3, routed)           0.821     1.043    start_in_IBUF
    SLICE_X3Y38          LUT2 (Prop_lut2_I1_O)        0.045     1.088 r  FSM_sequential_adc_state[3]_i_1/O
                         net (fo=74, routed)          0.128     1.216    FSM_sequential_adc_state[3]_i_1_n_0
    SLICE_X3Y39          FDRE                                         r  centered_reg[11]/R
  -------------------------------------------------------------------    -------------------

                         (clock clk_out1_clk_wiz_0 rise edge)
                                                      0.000     0.000 r  
    W5                                                0.000     0.000 r  clock_in (IN)
                         net (fo=0)                   0.000     0.000    clock_in
    W5                   IBUF (Prop_ibuf_I_O)         0.414     0.414 r  clock_in_IBUF_inst/O
                         net (fo=1, routed)           0.685     1.099    clock_in_IBUF
    BUFGCTRL_X0Y1        BUFG (Prop_bufg_I_O)         0.029     1.128 r  clock_in_IBUF_BUFG_inst/O
                         net (fo=39, routed)          0.817     1.944    clkwiz/inst/clk_in1
    MMCME2_ADV_X1Y0      MMCME2_ADV (Prop_mmcme2_adv_CLKIN1_CLKOUT0)
                                                     -1.375     0.569 r  clkwiz/inst/mmcm_adv_inst/CLKOUT0
                         net (fo=1, routed)           0.530     1.099    clkwiz/inst/clk_out1_clk_wiz_0
    BUFGCTRL_X0Y0        BUFG (Prop_bufg_I_O)         0.029     1.128 r  clkwiz/inst/clkout1_buf/O
                         net (fo=89, routed)          0.864     1.991    clk_out1
    SLICE_X3Y39          FDRE                                         r  centered_reg[11]/C

Slack:                    inf
  Source:                 start_in
                            (input port)
  Destination:            centered_reg[1]/R
                            (rising edge-triggered cell FDRE clocked by clk_out1_clk_wiz_0  {rise@0.000ns fall@13.889ns period=27.778ns})
  Path Group:             (none)
  Path Type:              Hold (Min at Fast Process Corner)
  Data Path Delay:        1.216ns  (logic 0.267ns (21.944%)  route 0.949ns (78.056%))
  Logic Levels:           2  (IBUF=1 LUT2=1)
  Clock Path Skew:        1.991ns (DCD - SCD - CPR)
    Destination Clock Delay (DCD):    1.991ns
    Source Clock Delay      (SCD):    0.000ns
    Clock Pessimism Removal (CPR):    -0.000ns
  Timing Exception:       False Path

    Location             Delay type                Incr(ns)  Path(ns)    Netlist Resource(s)
  -------------------------------------------------------------------    -------------------
    T18                                               0.000     0.000 f  start_in (IN)
                         net (fo=0)                   0.000     0.000    start_in
    T18                  IBUF (Prop_ibuf_I_O)         0.222     0.222 f  start_in_IBUF_inst/O
                         net (fo=3, routed)           0.821     1.043    start_in_IBUF
    SLICE_X3Y38          LUT2 (Prop_lut2_I1_O)        0.045     1.088 r  FSM_sequential_adc_state[3]_i_1/O
                         net (fo=74, routed)          0.128     1.216    FSM_sequential_adc_state[3]_i_1_n_0
    SLICE_X3Y39          FDRE                                         r  centered_reg[1]/R
  -------------------------------------------------------------------    -------------------

                         (clock clk_out1_clk_wiz_0 rise edge)
                                                      0.000     0.000 r  
    W5                                                0.000     0.000 r  clock_in (IN)
                         net (fo=0)                   0.000     0.000    clock_in
    W5                   IBUF (Prop_ibuf_I_O)         0.414     0.414 r  clock_in_IBUF_inst/O
                         net (fo=1, routed)           0.685     1.099    clock_in_IBUF
    BUFGCTRL_X0Y1        BUFG (Prop_bufg_I_O)         0.029     1.128 r  clock_in_IBUF_BUFG_inst/O
                         net (fo=39, routed)          0.817     1.944    clkwiz/inst/clk_in1
    MMCME2_ADV_X1Y0      MMCME2_ADV (Prop_mmcme2_adv_CLKIN1_CLKOUT0)
                                                     -1.375     0.569 r  clkwiz/inst/mmcm_adv_inst/CLKOUT0
                         net (fo=1, routed)           0.530     1.099    clkwiz/inst/clk_out1_clk_wiz_0
    BUFGCTRL_X0Y0        BUFG (Prop_bufg_I_O)         0.029     1.128 r  clkwiz/inst/clkout1_buf/O
                         net (fo=89, routed)          0.864     1.991    clk_out1
    SLICE_X3Y39          FDRE                                         r  centered_reg[1]/C

Slack:                    inf
  Source:                 start_in
                            (input port)
  Destination:            centered_reg[2]/R
                            (rising edge-triggered cell FDRE clocked by clk_out1_clk_wiz_0  {rise@0.000ns fall@13.889ns period=27.778ns})
  Path Group:             (none)
  Path Type:              Hold (Min at Fast Process Corner)
  Data Path Delay:        1.216ns  (logic 0.267ns (21.944%)  route 0.949ns (78.056%))
  Logic Levels:           2  (IBUF=1 LUT2=1)
  Clock Path Skew:        1.991ns (DCD - SCD - CPR)
    Destination Clock Delay (DCD):    1.991ns
    Source Clock Delay      (SCD):    0.000ns
    Clock Pessimism Removal (CPR):    -0.000ns
  Timing Exception:       False Path

    Location             Delay type                Incr(ns)  Path(ns)    Netlist Resource(s)
  -------------------------------------------------------------------    -------------------
    T18                                               0.000     0.000 f  start_in (IN)
                         net (fo=0)                   0.000     0.000    start_in
    T18                  IBUF (Prop_ibuf_I_O)         0.222     0.222 f  start_in_IBUF_inst/O
                         net (fo=3, routed)           0.821     1.043    start_in_IBUF
    SLICE_X3Y38          LUT2 (Prop_lut2_I1_O)        0.045     1.088 r  FSM_sequential_adc_state[3]_i_1/O
                         net (fo=74, routed)          0.128     1.216    FSM_sequential_adc_state[3]_i_1_n_0
    SLICE_X3Y39          FDRE                                         r  centered_reg[2]/R
  -------------------------------------------------------------------    -------------------

                         (clock clk_out1_clk_wiz_0 rise edge)
                                                      0.000     0.000 r  
    W5                                                0.000     0.000 r  clock_in (IN)
                         net (fo=0)                   0.000     0.000    clock_in
    W5                   IBUF (Prop_ibuf_I_O)         0.414     0.414 r  clock_in_IBUF_inst/O
                         net (fo=1, routed)           0.685     1.099    clock_in_IBUF
    BUFGCTRL_X0Y1        BUFG (Prop_bufg_I_O)         0.029     1.128 r  clock_in_IBUF_BUFG_inst/O
                         net (fo=39, routed)          0.817     1.944    clkwiz/inst/clk_in1
    MMCME2_ADV_X1Y0      MMCME2_ADV (Prop_mmcme2_adv_CLKIN1_CLKOUT0)
                                                     -1.375     0.569 r  clkwiz/inst/mmcm_adv_inst/CLKOUT0
                         net (fo=1, routed)           0.530     1.099    clkwiz/inst/clk_out1_clk_wiz_0
    BUFGCTRL_X0Y0        BUFG (Prop_bufg_I_O)         0.029     1.128 r  clkwiz/inst/clkout1_buf/O
                         net (fo=89, routed)          0.864     1.991    clk_out1
    SLICE_X3Y39          FDRE                                         r  centered_reg[2]/C

Slack:                    inf
  Source:                 start_in
                            (input port)
  Destination:            centered_reg[4]/R
                            (rising edge-triggered cell FDRE clocked by clk_out1_clk_wiz_0  {rise@0.000ns fall@13.889ns period=27.778ns})
  Path Group:             (none)
  Path Type:              Hold (Min at Fast Process Corner)
  Data Path Delay:        1.216ns  (logic 0.267ns (21.944%)  route 0.949ns (78.056%))
  Logic Levels:           2  (IBUF=1 LUT2=1)
  Clock Path Skew:        1.991ns (DCD - SCD - CPR)
    Destination Clock Delay (DCD):    1.991ns
    Source Clock Delay      (SCD):    0.000ns
    Clock Pessimism Removal (CPR):    -0.000ns
  Timing Exception:       False Path

    Location             Delay type                Incr(ns)  Path(ns)    Netlist Resource(s)
  -------------------------------------------------------------------    -------------------
    T18                                               0.000     0.000 f  start_in (IN)
                         net (fo=0)                   0.000     0.000    start_in
    T18                  IBUF (Prop_ibuf_I_O)         0.222     0.222 f  start_in_IBUF_inst/O
                         net (fo=3, routed)           0.821     1.043    start_in_IBUF
    SLICE_X3Y38          LUT2 (Prop_lut2_I1_O)        0.045     1.088 r  FSM_sequential_adc_state[3]_i_1/O
                         net (fo=74, routed)          0.128     1.216    FSM_sequential_adc_state[3]_i_1_n_0
    SLICE_X3Y39          FDRE                                         r  centered_reg[4]/R
  -------------------------------------------------------------------    -------------------

                         (clock clk_out1_clk_wiz_0 rise edge)
                                                      0.000     0.000 r  
    W5                                                0.000     0.000 r  clock_in (IN)
                         net (fo=0)                   0.000     0.000    clock_in
    W5                   IBUF (Prop_ibuf_I_O)         0.414     0.414 r  clock_in_IBUF_inst/O
                         net (fo=1, routed)           0.685     1.099    clock_in_IBUF
    BUFGCTRL_X0Y1        BUFG (Prop_bufg_I_O)         0.029     1.128 r  clock_in_IBUF_BUFG_inst/O
                         net (fo=39, routed)          0.817     1.944    clkwiz/inst/clk_in1
    MMCME2_ADV_X1Y0      MMCME2_ADV (Prop_mmcme2_adv_CLKIN1_CLKOUT0)
                                                     -1.375     0.569 r  clkwiz/inst/mmcm_adv_inst/CLKOUT0
                         net (fo=1, routed)           0.530     1.099    clkwiz/inst/clk_out1_clk_wiz_0
    BUFGCTRL_X0Y0        BUFG (Prop_bufg_I_O)         0.029     1.128 r  clkwiz/inst/clkout1_buf/O
                         net (fo=89, routed)          0.864     1.991    clk_out1
    SLICE_X3Y39          FDRE                                         r  centered_reg[4]/C

Slack:                    inf
  Source:                 start_in
                            (input port)
  Destination:            centered_reg[6]/R
                            (rising edge-triggered cell FDRE clocked by clk_out1_clk_wiz_0  {rise@0.000ns fall@13.889ns period=27.778ns})
  Path Group:             (none)
  Path Type:              Hold (Min at Fast Process Corner)
  Data Path Delay:        1.216ns  (logic 0.267ns (21.944%)  route 0.949ns (78.056%))
  Logic Levels:           2  (IBUF=1 LUT2=1)
  Clock Path Skew:        1.991ns (DCD - SCD - CPR)
    Destination Clock Delay (DCD):    1.991ns
    Source Clock Delay      (SCD):    0.000ns
    Clock Pessimism Removal (CPR):    -0.000ns
  Timing Exception:       False Path

    Location             Delay type                Incr(ns)  Path(ns)    Netlist Resource(s)
  -------------------------------------------------------------------    -------------------
    T18                                               0.000     0.000 f  start_in (IN)
                         net (fo=0)                   0.000     0.000    start_in
    T18                  IBUF (Prop_ibuf_I_O)         0.222     0.222 f  start_in_IBUF_inst/O
                         net (fo=3, routed)           0.821     1.043    start_in_IBUF
    SLICE_X3Y38          LUT2 (Prop_lut2_I1_O)        0.045     1.088 r  FSM_sequential_adc_state[3]_i_1/O
                         net (fo=74, routed)          0.128     1.216    FSM_sequential_adc_state[3]_i_1_n_0
    SLICE_X3Y39          FDRE                                         r  centered_reg[6]/R
  -------------------------------------------------------------------    -------------------

                         (clock clk_out1_clk_wiz_0 rise edge)
                                                      0.000     0.000 r  
    W5                                                0.000     0.000 r  clock_in (IN)
                         net (fo=0)                   0.000     0.000    clock_in
    W5                   IBUF (Prop_ibuf_I_O)         0.414     0.414 r  clock_in_IBUF_inst/O
                         net (fo=1, routed)           0.685     1.099    clock_in_IBUF
    BUFGCTRL_X0Y1        BUFG (Prop_bufg_I_O)         0.029     1.128 r  clock_in_IBUF_BUFG_inst/O
                         net (fo=39, routed)          0.817     1.944    clkwiz/inst/clk_in1
    MMCME2_ADV_X1Y0      MMCME2_ADV (Prop_mmcme2_adv_CLKIN1_CLKOUT0)
                                                     -1.375     0.569 r  clkwiz/inst/mmcm_adv_inst/CLKOUT0
                         net (fo=1, routed)           0.530     1.099    clkwiz/inst/clk_out1_clk_wiz_0
    BUFGCTRL_X0Y0        BUFG (Prop_bufg_I_O)         0.029     1.128 r  clkwiz/inst/clkout1_buf/O
                         net (fo=89, routed)          0.864     1.991    clk_out1
    SLICE_X3Y39          FDRE                                         r  centered_reg[6]/C

Slack:                    inf
  Source:                 start_in
                            (input port)
  Destination:            centered_reg[7]/R
                            (rising edge-triggered cell FDRE clocked by clk_out1_clk_wiz_0  {rise@0.000ns fall@13.889ns period=27.778ns})
  Path Group:             (none)
  Path Type:              Hold (Min at Fast Process Corner)
  Data Path Delay:        1.216ns  (logic 0.267ns (21.944%)  route 0.949ns (78.056%))
  Logic Levels:           2  (IBUF=1 LUT2=1)
  Clock Path Skew:        1.991ns (DCD - SCD - CPR)
    Destination Clock Delay (DCD):    1.991ns
    Source Clock Delay      (SCD):    0.000ns
    Clock Pessimism Removal (CPR):    -0.000ns
  Timing Exception:       False Path

    Location             Delay type                Incr(ns)  Path(ns)    Netlist Resource(s)
  -------------------------------------------------------------------    -------------------
    T18                                               0.000     0.000 f  start_in (IN)
                         net (fo=0)                   0.000     0.000    start_in
    T18                  IBUF (Prop_ibuf_I_O)         0.222     0.222 f  start_in_IBUF_inst/O
                         net (fo=3, routed)           0.821     1.043    start_in_IBUF
    SLICE_X3Y38          LUT2 (Prop_lut2_I1_O)        0.045     1.088 r  FSM_sequential_adc_state[3]_i_1/O
                         net (fo=74, routed)          0.128     1.216    FSM_sequential_adc_state[3]_i_1_n_0
    SLICE_X3Y39          FDRE                                         r  centered_reg[7]/R
  -------------------------------------------------------------------    -------------------

                         (clock clk_out1_clk_wiz_0 rise edge)
                                                      0.000     0.000 r  
    W5                                                0.000     0.000 r  clock_in (IN)
                         net (fo=0)                   0.000     0.000    clock_in
    W5                   IBUF (Prop_ibuf_I_O)         0.414     0.414 r  clock_in_IBUF_inst/O
                         net (fo=1, routed)           0.685     1.099    clock_in_IBUF
    BUFGCTRL_X0Y1        BUFG (Prop_bufg_I_O)         0.029     1.128 r  clock_in_IBUF_BUFG_inst/O
                         net (fo=39, routed)          0.817     1.944    clkwiz/inst/clk_in1
    MMCME2_ADV_X1Y0      MMCME2_ADV (Prop_mmcme2_adv_CLKIN1_CLKOUT0)
                                                     -1.375     0.569 r  clkwiz/inst/mmcm_adv_inst/CLKOUT0
                         net (fo=1, routed)           0.530     1.099    clkwiz/inst/clk_out1_clk_wiz_0
    BUFGCTRL_X0Y0        BUFG (Prop_bufg_I_O)         0.029     1.128 r  clkwiz/inst/clkout1_buf/O
                         net (fo=89, routed)          0.864     1.991    clk_out1
    SLICE_X3Y39          FDRE                                         r  centered_reg[7]/C

Slack:                    inf
  Source:                 start_in
                            (input port)
  Destination:            centered_reg[8]/R
                            (rising edge-triggered cell FDRE clocked by clk_out1_clk_wiz_0  {rise@0.000ns fall@13.889ns period=27.778ns})
  Path Group:             (none)
  Path Type:              Hold (Min at Fast Process Corner)
  Data Path Delay:        1.216ns  (logic 0.267ns (21.944%)  route 0.949ns (78.056%))
  Logic Levels:           2  (IBUF=1 LUT2=1)
  Clock Path Skew:        1.991ns (DCD - SCD - CPR)
    Destination Clock Delay (DCD):    1.991ns
    Source Clock Delay      (SCD):    0.000ns
    Clock Pessimism Removal (CPR):    -0.000ns
  Timing Exception:       False Path

    Location             Delay type                Incr(ns)  Path(ns)    Netlist Resource(s)
  -------------------------------------------------------------------    -------------------
    T18                                               0.000     0.000 f  start_in (IN)
                         net (fo=0)                   0.000     0.000    start_in
    T18                  IBUF (Prop_ibuf_I_O)         0.222     0.222 f  start_in_IBUF_inst/O
                         net (fo=3, routed)           0.821     1.043    start_in_IBUF
    SLICE_X3Y38          LUT2 (Prop_lut2_I1_O)        0.045     1.088 r  FSM_sequential_adc_state[3]_i_1/O
                         net (fo=74, routed)          0.128     1.216    FSM_sequential_adc_state[3]_i_1_n_0
    SLICE_X3Y39          FDRE                                         r  centered_reg[8]/R
  -------------------------------------------------------------------    -------------------

                         (clock clk_out1_clk_wiz_0 rise edge)
                                                      0.000     0.000 r  
    W5                                                0.000     0.000 r  clock_in (IN)
                         net (fo=0)                   0.000     0.000    clock_in
    W5                   IBUF (Prop_ibuf_I_O)         0.414     0.414 r  clock_in_IBUF_inst/O
                         net (fo=1, routed)           0.685     1.099    clock_in_IBUF
    BUFGCTRL_X0Y1        BUFG (Prop_bufg_I_O)         0.029     1.128 r  clock_in_IBUF_BUFG_inst/O
                         net (fo=39, routed)          0.817     1.944    clkwiz/inst/clk_in1
    MMCME2_ADV_X1Y0      MMCME2_ADV (Prop_mmcme2_adv_CLKIN1_CLKOUT0)
                                                     -1.375     0.569 r  clkwiz/inst/mmcm_adv_inst/CLKOUT0
                         net (fo=1, routed)           0.530     1.099    clkwiz/inst/clk_out1_clk_wiz_0
    BUFGCTRL_X0Y0        BUFG (Prop_bufg_I_O)         0.029     1.128 r  clkwiz/inst/clkout1_buf/O
                         net (fo=89, routed)          0.864     1.991    clk_out1
    SLICE_X3Y39          FDRE                                         r  centered_reg[8]/C

Slack:                    inf
  Source:                 reset_in
                            (input port)
  Destination:            sample_ack_meta_a_reg/R
                            (rising edge-triggered cell FDRE clocked by clk_out1_clk_wiz_0  {rise@0.000ns fall@13.889ns period=27.778ns})
  Path Group:             (none)
  Path Type:              Hold (Min at Fast Process Corner)
  Data Path Delay:        1.220ns  (logic 0.210ns (17.175%)  route 1.010ns (82.825%))
  Logic Levels:           1  (IBUF=1)
  Clock Path Skew:        1.991ns (DCD - SCD - CPR)
    Destination Clock Delay (DCD):    1.991ns
    Source Clock Delay      (SCD):    0.000ns
    Clock Pessimism Removal (CPR):    -0.000ns
  Timing Exception:       False Path

    Location             Delay type                Incr(ns)  Path(ns)    Netlist Resource(s)
  -------------------------------------------------------------------    -------------------
    U18                                               0.000     0.000 r  reset_in (IN)
                         net (fo=0)                   0.000     0.000    reset_in
    U18                  IBUF (Prop_ibuf_I_O)         0.210     0.210 r  reset_in_IBUF_inst/O
                         net (fo=54, routed)          1.010     1.220    reset_in_IBUF
    SLICE_X2Y38          FDRE                                         r  sample_ack_meta_a_reg/R
  -------------------------------------------------------------------    -------------------

                         (clock clk_out1_clk_wiz_0 rise edge)
                                                      0.000     0.000 r  
    W5                                                0.000     0.000 r  clock_in (IN)
                         net (fo=0)                   0.000     0.000    clock_in
    W5                   IBUF (Prop_ibuf_I_O)         0.414     0.414 r  clock_in_IBUF_inst/O
                         net (fo=1, routed)           0.685     1.099    clock_in_IBUF
    BUFGCTRL_X0Y1        BUFG (Prop_bufg_I_O)         0.029     1.128 r  clock_in_IBUF_BUFG_inst/O
                         net (fo=39, routed)          0.817     1.944    clkwiz/inst/clk_in1
    MMCME2_ADV_X1Y0      MMCME2_ADV (Prop_mmcme2_adv_CLKIN1_CLKOUT0)
                                                     -1.375     0.569 r  clkwiz/inst/mmcm_adv_inst/CLKOUT0
                         net (fo=1, routed)           0.530     1.099    clkwiz/inst/clk_out1_clk_wiz_0
    BUFGCTRL_X0Y0        BUFG (Prop_bufg_I_O)         0.029     1.128 r  clkwiz/inst/clkout1_buf/O
                         net (fo=89, routed)          0.864     1.991    clk_out1
    SLICE_X2Y38          FDRE                                         r  sample_ack_meta_a_reg/C

Slack:                    inf
  Source:                 reset_in
                            (input port)
  Destination:            sample_ack_sync_a_reg/R
                            (rising edge-triggered cell FDRE clocked by clk_out1_clk_wiz_0  {rise@0.000ns fall@13.889ns period=27.778ns})
  Path Group:             (none)
  Path Type:              Hold (Min at Fast Process Corner)
  Data Path Delay:        1.220ns  (logic 0.210ns (17.175%)  route 1.010ns (82.825%))
  Logic Levels:           1  (IBUF=1)
  Clock Path Skew:        1.991ns (DCD - SCD - CPR)
    Destination Clock Delay (DCD):    1.991ns
    Source Clock Delay      (SCD):    0.000ns
    Clock Pessimism Removal (CPR):    -0.000ns
  Timing Exception:       False Path

    Location             Delay type                Incr(ns)  Path(ns)    Netlist Resource(s)
  -------------------------------------------------------------------    -------------------
    U18                                               0.000     0.000 r  reset_in (IN)
                         net (fo=0)                   0.000     0.000    reset_in
    U18                  IBUF (Prop_ibuf_I_O)         0.210     0.210 r  reset_in_IBUF_inst/O
                         net (fo=54, routed)          1.010     1.220    reset_in_IBUF
    SLICE_X2Y38          FDRE                                         r  sample_ack_sync_a_reg/R
  -------------------------------------------------------------------    -------------------

                         (clock clk_out1_clk_wiz_0 rise edge)
                                                      0.000     0.000 r  
    W5                                                0.000     0.000 r  clock_in (IN)
                         net (fo=0)                   0.000     0.000    clock_in
    W5                   IBUF (Prop_ibuf_I_O)         0.414     0.414 r  clock_in_IBUF_inst/O
                         net (fo=1, routed)           0.685     1.099    clock_in_IBUF
    BUFGCTRL_X0Y1        BUFG (Prop_bufg_I_O)         0.029     1.128 r  clock_in_IBUF_BUFG_inst/O
                         net (fo=39, routed)          0.817     1.944    clkwiz/inst/clk_in1
    MMCME2_ADV_X1Y0      MMCME2_ADV (Prop_mmcme2_adv_CLKIN1_CLKOUT0)
                                                     -1.375     0.569 r  clkwiz/inst/mmcm_adv_inst/CLKOUT0
                         net (fo=1, routed)           0.530     1.099    clkwiz/inst/clk_out1_clk_wiz_0
    BUFGCTRL_X0Y0        BUFG (Prop_bufg_I_O)         0.029     1.128 r  clkwiz/inst/clkout1_buf/O
                         net (fo=89, routed)          0.864     1.991    clk_out1
    SLICE_X2Y38          FDRE                                         r  sample_ack_sync_a_reg/C





--------------------------------------------------------------------------------------
Path Group:  (none)
From Clock:  sys_clk_pin
  To Clock:  clk_out1_clk_wiz_0

Max Delay             1 Endpoint
Min Delay             1 Endpoint
--------------------------------------------------------------------------------------


Max Delay Paths
--------------------------------------------------------------------------------------
Slack:                    inf
  Source:                 sample_req_seen_u_reg/C
                            (rising edge-triggered cell FDRE clocked by sys_clk_pin  {rise@0.000ns fall@5.000ns period=10.000ns})
  Destination:            sample_ack_meta_a_reg/D
                            (rising edge-triggered cell FDRE clocked by clk_out1_clk_wiz_0  {rise@0.000ns fall@13.889ns period=27.778ns})
  Path Group:             (none)
  Path Type:              Setup (Max at Slow Process Corner)
  Data Path Delay:        0.968ns  (logic 0.456ns (47.116%)  route 0.512ns (52.884%))
  Logic Levels:           0  
  Clock Path Skew:        -0.300ns (DCD - SCD + CPR)
    Destination Clock Delay (DCD):    4.857ns
    Source Clock Delay      (SCD):    5.157ns
    Clock Pessimism Removal (CPR):    0.000ns
  Clock Uncertainty:      0.441ns  ((TSJ^2 + DJ^2)^1/2) / 2 + PE
    Total System Jitter     (TSJ):    0.071ns
    Discrete Jitter          (DJ):    0.278ns
    Phase Error              (PE):    0.297ns
  Timing Exception:       False Path

    Location             Delay type                Incr(ns)  Path(ns)    Netlist Resource(s)
  -------------------------------------------------------------------    -------------------
                         (clock sys_clk_pin rise edge)
                                                      0.000     0.000 r  
    W5                                                0.000     0.000 r  clock_in (IN)
                         net (fo=0)                   0.000     0.000    clock_in
    W5                   IBUF (Prop_ibuf_I_O)         1.458     1.458 r  clock_in_IBUF_inst/O
                         net (fo=1, routed)           1.967     3.425    clock_in_IBUF
    BUFGCTRL_X0Y1        BUFG (Prop_bufg_I_O)         0.096     3.521 r  clock_in_IBUF_BUFG_inst/O
                         net (fo=39, routed)          1.636     5.157    clock_in_IBUF_BUFG
    SLICE_X1Y39          FDRE                                         r  sample_req_seen_u_reg/C
  -------------------------------------------------------------------    -------------------
    SLICE_X1Y39          FDRE (Prop_fdre_C_Q)         0.456     5.613 r  sample_req_seen_u_reg/Q
                         net (fo=5, routed)           0.512     6.125    sample_ack_uart
    SLICE_X2Y38          FDRE                                         r  sample_ack_meta_a_reg/D
  -------------------------------------------------------------------    -------------------

                         (clock clk_out1_clk_wiz_0 rise edge)
                                                      0.000     0.000 r  
    W5                                                0.000     0.000 r  clock_in (IN)
                         net (fo=0)                   0.000     0.000    clock_in
    W5                   IBUF (Prop_ibuf_I_O)         1.388     1.388 r  clock_in_IBUF_inst/O
                         net (fo=1, routed)           1.862     3.250    clock_in_IBUF
    BUFGCTRL_X0Y1        BUFG (Prop_bufg_I_O)         0.091     3.341 r  clock_in_IBUF_BUFG_inst/O
                         net (fo=39, routed)          1.457     4.798    clkwiz/inst/clk_in1
    MMCME2_ADV_X1Y0      MMCME2_ADV (Prop_mmcme2_adv_CLKIN1_CLKOUT0)
                                                     -3.129     1.669 r  clkwiz/inst/mmcm_adv_inst/CLKOUT0
                         net (fo=1, routed)           1.581     3.250    clkwiz/inst/clk_out1_clk_wiz_0
    BUFGCTRL_X0Y0        BUFG (Prop_bufg_I_O)         0.091     3.341 r  clkwiz/inst/clkout1_buf/O
                         net (fo=89, routed)          1.516     4.857    clk_out1
    SLICE_X2Y38          FDRE                                         r  sample_ack_meta_a_reg/C





Min Delay Paths
--------------------------------------------------------------------------------------
Slack:                    inf
  Source:                 sample_req_seen_u_reg/C
                            (rising edge-triggered cell FDRE clocked by sys_clk_pin  {rise@0.000ns fall@5.000ns period=10.000ns})
  Destination:            sample_ack_meta_a_reg/D
                            (rising edge-triggered cell FDRE clocked by clk_out1_clk_wiz_0  {rise@0.000ns fall@13.889ns period=27.778ns})
  Path Group:             (none)
  Path Type:              Hold (Min at Fast Process Corner)
  Data Path Delay:        0.327ns  (logic 0.141ns (43.143%)  route 0.186ns (56.857%))
  Logic Levels:           0  
  Clock Path Skew:        0.515ns (DCD - SCD - CPR)
    Destination Clock Delay (DCD):    1.991ns
    Source Clock Delay      (SCD):    1.476ns
    Clock Pessimism Removal (CPR):    -0.000ns
  Clock Uncertainty:      0.441ns  ((TSJ^2 + DJ^2)^1/2) / 2 + PE
    Total System Jitter     (TSJ):    0.071ns
    Discrete Jitter          (DJ):    0.278ns
    Phase Error              (PE):    0.297ns
  Timing Exception:       False Path

    Location             Delay type                Incr(ns)  Path(ns)    Netlist Resource(s)
  -------------------------------------------------------------------    -------------------
                         (clock sys_clk_pin rise edge)
                                                      0.000     0.000 r  
    W5                                                0.000     0.000 r  clock_in (IN)
                         net (fo=0)                   0.000     0.000    clock_in
    W5                   IBUF (Prop_ibuf_I_O)         0.226     0.226 r  clock_in_IBUF_inst/O
                         net (fo=1, routed)           0.631     0.858    clock_in_IBUF
    BUFGCTRL_X0Y1        BUFG (Prop_bufg_I_O)         0.026     0.884 r  clock_in_IBUF_BUFG_inst/O
                         net (fo=39, routed)          0.593     1.476    clock_in_IBUF_BUFG
    SLICE_X1Y39          FDRE                                         r  sample_req_seen_u_reg/C
  -------------------------------------------------------------------    -------------------
    SLICE_X1Y39          FDRE (Prop_fdre_C_Q)         0.141     1.617 r  sample_req_seen_u_reg/Q
                         net (fo=5, routed)           0.186     1.803    sample_ack_uart
    SLICE_X2Y38          FDRE                                         r  sample_ack_meta_a_reg/D
  -------------------------------------------------------------------    -------------------

                         (clock clk_out1_clk_wiz_0 rise edge)
                                                      0.000     0.000 r  
    W5                                                0.000     0.000 r  clock_in (IN)
                         net (fo=0)                   0.000     0.000    clock_in
    W5                   IBUF (Prop_ibuf_I_O)         0.414     0.414 r  clock_in_IBUF_inst/O
                         net (fo=1, routed)           0.685     1.099    clock_in_IBUF
    BUFGCTRL_X0Y1        BUFG (Prop_bufg_I_O)         0.029     1.128 r  clock_in_IBUF_BUFG_inst/O
                         net (fo=39, routed)          0.817     1.944    clkwiz/inst/clk_in1
    MMCME2_ADV_X1Y0      MMCME2_ADV (Prop_mmcme2_adv_CLKIN1_CLKOUT0)
                                                     -1.375     0.569 r  clkwiz/inst/mmcm_adv_inst/CLKOUT0
                         net (fo=1, routed)           0.530     1.099    clkwiz/inst/clk_out1_clk_wiz_0
    BUFGCTRL_X0Y0        BUFG (Prop_bufg_I_O)         0.029     1.128 r  clkwiz/inst/clkout1_buf/O
                         net (fo=89, routed)          0.864     1.991    clk_out1
    SLICE_X2Y38          FDRE                                         r  sample_ack_meta_a_reg/C





--------------------------------------------------------------------------------------
Path Group:  (none)
From Clock:  
  To Clock:  sys_clk_pin

Max Delay            38 Endpoints
Min Delay            38 Endpoints
--------------------------------------------------------------------------------------


Max Delay Paths
--------------------------------------------------------------------------------------
Slack:                    inf
  Source:                 reset_in
                            (input port)
  Destination:            tx_word_reg[0]/R
                            (rising edge-triggered cell FDRE clocked by sys_clk_pin  {rise@0.000ns fall@5.000ns period=10.000ns})
  Path Group:             (none)
  Path Type:              Setup (Max at Slow Process Corner)
  Data Path Delay:        4.283ns  (logic 1.441ns (33.651%)  route 2.842ns (66.349%))
  Logic Levels:           1  (IBUF=1)
  Clock Path Skew:        4.858ns (DCD - SCD + CPR)
    Destination Clock Delay (DCD):    4.858ns
    Source Clock Delay      (SCD):    0.000ns
    Clock Pessimism Removal (CPR):    0.000ns
  Clock Uncertainty:      0.025ns  ((TSJ^2 + TIJ^2)^1/2 + DJ) / 2 + PE
    Total System Jitter     (TSJ):    0.050ns
    Total Input Jitter      (TIJ):    0.000ns
    Discrete Jitter          (DJ):    0.000ns
    Phase Error              (PE):    0.000ns
  Timing Exception:       False Path

    Location             Delay type                Incr(ns)  Path(ns)    Netlist Resource(s)
  -------------------------------------------------------------------    -------------------
    U18                                               0.000     0.000 r  reset_in (IN)
                         net (fo=0)                   0.000     0.000    reset_in
    U18                  IBUF (Prop_ibuf_I_O)         1.441     1.441 r  reset_in_IBUF_inst/O
                         net (fo=54, routed)          2.842     4.283    reset_in_IBUF
    SLICE_X2Y40          FDRE                                         r  tx_word_reg[0]/R
  -------------------------------------------------------------------    -------------------

                         (clock sys_clk_pin rise edge)
                                                      0.000     0.000 r  
    W5                                                0.000     0.000 r  clock_in (IN)
                         net (fo=0)                   0.000     0.000    clock_in
    W5                   IBUF (Prop_ibuf_I_O)         1.388     1.388 r  clock_in_IBUF_inst/O
                         net (fo=1, routed)           1.862     3.250    clock_in_IBUF
    BUFGCTRL_X0Y1        BUFG (Prop_bufg_I_O)         0.091     3.341 r  clock_in_IBUF_BUFG_inst/O
                         net (fo=39, routed)          1.517     4.858    clock_in_IBUF_BUFG
    SLICE_X2Y40          FDRE                                         r  tx_word_reg[0]/C

Slack:                    inf
  Source:                 reset_in
                            (input port)
  Destination:            tx_word_reg[10]/R
                            (rising edge-triggered cell FDRE clocked by sys_clk_pin  {rise@0.000ns fall@5.000ns period=10.000ns})
  Path Group:             (none)
  Path Type:              Setup (Max at Slow Process Corner)
  Data Path Delay:        4.283ns  (logic 1.441ns (33.651%)  route 2.842ns (66.349%))
  Logic Levels:           1  (IBUF=1)
  Clock Path Skew:        4.858ns (DCD - SCD + CPR)
    Destination Clock Delay (DCD):    4.858ns
    Source Clock Delay      (SCD):    0.000ns
    Clock Pessimism Removal (CPR):    0.000ns
  Clock Uncertainty:      0.025ns  ((TSJ^2 + TIJ^2)^1/2 + DJ) / 2 + PE
    Total System Jitter     (TSJ):    0.050ns
    Total Input Jitter      (TIJ):    0.000ns
    Discrete Jitter          (DJ):    0.000ns
    Phase Error              (PE):    0.000ns
  Timing Exception:       False Path

    Location             Delay type                Incr(ns)  Path(ns)    Netlist Resource(s)
  -------------------------------------------------------------------    -------------------
    U18                                               0.000     0.000 r  reset_in (IN)
                         net (fo=0)                   0.000     0.000    reset_in
    U18                  IBUF (Prop_ibuf_I_O)         1.441     1.441 r  reset_in_IBUF_inst/O
                         net (fo=54, routed)          2.842     4.283    reset_in_IBUF
    SLICE_X3Y40          FDRE                                         r  tx_word_reg[10]/R
  -------------------------------------------------------------------    -------------------

                         (clock sys_clk_pin rise edge)
                                                      0.000     0.000 r  
    W5                                                0.000     0.000 r  clock_in (IN)
                         net (fo=0)                   0.000     0.000    clock_in
    W5                   IBUF (Prop_ibuf_I_O)         1.388     1.388 r  clock_in_IBUF_inst/O
                         net (fo=1, routed)           1.862     3.250    clock_in_IBUF
    BUFGCTRL_X0Y1        BUFG (Prop_bufg_I_O)         0.091     3.341 r  clock_in_IBUF_BUFG_inst/O
                         net (fo=39, routed)          1.517     4.858    clock_in_IBUF_BUFG
    SLICE_X3Y40          FDRE                                         r  tx_word_reg[10]/C

Slack:                    inf
  Source:                 reset_in
                            (input port)
  Destination:            tx_word_reg[11]/R
                            (rising edge-triggered cell FDRE clocked by sys_clk_pin  {rise@0.000ns fall@5.000ns period=10.000ns})
  Path Group:             (none)
  Path Type:              Setup (Max at Slow Process Corner)
  Data Path Delay:        4.283ns  (logic 1.441ns (33.651%)  route 2.842ns (66.349%))
  Logic Levels:           1  (IBUF=1)
  Clock Path Skew:        4.858ns (DCD - SCD + CPR)
    Destination Clock Delay (DCD):    4.858ns
    Source Clock Delay      (SCD):    0.000ns
    Clock Pessimism Removal (CPR):    0.000ns
  Clock Uncertainty:      0.025ns  ((TSJ^2 + TIJ^2)^1/2 + DJ) / 2 + PE
    Total System Jitter     (TSJ):    0.050ns
    Total Input Jitter      (TIJ):    0.000ns
    Discrete Jitter          (DJ):    0.000ns
    Phase Error              (PE):    0.000ns
  Timing Exception:       False Path

    Location             Delay type                Incr(ns)  Path(ns)    Netlist Resource(s)
  -------------------------------------------------------------------    -------------------
    U18                                               0.000     0.000 r  reset_in (IN)
                         net (fo=0)                   0.000     0.000    reset_in
    U18                  IBUF (Prop_ibuf_I_O)         1.441     1.441 r  reset_in_IBUF_inst/O
                         net (fo=54, routed)          2.842     4.283    reset_in_IBUF
    SLICE_X2Y40          FDRE                                         r  tx_word_reg[11]/R
  -------------------------------------------------------------------    -------------------

                         (clock sys_clk_pin rise edge)
                                                      0.000     0.000 r  
    W5                                                0.000     0.000 r  clock_in (IN)
                         net (fo=0)                   0.000     0.000    clock_in
    W5                   IBUF (Prop_ibuf_I_O)         1.388     1.388 r  clock_in_IBUF_inst/O
                         net (fo=1, routed)           1.862     3.250    clock_in_IBUF
    BUFGCTRL_X0Y1        BUFG (Prop_bufg_I_O)         0.091     3.341 r  clock_in_IBUF_BUFG_inst/O
                         net (fo=39, routed)          1.517     4.858    clock_in_IBUF_BUFG
    SLICE_X2Y40          FDRE                                         r  tx_word_reg[11]/C

Slack:                    inf
  Source:                 reset_in
                            (input port)
  Destination:            tx_word_reg[1]/R
                            (rising edge-triggered cell FDRE clocked by sys_clk_pin  {rise@0.000ns fall@5.000ns period=10.000ns})
  Path Group:             (none)
  Path Type:              Setup (Max at Slow Process Corner)
  Data Path Delay:        4.283ns  (logic 1.441ns (33.651%)  route 2.842ns (66.349%))
  Logic Levels:           1  (IBUF=1)
  Clock Path Skew:        4.858ns (DCD - SCD + CPR)
    Destination Clock Delay (DCD):    4.858ns
    Source Clock Delay      (SCD):    0.000ns
    Clock Pessimism Removal (CPR):    0.000ns
  Clock Uncertainty:      0.025ns  ((TSJ^2 + TIJ^2)^1/2 + DJ) / 2 + PE
    Total System Jitter     (TSJ):    0.050ns
    Total Input Jitter      (TIJ):    0.000ns
    Discrete Jitter          (DJ):    0.000ns
    Phase Error              (PE):    0.000ns
  Timing Exception:       False Path

    Location             Delay type                Incr(ns)  Path(ns)    Netlist Resource(s)
  -------------------------------------------------------------------    -------------------
    U18                                               0.000     0.000 r  reset_in (IN)
                         net (fo=0)                   0.000     0.000    reset_in
    U18                  IBUF (Prop_ibuf_I_O)         1.441     1.441 r  reset_in_IBUF_inst/O
                         net (fo=54, routed)          2.842     4.283    reset_in_IBUF
    SLICE_X2Y40          FDRE                                         r  tx_word_reg[1]/R
  -------------------------------------------------------------------    -------------------

                         (clock sys_clk_pin rise edge)
                                                      0.000     0.000 r  
    W5                                                0.000     0.000 r  clock_in (IN)
                         net (fo=0)                   0.000     0.000    clock_in
    W5                   IBUF (Prop_ibuf_I_O)         1.388     1.388 r  clock_in_IBUF_inst/O
                         net (fo=1, routed)           1.862     3.250    clock_in_IBUF
    BUFGCTRL_X0Y1        BUFG (Prop_bufg_I_O)         0.091     3.341 r  clock_in_IBUF_BUFG_inst/O
                         net (fo=39, routed)          1.517     4.858    clock_in_IBUF_BUFG
    SLICE_X2Y40          FDRE                                         r  tx_word_reg[1]/C

Slack:                    inf
  Source:                 reset_in
                            (input port)
  Destination:            tx_word_reg[2]/R
                            (rising edge-triggered cell FDRE clocked by sys_clk_pin  {rise@0.000ns fall@5.000ns period=10.000ns})
  Path Group:             (none)
  Path Type:              Setup (Max at Slow Process Corner)
  Data Path Delay:        4.283ns  (logic 1.441ns (33.651%)  route 2.842ns (66.349%))
  Logic Levels:           1  (IBUF=1)
  Clock Path Skew:        4.858ns (DCD - SCD + CPR)
    Destination Clock Delay (DCD):    4.858ns
    Source Clock Delay      (SCD):    0.000ns
    Clock Pessimism Removal (CPR):    0.000ns
  Clock Uncertainty:      0.025ns  ((TSJ^2 + TIJ^2)^1/2 + DJ) / 2 + PE
    Total System Jitter     (TSJ):    0.050ns
    Total Input Jitter      (TIJ):    0.000ns
    Discrete Jitter          (DJ):    0.000ns
    Phase Error              (PE):    0.000ns
  Timing Exception:       False Path

    Location             Delay type                Incr(ns)  Path(ns)    Netlist Resource(s)
  -------------------------------------------------------------------    -------------------
    U18                                               0.000     0.000 r  reset_in (IN)
                         net (fo=0)                   0.000     0.000    reset_in
    U18                  IBUF (Prop_ibuf_I_O)         1.441     1.441 r  reset_in_IBUF_inst/O
                         net (fo=54, routed)          2.842     4.283    reset_in_IBUF
    SLICE_X2Y40          FDRE                                         r  tx_word_reg[2]/R
  -------------------------------------------------------------------    -------------------

                         (clock sys_clk_pin rise edge)
                                                      0.000     0.000 r  
    W5                                                0.000     0.000 r  clock_in (IN)
                         net (fo=0)                   0.000     0.000    clock_in
    W5                   IBUF (Prop_ibuf_I_O)         1.388     1.388 r  clock_in_IBUF_inst/O
                         net (fo=1, routed)           1.862     3.250    clock_in_IBUF
    BUFGCTRL_X0Y1        BUFG (Prop_bufg_I_O)         0.091     3.341 r  clock_in_IBUF_BUFG_inst/O
                         net (fo=39, routed)          1.517     4.858    clock_in_IBUF_BUFG
    SLICE_X2Y40          FDRE                                         r  tx_word_reg[2]/C

Slack:                    inf
  Source:                 reset_in
                            (input port)
  Destination:            tx_word_reg[3]/R
                            (rising edge-triggered cell FDRE clocked by sys_clk_pin  {rise@0.000ns fall@5.000ns period=10.000ns})
  Path Group:             (none)
  Path Type:              Setup (Max at Slow Process Corner)
  Data Path Delay:        4.283ns  (logic 1.441ns (33.651%)  route 2.842ns (66.349%))
  Logic Levels:           1  (IBUF=1)
  Clock Path Skew:        4.858ns (DCD - SCD + CPR)
    Destination Clock Delay (DCD):    4.858ns
    Source Clock Delay      (SCD):    0.000ns
    Clock Pessimism Removal (CPR):    0.000ns
  Clock Uncertainty:      0.025ns  ((TSJ^2 + TIJ^2)^1/2 + DJ) / 2 + PE
    Total System Jitter     (TSJ):    0.050ns
    Total Input Jitter      (TIJ):    0.000ns
    Discrete Jitter          (DJ):    0.000ns
    Phase Error              (PE):    0.000ns
  Timing Exception:       False Path

    Location             Delay type                Incr(ns)  Path(ns)    Netlist Resource(s)
  -------------------------------------------------------------------    -------------------
    U18                                               0.000     0.000 r  reset_in (IN)
                         net (fo=0)                   0.000     0.000    reset_in
    U18                  IBUF (Prop_ibuf_I_O)         1.441     1.441 r  reset_in_IBUF_inst/O
                         net (fo=54, routed)          2.842     4.283    reset_in_IBUF
    SLICE_X3Y40          FDRE                                         r  tx_word_reg[3]/R
  -------------------------------------------------------------------    -------------------

                         (clock sys_clk_pin rise edge)
                                                      0.000     0.000 r  
    W5                                                0.000     0.000 r  clock_in (IN)
                         net (fo=0)                   0.000     0.000    clock_in
    W5                   IBUF (Prop_ibuf_I_O)         1.388     1.388 r  clock_in_IBUF_inst/O
                         net (fo=1, routed)           1.862     3.250    clock_in_IBUF
    BUFGCTRL_X0Y1        BUFG (Prop_bufg_I_O)         0.091     3.341 r  clock_in_IBUF_BUFG_inst/O
                         net (fo=39, routed)          1.517     4.858    clock_in_IBUF_BUFG
    SLICE_X3Y40          FDRE                                         r  tx_word_reg[3]/C

Slack:                    inf
  Source:                 reset_in
                            (input port)
  Destination:            tx_word_reg[4]/R
                            (rising edge-triggered cell FDRE clocked by sys_clk_pin  {rise@0.000ns fall@5.000ns period=10.000ns})
  Path Group:             (none)
  Path Type:              Setup (Max at Slow Process Corner)
  Data Path Delay:        4.283ns  (logic 1.441ns (33.651%)  route 2.842ns (66.349%))
  Logic Levels:           1  (IBUF=1)
  Clock Path Skew:        4.858ns (DCD - SCD + CPR)
    Destination Clock Delay (DCD):    4.858ns
    Source Clock Delay      (SCD):    0.000ns
    Clock Pessimism Removal (CPR):    0.000ns
  Clock Uncertainty:      0.025ns  ((TSJ^2 + TIJ^2)^1/2 + DJ) / 2 + PE
    Total System Jitter     (TSJ):    0.050ns
    Total Input Jitter      (TIJ):    0.000ns
    Discrete Jitter          (DJ):    0.000ns
    Phase Error              (PE):    0.000ns
  Timing Exception:       False Path

    Location             Delay type                Incr(ns)  Path(ns)    Netlist Resource(s)
  -------------------------------------------------------------------    -------------------
    U18                                               0.000     0.000 r  reset_in (IN)
                         net (fo=0)                   0.000     0.000    reset_in
    U18                  IBUF (Prop_ibuf_I_O)         1.441     1.441 r  reset_in_IBUF_inst/O
                         net (fo=54, routed)          2.842     4.283    reset_in_IBUF
    SLICE_X2Y40          FDRE                                         r  tx_word_reg[4]/R
  -------------------------------------------------------------------    -------------------

                         (clock sys_clk_pin rise edge)
                                                      0.000     0.000 r  
    W5                                                0.000     0.000 r  clock_in (IN)
                         net (fo=0)                   0.000     0.000    clock_in
    W5                   IBUF (Prop_ibuf_I_O)         1.388     1.388 r  clock_in_IBUF_inst/O
                         net (fo=1, routed)           1.862     3.250    clock_in_IBUF
    BUFGCTRL_X0Y1        BUFG (Prop_bufg_I_O)         0.091     3.341 r  clock_in_IBUF_BUFG_inst/O
                         net (fo=39, routed)          1.517     4.858    clock_in_IBUF_BUFG
    SLICE_X2Y40          FDRE                                         r  tx_word_reg[4]/C

Slack:                    inf
  Source:                 reset_in
                            (input port)
  Destination:            tx_word_reg[5]/R
                            (rising edge-triggered cell FDRE clocked by sys_clk_pin  {rise@0.000ns fall@5.000ns period=10.000ns})
  Path Group:             (none)
  Path Type:              Setup (Max at Slow Process Corner)
  Data Path Delay:        4.283ns  (logic 1.441ns (33.651%)  route 2.842ns (66.349%))
  Logic Levels:           1  (IBUF=1)
  Clock Path Skew:        4.858ns (DCD - SCD + CPR)
    Destination Clock Delay (DCD):    4.858ns
    Source Clock Delay      (SCD):    0.000ns
    Clock Pessimism Removal (CPR):    0.000ns
  Clock Uncertainty:      0.025ns  ((TSJ^2 + TIJ^2)^1/2 + DJ) / 2 + PE
    Total System Jitter     (TSJ):    0.050ns
    Total Input Jitter      (TIJ):    0.000ns
    Discrete Jitter          (DJ):    0.000ns
    Phase Error              (PE):    0.000ns
  Timing Exception:       False Path

    Location             Delay type                Incr(ns)  Path(ns)    Netlist Resource(s)
  -------------------------------------------------------------------    -------------------
    U18                                               0.000     0.000 r  reset_in (IN)
                         net (fo=0)                   0.000     0.000    reset_in
    U18                  IBUF (Prop_ibuf_I_O)         1.441     1.441 r  reset_in_IBUF_inst/O
                         net (fo=54, routed)          2.842     4.283    reset_in_IBUF
    SLICE_X3Y40          FDRE                                         r  tx_word_reg[5]/R
  -------------------------------------------------------------------    -------------------

                         (clock sys_clk_pin rise edge)
                                                      0.000     0.000 r  
    W5                                                0.000     0.000 r  clock_in (IN)
                         net (fo=0)                   0.000     0.000    clock_in
    W5                   IBUF (Prop_ibuf_I_O)         1.388     1.388 r  clock_in_IBUF_inst/O
                         net (fo=1, routed)           1.862     3.250    clock_in_IBUF
    BUFGCTRL_X0Y1        BUFG (Prop_bufg_I_O)         0.091     3.341 r  clock_in_IBUF_BUFG_inst/O
                         net (fo=39, routed)          1.517     4.858    clock_in_IBUF_BUFG
    SLICE_X3Y40          FDRE                                         r  tx_word_reg[5]/C

Slack:                    inf
  Source:                 reset_in
                            (input port)
  Destination:            tx_word_reg[6]/R
                            (rising edge-triggered cell FDRE clocked by sys_clk_pin  {rise@0.000ns fall@5.000ns period=10.000ns})
  Path Group:             (none)
  Path Type:              Setup (Max at Slow Process Corner)
  Data Path Delay:        4.283ns  (logic 1.441ns (33.651%)  route 2.842ns (66.349%))
  Logic Levels:           1  (IBUF=1)
  Clock Path Skew:        4.858ns (DCD - SCD + CPR)
    Destination Clock Delay (DCD):    4.858ns
    Source Clock Delay      (SCD):    0.000ns
    Clock Pessimism Removal (CPR):    0.000ns
  Clock Uncertainty:      0.025ns  ((TSJ^2 + TIJ^2)^1/2 + DJ) / 2 + PE
    Total System Jitter     (TSJ):    0.050ns
    Total Input Jitter      (TIJ):    0.000ns
    Discrete Jitter          (DJ):    0.000ns
    Phase Error              (PE):    0.000ns
  Timing Exception:       False Path

    Location             Delay type                Incr(ns)  Path(ns)    Netlist Resource(s)
  -------------------------------------------------------------------    -------------------
    U18                                               0.000     0.000 r  reset_in (IN)
                         net (fo=0)                   0.000     0.000    reset_in
    U18                  IBUF (Prop_ibuf_I_O)         1.441     1.441 r  reset_in_IBUF_inst/O
                         net (fo=54, routed)          2.842     4.283    reset_in_IBUF
    SLICE_X2Y40          FDRE                                         r  tx_word_reg[6]/R
  -------------------------------------------------------------------    -------------------

                         (clock sys_clk_pin rise edge)
                                                      0.000     0.000 r  
    W5                                                0.000     0.000 r  clock_in (IN)
                         net (fo=0)                   0.000     0.000    clock_in
    W5                   IBUF (Prop_ibuf_I_O)         1.388     1.388 r  clock_in_IBUF_inst/O
                         net (fo=1, routed)           1.862     3.250    clock_in_IBUF
    BUFGCTRL_X0Y1        BUFG (Prop_bufg_I_O)         0.091     3.341 r  clock_in_IBUF_BUFG_inst/O
                         net (fo=39, routed)          1.517     4.858    clock_in_IBUF_BUFG
    SLICE_X2Y40          FDRE                                         r  tx_word_reg[6]/C

Slack:                    inf
  Source:                 reset_in
                            (input port)
  Destination:            tx_word_reg[7]/R
                            (rising edge-triggered cell FDRE clocked by sys_clk_pin  {rise@0.000ns fall@5.000ns period=10.000ns})
  Path Group:             (none)
  Path Type:              Setup (Max at Slow Process Corner)
  Data Path Delay:        4.283ns  (logic 1.441ns (33.651%)  route 2.842ns (66.349%))
  Logic Levels:           1  (IBUF=1)
  Clock Path Skew:        4.858ns (DCD - SCD + CPR)
    Destination Clock Delay (DCD):    4.858ns
    Source Clock Delay      (SCD):    0.000ns
    Clock Pessimism Removal (CPR):    0.000ns
  Clock Uncertainty:      0.025ns  ((TSJ^2 + TIJ^2)^1/2 + DJ) / 2 + PE
    Total System Jitter     (TSJ):    0.050ns
    Total Input Jitter      (TIJ):    0.000ns
    Discrete Jitter          (DJ):    0.000ns
    Phase Error              (PE):    0.000ns
  Timing Exception:       False Path

    Location             Delay type                Incr(ns)  Path(ns)    Netlist Resource(s)
  -------------------------------------------------------------------    -------------------
    U18                                               0.000     0.000 r  reset_in (IN)
                         net (fo=0)                   0.000     0.000    reset_in
    U18                  IBUF (Prop_ibuf_I_O)         1.441     1.441 r  reset_in_IBUF_inst/O
                         net (fo=54, routed)          2.842     4.283    reset_in_IBUF
    SLICE_X2Y40          FDRE                                         r  tx_word_reg[7]/R
  -------------------------------------------------------------------    -------------------

                         (clock sys_clk_pin rise edge)
                                                      0.000     0.000 r  
    W5                                                0.000     0.000 r  clock_in (IN)
                         net (fo=0)                   0.000     0.000    clock_in
    W5                   IBUF (Prop_ibuf_I_O)         1.388     1.388 r  clock_in_IBUF_inst/O
                         net (fo=1, routed)           1.862     3.250    clock_in_IBUF
    BUFGCTRL_X0Y1        BUFG (Prop_bufg_I_O)         0.091     3.341 r  clock_in_IBUF_BUFG_inst/O
                         net (fo=39, routed)          1.517     4.858    clock_in_IBUF_BUFG
    SLICE_X2Y40          FDRE                                         r  tx_word_reg[7]/C





Min Delay Paths
--------------------------------------------------------------------------------------
Slack:                    inf
  Source:                 reset_in
                            (input port)
  Destination:            uart_div_cnt_reg[0]/R
                            (rising edge-triggered cell FDRE clocked by sys_clk_pin  {rise@0.000ns fall@5.000ns period=10.000ns})
  Path Group:             (none)
  Path Type:              Hold (Min at Fast Process Corner)
  Data Path Delay:        1.019ns  (logic 0.210ns (20.562%)  route 0.809ns (79.438%))
  Logic Levels:           1  (IBUF=1)
  Clock Path Skew:        1.989ns (DCD - SCD - CPR)
    Destination Clock Delay (DCD):    1.989ns
    Source Clock Delay      (SCD):    0.000ns
    Clock Pessimism Removal (CPR):    -0.000ns
  Timing Exception:       False Path

    Location             Delay type                Incr(ns)  Path(ns)    Netlist Resource(s)
  -------------------------------------------------------------------    -------------------
    U18                                               0.000     0.000 r  reset_in (IN)
                         net (fo=0)                   0.000     0.000    reset_in
    U18                  IBUF (Prop_ibuf_I_O)         0.210     0.210 r  reset_in_IBUF_inst/O
                         net (fo=54, routed)          0.809     1.019    reset_in_IBUF
    SLICE_X1Y37          FDRE                                         r  uart_div_cnt_reg[0]/R
  -------------------------------------------------------------------    -------------------

                         (clock sys_clk_pin rise edge)
                                                      0.000     0.000 r  
    W5                                                0.000     0.000 r  clock_in (IN)
                         net (fo=0)                   0.000     0.000    clock_in
    W5                   IBUF (Prop_ibuf_I_O)         0.414     0.414 r  clock_in_IBUF_inst/O
                         net (fo=1, routed)           0.685     1.099    clock_in_IBUF
    BUFGCTRL_X0Y1        BUFG (Prop_bufg_I_O)         0.029     1.128 r  clock_in_IBUF_BUFG_inst/O
                         net (fo=39, routed)          0.862     1.989    clock_in_IBUF_BUFG
    SLICE_X1Y37          FDRE                                         r  uart_div_cnt_reg[0]/C

Slack:                    inf
  Source:                 reset_in
                            (input port)
  Destination:            uart_div_cnt_reg[1]/R
                            (rising edge-triggered cell FDRE clocked by sys_clk_pin  {rise@0.000ns fall@5.000ns period=10.000ns})
  Path Group:             (none)
  Path Type:              Hold (Min at Fast Process Corner)
  Data Path Delay:        1.019ns  (logic 0.210ns (20.562%)  route 0.809ns (79.438%))
  Logic Levels:           1  (IBUF=1)
  Clock Path Skew:        1.989ns (DCD - SCD - CPR)
    Destination Clock Delay (DCD):    1.989ns
    Source Clock Delay      (SCD):    0.000ns
    Clock Pessimism Removal (CPR):    -0.000ns
  Timing Exception:       False Path

    Location             Delay type                Incr(ns)  Path(ns)    Netlist Resource(s)
  -------------------------------------------------------------------    -------------------
    U18                                               0.000     0.000 r  reset_in (IN)
                         net (fo=0)                   0.000     0.000    reset_in
    U18                  IBUF (Prop_ibuf_I_O)         0.210     0.210 r  reset_in_IBUF_inst/O
                         net (fo=54, routed)          0.809     1.019    reset_in_IBUF
    SLICE_X1Y37          FDRE                                         r  uart_div_cnt_reg[1]/R
  -------------------------------------------------------------------    -------------------

                         (clock sys_clk_pin rise edge)
                                                      0.000     0.000 r  
    W5                                                0.000     0.000 r  clock_in (IN)
                         net (fo=0)                   0.000     0.000    clock_in
    W5                   IBUF (Prop_ibuf_I_O)         0.414     0.414 r  clock_in_IBUF_inst/O
                         net (fo=1, routed)           0.685     1.099    clock_in_IBUF
    BUFGCTRL_X0Y1        BUFG (Prop_bufg_I_O)         0.029     1.128 r  clock_in_IBUF_BUFG_inst/O
                         net (fo=39, routed)          0.862     1.989    clock_in_IBUF_BUFG
    SLICE_X1Y37          FDRE                                         r  uart_div_cnt_reg[1]/C

Slack:                    inf
  Source:                 reset_in
                            (input port)
  Destination:            uart_div_cnt_reg[4]/R
                            (rising edge-triggered cell FDRE clocked by sys_clk_pin  {rise@0.000ns fall@5.000ns period=10.000ns})
  Path Group:             (none)
  Path Type:              Hold (Min at Fast Process Corner)
  Data Path Delay:        1.084ns  (logic 0.210ns (19.332%)  route 0.874ns (80.668%))
  Logic Levels:           1  (IBUF=1)
  Clock Path Skew:        1.988ns (DCD - SCD - CPR)
    Destination Clock Delay (DCD):    1.988ns
    Source Clock Delay      (SCD):    0.000ns
    Clock Pessimism Removal (CPR):    -0.000ns
  Timing Exception:       False Path

    Location             Delay type                Incr(ns)  Path(ns)    Netlist Resource(s)
  -------------------------------------------------------------------    -------------------
    U18                                               0.000     0.000 r  reset_in (IN)
                         net (fo=0)                   0.000     0.000    reset_in
    U18                  IBUF (Prop_ibuf_I_O)         0.210     0.210 r  reset_in_IBUF_inst/O
                         net (fo=54, routed)          0.874     1.084    reset_in_IBUF
    SLICE_X1Y36          FDRE                                         r  uart_div_cnt_reg[4]/R
  -------------------------------------------------------------------    -------------------

                         (clock sys_clk_pin rise edge)
                                                      0.000     0.000 r  
    W5                                                0.000     0.000 r  clock_in (IN)
                         net (fo=0)                   0.000     0.000    clock_in
    W5                   IBUF (Prop_ibuf_I_O)         0.414     0.414 r  clock_in_IBUF_inst/O
                         net (fo=1, routed)           0.685     1.099    clock_in_IBUF
    BUFGCTRL_X0Y1        BUFG (Prop_bufg_I_O)         0.029     1.128 r  clock_in_IBUF_BUFG_inst/O
                         net (fo=39, routed)          0.861     1.988    clock_in_IBUF_BUFG
    SLICE_X1Y36          FDRE                                         r  uart_div_cnt_reg[4]/C

Slack:                    inf
  Source:                 reset_in
                            (input port)
  Destination:            uart_div_cnt_reg[6]/R
                            (rising edge-triggered cell FDRE clocked by sys_clk_pin  {rise@0.000ns fall@5.000ns period=10.000ns})
  Path Group:             (none)
  Path Type:              Hold (Min at Fast Process Corner)
  Data Path Delay:        1.084ns  (logic 0.210ns (19.332%)  route 0.874ns (80.668%))
  Logic Levels:           1  (IBUF=1)
  Clock Path Skew:        1.988ns (DCD - SCD - CPR)
    Destination Clock Delay (DCD):    1.988ns
    Source Clock Delay      (SCD):    0.000ns
    Clock Pessimism Removal (CPR):    -0.000ns
  Timing Exception:       False Path

    Location             Delay type                Incr(ns)  Path(ns)    Netlist Resource(s)
  -------------------------------------------------------------------    -------------------
    U18                                               0.000     0.000 r  reset_in (IN)
                         net (fo=0)                   0.000     0.000    reset_in
    U18                  IBUF (Prop_ibuf_I_O)         0.210     0.210 r  reset_in_IBUF_inst/O
                         net (fo=54, routed)          0.874     1.084    reset_in_IBUF
    SLICE_X1Y36          FDRE                                         r  uart_div_cnt_reg[6]/R
  -------------------------------------------------------------------    -------------------

                         (clock sys_clk_pin rise edge)
                                                      0.000     0.000 r  
    W5                                                0.000     0.000 r  clock_in (IN)
                         net (fo=0)                   0.000     0.000    clock_in
    W5                   IBUF (Prop_ibuf_I_O)         0.414     0.414 r  clock_in_IBUF_inst/O
                         net (fo=1, routed)           0.685     1.099    clock_in_IBUF
    BUFGCTRL_X0Y1        BUFG (Prop_bufg_I_O)         0.029     1.128 r  clock_in_IBUF_BUFG_inst/O
                         net (fo=39, routed)          0.861     1.988    clock_in_IBUF_BUFG
    SLICE_X1Y36          FDRE                                         r  uart_div_cnt_reg[6]/C

Slack:                    inf
  Source:                 reset_in
                            (input port)
  Destination:            uart_div_cnt_reg[2]/R
                            (rising edge-triggered cell FDRE clocked by sys_clk_pin  {rise@0.000ns fall@5.000ns period=10.000ns})
  Path Group:             (none)
  Path Type:              Hold (Min at Fast Process Corner)
  Data Path Delay:        1.088ns  (logic 0.210ns (19.255%)  route 0.879ns (80.745%))
  Logic Levels:           1  (IBUF=1)
  Clock Path Skew:        1.988ns (DCD - SCD - CPR)
    Destination Clock Delay (DCD):    1.988ns
    Source Clock Delay      (SCD):    0.000ns
    Clock Pessimism Removal (CPR):    -0.000ns
  Timing Exception:       False Path

    Location             Delay type                Incr(ns)  Path(ns)    Netlist Resource(s)
  -------------------------------------------------------------------    -------------------
    U18                                               0.000     0.000 r  reset_in (IN)
                         net (fo=0)                   0.000     0.000    reset_in
    U18                  IBUF (Prop_ibuf_I_O)         0.210     0.210 r  reset_in_IBUF_inst/O
                         net (fo=54, routed)          0.879     1.088    reset_in_IBUF
    SLICE_X0Y36          FDRE                                         r  uart_div_cnt_reg[2]/R
  -------------------------------------------------------------------    -------------------

                         (clock sys_clk_pin rise edge)
                                                      0.000     0.000 r  
    W5                                                0.000     0.000 r  clock_in (IN)
                         net (fo=0)                   0.000     0.000    clock_in
    W5                   IBUF (Prop_ibuf_I_O)         0.414     0.414 r  clock_in_IBUF_inst/O
                         net (fo=1, routed)           0.685     1.099    clock_in_IBUF
    BUFGCTRL_X0Y1        BUFG (Prop_bufg_I_O)         0.029     1.128 r  clock_in_IBUF_BUFG_inst/O
                         net (fo=39, routed)          0.861     1.988    clock_in_IBUF_BUFG
    SLICE_X0Y36          FDRE                                         r  uart_div_cnt_reg[2]/C

Slack:                    inf
  Source:                 reset_in
                            (input port)
  Destination:            uart_div_cnt_reg[3]/R
                            (rising edge-triggered cell FDRE clocked by sys_clk_pin  {rise@0.000ns fall@5.000ns period=10.000ns})
  Path Group:             (none)
  Path Type:              Hold (Min at Fast Process Corner)
  Data Path Delay:        1.088ns  (logic 0.210ns (19.255%)  route 0.879ns (80.745%))
  Logic Levels:           1  (IBUF=1)
  Clock Path Skew:        1.988ns (DCD - SCD - CPR)
    Destination Clock Delay (DCD):    1.988ns
    Source Clock Delay      (SCD):    0.000ns
    Clock Pessimism Removal (CPR):    -0.000ns
  Timing Exception:       False Path

    Location             Delay type                Incr(ns)  Path(ns)    Netlist Resource(s)
  -------------------------------------------------------------------    -------------------
    U18                                               0.000     0.000 r  reset_in (IN)
                         net (fo=0)                   0.000     0.000    reset_in
    U18                  IBUF (Prop_ibuf_I_O)         0.210     0.210 r  reset_in_IBUF_inst/O
                         net (fo=54, routed)          0.879     1.088    reset_in_IBUF
    SLICE_X0Y36          FDRE                                         r  uart_div_cnt_reg[3]/R
  -------------------------------------------------------------------    -------------------

                         (clock sys_clk_pin rise edge)
                                                      0.000     0.000 r  
    W5                                                0.000     0.000 r  clock_in (IN)
                         net (fo=0)                   0.000     0.000    clock_in
    W5                   IBUF (Prop_ibuf_I_O)         0.414     0.414 r  clock_in_IBUF_inst/O
                         net (fo=1, routed)           0.685     1.099    clock_in_IBUF
    BUFGCTRL_X0Y1        BUFG (Prop_bufg_I_O)         0.029     1.128 r  clock_in_IBUF_BUFG_inst/O
                         net (fo=39, routed)          0.861     1.988    clock_in_IBUF_BUFG
    SLICE_X0Y36          FDRE                                         r  uart_div_cnt_reg[3]/C

Slack:                    inf
  Source:                 reset_in
                            (input port)
  Destination:            uart_div_cnt_reg[5]/R
                            (rising edge-triggered cell FDRE clocked by sys_clk_pin  {rise@0.000ns fall@5.000ns period=10.000ns})
  Path Group:             (none)
  Path Type:              Hold (Min at Fast Process Corner)
  Data Path Delay:        1.088ns  (logic 0.210ns (19.255%)  route 0.879ns (80.745%))
  Logic Levels:           1  (IBUF=1)
  Clock Path Skew:        1.988ns (DCD - SCD - CPR)
    Destination Clock Delay (DCD):    1.988ns
    Source Clock Delay      (SCD):    0.000ns
    Clock Pessimism Removal (CPR):    -0.000ns
  Timing Exception:       False Path

    Location             Delay type                Incr(ns)  Path(ns)    Netlist Resource(s)
  -------------------------------------------------------------------    -------------------
    U18                                               0.000     0.000 r  reset_in (IN)
                         net (fo=0)                   0.000     0.000    reset_in
    U18                  IBUF (Prop_ibuf_I_O)         0.210     0.210 r  reset_in_IBUF_inst/O
                         net (fo=54, routed)          0.879     1.088    reset_in_IBUF
    SLICE_X0Y36          FDRE                                         r  uart_div_cnt_reg[5]/R
  -------------------------------------------------------------------    -------------------

                         (clock sys_clk_pin rise edge)
                                                      0.000     0.000 r  
    W5                                                0.000     0.000 r  clock_in (IN)
                         net (fo=0)                   0.000     0.000    clock_in
    W5                   IBUF (Prop_ibuf_I_O)         0.414     0.414 r  clock_in_IBUF_inst/O
                         net (fo=1, routed)           0.685     1.099    clock_in_IBUF
    BUFGCTRL_X0Y1        BUFG (Prop_bufg_I_O)         0.029     1.128 r  clock_in_IBUF_BUFG_inst/O
                         net (fo=39, routed)          0.861     1.988    clock_in_IBUF_BUFG
    SLICE_X0Y36          FDRE                                         r  uart_div_cnt_reg[5]/C

Slack:                    inf
  Source:                 reset_in
                            (input port)
  Destination:            sample_req_meta_u_reg/R
                            (rising edge-triggered cell FDRE clocked by sys_clk_pin  {rise@0.000ns fall@5.000ns period=10.000ns})
  Path Group:             (none)
  Path Type:              Hold (Min at Fast Process Corner)
  Data Path Delay:        1.100ns  (logic 0.210ns (19.055%)  route 0.890ns (80.945%))
  Logic Levels:           1  (IBUF=1)
  Clock Path Skew:        1.991ns (DCD - SCD - CPR)
    Destination Clock Delay (DCD):    1.991ns
    Source Clock Delay      (SCD):    0.000ns
    Clock Pessimism Removal (CPR):    -0.000ns
  Timing Exception:       False Path

    Location             Delay type                Incr(ns)  Path(ns)    Netlist Resource(s)
  -------------------------------------------------------------------    -------------------
    U18                                               0.000     0.000 r  reset_in (IN)
                         net (fo=0)                   0.000     0.000    reset_in
    U18                  IBUF (Prop_ibuf_I_O)         0.210     0.210 r  reset_in_IBUF_inst/O
                         net (fo=54, routed)          0.890     1.100    reset_in_IBUF
    SLICE_X1Y38          FDRE                                         r  sample_req_meta_u_reg/R
  -------------------------------------------------------------------    -------------------

                         (clock sys_clk_pin rise edge)
                                                      0.000     0.000 r  
    W5                                                0.000     0.000 r  clock_in (IN)
                         net (fo=0)                   0.000     0.000    clock_in
    W5                   IBUF (Prop_ibuf_I_O)         0.414     0.414 r  clock_in_IBUF_inst/O
                         net (fo=1, routed)           0.685     1.099    clock_in_IBUF
    BUFGCTRL_X0Y1        BUFG (Prop_bufg_I_O)         0.029     1.128 r  clock_in_IBUF_BUFG_inst/O
                         net (fo=39, routed)          0.864     1.991    clock_in_IBUF_BUFG
    SLICE_X1Y38          FDRE                                         r  sample_req_meta_u_reg/C

Slack:                    inf
  Source:                 reset_in
                            (input port)
  Destination:            sample_req_sync_u_reg/R
                            (rising edge-triggered cell FDRE clocked by sys_clk_pin  {rise@0.000ns fall@5.000ns period=10.000ns})
  Path Group:             (none)
  Path Type:              Hold (Min at Fast Process Corner)
  Data Path Delay:        1.100ns  (logic 0.210ns (19.055%)  route 0.890ns (80.945%))
  Logic Levels:           1  (IBUF=1)
  Clock Path Skew:        1.991ns (DCD - SCD - CPR)
    Destination Clock Delay (DCD):    1.991ns
    Source Clock Delay      (SCD):    0.000ns
    Clock Pessimism Removal (CPR):    -0.000ns
  Timing Exception:       False Path

    Location             Delay type                Incr(ns)  Path(ns)    Netlist Resource(s)
  -------------------------------------------------------------------    -------------------
    U18                                               0.000     0.000 r  reset_in (IN)
                         net (fo=0)                   0.000     0.000    reset_in
    U18                  IBUF (Prop_ibuf_I_O)         0.210     0.210 r  reset_in_IBUF_inst/O
                         net (fo=54, routed)          0.890     1.100    reset_in_IBUF
    SLICE_X1Y38          FDRE                                         r  sample_req_sync_u_reg/R
  -------------------------------------------------------------------    -------------------

                         (clock sys_clk_pin rise edge)
                                                      0.000     0.000 r  
    W5                                                0.000     0.000 r  clock_in (IN)
                         net (fo=0)                   0.000     0.000    clock_in
    W5                   IBUF (Prop_ibuf_I_O)         0.414     0.414 r  clock_in_IBUF_inst/O
                         net (fo=1, routed)           0.685     1.099    clock_in_IBUF
    BUFGCTRL_X0Y1        BUFG (Prop_bufg_I_O)         0.029     1.128 r  clock_in_IBUF_BUFG_inst/O
                         net (fo=39, routed)          0.864     1.991    clock_in_IBUF_BUFG
    SLICE_X1Y38          FDRE                                         r  sample_req_sync_u_reg/C

Slack:                    inf
  Source:                 reset_in
                            (input port)
  Destination:            FSM_sequential_uart_state_reg[1]/R
                            (rising edge-triggered cell FDRE clocked by sys_clk_pin  {rise@0.000ns fall@5.000ns period=10.000ns})
  Path Group:             (none)
  Path Type:              Hold (Min at Fast Process Corner)
  Data Path Delay:        1.104ns  (logic 0.210ns (18.980%)  route 0.894ns (81.020%))
  Logic Levels:           1  (IBUF=1)
  Clock Path Skew:        1.991ns (DCD - SCD - CPR)
    Destination Clock Delay (DCD):    1.991ns
    Source Clock Delay      (SCD):    0.000ns
    Clock Pessimism Removal (CPR):    -0.000ns
  Timing Exception:       False Path

    Location             Delay type                Incr(ns)  Path(ns)    Netlist Resource(s)
  -------------------------------------------------------------------    -------------------
    U18                                               0.000     0.000 r  reset_in (IN)
                         net (fo=0)                   0.000     0.000    reset_in
    U18                  IBUF (Prop_ibuf_I_O)         0.210     0.210 r  reset_in_IBUF_inst/O
                         net (fo=54, routed)          0.894     1.104    reset_in_IBUF
    SLICE_X0Y38          FDRE                                         r  FSM_sequential_uart_state_reg[1]/R
  -------------------------------------------------------------------    -------------------

                         (clock sys_clk_pin rise edge)
                                                      0.000     0.000 r  
    W5                                                0.000     0.000 r  clock_in (IN)
                         net (fo=0)                   0.000     0.000    clock_in
    W5                   IBUF (Prop_ibuf_I_O)         0.414     0.414 r  clock_in_IBUF_inst/O
                         net (fo=1, routed)           0.685     1.099    clock_in_IBUF
    BUFGCTRL_X0Y1        BUFG (Prop_bufg_I_O)         0.029     1.128 r  clock_in_IBUF_BUFG_inst/O
                         net (fo=39, routed)          0.864     1.991    clock_in_IBUF_BUFG
    SLICE_X0Y38          FDRE                                         r  FSM_sequential_uart_state_reg[1]/C





--------------------------------------------------------------------------------------
Path Group:  (none)
From Clock:  clk_out1_clk_wiz_0
  To Clock:  sys_clk_pin

Max Delay            13 Endpoints
Min Delay            13 Endpoints
--------------------------------------------------------------------------------------


Max Delay Paths
--------------------------------------------------------------------------------------
Slack:                    inf
  Source:                 sample_word_adc_reg[1]/C
                            (rising edge-triggered cell FDRE clocked by clk_out1_clk_wiz_0  {rise@0.000ns fall@13.889ns period=27.778ns})
  Destination:            tx_word_reg[1]/D
                            (rising edge-triggered cell FDRE clocked by sys_clk_pin  {rise@0.000ns fall@5.000ns period=10.000ns})
  Path Group:             (none)
  Path Type:              Setup (Max at Slow Process Corner)
  Data Path Delay:        1.133ns  (logic 0.518ns (45.730%)  route 0.615ns (54.270%))
  Logic Levels:           0  
  Clock Path Skew:        -0.299ns (DCD - SCD + CPR)
    Destination Clock Delay (DCD):    4.858ns
    Source Clock Delay      (SCD):    5.157ns
    Clock Pessimism Removal (CPR):    0.000ns
  Clock Uncertainty:      0.441ns  ((TSJ^2 + DJ^2)^1/2) / 2 + PE
    Total System Jitter     (TSJ):    0.071ns
    Discrete Jitter          (DJ):    0.278ns
    Phase Error              (PE):    0.297ns
  Timing Exception:       False Path

    Location             Delay type                Incr(ns)  Path(ns)    Netlist Resource(s)
  -------------------------------------------------------------------    -------------------
                         (clock clk_out1_clk_wiz_0 rise edge)
                                                      0.000     0.000 r  
    W5                                                0.000     0.000 r  clock_in (IN)
                         net (fo=0)                   0.000     0.000    clock_in
    W5                   IBUF (Prop_ibuf_I_O)         1.458     1.458 r  clock_in_IBUF_inst/O
                         net (fo=1, routed)           1.967     3.425    clock_in_IBUF
    BUFGCTRL_X0Y1        BUFG (Prop_bufg_I_O)         0.096     3.521 r  clock_in_IBUF_BUFG_inst/O
                         net (fo=39, routed)          1.575     5.096    clkwiz/inst/clk_in1
    MMCME2_ADV_X1Y0      MMCME2_ADV (Prop_mmcme2_adv_CLKIN1_CLKOUT0)
                                                     -3.333     1.763 r  clkwiz/inst/mmcm_adv_inst/CLKOUT0
                         net (fo=1, routed)           1.661     3.425    clkwiz/inst/clk_out1_clk_wiz_0
    BUFGCTRL_X0Y0        BUFG (Prop_bufg_I_O)         0.096     3.521 r  clkwiz/inst/clkout1_buf/O
                         net (fo=89, routed)          1.636     5.157    clk_out1
    SLICE_X2Y39          FDRE                                         r  sample_word_adc_reg[1]/C
  -------------------------------------------------------------------    -------------------
    SLICE_X2Y39          FDRE (Prop_fdre_C_Q)         0.518     5.675 r  sample_word_adc_reg[1]/Q
                         net (fo=1, routed)           0.615     6.290    sample_word_adc[1]
    SLICE_X2Y40          FDRE                                         r  tx_word_reg[1]/D
  -------------------------------------------------------------------    -------------------

                         (clock sys_clk_pin rise edge)
                                                      0.000     0.000 r  
    W5                                                0.000     0.000 r  clock_in (IN)
                         net (fo=0)                   0.000     0.000    clock_in
    W5                   IBUF (Prop_ibuf_I_O)         1.388     1.388 r  clock_in_IBUF_inst/O
                         net (fo=1, routed)           1.862     3.250    clock_in_IBUF
    BUFGCTRL_X0Y1        BUFG (Prop_bufg_I_O)         0.091     3.341 r  clock_in_IBUF_BUFG_inst/O
                         net (fo=39, routed)          1.517     4.858    clock_in_IBUF_BUFG
    SLICE_X2Y40          FDRE                                         r  tx_word_reg[1]/C

Slack:                    inf
  Source:                 sample_word_adc_reg[7]/C
                            (rising edge-triggered cell FDRE clocked by clk_out1_clk_wiz_0  {rise@0.000ns fall@13.889ns period=27.778ns})
  Destination:            tx_word_reg[7]/D
                            (rising edge-triggered cell FDRE clocked by sys_clk_pin  {rise@0.000ns fall@5.000ns period=10.000ns})
  Path Group:             (none)
  Path Type:              Setup (Max at Slow Process Corner)
  Data Path Delay:        1.123ns  (logic 0.478ns (42.558%)  route 0.645ns (57.442%))
  Logic Levels:           0  
  Clock Path Skew:        -0.299ns (DCD - SCD + CPR)
    Destination Clock Delay (DCD):    4.858ns
    Source Clock Delay      (SCD):    5.157ns
    Clock Pessimism Removal (CPR):    0.000ns
  Clock Uncertainty:      0.441ns  ((TSJ^2 + DJ^2)^1/2) / 2 + PE
    Total System Jitter     (TSJ):    0.071ns
    Discrete Jitter          (DJ):    0.278ns
    Phase Error              (PE):    0.297ns
  Timing Exception:       False Path

    Location             Delay type                Incr(ns)  Path(ns)    Netlist Resource(s)
  -------------------------------------------------------------------    -------------------
                         (clock clk_out1_clk_wiz_0 rise edge)
                                                      0.000     0.000 r  
    W5                                                0.000     0.000 r  clock_in (IN)
                         net (fo=0)                   0.000     0.000    clock_in
    W5                   IBUF (Prop_ibuf_I_O)         1.458     1.458 r  clock_in_IBUF_inst/O
                         net (fo=1, routed)           1.967     3.425    clock_in_IBUF
    BUFGCTRL_X0Y1        BUFG (Prop_bufg_I_O)         0.096     3.521 r  clock_in_IBUF_BUFG_inst/O
                         net (fo=39, routed)          1.575     5.096    clkwiz/inst/clk_in1
    MMCME2_ADV_X1Y0      MMCME2_ADV (Prop_mmcme2_adv_CLKIN1_CLKOUT0)
                                                     -3.333     1.763 r  clkwiz/inst/mmcm_adv_inst/CLKOUT0
                         net (fo=1, routed)           1.661     3.425    clkwiz/inst/clk_out1_clk_wiz_0
    BUFGCTRL_X0Y0        BUFG (Prop_bufg_I_O)         0.096     3.521 r  clkwiz/inst/clkout1_buf/O
                         net (fo=89, routed)          1.636     5.157    clk_out1
    SLICE_X2Y39          FDRE                                         r  sample_word_adc_reg[7]/C
  -------------------------------------------------------------------    -------------------
    SLICE_X2Y39          FDRE (Prop_fdre_C_Q)         0.478     5.635 r  sample_word_adc_reg[7]/Q
                         net (fo=1, routed)           0.645     6.280    sample_word_adc[7]
    SLICE_X2Y40          FDRE                                         r  tx_word_reg[7]/D
  -------------------------------------------------------------------    -------------------

                         (clock sys_clk_pin rise edge)
                                                      0.000     0.000 r  
    W5                                                0.000     0.000 r  clock_in (IN)
                         net (fo=0)                   0.000     0.000    clock_in
    W5                   IBUF (Prop_ibuf_I_O)         1.388     1.388 r  clock_in_IBUF_inst/O
                         net (fo=1, routed)           1.862     3.250    clock_in_IBUF
    BUFGCTRL_X0Y1        BUFG (Prop_bufg_I_O)         0.091     3.341 r  clock_in_IBUF_BUFG_inst/O
                         net (fo=39, routed)          1.517     4.858    clock_in_IBUF_BUFG
    SLICE_X2Y40          FDRE                                         r  tx_word_reg[7]/C

Slack:                    inf
  Source:                 sample_word_adc_reg[0]/C
                            (rising edge-triggered cell FDRE clocked by clk_out1_clk_wiz_0  {rise@0.000ns fall@13.889ns period=27.778ns})
  Destination:            tx_word_reg[0]/D
                            (rising edge-triggered cell FDRE clocked by sys_clk_pin  {rise@0.000ns fall@5.000ns period=10.000ns})
  Path Group:             (none)
  Path Type:              Setup (Max at Slow Process Corner)
  Data Path Delay:        1.104ns  (logic 0.518ns (46.912%)  route 0.586ns (53.087%))
  Logic Levels:           0  
  Clock Path Skew:        -0.299ns (DCD - SCD + CPR)
    Destination Clock Delay (DCD):    4.858ns
    Source Clock Delay      (SCD):    5.157ns
    Clock Pessimism Removal (CPR):    0.000ns
  Clock Uncertainty:      0.441ns  ((TSJ^2 + DJ^2)^1/2) / 2 + PE
    Total System Jitter     (TSJ):    0.071ns
    Discrete Jitter          (DJ):    0.278ns
    Phase Error              (PE):    0.297ns
  Timing Exception:       False Path

    Location             Delay type                Incr(ns)  Path(ns)    Netlist Resource(s)
  -------------------------------------------------------------------    -------------------
                         (clock clk_out1_clk_wiz_0 rise edge)
                                                      0.000     0.000 r  
    W5                                                0.000     0.000 r  clock_in (IN)
                         net (fo=0)                   0.000     0.000    clock_in
    W5                   IBUF (Prop_ibuf_I_O)         1.458     1.458 r  clock_in_IBUF_inst/O
                         net (fo=1, routed)           1.967     3.425    clock_in_IBUF
    BUFGCTRL_X0Y1        BUFG (Prop_bufg_I_O)         0.096     3.521 r  clock_in_IBUF_BUFG_inst/O
                         net (fo=39, routed)          1.575     5.096    clkwiz/inst/clk_in1
    MMCME2_ADV_X1Y0      MMCME2_ADV (Prop_mmcme2_adv_CLKIN1_CLKOUT0)
                                                     -3.333     1.763 r  clkwiz/inst/mmcm_adv_inst/CLKOUT0
                         net (fo=1, routed)           1.661     3.425    clkwiz/inst/clk_out1_clk_wiz_0
    BUFGCTRL_X0Y0        BUFG (Prop_bufg_I_O)         0.096     3.521 r  clkwiz/inst/clkout1_buf/O
                         net (fo=89, routed)          1.636     5.157    clk_out1
    SLICE_X2Y39          FDRE                                         r  sample_word_adc_reg[0]/C
  -------------------------------------------------------------------    -------------------
    SLICE_X2Y39          FDRE (Prop_fdre_C_Q)         0.518     5.675 r  sample_word_adc_reg[0]/Q
                         net (fo=1, routed)           0.586     6.261    sample_word_adc[0]
    SLICE_X2Y40          FDRE                                         r  tx_word_reg[0]/D
  -------------------------------------------------------------------    -------------------

                         (clock sys_clk_pin rise edge)
                                                      0.000     0.000 r  
    W5                                                0.000     0.000 r  clock_in (IN)
                         net (fo=0)                   0.000     0.000    clock_in
    W5                   IBUF (Prop_ibuf_I_O)         1.388     1.388 r  clock_in_IBUF_inst/O
                         net (fo=1, routed)           1.862     3.250    clock_in_IBUF
    BUFGCTRL_X0Y1        BUFG (Prop_bufg_I_O)         0.091     3.341 r  clock_in_IBUF_BUFG_inst/O
                         net (fo=39, routed)          1.517     4.858    clock_in_IBUF_BUFG
    SLICE_X2Y40          FDRE                                         r  tx_word_reg[0]/C

Slack:                    inf
  Source:                 sample_word_adc_reg[8]/C
                            (rising edge-triggered cell FDRE clocked by clk_out1_clk_wiz_0  {rise@0.000ns fall@13.889ns period=27.778ns})
  Destination:            tx_word_reg[8]/D
                            (rising edge-triggered cell FDRE clocked by sys_clk_pin  {rise@0.000ns fall@5.000ns period=10.000ns})
  Path Group:             (none)
  Path Type:              Setup (Max at Slow Process Corner)
  Data Path Delay:        1.092ns  (logic 0.478ns (43.785%)  route 0.614ns (56.215%))
  Logic Levels:           0  
  Clock Path Skew:        -0.299ns (DCD - SCD + CPR)
    Destination Clock Delay (DCD):    4.858ns
    Source Clock Delay      (SCD):    5.157ns
    Clock Pessimism Removal (CPR):    0.000ns
  Clock Uncertainty:      0.441ns  ((TSJ^2 + DJ^2)^1/2) / 2 + PE
    Total System Jitter     (TSJ):    0.071ns
    Discrete Jitter          (DJ):    0.278ns
    Phase Error              (PE):    0.297ns
  Timing Exception:       False Path

    Location             Delay type                Incr(ns)  Path(ns)    Netlist Resource(s)
  -------------------------------------------------------------------    -------------------
                         (clock clk_out1_clk_wiz_0 rise edge)
                                                      0.000     0.000 r  
    W5                                                0.000     0.000 r  clock_in (IN)
                         net (fo=0)                   0.000     0.000    clock_in
    W5                   IBUF (Prop_ibuf_I_O)         1.458     1.458 r  clock_in_IBUF_inst/O
                         net (fo=1, routed)           1.967     3.425    clock_in_IBUF
    BUFGCTRL_X0Y1        BUFG (Prop_bufg_I_O)         0.096     3.521 r  clock_in_IBUF_BUFG_inst/O
                         net (fo=39, routed)          1.575     5.096    clkwiz/inst/clk_in1
    MMCME2_ADV_X1Y0      MMCME2_ADV (Prop_mmcme2_adv_CLKIN1_CLKOUT0)
                                                     -3.333     1.763 r  clkwiz/inst/mmcm_adv_inst/CLKOUT0
                         net (fo=1, routed)           1.661     3.425    clkwiz/inst/clk_out1_clk_wiz_0
    BUFGCTRL_X0Y0        BUFG (Prop_bufg_I_O)         0.096     3.521 r  clkwiz/inst/clkout1_buf/O
                         net (fo=89, routed)          1.636     5.157    clk_out1
    SLICE_X2Y39          FDRE                                         r  sample_word_adc_reg[8]/C
  -------------------------------------------------------------------    -------------------
    SLICE_X2Y39          FDRE (Prop_fdre_C_Q)         0.478     5.635 r  sample_word_adc_reg[8]/Q
                         net (fo=1, routed)           0.614     6.249    sample_word_adc[8]
    SLICE_X2Y40          FDRE                                         r  tx_word_reg[8]/D
  -------------------------------------------------------------------    -------------------

                         (clock sys_clk_pin rise edge)
                                                      0.000     0.000 r  
    W5                                                0.000     0.000 r  clock_in (IN)
                         net (fo=0)                   0.000     0.000    clock_in
    W5                   IBUF (Prop_ibuf_I_O)         1.388     1.388 r  clock_in_IBUF_inst/O
                         net (fo=1, routed)           1.862     3.250    clock_in_IBUF
    BUFGCTRL_X0Y1        BUFG (Prop_bufg_I_O)         0.091     3.341 r  clock_in_IBUF_BUFG_inst/O
                         net (fo=39, routed)          1.517     4.858    clock_in_IBUF_BUFG
    SLICE_X2Y40          FDRE                                         r  tx_word_reg[8]/C

Slack:                    inf
  Source:                 sample_word_adc_reg[9]/C
                            (rising edge-triggered cell FDRE clocked by clk_out1_clk_wiz_0  {rise@0.000ns fall@13.889ns period=27.778ns})
  Destination:            tx_word_reg[9]/D
                            (rising edge-triggered cell FDRE clocked by sys_clk_pin  {rise@0.000ns fall@5.000ns period=10.000ns})
  Path Group:             (none)
  Path Type:              Setup (Max at Slow Process Corner)
  Data Path Delay:        1.061ns  (logic 0.456ns (42.988%)  route 0.605ns (57.012%))
  Logic Levels:           0  
  Clock Path Skew:        -0.300ns (DCD - SCD + CPR)
    Destination Clock Delay (DCD):    4.858ns
    Source Clock Delay      (SCD):    5.158ns
    Clock Pessimism Removal (CPR):    0.000ns
  Clock Uncertainty:      0.441ns  ((TSJ^2 + DJ^2)^1/2) / 2 + PE
    Total System Jitter     (TSJ):    0.071ns
    Discrete Jitter          (DJ):    0.278ns
    Phase Error              (PE):    0.297ns
  Timing Exception:       False Path

    Location             Delay type                Incr(ns)  Path(ns)    Netlist Resource(s)
  -------------------------------------------------------------------    -------------------
                         (clock clk_out1_clk_wiz_0 rise edge)
                                                      0.000     0.000 r  
    W5                                                0.000     0.000 r  clock_in (IN)
                         net (fo=0)                   0.000     0.000    clock_in
    W5                   IBUF (Prop_ibuf_I_O)         1.458     1.458 r  clock_in_IBUF_inst/O
                         net (fo=1, routed)           1.967     3.425    clock_in_IBUF
    BUFGCTRL_X0Y1        BUFG (Prop_bufg_I_O)         0.096     3.521 r  clock_in_IBUF_BUFG_inst/O
                         net (fo=39, routed)          1.575     5.096    clkwiz/inst/clk_in1
    MMCME2_ADV_X1Y0      MMCME2_ADV (Prop_mmcme2_adv_CLKIN1_CLKOUT0)
                                                     -3.333     1.763 r  clkwiz/inst/mmcm_adv_inst/CLKOUT0
                         net (fo=1, routed)           1.661     3.425    clkwiz/inst/clk_out1_clk_wiz_0
    BUFGCTRL_X0Y0        BUFG (Prop_bufg_I_O)         0.096     3.521 r  clkwiz/inst/clkout1_buf/O
                         net (fo=89, routed)          1.637     5.158    clk_out1
    SLICE_X3Y41          FDRE                                         r  sample_word_adc_reg[9]/C
  -------------------------------------------------------------------    -------------------
    SLICE_X3Y41          FDRE (Prop_fdre_C_Q)         0.456     5.614 r  sample_word_adc_reg[9]/Q
                         net (fo=1, routed)           0.605     6.219    sample_word_adc[9]
    SLICE_X3Y40          FDRE                                         r  tx_word_reg[9]/D
  -------------------------------------------------------------------    -------------------

                         (clock sys_clk_pin rise edge)
                                                      0.000     0.000 r  
    W5                                                0.000     0.000 r  clock_in (IN)
                         net (fo=0)                   0.000     0.000    clock_in
    W5                   IBUF (Prop_ibuf_I_O)         1.388     1.388 r  clock_in_IBUF_inst/O
                         net (fo=1, routed)           1.862     3.250    clock_in_IBUF
    BUFGCTRL_X0Y1        BUFG (Prop_bufg_I_O)         0.091     3.341 r  clock_in_IBUF_BUFG_inst/O
                         net (fo=39, routed)          1.517     4.858    clock_in_IBUF_BUFG
    SLICE_X3Y40          FDRE                                         r  tx_word_reg[9]/C

Slack:                    inf
  Source:                 sample_word_adc_reg[11]/C
                            (rising edge-triggered cell FDRE clocked by clk_out1_clk_wiz_0  {rise@0.000ns fall@13.889ns period=27.778ns})
  Destination:            tx_word_reg[11]/D
                            (rising edge-triggered cell FDRE clocked by sys_clk_pin  {rise@0.000ns fall@5.000ns period=10.000ns})
  Path Group:             (none)
  Path Type:              Setup (Max at Slow Process Corner)
  Data Path Delay:        1.005ns  (logic 0.518ns (51.558%)  route 0.487ns (48.442%))
  Logic Levels:           0  
  Clock Path Skew:        -0.299ns (DCD - SCD + CPR)
    Destination Clock Delay (DCD):    4.858ns
    Source Clock Delay      (SCD):    5.157ns
    Clock Pessimism Removal (CPR):    0.000ns
  Clock Uncertainty:      0.441ns  ((TSJ^2 + DJ^2)^1/2) / 2 + PE
    Total System Jitter     (TSJ):    0.071ns
    Discrete Jitter          (DJ):    0.278ns
    Phase Error              (PE):    0.297ns
  Timing Exception:       False Path

    Location             Delay type                Incr(ns)  Path(ns)    Netlist Resource(s)
  -------------------------------------------------------------------    -------------------
                         (clock clk_out1_clk_wiz_0 rise edge)
                                                      0.000     0.000 r  
    W5                                                0.000     0.000 r  clock_in (IN)
                         net (fo=0)                   0.000     0.000    clock_in
    W5                   IBUF (Prop_ibuf_I_O)         1.458     1.458 r  clock_in_IBUF_inst/O
                         net (fo=1, routed)           1.967     3.425    clock_in_IBUF
    BUFGCTRL_X0Y1        BUFG (Prop_bufg_I_O)         0.096     3.521 r  clock_in_IBUF_BUFG_inst/O
                         net (fo=39, routed)          1.575     5.096    clkwiz/inst/clk_in1
    MMCME2_ADV_X1Y0      MMCME2_ADV (Prop_mmcme2_adv_CLKIN1_CLKOUT0)
                                                     -3.333     1.763 r  clkwiz/inst/mmcm_adv_inst/CLKOUT0
                         net (fo=1, routed)           1.661     3.425    clkwiz/inst/clk_out1_clk_wiz_0
    BUFGCTRL_X0Y0        BUFG (Prop_bufg_I_O)         0.096     3.521 r  clkwiz/inst/clkout1_buf/O
                         net (fo=89, routed)          1.636     5.157    clk_out1
    SLICE_X2Y39          FDRE                                         r  sample_word_adc_reg[11]/C
  -------------------------------------------------------------------    -------------------
    SLICE_X2Y39          FDRE (Prop_fdre_C_Q)         0.518     5.675 r  sample_word_adc_reg[11]/Q
                         net (fo=1, routed)           0.487     6.162    sample_word_adc[11]
    SLICE_X2Y40          FDRE                                         r  tx_word_reg[11]/D
  -------------------------------------------------------------------    -------------------

                         (clock sys_clk_pin rise edge)
                                                      0.000     0.000 r  
    W5                                                0.000     0.000 r  clock_in (IN)
                         net (fo=0)                   0.000     0.000    clock_in
    W5                   IBUF (Prop_ibuf_I_O)         1.388     1.388 r  clock_in_IBUF_inst/O
                         net (fo=1, routed)           1.862     3.250    clock_in_IBUF
    BUFGCTRL_X0Y1        BUFG (Prop_bufg_I_O)         0.091     3.341 r  clock_in_IBUF_BUFG_inst/O
                         net (fo=39, routed)          1.517     4.858    clock_in_IBUF_BUFG
    SLICE_X2Y40          FDRE                                         r  tx_word_reg[11]/C

Slack:                    inf
  Source:                 sample_word_adc_reg[6]/C
                            (rising edge-triggered cell FDRE clocked by clk_out1_clk_wiz_0  {rise@0.000ns fall@13.889ns period=27.778ns})
  Destination:            tx_word_reg[6]/D
                            (rising edge-triggered cell FDRE clocked by sys_clk_pin  {rise@0.000ns fall@5.000ns period=10.000ns})
  Path Group:             (none)
  Path Type:              Setup (Max at Slow Process Corner)
  Data Path Delay:        1.002ns  (logic 0.478ns (47.692%)  route 0.524ns (52.308%))
  Logic Levels:           0  
  Clock Path Skew:        -0.299ns (DCD - SCD + CPR)
    Destination Clock Delay (DCD):    4.858ns
    Source Clock Delay      (SCD):    5.157ns
    Clock Pessimism Removal (CPR):    0.000ns
  Clock Uncertainty:      0.441ns  ((TSJ^2 + DJ^2)^1/2) / 2 + PE
    Total System Jitter     (TSJ):    0.071ns
    Discrete Jitter          (DJ):    0.278ns
    Phase Error              (PE):    0.297ns
  Timing Exception:       False Path

    Location             Delay type                Incr(ns)  Path(ns)    Netlist Resource(s)
  -------------------------------------------------------------------    -------------------
                         (clock clk_out1_clk_wiz_0 rise edge)
                                                      0.000     0.000 r  
    W5                                                0.000     0.000 r  clock_in (IN)
                         net (fo=0)                   0.000     0.000    clock_in
    W5                   IBUF (Prop_ibuf_I_O)         1.458     1.458 r  clock_in_IBUF_inst/O
                         net (fo=1, routed)           1.967     3.425    clock_in_IBUF
    BUFGCTRL_X0Y1        BUFG (Prop_bufg_I_O)         0.096     3.521 r  clock_in_IBUF_BUFG_inst/O
                         net (fo=39, routed)          1.575     5.096    clkwiz/inst/clk_in1
    MMCME2_ADV_X1Y0      MMCME2_ADV (Prop_mmcme2_adv_CLKIN1_CLKOUT0)
                                                     -3.333     1.763 r  clkwiz/inst/mmcm_adv_inst/CLKOUT0
                         net (fo=1, routed)           1.661     3.425    clkwiz/inst/clk_out1_clk_wiz_0
    BUFGCTRL_X0Y0        BUFG (Prop_bufg_I_O)         0.096     3.521 r  clkwiz/inst/clkout1_buf/O
                         net (fo=89, routed)          1.636     5.157    clk_out1
    SLICE_X2Y39          FDRE                                         r  sample_word_adc_reg[6]/C
  -------------------------------------------------------------------    -------------------
    SLICE_X2Y39          FDRE (Prop_fdre_C_Q)         0.478     5.635 r  sample_word_adc_reg[6]/Q
                         net (fo=1, routed)           0.524     6.160    sample_word_adc[6]
    SLICE_X2Y40          FDRE                                         r  tx_word_reg[6]/D
  -------------------------------------------------------------------    -------------------

                         (clock sys_clk_pin rise edge)
                                                      0.000     0.000 r  
    W5                                                0.000     0.000 r  clock_in (IN)
                         net (fo=0)                   0.000     0.000    clock_in
    W5                   IBUF (Prop_ibuf_I_O)         1.388     1.388 r  clock_in_IBUF_inst/O
                         net (fo=1, routed)           1.862     3.250    clock_in_IBUF
    BUFGCTRL_X0Y1        BUFG (Prop_bufg_I_O)         0.091     3.341 r  clock_in_IBUF_BUFG_inst/O
                         net (fo=39, routed)          1.517     4.858    clock_in_IBUF_BUFG
    SLICE_X2Y40          FDRE                                         r  tx_word_reg[6]/C

Slack:                    inf
  Source:                 sample_word_adc_reg[3]/C
                            (rising edge-triggered cell FDRE clocked by clk_out1_clk_wiz_0  {rise@0.000ns fall@13.889ns period=27.778ns})
  Destination:            tx_word_reg[3]/D
                            (rising edge-triggered cell FDRE clocked by sys_clk_pin  {rise@0.000ns fall@5.000ns period=10.000ns})
  Path Group:             (none)
  Path Type:              Setup (Max at Slow Process Corner)
  Data Path Delay:        0.933ns  (logic 0.456ns (48.867%)  route 0.477ns (51.133%))
  Logic Levels:           0  
  Clock Path Skew:        -0.296ns (DCD - SCD + CPR)
    Destination Clock Delay (DCD):    4.858ns
    Source Clock Delay      (SCD):    5.154ns
    Clock Pessimism Removal (CPR):    0.000ns
  Clock Uncertainty:      0.441ns  ((TSJ^2 + DJ^2)^1/2) / 2 + PE
    Total System Jitter     (TSJ):    0.071ns
    Discrete Jitter          (DJ):    0.278ns
    Phase Error              (PE):    0.297ns
  Timing Exception:       False Path

    Location             Delay type                Incr(ns)  Path(ns)    Netlist Resource(s)
  -------------------------------------------------------------------    -------------------
                         (clock clk_out1_clk_wiz_0 rise edge)
                                                      0.000     0.000 r  
    W5                                                0.000     0.000 r  clock_in (IN)
                         net (fo=0)                   0.000     0.000    clock_in
    W5                   IBUF (Prop_ibuf_I_O)         1.458     1.458 r  clock_in_IBUF_inst/O
                         net (fo=1, routed)           1.967     3.425    clock_in_IBUF
    BUFGCTRL_X0Y1        BUFG (Prop_bufg_I_O)         0.096     3.521 r  clock_in_IBUF_BUFG_inst/O
                         net (fo=39, routed)          1.575     5.096    clkwiz/inst/clk_in1
    MMCME2_ADV_X1Y0      MMCME2_ADV (Prop_mmcme2_adv_CLKIN1_CLKOUT0)
                                                     -3.333     1.763 r  clkwiz/inst/mmcm_adv_inst/CLKOUT0
                         net (fo=1, routed)           1.661     3.425    clkwiz/inst/clk_out1_clk_wiz_0
    BUFGCTRL_X0Y0        BUFG (Prop_bufg_I_O)         0.096     3.521 r  clkwiz/inst/clkout1_buf/O
                         net (fo=89, routed)          1.633     5.154    clk_out1
    SLICE_X5Y40          FDRE                                         r  sample_word_adc_reg[3]/C
  -------------------------------------------------------------------    -------------------
    SLICE_X5Y40          FDRE (Prop_fdre_C_Q)         0.456     5.610 r  sample_word_adc_reg[3]/Q
                         net (fo=1, routed)           0.477     6.087    sample_word_adc[3]
    SLICE_X3Y40          FDRE                                         r  tx_word_reg[3]/D
  -------------------------------------------------------------------    -------------------

                         (clock sys_clk_pin rise edge)
                                                      0.000     0.000 r  
    W5                                                0.000     0.000 r  clock_in (IN)
                         net (fo=0)                   0.000     0.000    clock_in
    W5                   IBUF (Prop_ibuf_I_O)         1.388     1.388 r  clock_in_IBUF_inst/O
                         net (fo=1, routed)           1.862     3.250    clock_in_IBUF
    BUFGCTRL_X0Y1        BUFG (Prop_bufg_I_O)         0.091     3.341 r  clock_in_IBUF_BUFG_inst/O
                         net (fo=39, routed)          1.517     4.858    clock_in_IBUF_BUFG
    SLICE_X3Y40          FDRE                                         r  tx_word_reg[3]/C

Slack:                    inf
  Source:                 sample_req_adc_reg/C
                            (rising edge-triggered cell FDRE clocked by clk_out1_clk_wiz_0  {rise@0.000ns fall@13.889ns period=27.778ns})
  Destination:            sample_req_meta_u_reg/D
                            (rising edge-triggered cell FDRE clocked by sys_clk_pin  {rise@0.000ns fall@5.000ns period=10.000ns})
  Path Group:             (none)
  Path Type:              Setup (Max at Slow Process Corner)
  Data Path Delay:        0.907ns  (logic 0.456ns (50.261%)  route 0.451ns (49.739%))
  Logic Levels:           0  
  Clock Path Skew:        -0.299ns (DCD - SCD + CPR)
    Destination Clock Delay (DCD):    4.857ns
    Source Clock Delay      (SCD):    5.156ns
    Clock Pessimism Removal (CPR):    0.000ns
  Clock Uncertainty:      0.441ns  ((TSJ^2 + DJ^2)^1/2) / 2 + PE
    Total System Jitter     (TSJ):    0.071ns
    Discrete Jitter          (DJ):    0.278ns
    Phase Error              (PE):    0.297ns
  Timing Exception:       False Path

    Location             Delay type                Incr(ns)  Path(ns)    Netlist Resource(s)
  -------------------------------------------------------------------    -------------------
                         (clock clk_out1_clk_wiz_0 rise edge)
                                                      0.000     0.000 r  
    W5                                                0.000     0.000 r  clock_in (IN)
                         net (fo=0)                   0.000     0.000    clock_in
    W5                   IBUF (Prop_ibuf_I_O)         1.458     1.458 r  clock_in_IBUF_inst/O
                         net (fo=1, routed)           1.967     3.425    clock_in_IBUF
    BUFGCTRL_X0Y1        BUFG (Prop_bufg_I_O)         0.096     3.521 r  clock_in_IBUF_BUFG_inst/O
                         net (fo=39, routed)          1.575     5.096    clkwiz/inst/clk_in1
    MMCME2_ADV_X1Y0      MMCME2_ADV (Prop_mmcme2_adv_CLKIN1_CLKOUT0)
                                                     -3.333     1.763 r  clkwiz/inst/mmcm_adv_inst/CLKOUT0
                         net (fo=1, routed)           1.661     3.425    clkwiz/inst/clk_out1_clk_wiz_0
    BUFGCTRL_X0Y0        BUFG (Prop_bufg_I_O)         0.096     3.521 r  clkwiz/inst/clkout1_buf/O
                         net (fo=89, routed)          1.635     5.156    clk_out1
    SLICE_X3Y38          FDRE                                         r  sample_req_adc_reg/C
  -------------------------------------------------------------------    -------------------
    SLICE_X3Y38          FDRE (Prop_fdre_C_Q)         0.456     5.612 r  sample_req_adc_reg/Q
                         net (fo=3, routed)           0.451     6.064    sample_req_adc
    SLICE_X1Y38          FDRE                                         r  sample_req_meta_u_reg/D
  -------------------------------------------------------------------    -------------------

                         (clock sys_clk_pin rise edge)
                                                      0.000     0.000 r  
    W5                                                0.000     0.000 r  clock_in (IN)
                         net (fo=0)                   0.000     0.000    clock_in
    W5                   IBUF (Prop_ibuf_I_O)         1.388     1.388 r  clock_in_IBUF_inst/O
                         net (fo=1, routed)           1.862     3.250    clock_in_IBUF
    BUFGCTRL_X0Y1        BUFG (Prop_bufg_I_O)         0.091     3.341 r  clock_in_IBUF_BUFG_inst/O
                         net (fo=39, routed)          1.516     4.857    clock_in_IBUF_BUFG
    SLICE_X1Y38          FDRE                                         r  sample_req_meta_u_reg/C

Slack:                    inf
  Source:                 sample_word_adc_reg[2]/C
                            (rising edge-triggered cell FDRE clocked by clk_out1_clk_wiz_0  {rise@0.000ns fall@13.889ns period=27.778ns})
  Destination:            tx_word_reg[2]/D
                            (rising edge-triggered cell FDRE clocked by sys_clk_pin  {rise@0.000ns fall@5.000ns period=10.000ns})
  Path Group:             (none)
  Path Type:              Setup (Max at Slow Process Corner)
  Data Path Delay:        0.830ns  (logic 0.518ns (62.397%)  route 0.312ns (37.603%))
  Logic Levels:           0  
  Clock Path Skew:        -0.299ns (DCD - SCD + CPR)
    Destination Clock Delay (DCD):    4.858ns
    Source Clock Delay      (SCD):    5.157ns
    Clock Pessimism Removal (CPR):    0.000ns
  Clock Uncertainty:      0.441ns  ((TSJ^2 + DJ^2)^1/2) / 2 + PE
    Total System Jitter     (TSJ):    0.071ns
    Discrete Jitter          (DJ):    0.278ns
    Phase Error              (PE):    0.297ns
  Timing Exception:       False Path

    Location             Delay type                Incr(ns)  Path(ns)    Netlist Resource(s)
  -------------------------------------------------------------------    -------------------
                         (clock clk_out1_clk_wiz_0 rise edge)
                                                      0.000     0.000 r  
    W5                                                0.000     0.000 r  clock_in (IN)
                         net (fo=0)                   0.000     0.000    clock_in
    W5                   IBUF (Prop_ibuf_I_O)         1.458     1.458 r  clock_in_IBUF_inst/O
                         net (fo=1, routed)           1.967     3.425    clock_in_IBUF
    BUFGCTRL_X0Y1        BUFG (Prop_bufg_I_O)         0.096     3.521 r  clock_in_IBUF_BUFG_inst/O
                         net (fo=39, routed)          1.575     5.096    clkwiz/inst/clk_in1
    MMCME2_ADV_X1Y0      MMCME2_ADV (Prop_mmcme2_adv_CLKIN1_CLKOUT0)
                                                     -3.333     1.763 r  clkwiz/inst/mmcm_adv_inst/CLKOUT0
                         net (fo=1, routed)           1.661     3.425    clkwiz/inst/clk_out1_clk_wiz_0
    BUFGCTRL_X0Y0        BUFG (Prop_bufg_I_O)         0.096     3.521 r  clkwiz/inst/clkout1_buf/O
                         net (fo=89, routed)          1.636     5.157    clk_out1
    SLICE_X2Y39          FDRE                                         r  sample_word_adc_reg[2]/C
  -------------------------------------------------------------------    -------------------
    SLICE_X2Y39          FDRE (Prop_fdre_C_Q)         0.518     5.675 r  sample_word_adc_reg[2]/Q
                         net (fo=1, routed)           0.312     5.987    sample_word_adc[2]
    SLICE_X2Y40          FDRE                                         r  tx_word_reg[2]/D
  -------------------------------------------------------------------    -------------------

                         (clock sys_clk_pin rise edge)
                                                      0.000     0.000 r  
    W5                                                0.000     0.000 r  clock_in (IN)
                         net (fo=0)                   0.000     0.000    clock_in
    W5                   IBUF (Prop_ibuf_I_O)         1.388     1.388 r  clock_in_IBUF_inst/O
                         net (fo=1, routed)           1.862     3.250    clock_in_IBUF
    BUFGCTRL_X0Y1        BUFG (Prop_bufg_I_O)         0.091     3.341 r  clock_in_IBUF_BUFG_inst/O
                         net (fo=39, routed)          1.517     4.858    clock_in_IBUF_BUFG
    SLICE_X2Y40          FDRE                                         r  tx_word_reg[2]/C





Min Delay Paths
--------------------------------------------------------------------------------------
Slack:                    inf
  Source:                 sample_word_adc_reg[10]/C
                            (rising edge-triggered cell FDRE clocked by clk_out1_clk_wiz_0  {rise@0.000ns fall@13.889ns period=27.778ns})
  Destination:            tx_word_reg[10]/D
                            (rising edge-triggered cell FDRE clocked by sys_clk_pin  {rise@0.000ns fall@5.000ns period=10.000ns})
  Path Group:             (none)
  Path Type:              Hold (Min at Fast Process Corner)
  Data Path Delay:        0.251ns  (logic 0.141ns (56.174%)  route 0.110ns (43.826%))
  Logic Levels:           0  
  Clock Path Skew:        0.515ns (DCD - SCD - CPR)
    Destination Clock Delay (DCD):    1.992ns
    Source Clock Delay      (SCD):    1.477ns
    Clock Pessimism Removal (CPR):    -0.000ns
  Clock Uncertainty:      0.441ns  ((TSJ^2 + DJ^2)^1/2) / 2 + PE
    Total System Jitter     (TSJ):    0.071ns
    Discrete Jitter          (DJ):    0.278ns
    Phase Error              (PE):    0.297ns
  Timing Exception:       False Path

    Location             Delay type                Incr(ns)  Path(ns)    Netlist Resource(s)
  -------------------------------------------------------------------    -------------------
                         (clock clk_out1_clk_wiz_0 rise edge)
                                                      0.000     0.000 r  
    W5                                                0.000     0.000 r  clock_in (IN)
                         net (fo=0)                   0.000     0.000    clock_in
    W5                   IBUF (Prop_ibuf_I_O)         0.226     0.226 r  clock_in_IBUF_inst/O
                         net (fo=1, routed)           0.631     0.858    clock_in_IBUF
    BUFGCTRL_X0Y1        BUFG (Prop_bufg_I_O)         0.026     0.884 r  clock_in_IBUF_BUFG_inst/O
                         net (fo=39, routed)          0.549     1.432    clkwiz/inst/clk_in1
    MMCME2_ADV_X1Y0      MMCME2_ADV (Prop_mmcme2_adv_CLKIN1_CLKOUT0)
                                                     -1.061     0.372 r  clkwiz/inst/mmcm_adv_inst/CLKOUT0
                         net (fo=1, routed)           0.486     0.858    clkwiz/inst/clk_out1_clk_wiz_0
    BUFGCTRL_X0Y0        BUFG (Prop_bufg_I_O)         0.026     0.884 r  clkwiz/inst/clkout1_buf/O
                         net (fo=89, routed)          0.594     1.477    clk_out1
    SLICE_X3Y41          FDRE                                         r  sample_word_adc_reg[10]/C
  -------------------------------------------------------------------    -------------------
    SLICE_X3Y41          FDRE (Prop_fdre_C_Q)         0.141     1.618 r  sample_word_adc_reg[10]/Q
                         net (fo=1, routed)           0.110     1.728    sample_word_adc[10]
    SLICE_X3Y40          FDRE                                         r  tx_word_reg[10]/D
  -------------------------------------------------------------------    -------------------

                         (clock sys_clk_pin rise edge)
                                                      0.000     0.000 r  
    W5                                                0.000     0.000 r  clock_in (IN)
                         net (fo=0)                   0.000     0.000    clock_in
    W5                   IBUF (Prop_ibuf_I_O)         0.414     0.414 r  clock_in_IBUF_inst/O
                         net (fo=1, routed)           0.685     1.099    clock_in_IBUF
    BUFGCTRL_X0Y1        BUFG (Prop_bufg_I_O)         0.029     1.128 r  clock_in_IBUF_BUFG_inst/O
                         net (fo=39, routed)          0.865     1.992    clock_in_IBUF_BUFG
    SLICE_X3Y40          FDRE                                         r  tx_word_reg[10]/C

Slack:                    inf
  Source:                 sample_word_adc_reg[5]/C
                            (rising edge-triggered cell FDRE clocked by clk_out1_clk_wiz_0  {rise@0.000ns fall@13.889ns period=27.778ns})
  Destination:            tx_word_reg[5]/D
                            (rising edge-triggered cell FDRE clocked by sys_clk_pin  {rise@0.000ns fall@5.000ns period=10.000ns})
  Path Group:             (none)
  Path Type:              Hold (Min at Fast Process Corner)
  Data Path Delay:        0.257ns  (logic 0.141ns (54.785%)  route 0.116ns (45.215%))
  Logic Levels:           0  
  Clock Path Skew:        0.517ns (DCD - SCD - CPR)
    Destination Clock Delay (DCD):    1.992ns
    Source Clock Delay      (SCD):    1.475ns
    Clock Pessimism Removal (CPR):    -0.000ns
  Clock Uncertainty:      0.441ns  ((TSJ^2 + DJ^2)^1/2) / 2 + PE
    Total System Jitter     (TSJ):    0.071ns
    Discrete Jitter          (DJ):    0.278ns
    Phase Error              (PE):    0.297ns
  Timing Exception:       False Path

    Location             Delay type                Incr(ns)  Path(ns)    Netlist Resource(s)
  -------------------------------------------------------------------    -------------------
                         (clock clk_out1_clk_wiz_0 rise edge)
                                                      0.000     0.000 r  
    W5                                                0.000     0.000 r  clock_in (IN)
                         net (fo=0)                   0.000     0.000    clock_in
    W5                   IBUF (Prop_ibuf_I_O)         0.226     0.226 r  clock_in_IBUF_inst/O
                         net (fo=1, routed)           0.631     0.858    clock_in_IBUF
    BUFGCTRL_X0Y1        BUFG (Prop_bufg_I_O)         0.026     0.884 r  clock_in_IBUF_BUFG_inst/O
                         net (fo=39, routed)          0.549     1.432    clkwiz/inst/clk_in1
    MMCME2_ADV_X1Y0      MMCME2_ADV (Prop_mmcme2_adv_CLKIN1_CLKOUT0)
                                                     -1.061     0.372 r  clkwiz/inst/mmcm_adv_inst/CLKOUT0
                         net (fo=1, routed)           0.486     0.858    clkwiz/inst/clk_out1_clk_wiz_0
    BUFGCTRL_X0Y0        BUFG (Prop_bufg_I_O)         0.026     0.884 r  clkwiz/inst/clkout1_buf/O
                         net (fo=89, routed)          0.592     1.475    clk_out1
    SLICE_X5Y40          FDRE                                         r  sample_word_adc_reg[5]/C
  -------------------------------------------------------------------    -------------------
    SLICE_X5Y40          FDRE (Prop_fdre_C_Q)         0.141     1.616 r  sample_word_adc_reg[5]/Q
                         net (fo=1, routed)           0.116     1.732    sample_word_adc[5]
    SLICE_X3Y40          FDRE                                         r  tx_word_reg[5]/D
  -------------------------------------------------------------------    -------------------

                         (clock sys_clk_pin rise edge)
                                                      0.000     0.000 r  
    W5                                                0.000     0.000 r  clock_in (IN)
                         net (fo=0)                   0.000     0.000    clock_in
    W5                   IBUF (Prop_ibuf_I_O)         0.414     0.414 r  clock_in_IBUF_inst/O
                         net (fo=1, routed)           0.685     1.099    clock_in_IBUF
    BUFGCTRL_X0Y1        BUFG (Prop_bufg_I_O)         0.029     1.128 r  clock_in_IBUF_BUFG_inst/O
                         net (fo=39, routed)          0.865     1.992    clock_in_IBUF_BUFG
    SLICE_X3Y40          FDRE                                         r  tx_word_reg[5]/C

Slack:                    inf
  Source:                 sample_word_adc_reg[4]/C
                            (rising edge-triggered cell FDRE clocked by clk_out1_clk_wiz_0  {rise@0.000ns fall@13.889ns period=27.778ns})
  Destination:            tx_word_reg[4]/D
                            (rising edge-triggered cell FDRE clocked by sys_clk_pin  {rise@0.000ns fall@5.000ns period=10.000ns})
  Path Group:             (none)
  Path Type:              Hold (Min at Fast Process Corner)
  Data Path Delay:        0.261ns  (logic 0.148ns (56.607%)  route 0.113ns (43.393%))
  Logic Levels:           0  
  Clock Path Skew:        0.516ns (DCD - SCD - CPR)
    Destination Clock Delay (DCD):    1.992ns
    Source Clock Delay      (SCD):    1.476ns
    Clock Pessimism Removal (CPR):    -0.000ns
  Clock Uncertainty:      0.441ns  ((TSJ^2 + DJ^2)^1/2) / 2 + PE
    Total System Jitter     (TSJ):    0.071ns
    Discrete Jitter          (DJ):    0.278ns
    Phase Error              (PE):    0.297ns
  Timing Exception:       False Path

    Location             Delay type                Incr(ns)  Path(ns)    Netlist Resource(s)
  -------------------------------------------------------------------    -------------------
                         (clock clk_out1_clk_wiz_0 rise edge)
                                                      0.000     0.000 r  
    W5                                                0.000     0.000 r  clock_in (IN)
                         net (fo=0)                   0.000     0.000    clock_in
    W5                   IBUF (Prop_ibuf_I_O)         0.226     0.226 r  clock_in_IBUF_inst/O
                         net (fo=1, routed)           0.631     0.858    clock_in_IBUF
    BUFGCTRL_X0Y1        BUFG (Prop_bufg_I_O)         0.026     0.884 r  clock_in_IBUF_BUFG_inst/O
                         net (fo=39, routed)          0.549     1.432    clkwiz/inst/clk_in1
    MMCME2_ADV_X1Y0      MMCME2_ADV (Prop_mmcme2_adv_CLKIN1_CLKOUT0)
                                                     -1.061     0.372 r  clkwiz/inst/mmcm_adv_inst/CLKOUT0
                         net (fo=1, routed)           0.486     0.858    clkwiz/inst/clk_out1_clk_wiz_0
    BUFGCTRL_X0Y0        BUFG (Prop_bufg_I_O)         0.026     0.884 r  clkwiz/inst/clkout1_buf/O
                         net (fo=89, routed)          0.593     1.476    clk_out1
    SLICE_X2Y39          FDRE                                         r  sample_word_adc_reg[4]/C
  -------------------------------------------------------------------    -------------------
    SLICE_X2Y39          FDRE (Prop_fdre_C_Q)         0.148     1.624 r  sample_word_adc_reg[4]/Q
                         net (fo=1, routed)           0.113     1.738    sample_word_adc[4]
    SLICE_X2Y40          FDRE                                         r  tx_word_reg[4]/D
  -------------------------------------------------------------------    -------------------

                         (clock sys_clk_pin rise edge)
                                                      0.000     0.000 r  
    W5                                                0.000     0.000 r  clock_in (IN)
                         net (fo=0)                   0.000     0.000    clock_in
    W5                   IBUF (Prop_ibuf_I_O)         0.414     0.414 r  clock_in_IBUF_inst/O
                         net (fo=1, routed)           0.685     1.099    clock_in_IBUF
    BUFGCTRL_X0Y1        BUFG (Prop_bufg_I_O)         0.029     1.128 r  clock_in_IBUF_BUFG_inst/O
                         net (fo=39, routed)          0.865     1.992    clock_in_IBUF_BUFG
    SLICE_X2Y40          FDRE                                         r  tx_word_reg[4]/C

Slack:                    inf
  Source:                 sample_word_adc_reg[2]/C
                            (rising edge-triggered cell FDRE clocked by clk_out1_clk_wiz_0  {rise@0.000ns fall@13.889ns period=27.778ns})
  Destination:            tx_word_reg[2]/D
                            (rising edge-triggered cell FDRE clocked by sys_clk_pin  {rise@0.000ns fall@5.000ns period=10.000ns})
  Path Group:             (none)
  Path Type:              Hold (Min at Fast Process Corner)
  Data Path Delay:        0.270ns  (logic 0.164ns (60.702%)  route 0.106ns (39.298%))
  Logic Levels:           0  
  Clock Path Skew:        0.516ns (DCD - SCD - CPR)
    Destination Clock Delay (DCD):    1.992ns
    Source Clock Delay      (SCD):    1.476ns
    Clock Pessimism Removal (CPR):    -0.000ns
  Clock Uncertainty:      0.441ns  ((TSJ^2 + DJ^2)^1/2) / 2 + PE
    Total System Jitter     (TSJ):    0.071ns
    Discrete Jitter          (DJ):    0.278ns
    Phase Error              (PE):    0.297ns
  Timing Exception:       False Path

    Location             Delay type                Incr(ns)  Path(ns)    Netlist Resource(s)
  -------------------------------------------------------------------    -------------------
                         (clock clk_out1_clk_wiz_0 rise edge)
                                                      0.000     0.000 r  
    W5                                                0.000     0.000 r  clock_in (IN)
                         net (fo=0)                   0.000     0.000    clock_in
    W5                   IBUF (Prop_ibuf_I_O)         0.226     0.226 r  clock_in_IBUF_inst/O
                         net (fo=1, routed)           0.631     0.858    clock_in_IBUF
    BUFGCTRL_X0Y1        BUFG (Prop_bufg_I_O)         0.026     0.884 r  clock_in_IBUF_BUFG_inst/O
                         net (fo=39, routed)          0.549     1.432    clkwiz/inst/clk_in1
    MMCME2_ADV_X1Y0      MMCME2_ADV (Prop_mmcme2_adv_CLKIN1_CLKOUT0)
                                                     -1.061     0.372 r  clkwiz/inst/mmcm_adv_inst/CLKOUT0
                         net (fo=1, routed)           0.486     0.858    clkwiz/inst/clk_out1_clk_wiz_0
    BUFGCTRL_X0Y0        BUFG (Prop_bufg_I_O)         0.026     0.884 r  clkwiz/inst/clkout1_buf/O
                         net (fo=89, routed)          0.593     1.476    clk_out1
    SLICE_X2Y39          FDRE                                         r  sample_word_adc_reg[2]/C
  -------------------------------------------------------------------    -------------------
    SLICE_X2Y39          FDRE (Prop_fdre_C_Q)         0.164     1.640 r  sample_word_adc_reg[2]/Q
                         net (fo=1, routed)           0.106     1.746    sample_word_adc[2]
    SLICE_X2Y40          FDRE                                         r  tx_word_reg[2]/D
  -------------------------------------------------------------------    -------------------

                         (clock sys_clk_pin rise edge)
                                                      0.000     0.000 r  
    W5                                                0.000     0.000 r  clock_in (IN)
                         net (fo=0)                   0.000     0.000    clock_in
    W5                   IBUF (Prop_ibuf_I_O)         0.414     0.414 r  clock_in_IBUF_inst/O
                         net (fo=1, routed)           0.685     1.099    clock_in_IBUF
    BUFGCTRL_X0Y1        BUFG (Prop_bufg_I_O)         0.029     1.128 r  clock_in_IBUF_BUFG_inst/O
                         net (fo=39, routed)          0.865     1.992    clock_in_IBUF_BUFG
    SLICE_X2Y40          FDRE                                         r  tx_word_reg[2]/C

Slack:                    inf
  Source:                 sample_word_adc_reg[3]/C
                            (rising edge-triggered cell FDRE clocked by clk_out1_clk_wiz_0  {rise@0.000ns fall@13.889ns period=27.778ns})
  Destination:            tx_word_reg[3]/D
                            (rising edge-triggered cell FDRE clocked by sys_clk_pin  {rise@0.000ns fall@5.000ns period=10.000ns})
  Path Group:             (none)
  Path Type:              Hold (Min at Fast Process Corner)
  Data Path Delay:        0.305ns  (logic 0.141ns (46.208%)  route 0.164ns (53.792%))
  Logic Levels:           0  
  Clock Path Skew:        0.517ns (DCD - SCD - CPR)
    Destination Clock Delay (DCD):    1.992ns
    Source Clock Delay      (SCD):    1.475ns
    Clock Pessimism Removal (CPR):    -0.000ns
  Clock Uncertainty:      0.441ns  ((TSJ^2 + DJ^2)^1/2) / 2 + PE
    Total System Jitter     (TSJ):    0.071ns
    Discrete Jitter          (DJ):    0.278ns
    Phase Error              (PE):    0.297ns
  Timing Exception:       False Path

    Location             Delay type                Incr(ns)  Path(ns)    Netlist Resource(s)
  -------------------------------------------------------------------    -------------------
                         (clock clk_out1_clk_wiz_0 rise edge)
                                                      0.000     0.000 r  
    W5                                                0.000     0.000 r  clock_in (IN)
                         net (fo=0)                   0.000     0.000    clock_in
    W5                   IBUF (Prop_ibuf_I_O)         0.226     0.226 r  clock_in_IBUF_inst/O
                         net (fo=1, routed)           0.631     0.858    clock_in_IBUF
    BUFGCTRL_X0Y1        BUFG (Prop_bufg_I_O)         0.026     0.884 r  clock_in_IBUF_BUFG_inst/O
                         net (fo=39, routed)          0.549     1.432    clkwiz/inst/clk_in1
    MMCME2_ADV_X1Y0      MMCME2_ADV (Prop_mmcme2_adv_CLKIN1_CLKOUT0)
                                                     -1.061     0.372 r  clkwiz/inst/mmcm_adv_inst/CLKOUT0
                         net (fo=1, routed)           0.486     0.858    clkwiz/inst/clk_out1_clk_wiz_0
    BUFGCTRL_X0Y0        BUFG (Prop_bufg_I_O)         0.026     0.884 r  clkwiz/inst/clkout1_buf/O
                         net (fo=89, routed)          0.592     1.475    clk_out1
    SLICE_X5Y40          FDRE                                         r  sample_word_adc_reg[3]/C
  -------------------------------------------------------------------    -------------------
    SLICE_X5Y40          FDRE (Prop_fdre_C_Q)         0.141     1.616 r  sample_word_adc_reg[3]/Q
                         net (fo=1, routed)           0.164     1.780    sample_word_adc[3]
    SLICE_X3Y40          FDRE                                         r  tx_word_reg[3]/D
  -------------------------------------------------------------------    -------------------

                         (clock sys_clk_pin rise edge)
                                                      0.000     0.000 r  
    W5                                                0.000     0.000 r  clock_in (IN)
                         net (fo=0)                   0.000     0.000    clock_in
    W5                   IBUF (Prop_ibuf_I_O)         0.414     0.414 r  clock_in_IBUF_inst/O
                         net (fo=1, routed)           0.685     1.099    clock_in_IBUF
    BUFGCTRL_X0Y1        BUFG (Prop_bufg_I_O)         0.029     1.128 r  clock_in_IBUF_BUFG_inst/O
                         net (fo=39, routed)          0.865     1.992    clock_in_IBUF_BUFG
    SLICE_X3Y40          FDRE                                         r  tx_word_reg[3]/C

Slack:                    inf
  Source:                 sample_req_adc_reg/C
                            (rising edge-triggered cell FDRE clocked by clk_out1_clk_wiz_0  {rise@0.000ns fall@13.889ns period=27.778ns})
  Destination:            sample_req_meta_u_reg/D
                            (rising edge-triggered cell FDRE clocked by sys_clk_pin  {rise@0.000ns fall@5.000ns period=10.000ns})
  Path Group:             (none)
  Path Type:              Hold (Min at Fast Process Corner)
  Data Path Delay:        0.312ns  (logic 0.141ns (45.155%)  route 0.171ns (54.845%))
  Logic Levels:           0  
  Clock Path Skew:        0.515ns (DCD - SCD - CPR)
    Destination Clock Delay (DCD):    1.991ns
    Source Clock Delay      (SCD):    1.476ns
    Clock Pessimism Removal (CPR):    -0.000ns
  Clock Uncertainty:      0.441ns  ((TSJ^2 + DJ^2)^1/2) / 2 + PE
    Total System Jitter     (TSJ):    0.071ns
    Discrete Jitter          (DJ):    0.278ns
    Phase Error              (PE):    0.297ns
  Timing Exception:       False Path

    Location             Delay type                Incr(ns)  Path(ns)    Netlist Resource(s)
  -------------------------------------------------------------------    -------------------
                         (clock clk_out1_clk_wiz_0 rise edge)
                                                      0.000     0.000 r  
    W5                                                0.000     0.000 r  clock_in (IN)
                         net (fo=0)                   0.000     0.000    clock_in
    W5                   IBUF (Prop_ibuf_I_O)         0.226     0.226 r  clock_in_IBUF_inst/O
                         net (fo=1, routed)           0.631     0.858    clock_in_IBUF
    BUFGCTRL_X0Y1        BUFG (Prop_bufg_I_O)         0.026     0.884 r  clock_in_IBUF_BUFG_inst/O
                         net (fo=39, routed)          0.549     1.432    clkwiz/inst/clk_in1
    MMCME2_ADV_X1Y0      MMCME2_ADV (Prop_mmcme2_adv_CLKIN1_CLKOUT0)
                                                     -1.061     0.372 r  clkwiz/inst/mmcm_adv_inst/CLKOUT0
                         net (fo=1, routed)           0.486     0.858    clkwiz/inst/clk_out1_clk_wiz_0
    BUFGCTRL_X0Y0        BUFG (Prop_bufg_I_O)         0.026     0.884 r  clkwiz/inst/clkout1_buf/O
                         net (fo=89, routed)          0.593     1.476    clk_out1
    SLICE_X3Y38          FDRE                                         r  sample_req_adc_reg/C
  -------------------------------------------------------------------    -------------------
    SLICE_X3Y38          FDRE (Prop_fdre_C_Q)         0.141     1.617 r  sample_req_adc_reg/Q
                         net (fo=3, routed)           0.171     1.788    sample_req_adc
    SLICE_X1Y38          FDRE                                         r  sample_req_meta_u_reg/D
  -------------------------------------------------------------------    -------------------

                         (clock sys_clk_pin rise edge)
                                                      0.000     0.000 r  
    W5                                                0.000     0.000 r  clock_in (IN)
                         net (fo=0)                   0.000     0.000    clock_in
    W5                   IBUF (Prop_ibuf_I_O)         0.414     0.414 r  clock_in_IBUF_inst/O
                         net (fo=1, routed)           0.685     1.099    clock_in_IBUF
    BUFGCTRL_X0Y1        BUFG (Prop_bufg_I_O)         0.029     1.128 r  clock_in_IBUF_BUFG_inst/O
                         net (fo=39, routed)          0.864     1.991    clock_in_IBUF_BUFG
    SLICE_X1Y38          FDRE                                         r  sample_req_meta_u_reg/C

Slack:                    inf
  Source:                 sample_word_adc_reg[6]/C
                            (rising edge-triggered cell FDRE clocked by clk_out1_clk_wiz_0  {rise@0.000ns fall@13.889ns period=27.778ns})
  Destination:            tx_word_reg[6]/D
                            (rising edge-triggered cell FDRE clocked by sys_clk_pin  {rise@0.000ns fall@5.000ns period=10.000ns})
  Path Group:             (none)
  Path Type:              Hold (Min at Fast Process Corner)
  Data Path Delay:        0.324ns  (logic 0.148ns (45.640%)  route 0.176ns (54.360%))
  Logic Levels:           0  
  Clock Path Skew:        0.516ns (DCD - SCD - CPR)
    Destination Clock Delay (DCD):    1.992ns
    Source Clock Delay      (SCD):    1.476ns
    Clock Pessimism Removal (CPR):    -0.000ns
  Clock Uncertainty:      0.441ns  ((TSJ^2 + DJ^2)^1/2) / 2 + PE
    Total System Jitter     (TSJ):    0.071ns
    Discrete Jitter          (DJ):    0.278ns
    Phase Error              (PE):    0.297ns
  Timing Exception:       False Path

    Location             Delay type                Incr(ns)  Path(ns)    Netlist Resource(s)
  -------------------------------------------------------------------    -------------------
                         (clock clk_out1_clk_wiz_0 rise edge)
                                                      0.000     0.000 r  
    W5                                                0.000     0.000 r  clock_in (IN)
                         net (fo=0)                   0.000     0.000    clock_in
    W5                   IBUF (Prop_ibuf_I_O)         0.226     0.226 r  clock_in_IBUF_inst/O
                         net (fo=1, routed)           0.631     0.858    clock_in_IBUF
    BUFGCTRL_X0Y1        BUFG (Prop_bufg_I_O)         0.026     0.884 r  clock_in_IBUF_BUFG_inst/O
                         net (fo=39, routed)          0.549     1.432    clkwiz/inst/clk_in1
    MMCME2_ADV_X1Y0      MMCME2_ADV (Prop_mmcme2_adv_CLKIN1_CLKOUT0)
                                                     -1.061     0.372 r  clkwiz/inst/mmcm_adv_inst/CLKOUT0
                         net (fo=1, routed)           0.486     0.858    clkwiz/inst/clk_out1_clk_wiz_0
    BUFGCTRL_X0Y0        BUFG (Prop_bufg_I_O)         0.026     0.884 r  clkwiz/inst/clkout1_buf/O
                         net (fo=89, routed)          0.593     1.476    clk_out1
    SLICE_X2Y39          FDRE                                         r  sample_word_adc_reg[6]/C
  -------------------------------------------------------------------    -------------------
    SLICE_X2Y39          FDRE (Prop_fdre_C_Q)         0.148     1.624 r  sample_word_adc_reg[6]/Q
                         net (fo=1, routed)           0.176     1.800    sample_word_adc[6]
    SLICE_X2Y40          FDRE                                         r  tx_word_reg[6]/D
  -------------------------------------------------------------------    -------------------

                         (clock sys_clk_pin rise edge)
                                                      0.000     0.000 r  
    W5                                                0.000     0.000 r  clock_in (IN)
                         net (fo=0)                   0.000     0.000    clock_in
    W5                   IBUF (Prop_ibuf_I_O)         0.414     0.414 r  clock_in_IBUF_inst/O
                         net (fo=1, routed)           0.685     1.099    clock_in_IBUF
    BUFGCTRL_X0Y1        BUFG (Prop_bufg_I_O)         0.029     1.128 r  clock_in_IBUF_BUFG_inst/O
                         net (fo=39, routed)          0.865     1.992    clock_in_IBUF_BUFG
    SLICE_X2Y40          FDRE                                         r  tx_word_reg[6]/C

Slack:                    inf
  Source:                 sample_word_adc_reg[11]/C
                            (rising edge-triggered cell FDRE clocked by clk_out1_clk_wiz_0  {rise@0.000ns fall@13.889ns period=27.778ns})
  Destination:            tx_word_reg[11]/D
                            (rising edge-triggered cell FDRE clocked by sys_clk_pin  {rise@0.000ns fall@5.000ns period=10.000ns})
  Path Group:             (none)
  Path Type:              Hold (Min at Fast Process Corner)
  Data Path Delay:        0.346ns  (logic 0.164ns (47.442%)  route 0.182ns (52.558%))
  Logic Levels:           0  
  Clock Path Skew:        0.516ns (DCD - SCD - CPR)
    Destination Clock Delay (DCD):    1.992ns
    Source Clock Delay      (SCD):    1.476ns
    Clock Pessimism Removal (CPR):    -0.000ns
  Clock Uncertainty:      0.441ns  ((TSJ^2 + DJ^2)^1/2) / 2 + PE
    Total System Jitter     (TSJ):    0.071ns
    Discrete Jitter          (DJ):    0.278ns
    Phase Error              (PE):    0.297ns
  Timing Exception:       False Path

    Location             Delay type                Incr(ns)  Path(ns)    Netlist Resource(s)
  -------------------------------------------------------------------    -------------------
                         (clock clk_out1_clk_wiz_0 rise edge)
                                                      0.000     0.000 r  
    W5                                                0.000     0.000 r  clock_in (IN)
                         net (fo=0)                   0.000     0.000    clock_in
    W5                   IBUF (Prop_ibuf_I_O)         0.226     0.226 r  clock_in_IBUF_inst/O
                         net (fo=1, routed)           0.631     0.858    clock_in_IBUF
    BUFGCTRL_X0Y1        BUFG (Prop_bufg_I_O)         0.026     0.884 r  clock_in_IBUF_BUFG_inst/O
                         net (fo=39, routed)          0.549     1.432    clkwiz/inst/clk_in1
    MMCME2_ADV_X1Y0      MMCME2_ADV (Prop_mmcme2_adv_CLKIN1_CLKOUT0)
                                                     -1.061     0.372 r  clkwiz/inst/mmcm_adv_inst/CLKOUT0
                         net (fo=1, routed)           0.486     0.858    clkwiz/inst/clk_out1_clk_wiz_0
    BUFGCTRL_X0Y0        BUFG (Prop_bufg_I_O)         0.026     0.884 r  clkwiz/inst/clkout1_buf/O
                         net (fo=89, routed)          0.593     1.476    clk_out1
    SLICE_X2Y39          FDRE                                         r  sample_word_adc_reg[11]/C
  -------------------------------------------------------------------    -------------------
    SLICE_X2Y39          FDRE (Prop_fdre_C_Q)         0.164     1.640 r  sample_word_adc_reg[11]/Q
                         net (fo=1, routed)           0.182     1.822    sample_word_adc[11]
    SLICE_X2Y40          FDRE                                         r  tx_word_reg[11]/D
  -------------------------------------------------------------------    -------------------

                         (clock sys_clk_pin rise edge)
                                                      0.000     0.000 r  
    W5                                                0.000     0.000 r  clock_in (IN)
                         net (fo=0)                   0.000     0.000    clock_in
    W5                   IBUF (Prop_ibuf_I_O)         0.414     0.414 r  clock_in_IBUF_inst/O
                         net (fo=1, routed)           0.685     1.099    clock_in_IBUF
    BUFGCTRL_X0Y1        BUFG (Prop_bufg_I_O)         0.029     1.128 r  clock_in_IBUF_BUFG_inst/O
                         net (fo=39, routed)          0.865     1.992    clock_in_IBUF_BUFG
    SLICE_X2Y40          FDRE                                         r  tx_word_reg[11]/C

Slack:                    inf
  Source:                 sample_word_adc_reg[9]/C
                            (rising edge-triggered cell FDRE clocked by clk_out1_clk_wiz_0  {rise@0.000ns fall@13.889ns period=27.778ns})
  Destination:            tx_word_reg[9]/D
                            (rising edge-triggered cell FDRE clocked by sys_clk_pin  {rise@0.000ns fall@5.000ns period=10.000ns})
  Path Group:             (none)
  Path Type:              Hold (Min at Fast Process Corner)
  Data Path Delay:        0.345ns  (logic 0.141ns (40.898%)  route 0.204ns (59.102%))
  Logic Levels:           0  
  Clock Path Skew:        0.515ns (DCD - SCD - CPR)
    Destination Clock Delay (DCD):    1.992ns
    Source Clock Delay      (SCD):    1.477ns
    Clock Pessimism Removal (CPR):    -0.000ns
  Clock Uncertainty:      0.441ns  ((TSJ^2 + DJ^2)^1/2) / 2 + PE
    Total System Jitter     (TSJ):    0.071ns
    Discrete Jitter          (DJ):    0.278ns
    Phase Error              (PE):    0.297ns
  Timing Exception:       False Path

    Location             Delay type                Incr(ns)  Path(ns)    Netlist Resource(s)
  -------------------------------------------------------------------    -------------------
                         (clock clk_out1_clk_wiz_0 rise edge)
                                                      0.000     0.000 r  
    W5                                                0.000     0.000 r  clock_in (IN)
                         net (fo=0)                   0.000     0.000    clock_in
    W5                   IBUF (Prop_ibuf_I_O)         0.226     0.226 r  clock_in_IBUF_inst/O
                         net (fo=1, routed)           0.631     0.858    clock_in_IBUF
    BUFGCTRL_X0Y1        BUFG (Prop_bufg_I_O)         0.026     0.884 r  clock_in_IBUF_BUFG_inst/O
                         net (fo=39, routed)          0.549     1.432    clkwiz/inst/clk_in1
    MMCME2_ADV_X1Y0      MMCME2_ADV (Prop_mmcme2_adv_CLKIN1_CLKOUT0)
                                                     -1.061     0.372 r  clkwiz/inst/mmcm_adv_inst/CLKOUT0
                         net (fo=1, routed)           0.486     0.858    clkwiz/inst/clk_out1_clk_wiz_0
    BUFGCTRL_X0Y0        BUFG (Prop_bufg_I_O)         0.026     0.884 r  clkwiz/inst/clkout1_buf/O
                         net (fo=89, routed)          0.594     1.477    clk_out1
    SLICE_X3Y41          FDRE                                         r  sample_word_adc_reg[9]/C
  -------------------------------------------------------------------    -------------------
    SLICE_X3Y41          FDRE (Prop_fdre_C_Q)         0.141     1.618 r  sample_word_adc_reg[9]/Q
                         net (fo=1, routed)           0.204     1.822    sample_word_adc[9]
    SLICE_X3Y40          FDRE                                         r  tx_word_reg[9]/D
  -------------------------------------------------------------------    -------------------

                         (clock sys_clk_pin rise edge)
                                                      0.000     0.000 r  
    W5                                                0.000     0.000 r  clock_in (IN)
                         net (fo=0)                   0.000     0.000    clock_in
    W5                   IBUF (Prop_ibuf_I_O)         0.414     0.414 r  clock_in_IBUF_inst/O
                         net (fo=1, routed)           0.685     1.099    clock_in_IBUF
    BUFGCTRL_X0Y1        BUFG (Prop_bufg_I_O)         0.029     1.128 r  clock_in_IBUF_BUFG_inst/O
                         net (fo=39, routed)          0.865     1.992    clock_in_IBUF_BUFG
    SLICE_X3Y40          FDRE                                         r  tx_word_reg[9]/C

Slack:                    inf
  Source:                 sample_word_adc_reg[8]/C
                            (rising edge-triggered cell FDRE clocked by clk_out1_clk_wiz_0  {rise@0.000ns fall@13.889ns period=27.778ns})
  Destination:            tx_word_reg[8]/D
                            (rising edge-triggered cell FDRE clocked by sys_clk_pin  {rise@0.000ns fall@5.000ns period=10.000ns})
  Path Group:             (none)
  Path Type:              Hold (Min at Fast Process Corner)
  Data Path Delay:        0.350ns  (logic 0.148ns (42.322%)  route 0.202ns (57.678%))
  Logic Levels:           0  
  Clock Path Skew:        0.516ns (DCD - SCD - CPR)
    Destination Clock Delay (DCD):    1.992ns
    Source Clock Delay      (SCD):    1.476ns
    Clock Pessimism Removal (CPR):    -0.000ns
  Clock Uncertainty:      0.441ns  ((TSJ^2 + DJ^2)^1/2) / 2 + PE
    Total System Jitter     (TSJ):    0.071ns
    Discrete Jitter          (DJ):    0.278ns
    Phase Error              (PE):    0.297ns
  Timing Exception:       False Path

    Location             Delay type                Incr(ns)  Path(ns)    Netlist Resource(s)
  -------------------------------------------------------------------    -------------------
                         (clock clk_out1_clk_wiz_0 rise edge)
                                                      0.000     0.000 r  
    W5                                                0.000     0.000 r  clock_in (IN)
                         net (fo=0)                   0.000     0.000    clock_in
    W5                   IBUF (Prop_ibuf_I_O)         0.226     0.226 r  clock_in_IBUF_inst/O
                         net (fo=1, routed)           0.631     0.858    clock_in_IBUF
    BUFGCTRL_X0Y1        BUFG (Prop_bufg_I_O)         0.026     0.884 r  clock_in_IBUF_BUFG_inst/O
                         net (fo=39, routed)          0.549     1.432    clkwiz/inst/clk_in1
    MMCME2_ADV_X1Y0      MMCME2_ADV (Prop_mmcme2_adv_CLKIN1_CLKOUT0)
                                                     -1.061     0.372 r  clkwiz/inst/mmcm_adv_inst/CLKOUT0
                         net (fo=1, routed)           0.486     0.858    clkwiz/inst/clk_out1_clk_wiz_0
    BUFGCTRL_X0Y0        BUFG (Prop_bufg_I_O)         0.026     0.884 r  clkwiz/inst/clkout1_buf/O
                         net (fo=89, routed)          0.593     1.476    clk_out1
    SLICE_X2Y39          FDRE                                         r  sample_word_adc_reg[8]/C
  -------------------------------------------------------------------    -------------------
    SLICE_X2Y39          FDRE (Prop_fdre_C_Q)         0.148     1.624 r  sample_word_adc_reg[8]/Q
                         net (fo=1, routed)           0.202     1.826    sample_word_adc[8]
    SLICE_X2Y40          FDRE                                         r  tx_word_reg[8]/D
  -------------------------------------------------------------------    -------------------

                         (clock sys_clk_pin rise edge)
                                                      0.000     0.000 r  
    W5                                                0.000     0.000 r  clock_in (IN)
                         net (fo=0)                   0.000     0.000    clock_in
    W5                   IBUF (Prop_ibuf_I_O)         0.414     0.414 r  clock_in_IBUF_inst/O
                         net (fo=1, routed)           0.685     1.099    clock_in_IBUF
    BUFGCTRL_X0Y1        BUFG (Prop_bufg_I_O)         0.029     1.128 r  clock_in_IBUF_BUFG_inst/O
                         net (fo=39, routed)          0.865     1.992    clock_in_IBUF_BUFG
    SLICE_X2Y40          FDRE                                         r  tx_word_reg[8]/C





--------------------------------------------------------------------------------------
Path Group:  (none)
From Clock:  clk_out1_clk_wiz_0
  To Clock:  

Max Delay             2 Endpoints
Min Delay             2 Endpoints
--------------------------------------------------------------------------------------


Max Delay Paths
--------------------------------------------------------------------------------------
Slack:                    inf
  Source:                 cs_r_reg/C
                            (rising edge-triggered cell FDSE clocked by clk_out1_clk_wiz_0  {rise@0.000ns fall@13.889ns period=27.778ns})
  Destination:            cs_out
                            (output port)
  Path Group:             (none)
  Path Type:              Max at Slow Process Corner
  Data Path Delay:        6.238ns  (logic 4.091ns (65.573%)  route 2.148ns (34.427%))
  Logic Levels:           1  (OBUF=1)
  Clock Uncertainty:      0.438ns  ((TSJ^2 + DJ^2)^1/2) / 2 + PE
    Total System Jitter     (TSJ):    0.050ns
    Discrete Jitter          (DJ):    0.278ns
    Phase Error              (PE):    0.297ns

    Location             Delay type                Incr(ns)  Path(ns)    Netlist Resource(s)
  -------------------------------------------------------------------    -------------------
                         (clock clk_out1_clk_wiz_0 rise edge)
                                                      0.000     0.000 r  
    W5                                                0.000     0.000 r  clock_in (IN)
                         net (fo=0)                   0.000     0.000    clock_in
    W5                   IBUF (Prop_ibuf_I_O)         1.458     1.458 r  clock_in_IBUF_inst/O
                         net (fo=1, routed)           1.967     3.425    clock_in_IBUF
    BUFGCTRL_X0Y1        BUFG (Prop_bufg_I_O)         0.096     3.521 r  clock_in_IBUF_BUFG_inst/O
                         net (fo=39, routed)          1.575     5.096    clkwiz/inst/clk_in1
    MMCME2_ADV_X1Y0      MMCME2_ADV (Prop_mmcme2_adv_CLKIN1_CLKOUT0)
                                                     -3.333     1.763 r  clkwiz/inst/mmcm_adv_inst/CLKOUT0
                         net (fo=1, routed)           1.661     3.425    clkwiz/inst/clk_out1_clk_wiz_0
    BUFGCTRL_X0Y0        BUFG (Prop_bufg_I_O)         0.096     3.521 r  clkwiz/inst/clkout1_buf/O
                         net (fo=89, routed)          1.631     5.152    clk_out1
    SLICE_X7Y37          FDSE                                         r  cs_r_reg/C
  -------------------------------------------------------------------    -------------------
    SLICE_X7Y37          FDSE (Prop_fdse_C_Q)         0.419     5.571 r  cs_r_reg/Q
                         net (fo=1, routed)           2.148     7.719    cs_out_OBUF
    P17                  OBUF (Prop_obuf_I_O)         3.672    11.391 r  cs_out_OBUF_inst/O
                         net (fo=0)                   0.000    11.391    cs_out
    P17                                                               r  cs_out (OUT)
  -------------------------------------------------------------------    -------------------

Slack:                    inf
  Source:                 spi_clk_r_reg/C
                            (rising edge-triggered cell FDRE clocked by clk_out1_clk_wiz_0  {rise@0.000ns fall@13.889ns period=27.778ns})
  Destination:            spi_clk
                            (output port)
  Path Group:             (none)
  Path Type:              Max at Slow Process Corner
  Data Path Delay:        6.100ns  (logic 3.948ns (64.727%)  route 2.152ns (35.273%))
  Logic Levels:           1  (OBUF=1)
  Clock Uncertainty:      0.438ns  ((TSJ^2 + DJ^2)^1/2) / 2 + PE
    Total System Jitter     (TSJ):    0.050ns
    Discrete Jitter          (DJ):    0.278ns
    Phase Error              (PE):    0.297ns

    Location             Delay type                Incr(ns)  Path(ns)    Netlist Resource(s)
  -------------------------------------------------------------------    -------------------
                         (clock clk_out1_clk_wiz_0 rise edge)
                                                      0.000     0.000 r  
    W5                                                0.000     0.000 r  clock_in (IN)
                         net (fo=0)                   0.000     0.000    clock_in
    W5                   IBUF (Prop_ibuf_I_O)         1.458     1.458 r  clock_in_IBUF_inst/O
                         net (fo=1, routed)           1.967     3.425    clock_in_IBUF
    BUFGCTRL_X0Y1        BUFG (Prop_bufg_I_O)         0.096     3.521 r  clock_in_IBUF_BUFG_inst/O
                         net (fo=39, routed)          1.575     5.096    clkwiz/inst/clk_in1
    MMCME2_ADV_X1Y0      MMCME2_ADV (Prop_mmcme2_adv_CLKIN1_CLKOUT0)
                                                     -3.333     1.763 r  clkwiz/inst/mmcm_adv_inst/CLKOUT0
                         net (fo=1, routed)           1.661     3.425    clkwiz/inst/clk_out1_clk_wiz_0
    BUFGCTRL_X0Y0        BUFG (Prop_bufg_I_O)         0.096     3.521 r  clkwiz/inst/clkout1_buf/O
                         net (fo=89, routed)          1.631     5.152    clk_out1
    SLICE_X7Y37          FDRE                                         r  spi_clk_r_reg/C
  -------------------------------------------------------------------    -------------------
    SLICE_X7Y37          FDRE (Prop_fdre_C_Q)         0.456     5.608 r  spi_clk_r_reg/Q
                         net (fo=1, routed)           2.152     7.760    spi_clk_OBUF
    N17                  OBUF (Prop_obuf_I_O)         3.492    11.252 r  spi_clk_OBUF_inst/O
                         net (fo=0)                   0.000    11.252    spi_clk
    N17                                                               r  spi_clk (OUT)
  -------------------------------------------------------------------    -------------------





Min Delay Paths
--------------------------------------------------------------------------------------
Slack:                    inf
  Source:                 spi_clk_r_reg/C
                            (rising edge-triggered cell FDRE clocked by clk_out1_clk_wiz_0  {rise@0.000ns fall@13.889ns period=27.778ns})
  Destination:            spi_clk
                            (output port)
  Path Group:             (none)
  Path Type:              Min at Fast Process Corner
  Data Path Delay:        1.881ns  (logic 1.335ns (70.943%)  route 0.547ns (29.057%))
  Logic Levels:           1  (OBUF=1)
  Clock Uncertainty:      0.438ns  ((TSJ^2 + DJ^2)^1/2) / 2 + PE
    Total System Jitter     (TSJ):    0.050ns
    Discrete Jitter          (DJ):    0.278ns
    Phase Error              (PE):    0.297ns

    Location             Delay type                Incr(ns)  Path(ns)    Netlist Resource(s)
  -------------------------------------------------------------------    -------------------
                         (clock clk_out1_clk_wiz_0 rise edge)
                                                      0.000     0.000 r  
    W5                                                0.000     0.000 r  clock_in (IN)
                         net (fo=0)                   0.000     0.000    clock_in
    W5                   IBUF (Prop_ibuf_I_O)         0.226     0.226 r  clock_in_IBUF_inst/O
                         net (fo=1, routed)           0.631     0.858    clock_in_IBUF
    BUFGCTRL_X0Y1        BUFG (Prop_bufg_I_O)         0.026     0.884 r  clock_in_IBUF_BUFG_inst/O
                         net (fo=39, routed)          0.549     1.432    clkwiz/inst/clk_in1
    MMCME2_ADV_X1Y0      MMCME2_ADV (Prop_mmcme2_adv_CLKIN1_CLKOUT0)
                                                     -1.061     0.372 r  clkwiz/inst/mmcm_adv_inst/CLKOUT0
                         net (fo=1, routed)           0.486     0.858    clkwiz/inst/clk_out1_clk_wiz_0
    BUFGCTRL_X0Y0        BUFG (Prop_bufg_I_O)         0.026     0.884 r  clkwiz/inst/clkout1_buf/O
                         net (fo=89, routed)          0.590     1.473    clk_out1
    SLICE_X7Y37          FDRE                                         r  spi_clk_r_reg/C
  -------------------------------------------------------------------    -------------------
    SLICE_X7Y37          FDRE (Prop_fdre_C_Q)         0.141     1.614 r  spi_clk_r_reg/Q
                         net (fo=1, routed)           0.547     2.161    spi_clk_OBUF
    N17                  OBUF (Prop_obuf_I_O)         1.194     3.354 r  spi_clk_OBUF_inst/O
                         net (fo=0)                   0.000     3.354    spi_clk
    N17                                                               r  spi_clk (OUT)
  -------------------------------------------------------------------    -------------------

Slack:                    inf
  Source:                 cs_r_reg/C
                            (rising edge-triggered cell FDSE clocked by clk_out1_clk_wiz_0  {rise@0.000ns fall@13.889ns period=27.778ns})
  Destination:            cs_out
                            (output port)
  Path Group:             (none)
  Path Type:              Min at Fast Process Corner
  Data Path Delay:        1.935ns  (logic 1.380ns (71.328%)  route 0.555ns (28.672%))
  Logic Levels:           1  (OBUF=1)
  Clock Uncertainty:      0.438ns  ((TSJ^2 + DJ^2)^1/2) / 2 + PE
    Total System Jitter     (TSJ):    0.050ns
    Discrete Jitter          (DJ):    0.278ns
    Phase Error              (PE):    0.297ns

    Location             Delay type                Incr(ns)  Path(ns)    Netlist Resource(s)
  -------------------------------------------------------------------    -------------------
                         (clock clk_out1_clk_wiz_0 rise edge)
                                                      0.000     0.000 r  
    W5                                                0.000     0.000 r  clock_in (IN)
                         net (fo=0)                   0.000     0.000    clock_in
    W5                   IBUF (Prop_ibuf_I_O)         0.226     0.226 r  clock_in_IBUF_inst/O
                         net (fo=1, routed)           0.631     0.858    clock_in_IBUF
    BUFGCTRL_X0Y1        BUFG (Prop_bufg_I_O)         0.026     0.884 r  clock_in_IBUF_BUFG_inst/O
                         net (fo=39, routed)          0.549     1.432    clkwiz/inst/clk_in1
    MMCME2_ADV_X1Y0      MMCME2_ADV (Prop_mmcme2_adv_CLKIN1_CLKOUT0)
                                                     -1.061     0.372 r  clkwiz/inst/mmcm_adv_inst/CLKOUT0
                         net (fo=1, routed)           0.486     0.858    clkwiz/inst/clk_out1_clk_wiz_0
    BUFGCTRL_X0Y0        BUFG (Prop_bufg_I_O)         0.026     0.884 r  clkwiz/inst/clkout1_buf/O
                         net (fo=89, routed)          0.590     1.473    clk_out1
    SLICE_X7Y37          FDSE                                         r  cs_r_reg/C
  -------------------------------------------------------------------    -------------------
    SLICE_X7Y37          FDSE (Prop_fdse_C_Q)         0.128     1.601 r  cs_r_reg/Q
                         net (fo=1, routed)           0.555     2.156    cs_out_OBUF
    P17                  OBUF (Prop_obuf_I_O)         1.252     3.408 r  cs_out_OBUF_inst/O
                         net (fo=0)                   0.000     3.408    cs_out
    P17                                                               r  cs_out (OUT)
  -------------------------------------------------------------------    -------------------





--------------------------------------------------------------------------------------
Path Group:  (none)
From Clock:  
  To Clock:  clk_out1_clk_wiz_0

Max Delay             2 Endpoints
Min Delay             2 Endpoints
--------------------------------------------------------------------------------------


Max Delay Paths
--------------------------------------------------------------------------------------
Slack:                    inf
  Source:                 spi_miso
                            (input port)
  Destination:            frame_shift_reg[0]/D
                            (rising edge-triggered cell FDRE clocked by clk_out1_clk_wiz_0  {rise@0.000ns fall@13.889ns period=27.778ns})
  Path Group:             (none)
  Path Type:              Setup (Max at Slow Process Corner)
  Data Path Delay:        3.569ns  (logic 1.583ns (44.359%)  route 1.986ns (55.641%))
  Logic Levels:           2  (IBUF=1 LUT3=1)
  Clock Path Skew:        4.855ns (DCD - SCD + CPR)
    Destination Clock Delay (DCD):    4.855ns
    Source Clock Delay      (SCD):    0.000ns
    Clock Pessimism Removal (CPR):    0.000ns
  Clock Uncertainty:      0.438ns  ((TSJ^2 + DJ^2)^1/2) / 2 + PE
    Total System Jitter     (TSJ):    0.050ns
    Discrete Jitter          (DJ):    0.278ns
    Phase Error              (PE):    0.297ns

    Location             Delay type                Incr(ns)  Path(ns)    Netlist Resource(s)
  -------------------------------------------------------------------    -------------------
    P18                                               0.000     0.000 r  spi_miso (IN)
                         net (fo=0)                   0.000     0.000    spi_miso
    P18                  IBUF (Prop_ibuf_I_O)         1.459     1.459 r  spi_miso_IBUF_inst/O
                         net (fo=2, routed)           1.986     3.445    spi_miso_IBUF
    SLICE_X7Y38          LUT3 (Prop_lut3_I0_O)        0.124     3.569 r  frame_shift[0]_i_1/O
                         net (fo=1, routed)           0.000     3.569    frame_shift[0]
    SLICE_X7Y38          FDRE                                         r  frame_shift_reg[0]/D
  -------------------------------------------------------------------    -------------------

                         (clock clk_out1_clk_wiz_0 rise edge)
                                                      0.000     0.000 r  
    W5                                                0.000     0.000 r  clock_in (IN)
                         net (fo=0)                   0.000     0.000    clock_in
    W5                   IBUF (Prop_ibuf_I_O)         1.388     1.388 r  clock_in_IBUF_inst/O
                         net (fo=1, routed)           1.862     3.250    clock_in_IBUF
    BUFGCTRL_X0Y1        BUFG (Prop_bufg_I_O)         0.091     3.341 r  clock_in_IBUF_BUFG_inst/O
                         net (fo=39, routed)          1.457     4.798    clkwiz/inst/clk_in1
    MMCME2_ADV_X1Y0      MMCME2_ADV (Prop_mmcme2_adv_CLKIN1_CLKOUT0)
                                                     -3.129     1.669 r  clkwiz/inst/mmcm_adv_inst/CLKOUT0
                         net (fo=1, routed)           1.581     3.250    clkwiz/inst/clk_out1_clk_wiz_0
    BUFGCTRL_X0Y0        BUFG (Prop_bufg_I_O)         0.091     3.341 r  clkwiz/inst/clkout1_buf/O
                         net (fo=89, routed)          1.514     4.855    clk_out1
    SLICE_X7Y38          FDRE                                         r  frame_shift_reg[0]/C

Slack:                    inf
  Source:                 spi_miso
                            (input port)
  Destination:            data_buf_reg[0]/D
                            (rising edge-triggered cell FDRE clocked by clk_out1_clk_wiz_0  {rise@0.000ns fall@13.889ns period=27.778ns})
  Path Group:             (none)
  Path Type:              Setup (Max at Slow Process Corner)
  Data Path Delay:        3.307ns  (logic 1.459ns (44.126%)  route 1.848ns (55.874%))
  Logic Levels:           1  (IBUF=1)
  Clock Path Skew:        4.855ns (DCD - SCD + CPR)
    Destination Clock Delay (DCD):    4.855ns
    Source Clock Delay      (SCD):    0.000ns
    Clock Pessimism Removal (CPR):    0.000ns
  Clock Uncertainty:      0.438ns  ((TSJ^2 + DJ^2)^1/2) / 2 + PE
    Total System Jitter     (TSJ):    0.050ns
    Discrete Jitter          (DJ):    0.278ns
    Phase Error              (PE):    0.297ns

    Location             Delay type                Incr(ns)  Path(ns)    Netlist Resource(s)
  -------------------------------------------------------------------    -------------------
    P18                                               0.000     0.000 r  spi_miso (IN)
                         net (fo=0)                   0.000     0.000    spi_miso
    P18                  IBUF (Prop_ibuf_I_O)         1.459     1.459 r  spi_miso_IBUF_inst/O
                         net (fo=2, routed)           1.848     3.307    spi_miso_IBUF
    SLICE_X6Y38          FDRE                                         r  data_buf_reg[0]/D
  -------------------------------------------------------------------    -------------------

                         (clock clk_out1_clk_wiz_0 rise edge)
                                                      0.000     0.000 r  
    W5                                                0.000     0.000 r  clock_in (IN)
                         net (fo=0)                   0.000     0.000    clock_in
    W5                   IBUF (Prop_ibuf_I_O)         1.388     1.388 r  clock_in_IBUF_inst/O
                         net (fo=1, routed)           1.862     3.250    clock_in_IBUF
    BUFGCTRL_X0Y1        BUFG (Prop_bufg_I_O)         0.091     3.341 r  clock_in_IBUF_BUFG_inst/O
                         net (fo=39, routed)          1.457     4.798    clkwiz/inst/clk_in1
    MMCME2_ADV_X1Y0      MMCME2_ADV (Prop_mmcme2_adv_CLKIN1_CLKOUT0)
                                                     -3.129     1.669 r  clkwiz/inst/mmcm_adv_inst/CLKOUT0
                         net (fo=1, routed)           1.581     3.250    clkwiz/inst/clk_out1_clk_wiz_0
    BUFGCTRL_X0Y0        BUFG (Prop_bufg_I_O)         0.091     3.341 r  clkwiz/inst/clkout1_buf/O
                         net (fo=89, routed)          1.514     4.855    clk_out1
    SLICE_X6Y38          FDRE                                         r  data_buf_reg[0]/C





Min Delay Paths
--------------------------------------------------------------------------------------
Slack:                    inf
  Source:                 spi_miso
                            (input port)
  Destination:            frame_shift_reg[0]/D
                            (rising edge-triggered cell FDRE clocked by clk_out1_clk_wiz_0  {rise@0.000ns fall@13.889ns period=27.778ns})
  Path Group:             (none)
  Path Type:              Hold (Min at Fast Process Corner)
  Data Path Delay:        1.067ns  (logic 0.272ns (25.513%)  route 0.795ns (74.487%))
  Logic Levels:           2  (IBUF=1 LUT3=1)
  Clock Path Skew:        1.989ns (DCD - SCD - CPR)
    Destination Clock Delay (DCD):    1.989ns
    Source Clock Delay      (SCD):    0.000ns
    Clock Pessimism Removal (CPR):    -0.000ns

    Location             Delay type                Incr(ns)  Path(ns)    Netlist Resource(s)
  -------------------------------------------------------------------    -------------------
    P18                                               0.000     0.000 r  spi_miso (IN)
                         net (fo=0)                   0.000     0.000    spi_miso
    P18                  IBUF (Prop_ibuf_I_O)         0.227     0.227 r  spi_miso_IBUF_inst/O
                         net (fo=2, routed)           0.795     1.022    spi_miso_IBUF
    SLICE_X7Y38          LUT3 (Prop_lut3_I0_O)        0.045     1.067 r  frame_shift[0]_i_1/O
                         net (fo=1, routed)           0.000     1.067    frame_shift[0]
    SLICE_X7Y38          FDRE                                         r  frame_shift_reg[0]/D
  -------------------------------------------------------------------    -------------------

                         (clock clk_out1_clk_wiz_0 rise edge)
                                                      0.000     0.000 r  
    W5                                                0.000     0.000 r  clock_in (IN)
                         net (fo=0)                   0.000     0.000    clock_in
    W5                   IBUF (Prop_ibuf_I_O)         0.414     0.414 r  clock_in_IBUF_inst/O
                         net (fo=1, routed)           0.685     1.099    clock_in_IBUF
    BUFGCTRL_X0Y1        BUFG (Prop_bufg_I_O)         0.029     1.128 r  clock_in_IBUF_BUFG_inst/O
                         net (fo=39, routed)          0.817     1.944    clkwiz/inst/clk_in1
    MMCME2_ADV_X1Y0      MMCME2_ADV (Prop_mmcme2_adv_CLKIN1_CLKOUT0)
                                                     -1.375     0.569 r  clkwiz/inst/mmcm_adv_inst/CLKOUT0
                         net (fo=1, routed)           0.530     1.099    clkwiz/inst/clk_out1_clk_wiz_0
    BUFGCTRL_X0Y0        BUFG (Prop_bufg_I_O)         0.029     1.128 r  clkwiz/inst/clkout1_buf/O
                         net (fo=89, routed)          0.862     1.989    clk_out1
    SLICE_X7Y38          FDRE                                         r  frame_shift_reg[0]/C

Slack:                    inf
  Source:                 spi_miso
                            (input port)
  Destination:            data_buf_reg[0]/D
                            (rising edge-triggered cell FDRE clocked by clk_out1_clk_wiz_0  {rise@0.000ns fall@13.889ns period=27.778ns})
  Path Group:             (none)
  Path Type:              Hold (Min at Fast Process Corner)
  Data Path Delay:        1.097ns  (logic 0.227ns (20.716%)  route 0.870ns (79.284%))
  Logic Levels:           1  (IBUF=1)
  Clock Path Skew:        1.989ns (DCD - SCD - CPR)
    Destination Clock Delay (DCD):    1.989ns
    Source Clock Delay      (SCD):    0.000ns
    Clock Pessimism Removal (CPR):    -0.000ns

    Location             Delay type                Incr(ns)  Path(ns)    Netlist Resource(s)
  -------------------------------------------------------------------    -------------------
    P18                                               0.000     0.000 r  spi_miso (IN)
                         net (fo=0)                   0.000     0.000    spi_miso
    P18                  IBUF (Prop_ibuf_I_O)         0.227     0.227 r  spi_miso_IBUF_inst/O
                         net (fo=2, routed)           0.870     1.097    spi_miso_IBUF
    SLICE_X6Y38          FDRE                                         r  data_buf_reg[0]/D
  -------------------------------------------------------------------    -------------------

                         (clock clk_out1_clk_wiz_0 rise edge)
                                                      0.000     0.000 r  
    W5                                                0.000     0.000 r  clock_in (IN)
                         net (fo=0)                   0.000     0.000    clock_in
    W5                   IBUF (Prop_ibuf_I_O)         0.414     0.414 r  clock_in_IBUF_inst/O
                         net (fo=1, routed)           0.685     1.099    clock_in_IBUF
    BUFGCTRL_X0Y1        BUFG (Prop_bufg_I_O)         0.029     1.128 r  clock_in_IBUF_BUFG_inst/O
                         net (fo=39, routed)          0.817     1.944    clkwiz/inst/clk_in1
    MMCME2_ADV_X1Y0      MMCME2_ADV (Prop_mmcme2_adv_CLKIN1_CLKOUT0)
                                                     -1.375     0.569 r  clkwiz/inst/mmcm_adv_inst/CLKOUT0
                         net (fo=1, routed)           0.530     1.099    clkwiz/inst/clk_out1_clk_wiz_0
    BUFGCTRL_X0Y0        BUFG (Prop_bufg_I_O)         0.029     1.128 r  clkwiz/inst/clkout1_buf/O
                         net (fo=89, routed)          0.862     1.989    clk_out1
    SLICE_X6Y38          FDRE                                         r  data_buf_reg[0]/C





