00000000000000000000000101110001
00000000000101110001000101110001
00000000001011100010000101110010
00000000010001010100000101110001
00000000010111000101000101110001
00000000011100110110000101110000
00000000100010100110000101110001
00000000101000010111000101110001
00000000101110001000000101110000
00000000110011111000000101110001
00000000111001101001000101110000
00000000111111011001000101110000
00000001000101001001000101110001
00000001001010111010000101110000
00000001010000101010000101110000
00000001010110011010000101110000
00000001011100001010000101110000
00000001100001111010000101101111
00000001100111101001000101110000
00000001101101011001000101110000
00000001110011001001000101101111
00000001111000111000000101110000
00000001111110101000000101101111
00000010000100010111000101101111
00000010001010000110000101101111
00000010001111110101000101101111
00000010010101100100000101101111
00000010011011010011000101101111
00000010100001000010000101101111
00000010100110110001000101101111
00000010101100100000000101101110
00000010110010001110000101101111
00000010110111111101000101101110
00000010111101101011000101101110
00000011000011011001000101101111
00000011001001001000000101101110
00000011001110110110000101101110
00000011010100100100000101101110
00000011011010010010000101101110
00000011100000000000000101101110
00000011100101101110000101101101
00000011101011011011000101101110
00000011110001001001000101101101
00000011110110110110000101101110
00000011111100100100000101101101
00000100000010010001000101101101
00000100000111111110000101101110
00000100001101101100000101101101
00000100010011011001000101101101
00000100011001000110000101101101
00000100011110110011000101101101
00000100100100100000000101101100
00000100101010001100000101101101
00000100101111111001000101101100
00000100110101100101000101101101
00000100111011010010000101101100
00000101000000111110000101101101
00000101000110101011000101101100
00000101001100010111000101101100
00000101010010000011000101101100
00000101010111101111000101101100
00000101011101011011000101101100
00000101100011000111000101101100
00000101101000110011000101101011
00000101101110011110000101101100
00000101110100001010000101101011
00000101111001110101000101101100
00000101111111100001000101101011
00000110000101001100000101101011
00000110001010110111000101101100
00000110010000100011000101101011
00000110010110001110000101101011
00000110011011111001000101101011
00000110100001100100000101101010
00000110100111001110000101101011
00000110101100111001000101101011
00000110110010100100000101101010
00000110111000001110000101101011
00000110111101111001000101101010
00000111000011100011000101101011
00000111001001001110000101101010
00000111001110111000000101101010
00000111010100100010000101101010
00000111011010001100000101101010
00000111011111110110000101101010
00000111100101100000000101101010
00000111101011001010000101101001
00000111110000110011000101101010
00000111110110011101000101101001
00000111111100000110000101101010
00001000000001110000000101101001
00001000000111011001000101101001
00001000001101000010000101101010
00001000010010101100000101101001
00001000011000010101000101101001
00001000011101111110000101101001
00001000100011100111000101101000
00001000101001001111000101101001
00001000101110111000000101101001
00001000110100100001000101101000
00001000111010001001000101101001
00001000111111110010000101101000
00001001000101011010000101101001
00001001001011000011000101101000
00001001010000101011000101101000
00001001010110010011000101101000
00001001011011111011000101101000
00001001100001100011000101101000
00001001100111001011000101101000
00001001101100110011000101100111
00001001110010011010000101101000
00001001111000000010000101101000
00001001111101101010000101100111
00001010000011010001000101100111
00001010001000111000000101101000
00001010001110100000000101100111
00001010010100000111000101100111
00001010011001101110000101100111
00001010011111010101000101100111
00001010100100111100000101100111
00001010101010100011000101100111
00001010110000001010000101100110
00001010110101110000000101100111
00001010111011010111000101100110
00001011000000111101000101100111
00001011000110100100000101100110
00001011001100001010000101100110
00001011010001110000000101100111
00001011010111010111000101100110
00001011011100111101000101100110
00001011100010100011000101100110
00001011101000001001000101100101
00001011101101101110000101100110
00001011110011010100000101100110
00001011111000111010000101100101
00001011111110011111000101100110
00001100000100000101000101100101
00001100001001101010000101100110
00001100001111010000000101100101
00001100010100110101000101100101
00001100011010011010000101100101
00001100011111111111000101100101
00001100100101100100000101100101
00001100101011001001000101100101
00001100110000101110000101100101
00001100110110010011000101100100
00001100111011110111000101100101
00001101000001011100000101100100
00001101000111000000000101100101
00001101001100100101000101100100
00001101010010001001000101100100
00001101010111101101000101100101
00001101011101010010000101100100
00001101100010110110000101100100
00001101101000011010000101100100
00001101101101111110000101100011
00001101110011100001000101100100
00001101111001000101000101100100
00001101111110101001000101100011
00001110000100001100000101100100
00001110001001110000000101100011
00001110001111010011000101100100
00001110010100110111000101100011
00001110011010011010000101100011
00001110011111111101000101100011
00001110100101100000000101100011
00001110101011000011000101100011
00001110110000100110000101100011
00001110110110001001000101100010
00001110111011101011000101100011
00001111000001001110000101100011
00001111000110110001000101100010
00001111001100010011000101100011
00001111010001110110000101100010
00001111010111011000000101100010
00001111011100111010000101100010
00001111100010011100000101100010
00001111100111111110000101100010
00001111101101100000000101100010
00001111110011000010000101100010
00001111111000100100000101100010
00001111111110000110000101100001
00010000000011100111000101100010
00010000001001001001000101100010
00010000001110101011000101100001
00010000010100001100000101100001
00010000011001101101000101100010
00010000011111001111000101100001
00010000100100110000000101100001
00010000101010010001000101100001
00010000101111110010000101100001
00010000110101010011000101100001
00010000111010110100000101100000
00010001000000010100000101100001
00010001000101110101000101100001
00010001001011010110000101100000
00010001010000110110000101100000
00010001010110010110000101100001
00010001011011110111000101100000
00010001100001010111000101100000
00010001100110110111000101100000
00010001101100010111000101100000
00010001110001110111000101100000
00010001110111010111000101100000
00010001111100110111000101100000
00010010000010010111000101100000
00010010000111110111000101011111
00010010001101010110000101100000
00010010010010110110000101011111
00010010011000010101000101100000
00010010011101110101000101011111
00010010100011010100000101011111
00010010101000110011000101011111
00010010101110010010000101011111
00010010110011110001000101011111
00010010111001010000000101011111
00010010111110101111000101011111
00010011000100001110000101011110
00010011001001101100000101011111
00010011001111001011000101011111
00010011010100101010000101011110
00010011011010001000000101011110
00010011011111100110000101011111
00010011100101000101000101011110
00010011101010100011000101011110
00010011110000000001000101011110
00010011110101011111000101011110
00010011111010111101000101011110
00010100000000011011000101011110
00010100000101111001000101011110
00010100001011010111000101011101
00010100010000110100000101011110
00010100010110010010000101011101
00010100011011101111000101011110
00010100100001001101000101011101
00010100100110101010000101011101
00010100101100000111000101011101
00010100110001100100000101011110
00010100110111000010000101011101
00010100111100011111000101011101
00010101000001111100000101011100
00010101000111011000000101011101
00010101001100110101000101011101
00010101010010010010000101011100
00010101010111101110000101011101
00010101011101001011000101011100
00010101100010100111000101011101
00010101101000000100000101011100
00010101101101100000000101011100
00010101110010111100000101011100
00010101111000011000000101011100
00010101111101110100000101011100
00010110000011010000000101011100
00010110001000101100000101011100
00010110001110001000000101011100
00010110010011100100000101011011
00010110011000111111000101011100
00010110011110011011000101011011
00010110100011110110000101011100
00010110101001010010000101011011
00010110101110101101000101011011
00010110110100001000000101011100
00010110111001100100000101011011
00010110111110111111000101011011
00010111000100011010000101011011
00010111001001110101000101011010
00010111001111001111000101011011
00010111010100101010000101011011
00010111011010000101000101011011
00010111011111100000000101011010
00010111100100111010000101011011
00010111101010010101000101011010
00010111101111101111000101011010
00010111110101001001000101011010
00010111111010100011000101011011
00010111111111111110000101011010
00011000000101011000000101011010
00011000001010110010000101011001
00011000010000001011000101011010
00011000010101100101000101011010
00011000011010111111000101011010
00011000100000011001000101011001
00011000100101110010000101011010
00011000101011001100000101011001
00011000110000100101000101011010
00011000110101111111000101011001
00011000111011011000000101011001
00011001000000110001000101011001
00011001000110001010000101011001
00011001001011100011000101011001
00011001010000111100000101011001
00011001010110010101000101011001
00011001011011101110000101011000
00011001100001000110000101011001
00011001100110011111000101011001
00011001101011111000000101011000
00011001110001010000000101011001
00011001110110101001000101011000
00011001111100000001000101011000
00011010000001011001000101011000
00011010000110110001000101011000
00011010001100001001000101011000
00011010010001100001000101011000
00011010010110111001000101011000
00011010011100010001000101011000
00011010100001101001000101011000
00011010100111000001000101010111
00011010101100011000000101011000
00011010110001110000000101010111
00011010110111000111000101011000
00011010111100011111000101010111
00011011000001110110000101010111
00011011000111001101000101010111
00011011001100100100000101010111
00011011010001111011000101010111
00011011010111010010000101010111
00011011011100101001000101010111
00011011100010000000000101010111
00011011100111010111000101010111
00011011101100101110000101010110
00011011110010000100000101010111
00011011110111011011000101010110
00011011111100110001000101010110
00011100000010000111000101010111
00011100000111011110000101010110
00011100001100110100000101010110
00011100010010001010000101010110
00011100010111100000000101010110
00011100011100110110000101010110
00011100100010001100000101010110
00011100100111100010000101010110
00011100101100111000000101010101
00011100110010001101000101010110
00011100110111100011000101010101
00011100111100111000000101010110
00011101000010001110000101010101
00011101000111100011000101010110
00011101001100111001000101010101
00011101010010001110000101010101
00011101010111100011000101010101
00011101011100111000000101010101
00011101100010001101000101010101
00011101100111100010000101010101
00011101101100110111000101010100
00011101110010001011000101010101
00011101110111100000000101010101
00011101111100110101000101010100
00011110000010001001000101010101
00011110000111011110000101010100
00011110001100110010000101010100
00011110010010000110000101010101
00011110010111011011000101010100
00011110011100101111000101010100
00011110100010000011000101010100
00011110100111010111000101010100
00011110101100101011000101010100
00011110110001111111000101010011
00011110110111010010000101010100
00011110111100100110000101010100
00011111000001111010000101010011
00011111000111001101000101010100
00011111001100100001000101010011
00011111010001110100000101010011
00011111010111000111000101010011
00011111011100011010000101010100
00011111100001101110000101010011
00011111100111000001000101010011
00011111101100010100000101010011
00011111110001100111000101010010
00011111110110111001000101010011
00011111111100001100000101010011
00100000000001011111000101010011
00100000000110110010000101010010
00100000001100000100000101010011
00100000010001010111000101010010
00100000010110101001000101010010
00100000011011111011000101010011
00100000100001001110000101010010
00100000100110100000000101010010
00100000101011110010000101010010
00100000110001000100000101010010
00100000110110010110000101010010
00100000111011101000000101010001
00100001000000111001000101010010
00100001000110001011000101010010
00100001001011011101000101010001
00100001010000101110000101010010
00100001010110000000000101010001
00100001011011010001000101010001
00100001100000100010000101010010
00100001100101110100000101010001
00100001101011000101000101010001
00100001110000010110000101010001
00100001110101100111000101010001
00100001111010111000000101010001
00100010000000001001000101010001
00100010000101011010000101010000
00100010001010101010000101010001
00100010001111111011000101010001
00100010010101001100000101010000
00100010011010011100000101010001
00100010011111101101000101010000
00100010100100111101000101010000
00100010101010001101000101010001
00100010101111011110000101010000
00100010110100101110000101010000
00100010111001111110000101010000
00100010111111001110000101010000
00100011000100011110000101001111
00100011001001101101000101010000
00100011001110111101000101010000
00100011010100001101000101001111
00100011011001011100000101010000
00100011011110101100000101001111
00100011100011111011000101010000
00100011101001001011000101001111
00100011101110011010000101001111
00100011110011101001000101010000
00100011111000111001000101001111
00100011111110001000000101001111
00100100000011010111000101001111
00100100001000100110000101001111
00100100001101110101000101001110
00100100010011000011000101001111
00100100011000010010000101001111
00100100011101100001000101001110
00100100100010101111000101001111
00100100100111111110000101001110
00100100101101001100000101001111
00100100110010011011000101001110
00100100110111101001000101001110
00100100111100110111000101001110
00100101000010000101000101001110
00100101000111010011000101001110
00100101001100100001000101001110
00100101010001101111000101001110
00100101010110111101000101001110
00100101011100001011000101001101
00100101100001011000000101001110
00100101100110100110000101001110
00100101101011110100000101001101
00100101110001000001000101001101
00100101110110001110000101001110
00100101111011011100000101001101
00100110000000101001000101001101
00100110000101110110000101001101
00100110001011000011000101001101
00100110010000010000000101001101
00100110010101011101000101001101
00100110011010101010000101001101
00100110011111110111000101001101
00100110100101000100000101001100
00100110101010010000000101001101
00100110101111011101000101001100
00100110110100101001000101001101
00100110111001110110000101001100
00100110111111000010000101001101
00100111000100001111000101001100
00100111001001011011000101001100
00100111001110100111000101001100
00100111010011110011000101001100
00100111011000111111000101001100
00100111011110001011000101001100
00100111100011010111000101001100
00100111101000100011000101001011
00100111101101101110000101001100
00100111110010111010000101001011
00100111111000000101000101001100
00100111111101010001000101001011
00101000000010011100000101001100
00101000000111101000000101001011
00101000001100110011000101001011
00101000010001111110000101001011
00101000010111001001000101001011
00101000011100010100000101001011
00101000100001011111000101001011
00101000100110101010000101001011
00101000101011110101000101001011
00101000110001000000000101001011
00101000110110001011000101001010
00101000111011010101000101001011
00101001000000100000000101001010
00101001000101101010000101001011
00101001001010110101000101001010
00101001001111111111000101001010
00101001010101001001000101001010
00101001011010010011000101001011
00101001011111011110000101001010
00101001100100101000000101001010
00101001101001110010000101001010
00101001101110111100000101001001
00101001110100000101000101001010
00101001111001001111000101001010
00101001111110011001000101001001
00101010000011100010000101001010
00101010001000101100000101001001
00101010001101110101000101001010
00101010010010111111000101001001
00101010011000001000000101001001
00101010011101010001000101001010
00101010100010011011000101001001
00101010100111100100000101001001
00101010101100101101000101001001
00101010110001110110000101001001
00101010110110111111000101001000
00101010111100000111000101001001
00101011000001010000000101001001
00101011000110011001000101001001
00101011001011100010000101001000
00101011010000101010000101001001
00101011010101110011000101001000
00101011011010111011000101001000
00101011100000000011000101001001
00101011100101001100000101001000
00101011101010010100000101001000
00101011101111011100000101001000
00101011110100100100000101001000
00101011111001101100000101001000
00101011111110110100000101001000
00101100000011111100000101000111
00101100001001000011000101001000
00101100001110001011000101001000
00101100010011010011000101000111
00101100011000011010000101001000
00101100011101100010000101000111
00101100100010101001000101000111
00101100100111110000000101001000
00101100101100111000000101000111
00101100110001111111000101000111
00101100110111000110000101000111
00101100111100001101000101000111
00101101000001010100000101000111
00101101000110011011000101000111
00101101001011100010000101000111
00101101010000101001000101000110
00101101010101101111000101000111
00101101011010110110000101000110
00101101011111111100000101000111
00101101100101000011000101000110
00101101101010001001000101000111
00101101101111010000000101000110
00101101110100010110000101000110
00101101111001011100000101000110
00101101111110100010000101000110
00101110000011101000000101000110
00101110001000101110000101000110
00101110001101110100000101000110
00101110010010111010000101000110
00101110011000000000000101000110
00101110011101000110000101000101
00101110100010001011000101000110
00101110100111010001000101000101
00101110101100010110000101000110
00101110110001011100000101000101
00101110110110100001000101000101
00101110111011100110000101000110
00101111000000101100000101000101
00101111000101110001000101000101
00101111001010110110000101000101
00101111001111111011000101000101
00101111010101000000000101000101
00101111011010000101000101000101
00101111011111001010000101000100
00101111100100001110000101000101
00101111101001010011000101000101
00101111101110011000000101000100
00101111110011011100000101000101
00101111111000100001000101000100
00101111111101100101000101000100
00110000000010101001000101000100
00110000000111101101000101000101
00110000001100110010000101000100
00110000010001110110000101000100
00110000010110111010000101000100
00110000011011111110000101000100
00110000100001000010000101000011
00110000100110000101000101000100
00110000101011001001000101000100
00110000110000001101000101000100
00110000110101010001000101000011
00110000111010010100000101000100
00110000111111011000000101000011
00110001000100011011000101000011
00110001001001011110000101000100
00110001001110100010000101000011
00110001010011100101000101000011
00110001011000101000000101000011
00110001011101101011000101000011
00110001100010101110000101000011
00110001100111110001000101000011
00110001101100110100000101000011
00110001110001110111000101000010
00110001110110111001000101000011
00110001111011111100000101000011
00110010000000111111000101000010
00110010000110000001000101000011
00110010001011000100000101000010
00110010010000000110000101000010
00110010010101001000000101000011
00110010011010001011000101000010
00110010011111001101000101000010
00110010100100001111000101000010
00110010101001010001000101000010
00110010101110010011000101000010
00110010110011010101000101000010
00110010111000010111000101000001
00110010111101011000000101000010
00110011000010011010000101000010
00110011000111011100000101000001
00110011001100011101000101000010
00110011010001011111000101000001
00110011010110100000000101000001
00110011011011100001000101000010
00110011100000100011000101000001
00110011100101100100000101000001
00110011101010100101000101000001
00110011101111100110000101000001
00110011110100100111000101000001
00110011111001101000000101000001
00110011111110101001000101000001
00110100000011101010000101000001
00110100001000101011000101000000
00110100001101101011000101000001
00110100010010101100000101000000
00110100010111101100000101000001
00110100011100101101000101000000
00110100100001101101000101000001
00110100100110101110000101000000
00110100101011101110000101000000
00110100110000101110000101000000
00110100110101101110000101000000
00110100111010101110000101000000
00110100111111101110000101000000
00110101000100101110000101000000
00110101001001101110000101000000
00110101001110101110000101000000
00110101010011101110000100111111
00110101011000101101000101000000
00110101011101101101000100111111
00110101100010101100000101000000
00110101100111101100000100111111
00110101101100101011000100111111
00110101110001101010000101000000
00110101110110101010000100111111
00110101111011101001000100111111
00110110000000101000000100111111
00110110000101100111000100111111
00110110001010100110000100111111
00110110001111100101000100111111
00110110010100100100000100111111
00110110011001100011000100111110
00110110011110100001000100111111
00110110100011100000000100111111
00110110101000011111000100111110
00110110101101011101000100111111
00110110110010011100000100111110
00110110110111011010000100111110
00110110111100011000000100111110
00110111000001010110000100111111
00110111000110010101000100111110
00110111001011010011000100111110
00110111010000010001000100111110
00110111010101001111000100111110
00110111011010001101000100111110
00110111011111001011000100111101
00110111100100001000000100111110
00110111101001000110000100111110
00110111101110000100000100111101
00110111110011000001000100111110
00110111110111111111000100111101
00110111111100111100000100111110
00111000000001111010000100111101
00111000000110110111000100111101
00111000001011110100000100111101
00111000010000110001000100111101
00111000010101101110000100111101
00111000011010101011000100111101
00111000011111101000000100111101
00111000100100100101000100111101
00111000101001100010000100111101
00111000101110011111000100111101
00111000110011011100000100111100
00111000111000011000000100111101
00111000111101010101000100111100
00111001000010010001000100111101
00111001000111001110000100111100
00111001001100001010000100111101
00111001010001000111000100111100
00111001010110000011000100111100
00111001011010111111000100111100
00111001011111111011000100111100
00111001100100110111000100111100
00111001101001110011000100111100
00111001101110101111000100111100
00111001110011101011000100111100
00111001111000100111000100111011
00111001111101100010000100111100
00111010000010011110000100111100
00111010000111011010000100111011
00111010001100010101000100111100
00111010010001010001000100111011
00111010010110001100000100111011
00111010011011000111000100111100
00111010100000000011000100111011
00111010100100111110000100111011
00111010101001111001000100111011
00111010101110110100000100111011
00111010110011101111000100111011
00111010111000101010000100111011
00111010111101100101000100111011
00111011000010100000000100111010
00111011000111011010000100111011
00111011001100010101000100111011
00111011010001010000000100111010
00111011010110001010000100111011
00111011011011000101000100111010
00111011011111111111000100111010
00111011100100111001000100111011
00111011101001110100000100111010
00111011101110101110000100111010
00111011110011101000000100111010
00111011111000100010000100111010
00111011111101011100000100111010
00111100000010010110000100111010
00111100000111010000000100111010
00111100001100001010000100111010
00111100010001000100000100111001
00111100010101111101000100111010
00111100011010110111000100111001
00111100011111110000000100111010
00111100100100101010000100111001
00111100101001100011000100111010
00111100101110011101000100111001
00111100110011010110000100111001
00111100111000001111000100111001
00111100111101001000000100111001
00111101000010000001000100111010
00111101000110111011000100111001
00111101001011110100000100111000
00111101010000101100000100111001
00111101010101100101000100111001
00111101011010011110000100111001
00111101011111010111000100111000
00111101100100001111000100111001
00111101101001001000000100111001
00111101101110000001000100111000
00111101110010111001000100111000
00111101110111110001000100111001
00111101111100101010000100111000
00111110000001100010000100111000
00111110000110011010000100111000
00111110001011010010000100111000
00111110010000001010000100111000
00111110010101000010000100111000
00111110011001111010000100111000
00111110011110110010000100111000
00111110100011101010000100111000
00111110101000100010000100110111
00111110101101011001000100111000
00111110110010010001000100111000
00111110110111001001000100110111
00111110111100000000000100111000
00111111000000111000000100110111
00111111000101101111000100110111
00111111001010100110000100111000
00111111001111011110000100110111
00111111010100010101000100110111
00111111011001001100000100110111
00111111011110000011000100110111
00111111100010111010000100110111
00111111100111110001000100110111
00111111101100101000000100110110
00111111110001011110000100110111
00111111110110010101000100110111
00111111111011001100000100110110
01000000000000000010000100110111
01000000000100111001000100110110
01000000001001101111000100110111
01000000001110100110000100110110
01000000010011011100000100110110
01000000011000010010000100110111
01000000011101001001000100110110
01000000100001111111000100110110
01000000100110110101000100110110
01000000101011101011000100110110
01000000110000100001000100110110
01000000110101010111000100110110
01000000111010001101000100110101
01000000111111000010000100110110
01000001000011111000000100110110
01000001001000101110000100110101
01000001001101100011000100110110
01000001010010011001000100110101
01000001010111001110000100110110
01000001011100000100000100110101
01000001100000111001000100110101
01000001100101101110000100110101
01000001101010100011000100110110
01000001101111011001000100110101
01000001110100001110000100110101
01000001111001000011000100110101
01000001111101111000000100110101
01000010000010101101000100110100
01000010000111100001000100110101
01000010001100010110000100110101
01000010010001001011000100110100
01000010010101111111000100110101
01000010011010110100000100110101
01000010011111101001000100110100
01000010100100011101000100110100
01000010101001010001000100110101
01000010101110000110000100110100
01000010110010111010000100110100
01000010110111101110000100110100
01000010111100100010000100110100
01000011000001010110000100110100
01000011000110001010000100110100
01000011001010111110000100110100
01000011001111110010000100110100
01000011010100100110000100110100
01000011011001011010000100110011
01000011011110001101000100110100
01000011100011000001000100110100
01000011100111110101000100110011
01000011101100101000000100110100
01000011110001011100000100110011
01000011110110001111000100110011
01000011111011000010000100110100
01000011111111110110000100110011
01000100000100101001000100110011
01000100001001011100000100110011
01000100001110001111000100110011
01000100010011000010000100110011
01000100010111110101000100110011
01000100011100101000000100110011
01000100100001011011000100110010
01000100100110001101000100110011
01000100101011000000000100110011
01000100101111110011000100110010
01000100110100100101000100110011
01000100111001011000000100110010
01000100111110001010000100110011
01000101000010111101000100110010
01000101000111101111000100110010
01000101001100100001000100110010
01000101010001010011000100110011
01000101010110000110000100110010
01000101011010111000000100110010
01000101011111101010000100110010
01000101100100011100000100110001
01000101101001001101000100110010
01000101101101111111000100110010
01000101110010110001000100110010
01000101110111100011000100110001
01000101111100010100000100110010
01000110000001000110000100110001
01000110000101110111000100110010
01000110001010101001000100110001
01000110001111011010000100110010
01000110010100001100000100110001
01000110011000111101000100110001
01000110011101101110000100110001
01000110100010011111000100110001
01000110100111010000000100110001
01000110101100000001000100110001
01000110110000110010000100110001
01000110110101100011000100110001
01000110111010010100000100110001
01000110111111000101000100110001
01000111000011110110000100110000
01000111001000100110000100110001
01000111001101010111000100110000
01000111010010000111000100110001
01000111010110111000000100110000
01000111011011101000000100110001
01000111100000011001000100110000
01000111100101001001000100110000
01000111101001111001000100110000
01000111101110101001000100110000
01000111110011011001000100110000
01000111111000001001000100110000
01000111111100111001000100110000
01001000000001101001000100110000
01001000000110011001000100110000
01001000001011001001000100110000
01001000001111111001000100101111
01001000010100101000000100110000
01001000011001011000000100110000
01001000011110001000000100101111
01001000100010110111000100110000
01001000100111100111000100101111
01001000101100010110000100101111
01001000110001000101000100110000
01001000110101110101000100101111
01001000111010100100000100101111
01001000111111010011000100101111
01001001000100000010000100101111
01001001001000110001000100101111
01001001001101100000000100101111
01001001010010001111000100101111
01001001010110111110000100101110
01001001011011101100000100101111
01001001100000011011000100101111
01001001100101001010000100101110
01001001101001111000000100101111
01001001101110100111000100101110
01001001110011010101000100101111
01001001111000000100000100101110
01001001111100110010000100101110
01001010000001100000000100101111
01001010000110001111000100101110
01001010001010111101000100101110
01001010001111101011000100101110
01001010010100011001000100101110
01001010011001000111000100101110
01001010011101110101000100101110
01001010100010100011000100101101
01001010100111010000000100101110
01001010101011111110000100101110
01001010110000101100000100101101
01001010110101011001000100101110
01001010111010000111000100101110
01001010111110110101000100101101
01001011000011100010000100101101
01001011001000001111000100101110
01001011001100111101000100101101
01001011010001101010000100101101
01001011010110010111000100101101
01001011011011000100000100101101
01001011011111110001000100101101
01001011100100011110000100101101
01001011101001001011000100101101
01001011101101111000000100101101
01001011110010100101000100101101
01001011110111010010000100101101
01001011111011111111000100101100
01001100000000101011000100101101
01001100000101011000000100101100
01001100001010000100000100101101
01001100001110110001000100101100
01001100010011011101000100101101
01001100011000001010000100101100
01001100011100110110000100101100
01001100100001100010000100101100
01001100100110001110000100101100
01001100101010111010000100101101
01001100101111100111000100101100
01001100110100010011000100101011
01001100111000111110000100101100
01001100111101101010000100101100
01001101000010010110000100101100
01001101000111000010000100101100
01001101001011101110000100101011
01001101010000011001000100101100
01001101010101000101000100101011
01001101011001110000000100101100
01001101011110011100000100101011
01001101100011000111000100101100
01001101100111110011000100101011
01001101101100011110000100101011
01001101110001001001000100101011
01001101110101110100000100101011
01001101111010011111000100101100
01001101111111001011000100101011
01001110000011110110000100101010
01001110001000100000000100101011
01001110001101001011000100101011
01001110010001110110000100101011
01001110010110100001000100101011
01001110011011001100000100101010
01001110011111110110000100101011
01001110100100100001000100101010
01001110101001001011000100101011
01001110101101110110000100101010
01001110110010100000000100101011
01001110110111001011000100101010
01001110111011110101000100101010
01001111000000011111000100101010
01001111000101001001000100101010
01001111001001110011000100101010
01001111001110011101000100101010
01001111010011000111000100101010
01001111010111110001000100101010
01001111011100011011000100101010
01001111100001000101000100101010
01001111100101101111000100101010
01001111101010011001000100101001
01001111101111000010000100101010
01001111110011101100000100101001
01001111111000010101000100101010
01001111111100111111000100101001
01010000000001101000000100101010
01010000000110010010000100101001
01010000001010111011000100101001
01010000001111100100000100101001
01010000010100001101000100101001
01010000011000110110000100101001
01010000011101011111000100101001
01010000100010001000000100101001
01010000100110110001000100101001
01010000101011011010000100101001
01010000110000000011000100101001
01010000110100101100000100101001
01010000111001010101000100101000
01010000111101111101000100101001
01010001000010100110000100101000
01010001000111001110000100101001
01010001001011110111000100101000
01010001010000011111000100101001
01010001010101001000000100101000
01010001011001110000000100101000
01010001011110011000000100101000
01010001100011000000000100101000
01010001100111101000000100101001
01010001101100010001000100101000
01010001110000111001000100101000
01010001110101100001000100100111
01010001111010001000000100101000
01010001111110110000000100101000
01010010000011011000000100101000
01010010001000000000000100100111
01010010001100100111000100101000
01010010010001001111000100101000
01010010010101110111000100100111
01010010011010011110000100101000
01010010011111000110000100100111
01010010100011101101000100100111
01010010101000010100000100100111
01010010101100111011000100101000
01010010110001100011000100100111
01010010110110001010000100100111
01010010111010110001000100100111
01010010111111011000000100100111
01010011000011111111000100100111
01010011001000100110000100100111
01010011001101001101000100100110
01010011010001110011000100100111
01010011010110011010000100100111
01010011011011000001000100100111
01010011011111101000000100100110
01010011100100001110000100100111
01010011101000110101000100100110
01010011101101011011000100100110
01010011110010000001000100100111
01010011110110101000000100100110
01010011111011001110000100100110
01010011111111110100000100100111
01010100000100011011000100100110
01010100001001000001000100100110
01010100001101100111000100100110
01010100010010001101000100100110
01010100010110110011000100100110
01010100011011011001000100100101
01010100011111111110000100100110
01010100100100100100000100100110
01010100101001001010000100100101
01010100101101101111000100100110
01010100110010010101000100100110
01010100110110111011000100100101
01010100111011100000000100100110
01010101000000000110000100100101
01010101000100101011000100100101
01010101001001010000000100100110
01010101001101110110000100100101
01010101010010011011000100100101
01010101010111000000000100100101
01010101011011100101000100100101
01010101100000001010000100100101
01010101100100101111000100100101
01010101101001010100000100100101
01010101101101111001000100100101
01010101110010011110000100100100
01010101110111000010000100100101
01010101111011100111000100100101
01010110000000001100000100100100
01010110000100110000000100100101
01010110001001010101000100100100
01010110001101111001000100100101
01010110010010011110000100100100
01010110010111000010000100100100
01010110011011100110000100100100
01010110100000001010000100100101
01010110100100101111000100100100
01010110101001010011000100100100
01010110101101110111000100100100
01010110110010011011000100100100
01010110110110111111000100100100
01010110111011100011000100100100
01010111000000000111000100100011
01010111000100101010000100100100
01010111001001001110000100100100
01010111001101110010000100100011
01010111010010010101000100100100
01010111010110111001000100100011
01010111011011011100000100100100
01010111100000000000000100100011
01010111100100100011000100100100
01010111101001000111000100100011
01010111101101101010000100100011
01010111110010001101000100100011
01010111110110110000000100100011
01010111111011010011000100100011
01010111111111110110000100100011
01011000000100011001000100100011
01011000001000111100000100100011
01011000001101011111000100100011
01011000010010000010000100100011
01011000010110100101000100100011
01011000011011001000000100100010
01011000011111101010000100100011
01011000100100001101000100100010
01011000101000101111000100100011
01011000101101010010000100100010
01011000110001110100000100100011
01011000110110010111000100100010
01011000111010111001000100100010
01011000111111011011000100100011
01011001000011111110000100100010
01011001001000100000000100100010
01011001001101000010000100100010
01011001010001100100000100100010
01011001010110000110000100100010
01011001011010101000000100100010
01011001011111001010000100100010
01011001100011101100000100100001
01011001101000001101000100100010
01011001101100101111000100100010
01011001110001010001000100100001
01011001110101110010000100100010
01011001111010010100000100100001
01011001111110110101000100100010
01011010000011010111000100100001
01011010000111111000000100100010
01011010001100011010000100100001
01011010010000111011000100100001
01011010010101011100000100100001
01011010011001111101000100100001
01011010011110011110000100100001
01011010100010111111000100100001
01011010100111100000000100100001
01011010101100000001000100100001
01011010110000100010000100100001
01011010110101000011000100100001
01011010111001100100000100100001
01011010111110000101000100100000
01011011000010100101000100100001
01011011000111000110000100100000
01011011001011100110000100100001
01011011010000000111000100100000
01011011010100100111000100100001
01011011011001001000000100100000
01011011011101101000000100100000
01011011100010001000000100100001
01011011100110101001000100100000
01011011101011001001000100100000
01011011101111101001000100100000
01011011110100001001000100100000
01011011111000101001000100100000
01011011111101001001000100100000
01011100000001101001000100100000
01011100000110001001000100100000
01011100001010101001000100011111
01011100001111001000000100100000
01011100010011101000000100100000
01011100011000001000000100011111
01011100011100100111000100100000
01011100100001000111000100011111
01011100100101100110000100100000
01011100101010000110000100011111
01011100101110100101000100011111
01011100110011000100000100011111
01011100110111100011000100100000
01011100111100000011000100011111
01011101000000100010000100011111
01011101000101000001000100011111
01011101001001100000000100011111
01011101001101111111000100011111
01011101010010011110000100011111
01011101010110111101000100011110
01011101011011011011000100011111
01011101011111111010000100011111
01011101100100011001000100011111
01011101101000111000000100011110
01011101101101010110000100011111
01011101110001110101000100011110
01011101110110010011000100011111
01011101111010110010000100011110
01011101111111010000000100011110
01011110000011101110000100011111
01011110001000001101000100011110
01011110001100101011000100011110
01011110010001001001000100011110
01011110010101100111000100011110
01011110011010000101000100011110
01011110011110100011000100011110
01011110100011000001000100011110
01011110100111011111000100011110
01011110101011111101000100011110
01011110110000011011000100011101
01011110110100111000000100011110
01011110111001010110000100011110
01011110111101110100000100011101
01011111000010010001000100011110
01011111000110101111000100011101
01011111001011001100000100011101
01011111001111101001000100011110
01011111010100000111000100011101
01011111011000100100000100011101
01011111011101000001000100011110
01011111100001011111000100011101
01011111100101111100000100011101
01011111101010011001000100011101
01011111101110110110000100011101
01011111110011010011000100011101
01011111110111110000000100011101
01011111111100001101000100011100
01100000000000101001000100011101
01100000000101000110000100011101
01100000001001100011000100011100
01100000001101111111000100011101
01100000010010011100000100011101
01100000010110111001000100011100
01100000011011010101000100011101
01100000011111110010000100011100
01100000100100001110000100011100
01100000101000101010000100011101
01100000101101000111000100011100
01100000110001100011000100011100
01100000110101111111000100011100
01100000111010011011000100011100
01100000111110110111000100011100
01100001000011010011000100011100
01100001000111101111000100011100
01100001001100001011000100011100
01100001010000100111000100011100
01100001010101000011000100011011
01100001011001011110000100011100
01100001011101111010000100011100
01100001100010010110000100011011
01100001100110110001000100011100
01100001101011001101000100011011
01100001101111101000000100011100
01100001110100000100000100011011
01100001111000011111000100011011
01100001111100111010000100011100
01100010000001010110000100011011
01100010000101110001000100011011
01100010001010001100000100011011
01100010001110100111000100011011
01100010010011000010000100011011
01100010010111011101000100011011
01100010011011111000000100011011
01100010100000010011000100011011
01100010100100101110000100011011
01100010101001001001000100011010
01100010101101100011000100011011
01100010110001111110000100011011
01100010110110011001000100011010
01100010111010110011000100011011
01100010111111001110000100011010
01100011000011101000000100011011
01100011001000000011000100011010
01100011001100011101000100011010
01100011010000110111000100011011
01100011010101010010000100011010
01100011011001101100000100011010
01100011011110000110000100011010
01100011100010100000000100011010
01100011100110111010000100011010
01100011101011010100000100011010
01100011101111101110000100011010
01100011110100001000000100011010
01100011111000100010000100011010
01100011111100111100000100011001
01100100000001010101000100011010
01100100000101101111000100011010
01100100001010001001000100011001
01100100001110100010000100011010
01100100010010111100000100011001
01100100010111010101000100011010
01100100011011101111000100011001
01100100100000001000000100011001
01100100100100100001000100011010
01100100101000111011000100011001
01100100101101010100000100011001
01100100110001101101000100011001
01100100110110000110000100011001
01100100111010011111000100011001
01100100111110111000000100011001
01100101000011010001000100011001
01100101000111101010000100011001
01100101001100000011000100011001
01100101010000011100000100011000
01100101010100110100000100011001
01100101011001001101000100011001
01100101011101100110000100011000
01100101100001111110000100011001
01100101100110010111000100011000
01100101101010101111000100011001
01100101101111001000000100011000
01100101110011100000000100011000
01100101110111111000000100011001
01100101111100010001000100011000
01100110000000101001000100011000
01100110000101000001000100011000
01100110001001011001000100011000
01100110001101110001000100011000
01100110010010001001000100011000
01100110010110100001000100011000
01100110011010111001000100011000
01100110011111010001000100011000
01100110100011101001000100011000
01100110101000000001000100010111
01100110101100011000000100011000
01100110110000110000000100011000
01100110110101001000000100010111
01100110111001011111000100011000
01100110111101110111000100010111
01100111000010001110000100010111
01100111000110100101000100011000
01100111001010111101000100010111
01100111001111010100000100010111
01100111010011101011000100010111
01100111011000000010000100011000
01100111011100011010000100010111
01100111100000110001000100010111
01100111100101001000000100010111
01100111101001011111000100010111
01100111101101110110000100010110
01100111110010001100000100010111
01100111110110100011000100010111
01100111111010111010000100010111
01100111111111010001000100010110
01101000000011100111000100010111
01101000000111111110000100010111
01101000001100010101000100010110
01101000010000101011000100010111
01101000010101000010000100010110
01101000011001011000000100010110
01101000011101101110000100010111
01101000100010000101000100010110
01101000100110011011000100010110
01101000101010110001000100010110
01101000101111000111000100010111
01101000110011011110000100010110
01101000110111110100000100010110
01101000111100001010000100010110
01101001000000100000000100010101
01101001000100110101000100010110
01101001001001001011000100010110
01101001001101100001000100010110
01101001010001110111000100010110
01101001010110001101000100010101
01101001011010100010000100010110
01101001011110111000000100010101
01101001100011001101000100010110
01101001100111100011000100010101
01101001101011111000000100010110
01101001110000001110000100010101
01101001110100100011000100010101
01101001111000111000000100010110
01101001111101001110000100010101
01101010000001100011000100010101
01101010000101111000000100010101
01101010001010001101000100010101
01101010001110100010000100010101
01101010010010110111000100010101
01101010010111001100000100010101
01101010011011100001000100010101
01101010011111110110000100010100
01101010100100001010000100010101
01101010101000011111000100010101
01101010101100110100000100010101
01101010110001001001000100010100
01101010110101011101000100010101
01101010111001110010000100010100
01101010111110000110000100010101
01101011000010011011000100010100
01101011000110101111000100010100
01101011001011000011000100010101
01101011001111011000000100010100
01101011010011101100000100010100
01101011011000000000000100010100
01101011011100010100000100010100
01101011100000101000000100010100
01101011100100111100000100010100
01101011101001010000000100010100
01101011101101100100000100010100
01101011110001111000000100010100
01101011110110001100000100010100
01101011111010100000000100010011
01101011111110110011000100010100
01101100000011000111000100010100
01101100000111011011000100010011
01101100001011101110000100010100
01101100010000000010000100010011
01101100010100010101000100010100
01101100011000101001000100010011
01101100011100111100000100010011
01101100100001001111000100010100
01101100100101100011000100010011
01101100101001110110000100010011
01101100101110001001000100010011
01101100110010011100000100010011
01101100110110101111000100010011
01101100111011000010000100010011
01101100111111010101000100010011
01101101000011101000000100010011
01101101000111111011000100010011
01101101001100001110000100010011
01101101010000100001000100010010
01101101010100110011000100010011
01101101011001000110000100010011
01101101011101011001000100010010
01101101100001101011000100010011
01101101100101111110000100010010
01101101101010010000000100010011
01101101101110100011000100010010
01101101110010110101000100010010
01101101110111000111000100010011
01101101111011011010000100010010
01101101111111101100000100010010
01101110000011111110000100010010
01101110001000010000000100010010
01101110001100100010000100010010
01101110010000110100000100010010
01101110010101000110000100010010
01101110011001011000000100010010
01101110011101101010000100010010
01101110100001111100000100010010
01101110100110001110000100010001
01101110101010011111000100010010
01101110101110110001000100010010
01101110110011000011000100010001
01101110110111010100000100010010
01101110111011100110000100010001
01101110111111110111000100010010
01101111000100001001000100010001
01101111001000011010000100010001
01101111001100101011000100010010
01101111010000111101000100010001
01101111010101001110000100010001
01101111011001011111000100010001
01101111011101110000000100010001
01101111100010000001000100010001
01101111100110010010000100010001
01101111101010100011000100010001
01101111101110110100000100010001
01101111110011000101000100010001
01101111110111010110000100010001
01101111111011100111000100010001
01101111111111111000000100010000
01110000000100001000000100010001
01110000001000011001000100010001
01110000001100101010000100010000
01110000010000111010000100010001
01110000010101001011000100010000
01110000011001011011000100010000
01110000011101101011000100010001
01110000100001111100000100010000
01110000100110001100000100010000
01110000101010011100000100010001
01110000101110101101000100010000
01110000110010111101000100010000
01110000110111001101000100010000
01110000111011011101000100010000
01110000111111101101000100010000
01110001000011111101000100010000
01110001001000001101000100010000
01110001001100011101000100001111
01110001010000101100000100010000
01110001010100111100000100010000
01110001011001001100000100010000
01110001011101011100000100001111
01110001100001101011000100010000
01110001100101111011000100001111
01110001101010001010000100010000
01110001101110011010000100001111
01110001110010101001000100010000
01110001110110111001000100001111
01110001111011001000000100001111
01110001111111010111000100001111
01110010000011100110000100010000
01110010000111110110000100001111
01110010001100000101000100001111
01110010010000010100000100001111
01110010010100100011000100001111
01110010011000110010000100001111
01110010011101000001000100001111
01110010100001010000000100001110
01110010100101011110000100001111
01110010101001101101000100001111
01110010101101111100000100001111
01110010110010001011000100001110
01110010110110011001000100001111
01110010111010101000000100001110
01110010111110110110000100001111
01110011000011000101000100001110
01110011000111010011000100001111
01110011001011100010000100001110
01110011001111110000000100001111
01110011010011111111000100001110
01110011011000001101000100001110
01110011011100011011000100001110
01110011100000101001000100001110
01110011100100110111000100001110
01110011101001000101000100001110
01110011101101010011000100001110
01110011110001100001000100001110
01110011110101101111000100001110
01110011111001111101000100001110
01110011111110001011000100001110
01110100000010011001000100001101
01110100000110100110000100001110
01110100001010110100000100001110
01110100001111000010000100001101
01110100010011001111000100001110
01110100010111011101000100001101
01110100011011101010000100001110
01110100011111111000000100001101
01110100100100000101000100001110
01110100101000010011000100001101
01110100101100100000000100001101
01110100110000101101000100001101
01110100110100111010000100001101
01110100111001000111000100001110
01110100111101010101000100001101
01110101000001100010000100001101
01110101000101101111000100001101
01110101001001111100000100001100
01110101001110001000000100001101
01110101010010010101000100001101
01110101010110100010000100001101
01110101011010101111000100001101
01110101011110111100000100001100
01110101100011001000000100001101
01110101100111010101000100001101
01110101101011100010000100001100
01110101101111101110000100001101
01110101110011111011000100001100
01110101111000000111000100001100
01110101111100010011000100001101
01110110000000100000000100001100
01110110000100101100000100001100
01110110001000111000000100001100
01110110001101000100000100001101
01110110010001010001000100001100
01110110010101011101000100001100
01110110011001101001000100001100
01110110011101110101000100001100
01110110100010000001000100001100
01110110100110001101000100001100
01110110101010011001000100001011
01110110101110100100000100001100
01110110110010110000000100001100
01110110110110111100000100001100
01110110111011001000000100001011
01110110111111010011000100001100
01110111000011011111000100001011
01110111000111101010000100001100
01110111001011110110000100001011
01110111010000000001000100001100
01110111010100001101000100001011
01110111011000011000000100001011
01110111011100100011000100001011
01110111100000101110000100001100
01110111100100111010000100001011
01110111101001000101000100001011
01110111101101010000000100001011
01110111110001011011000100001011
01110111110101100110000100001011
01110111111001110001000100001011
01110111111101111100000100001011
01111000000010000111000100001011
01111000000110010010000100001010
01111000001010011100000100001011
01111000001110100111000100001011
01111000010010110010000100001010
01111000010110111100000100001011
01111000011011000111000100001011
01111000011111010010000100001010
01111000100011011100000100001011
01111000100111100111000100001010
01111000101011110001000100001010
01111000101111111011000100001011
01111000110100000110000100001010
01111000111000010000000100001010
01111000111100011010000100001010
01111001000000100100000100001010
01111001000100101110000100001010
01111001001000111000000100001010
01111001001101000010000100001010
01111001010001001100000100001010
01111001010101010110000100001010
01111001011001100000000100001010
01111001011101101010000100001010
01111001100001110100000100001010
01111001100101111110000100001001
01111001101010000111000100001010
01111001101110010001000100001010
01111001110010011011000100001001
01111001110110100100000100001010
01111001111010101110000100001001
01111001111110110111000100001010
01111010000011000001000100001001
01111010000111001010000100001001
01111010001011010011000100001010
01111010001111011101000100001001
01111010010011100110000100001001
01111010010111101111000100001001
01111010011011111000000100001001
01111010100000000001000100001001
01111010100100001010000100001001
01111010101000010011000100001001
01111010101100011100000100001001
01111010110000100101000100001001
01111010110100101110000100001001
01111010111000110111000100001001
01111010111101000000000100001000
01111011000001001000000100001001
01111011000101010001000100001001
01111011001001011010000100001000
01111011001101100010000100001001
01111011010001101011000100001000
01111011010101110011000100001001
01111011011001111100000100001000
01111011011110000100000100001001
01111011100010001101000100001000
01111011100110010101000100001000
01111011101010011101000100001000
01111011101110100101000100001000
01111011110010101101000100001001
01111011110110110110000100001000
01111011111010111110000100001000
01111011111111000110000100001000
01111100000011001110000100001000
01111100000111010110000100001000
01111100001011011110000100000111
01111100001111100101000100001000
01111100010011101101000100001000
01111100010111110101000100001000
01111100011011111101000100000111
01111100100000000100000100001000
01111100100100001100000100001000
01111100101000010100000100000111
01111100101100011011000100001000
01111100110000100011000100000111
01111100110100101010000100000111
01111100111000110001000100001000
01111100111100111001000100000111
01111101000001000000000100000111
01111101000101000111000100000111
01111101001001001110000100001000
01111101001101010110000100000111
01111101010001011101000100000111
01111101010101100100000100000111
01111101011001101011000100000111
01111101011101110010000100000111
01111101100001111001000100000111
01111101100110000000000100000110
01111101101010000110000100000111
01111101101110001101000100000111
01111101110010010100000100000111
01111101110110011011000100000110
01111101111010100001000100000111
01111101111110101000000100000111
01111110000010101111000100000110
01111110000110110101000100000111
01111110001010111100000100000110
01111110001111000010000100000110
01111110010011001000000100000111
01111110010111001111000100000110
01111110011011010101000100000110
01111110011111011011000100000110
01111110100011100001000100000111
01111110100111101000000100000110
01111110101011101110000100000110
01111110101111110100000100000110
01111110110011111010000100000110
01111110111000000000000100000110
01111110111100000110000100000110
01111111000000001100000100000101
01111111000100010001000100000110
01111111001000010111000100000110
01111111001100011101000100000110
01111111010000100011000100000101
01111111010100101000000100000110
01111111011000101110000100000101
01111111011100110011000100000110
01111111100000111001000100000101
01111111100100111110000100000110
01111111101001000100000100000101
01111111101101001001000100000110
01111111110001001111000100000101
01111111110101010100000100000101
01111111111001011001000100000101
01111111111101011110000100000110
10000000000001100100000100000101
10000000000101101001000100000101
10000000001001101110000100000101
10000000001101110011000100000101
10000000010001111000000100000101
10000000010101111101000100000101
10000000011010000010000100000100
10000000011110000110000100000101
10000000100010001011000100000101
10000000100110010000000100000101
10000000101010010101000100000100
10000000101110011001000100000101
10000000110010011110000100000101
10000000110110100011000100000100
10000000111010100111000100000101
10000000111110101100000100000100
10000001000010110000000100000100
10000001000110110100000100000101
10000001001010111001000100000100
10000001001110111101000100000100
10000001010011000001000100000101
10000001010111000110000100000100
10000001011011001010000100000100
10000001011111001110000100000100
10000001100011010010000100000100
10000001100111010110000100000100
10000001101011011010000100000100
10000001101111011110000100000100
10000001110011100010000100000100
10000001110111100110000100000100
10000001111011101010000100000011
10000001111111101101000100000100
10000010000011110001000100000100
10000010000111110101000100000011
10000010001011111000000100000100
10000010001111111100000100000011
10000010010011111111000100000100
10000010011000000011000100000011
10000010011100000110000100000100
10000010100000001010000100000011
10000010100100001101000100000100
10000010101000010001000100000011
10000010101100010100000100000011
10000010110000010111000100000011
10000010110100011010000100000011
10000010111000011101000100000011
10000010111100100000000100000100
10000011000000100100000100000011
10000011000100100111000100000011
10000011001000101010000100000010
10000011001100101100000100000011
10000011010000101111000100000011
10000011010100110010000100000011
10000011011000110101000100000011
10000011011100111000000100000010
10000011100000111010000100000011
10000011100100111101000100000011
10000011101001000000000100000010
10000011101101000010000100000011
10000011110001000101000100000010
10000011110101000111000100000011
10000011111001001010000100000010
10000011111101001100000100000010
10000100000001001110000100000011
10000100000101010001000100000010
10000100001001010011000100000010
10000100001101010101000100000010
10000100010001010111000100000011
10000100010101011010000100000010
10000100011001011100000100000010
10000100011101011110000100000010
10000100100001100000000100000010
10000100100101100010000100000010
10000100101001100100000100000001
10000100101101100101000100000010
10000100110001100111000100000010
10000100110101101001000100000010
10000100111001101011000100000001
10000100111101101100000100000010
10000101000001101110000100000010
10000101000101110000000100000001
10000101001001110001000100000010
10000101001101110011000100000001
10000101010001110100000100000010
10000101010101110110000100000001
10000101011001110111000100000001
10000101011101111000000100000010
10000101100001111010000100000001
10000101100101111011000100000001
10000101101001111100000100000001
10000101101101111101000100000001
10000101110001111110000100000010
10000101110110000000000100000001
10000101111010000001000100000001
10000101111110000010000100000001
10000110000010000011000100000000
10000110000110000011000100000001
10000110001010000100000100000001
10000110001110000101000100000001
10000110010010000110000100000001
10000110010110000111000100000000
10000110011010000111000100000001
10000110011110001000000100000001
10000110100010001001000100000000
10000110100110001001000100000001
10000110101010001010000100000000
10000110101110001010000100000000
10000110110010001010000100000001
10000110110110001011000100000000
10000110111010001011000100000000
10000110111110001011000100000001
10000111000010001100000100000000
10000111000110001100000100000000
10000111001010001100000100000000
10000111001110001100000100000000
10000111010010001100000100000000
10000111010110001100000100000000
10000111011010001100000100000000
10000111011110001100000100000000
10000111100010001100000100000000
10000111100110001100000100000000
10000111101010001100000100000000
10000111101110001100000011111111
10000111110010001011000100000000
10000111110110001011000100000000
10000111111010001011000011111111
10000111111110001010000100000000
10001000000010001010000011111111
10001000000110001001000100000000
10001000001010001001000011111111
10001000001110001000000100000000
10001000010010001000000011111111
10001000010110000111000011111111
10001000011010000110000100000000
10001000011110000110000011111111
10001000100010000101000011111111
10001000100110000100000011111111
10001000101010000011000011111111
10001000101110000010000011111111
10001000110010000001000011111111
10001000110110000000000011111111
10001000111001111111000011111111
10001000111101111110000011111111
10001001000001111101000011111111
10001001000101111100000011111111
10001001001001111011000011111110
10001001001101111001000011111111
10001001010001111000000011111111
10001001010101110111000011111110
10001001011001110101000011111111
10001001011101110100000011111110
10001001100001110010000011111111
10001001100101110001000011111110
10001001101001101111000011111111
10001001101101101110000011111110
10001001110001101100000011111110
10001001110101101010000011111111
10001001111001101001000011111110
10001001111101100111000011111110
10001010000001100101000011111110
10001010000101100011000011111110
10001010001001100001000011111110
10001010001101011111000011111110
10001010010001011101000011111110
10001010010101011011000011111110
10001010011001011001000011111110
10001010011101010111000011111110
10001010100001010101000011111110
10001010100101010011000011111101
10001010101001010000000011111110
10001010101101001110000011111110
10001010110001001100000011111101
10001010110101001001000011111110
10001010111001000111000011111110
10001010111101000101000011111101
10001011000001000010000011111110
10001011000101000000000011111101
10001011001000111101000011111101
10001011001100111010000011111110
10001011010000111000000011111101
10001011010100110101000011111101
10001011011000110010000011111101
10001011011100101111000011111110
10001011100000101101000011111101
10001011100100101010000011111101
10001011101000100111000011111101
10001011101100100100000011111101
10001011110000100001000011111101
10001011110100011110000011111101
10001011111000011011000011111101
10001011111100011000000011111100
10001100000000010100000011111101
10001100000100010001000011111101
10001100001000001110000011111101
10001100001100001011000011111100
10001100010000000111000011111101
10001100010100000100000011111100
10001100011000000000000011111101
10001100011011111101000011111100
10001100011111111001000011111101
10001100100011110110000011111100
10001100100111110010000011111101
10001100101011101111000011111100
10001100101111101011000011111100
10001100110011100111000011111101
10001100110111100100000011111100
10001100111011100000000011111100
10001100111111011100000011111100
10001101000011011000000011111100
10001101000111010100000011111100
10001101001011010000000011111100
10001101001111001100000011111100
10001101010011001000000011111100
10001101010111000100000011111100
10001101011011000000000011111100
10001101011110111100000011111011
10001101100010110111000011111100
10001101100110110011000011111100
10001101101010101111000011111011
10001101101110101010000011111100
10001101110010100110000011111100
10001101110110100010000011111011
10001101111010011101000011111100
10001101111110011001000011111011
10001110000010010100000011111011
10001110000110001111000011111100
10001110001010001011000011111011
10001110001110000110000011111011
10001110010010000001000011111100
10001110010101111101000011111011
10001110011001111000000011111011
10001110011101110011000011111011
10001110100001101110000011111011
10001110100101101001000011111011
10001110101001100100000011111011
10001110101101011111000011111011
10001110110001011010000011111011
10001110110101010101000011111011
10001110111001010000000011111011
10001110111101001011000011111010
10001111000001000101000011111011
10001111000101000000000011111011
10001111001000111011000011111010
10001111001100110101000011111011
10001111010000110000000011111011
10001111010100101011000011111010
10001111011000100101000011111011
10001111011100100000000011111010
10001111100000011010000011111010
10001111100100010100000011111011
10001111101000001111000011111010
10001111101100001001000011111010
10001111110000000011000011111011
10001111110011111110000011111010
10001111110111111000000011111010
10001111111011110010000011111010
10001111111111101100000011111010
10010000000011100110000011111010
10010000000111100000000011111010
10010000001011011010000011111010
10010000001111010100000011111010
10010000010011001110000011111010
10010000010111001000000011111010
10010000011011000010000011111001
10010000011110111011000011111010
10010000100010110101000011111010
10010000100110101111000011111001
10010000101010101000000011111010
10010000101110100010000011111010
10010000110010011100000011111001
10010000110110010101000011111010
10010000111010001111000011111001
10010000111110001000000011111010
10010001000010000010000011111001
10010001000101111011000011111001
10010001001001110100000011111010
10010001001101101110000011111001
10010001010001100111000011111001
10010001010101100000000011111001
10010001011001011001000011111001
10010001011101010010000011111001
10010001100001001011000011111001
10010001100101000100000011111001
10010001101000111101000011111001
10010001101100110110000011111001
10010001110000101111000011111001
10010001110100101000000011111001
10010001111000100001000011111001
10010001111100011010000011111000
10010010000000010010000011111001
10010010000100001011000011111001
10010010001000000100000011111000
10010010001011111100000011111001
10010010001111110101000011111001
10010010010011101110000011111000
10010010010111100110000011111001
10010010011011011111000011111000
10010010011111010111000011111000
10010010100011001111000011111001
10010010100111001000000011111000
10010010101011000000000011111000
10010010101110111000000011111000
10010010110010110000000011111001
10010010110110101001000011111000
10010010111010100001000011111000
10010010111110011001000011111000
10010011000010010001000011111000
10010011000110001001000011111000
10010011001010000001000011111000
10010011001101111001000011111000
10010011010001110001000011111000
10010011010101101001000011110111
10010011011001100000000011111000
10010011011101011000000011111000
10010011100001010000000011111000
10010011100101001000000011110111
10010011101000111111000011111000
10010011101100110111000011110111
10010011110000101110000011111000
10010011110100100110000011110111
10010011111000011101000011111000
10010011111100010101000011110111
10010100000000001100000011111000
10010100000100000100000011110111
10010100000111111011000011110111
10010100001011110010000011111000
10010100001111101010000011110111
10010100010011100001000011110111
10010100010111011000000011110111
10010100011011001111000011110111
10010100011111000110000011110111
10010100100010111101000011110111
10010100100110110100000011110111
10010100101010101011000011110111
10010100101110100010000011110111
10010100110010011001000011110111
10010100110110010000000011110111
10010100111010000111000011110110
10010100111101111101000011110111
10010101000001110100000011110111
10010101000101101011000011110110
10010101001001100001000011110111
10010101001101011000000011110111
10010101010001001111000011110110
10010101010101000101000011110111
10010101011000111100000011110110
10010101011100110010000011110110
10010101100000101000000011110111
10010101100100011111000011110110
10010101101000010101000011110110
10010101101100001011000011110111
10010101110000000010000011110110
10010101110011111000000011110110
10010101110111101110000011110110
10010101111011100100000011110110
10010101111111011010000011110110
10010110000011010000000011110110
10010110000111000110000011110110
10010110001010111100000011110110
10010110001110110010000011110110
10010110010010101000000011110110
10010110010110011110000011110110
10010110011010010100000011110101
10010110011110001001000011110110
10010110100001111111000011110110
10010110100101110101000011110101
10010110101001101010000011110110
10010110101101100000000011110110
10010110110001010110000011110101
10010110110101001011000011110110
10010110111001000001000011110101
10010110111100110110000011110101
10010111000000101011000011110110
10010111000100100001000011110101
10010111001000010110000011110101
10010111001100001011000011110110
10010111010000000001000011110101
10010111010011110110000011110101
10010111010111101011000011110101
10010111011011100000000011110101
10010111011111010101000011110101
10010111100011001010000011110101
10010111100110111111000011110101
10010111101010110100000011110101
10010111101110101001000011110101
10010111110010011110000011110101
10010111110110010011000011110101
10010111111010001000000011110100
10010111111101111100000011110101
10011000000001110001000011110101
10011000000101100110000011110101
10011000001001011011000011110100
10011000001101001111000011110101
10011000010001000100000011110100
10011000010100111000000011110101
10011000011000101101000011110100
10011000011100100001000011110101
10011000100000010110000011110100
10011000100100001010000011110100
10011000100111111110000011110101
10011000101011110011000011110100
10011000101111100111000011110100
10011000110011011011000011110100
10011000110111001111000011110100
10011000111011000011000011110100
10011000111110110111000011110100
10011001000010101011000011110100
10011001000110011111000011110100
10011001001010010011000011110100
10011001001110000111000011110100
10011001010001111011000011110100
10011001010101101111000011110100
10011001011001100011000011110100
10011001011101010111000011110100
10011001100001001011000011110011
10011001100100111110000011110100
10011001101000110010000011110011
10011001101100100101000011110100
10011001110000011001000011110100
10011001110100001101000011110011
10011001111000000000000011110100
10011001111011110100000011110011
10011001111111100111000011110011
10011010000011011010000011110100
10011010000111001110000011110011
10011010001011000001000011110011
10011010001110110100000011110100
10011010010010101000000011110011
10011010010110011011000011110011
10011010011010001110000011110011
10011010011110000001000011110011
10011010100001110100000011110011
10011010100101100111000011110011
10011010101001011010000011110011
10011010101101001101000011110011
10011010110001000000000011110011
10011010110100110011000011110011
10011010111000100110000011110011
10011010111100011001000011110010
10011011000000001011000011110011
10011011000011111110000011110011
10011011000111110001000011110010
10011011001011100011000011110011
10011011001111010110000011110011
10011011010011001001000011110010
10011011010110111011000011110011
10011011011010101110000011110010
10011011011110100000000011110010
10011011100010010010000011110011
10011011100110000101000011110010
10011011101001110111000011110010
10011011101101101001000011110011
10011011110001011100000011110010
10011011110101001110000011110010
10011011111001000000000011110010
10011011111100110010000011110010
10011100000000100100000011110010
10011100000100010110000011110010
10011100001000001000000011110010
10011100001011111010000011110010
10011100001111101100000011110010
10011100010011011110000011110010
10011100010111010000000011110010
10011100011011000010000011110010
10011100011110110100000011110001
10011100100010100101000011110010
10011100100110010111000011110010
10011100101010001001000011110010
10011100101101111011000011110001
10011100110001101100000011110010
10011100110101011110000011110001
10011100111001001111000011110010
10011100111101000001000011110001
10011101000000110010000011110010
10011101000100100100000011110001
10011101001000010101000011110001
10011101001100000110000011110010
10011101001111111000000011110001
10011101010011101001000011110001
10011101010111011010000011110001
10011101011011001011000011110001
10011101011110111100000011110001
10011101100010101101000011110001
10011101100110011110000011110001
10011101101010001111000011110001
10011101101110000000000011110001
10011101110001110001000011110001
10011101110101100010000011110001
10011101111001010011000011110001
10011101111101000100000011110001
10011110000000110101000011110001
10011110000100100110000011110000
10011110001000010110000011110001
10011110001100000111000011110001
10011110001111111000000011110000
10011110010011101000000011110001
10011110010111011001000011110000
10011110011011001001000011110001
10011110011110111010000011110000
10011110100010101010000011110001
10011110100110011011000011110000
10011110101010001011000011110000
10011110101101111011000011110001
10011110110001101100000011110000
10011110110101011100000011110000
10011110111001001100000011110000
10011110111100111100000011110000
10011111000000101100000011110001
10011111000100011101000011110000
10011111001000001101000011110000
10011111001011111101000011110000
10011111001111101101000011110000
10011111010011011101000011101111
10011111010111001100000011110000
10011111011010111100000011110000
10011111011110101100000011110000
10011111100010011100000011110000
10011111100110001100000011101111
10011111101001111011000011110000
10011111101101101011000011110000
10011111110001011011000011101111
10011111110101001010000011110000
10011111111000111010000011110000
10011111111100101010000011101111
10100000000000011001000011101111
10100000000100001000000011110000
10100000000111111000000011101111
10100000001011100111000011110000
10100000001111010111000011101111
10100000010011000110000011101111
10100000010110110101000011101111
10100000011010100100000011110000
10100000011110010100000011101111
10100000100010000011000011101111
10100000100101110010000011101111
10100000101001100001000011101111
10100000101101010000000011101111
10100000110000111111000011101111
10100000110100101110000011101111
10100000111000011101000011101111
10100000111100001100000011101111
10100000111111111011000011101110
10100001000011101001000011101111
10100001000111011000000011101111
10100001001011000111000011101111
10100001001110110110000011101110
10100001010010100100000011101111
10100001010110010011000011101111
10100001011010000010000011101110
10100001011101110000000011101111
10100001100001011111000011101110
10100001100101001101000011101111
10100001101000111100000011101110
10100001101100101010000011101110
10100001110000011000000011101111
10100001110100000111000011101110
10100001110111110101000011101110
10100001111011100011000011101110
10100001111111010001000011101111
10100010000011000000000011101110
10100010000110101110000011101110
10100010001010011100000011101110
10100010001110001010000011101110
10100010010001111000000011101110
10100010010101100110000011101110
10100010011001010100000011101110
10100010011101000010000011101110
10100010100000110000000011101101
10100010100100011101000011101110
10100010101000001011000011101110
10100010101011111001000011101110
10100010101111100111000011101101
10100010110011010100000011101110
10100010110111000010000011101110
10100010111010110000000011101101
10100010111110011101000011101110
10100011000010001011000011101101
10100011000101111000000011101110
10100011001001100110000011101101
10100011001101010011000011101110
10100011010001000001000011101101
10100011010100101110000011101101
10100011011000011011000011101110
10100011011100001001000011101101
10100011011111110110000011101101
10100011100011100011000011101101
10100011100111010000000011101101
10100011101010111101000011101101
10100011101110101010000011101101
10100011110010010111000011101101
10100011110110000100000011101101
10100011111001110001000011101101
10100011111101011110000011101101
10100100000001001011000011101101
10100100000100111000000011101101
10100100001000100101000011101101
10100100001100010010000011101101
10100100001111111111000011101100
10100100010011101011000011101101
10100100010111011000000011101101
10100100011011000101000011101100
10100100011110110001000011101101
10100100100010011110000011101100
10100100100110001010000011101101
10100100101001110111000011101100
10100100101101100011000011101101
10100100110001010000000011101100
10100100110100111100000011101101
10100100111000101001000011101100
10100100111100010101000011101100
10100101000000000001000011101100
10100101000011101101000011101101
10100101000111011010000011101100
10100101001011000110000011101100
10100101001110110010000011101100
10100101010010011110000011101100
10100101010110001010000011101100
10100101011001110110000011101100
10100101011101100010000011101100
10100101100001001110000011101100
10100101100100111010000011101100
10100101101000100110000011101100
10100101101100010010000011101011
10100101101111111101000011101100
10100101110011101001000011101100
10100101110111010101000011101100
10100101111011000001000011101011
10100101111110101100000011101100
10100110000010011000000011101011
10100110000110000011000011101100
10100110001001101111000011101011
10100110001101011010000011101100
10100110010001000110000011101011
10100110010100110001000011101100
10100110011000011101000011101011
10100110011100001000000011101011
10100110011111110011000011101100
10100110100011011111000011101011
10100110100111001010000011101011
10100110101010110101000011101011
10100110101110100000000011101011
10100110110010001011000011101100
10100110110101110111000011101011
10100110111001100010000011101011
10100110111101001101000011101011
10100111000000111000000011101011
10100111000100100011000011101011
10100111001000001110000011101010
10100111001011111000000011101011
10100111001111100011000011101011
10100111010011001110000011101011
10100111010110111001000011101011
10100111011010100100000011101010
10100111011110001110000011101011
10100111100001111001000011101011
10100111100101100100000011101010
10100111101001001110000011101011
10100111101100111001000011101010
10100111110000100011000011101011
10100111110100001110000011101010
10100111110111111000000011101011
10100111111011100011000011101010
10100111111111001101000011101010
10101000000010110111000011101011
10101000000110100010000011101010
10101000001010001100000011101010
10101000001101110110000011101010
10101000010001100000000011101011
10101000010101001011000011101010
10101000011000110101000011101010
10101000011100011111000011101010
10101000100000001001000011101010
10101000100011110011000011101010
10101000100111011101000011101010
10101000101011000111000011101010
10101000101110110001000011101001
10101000110010011010000011101010
10101000110110000100000011101010
10101000111001101110000011101010
10101000111101011000000011101010
10101001000001000010000011101001
10101001000100101011000011101010
10101001001000010101000011101010
10101001001011111111000011101001
10101001001111101000000011101010
10101001010011010010000011101001
10101001010110111011000011101010
10101001011010100101000011101001
10101001011110001110000011101001
10101001100001110111000011101010
10101001100101100001000011101001
10101001101001001010000011101001
10101001101100110011000011101010
10101001110000011101000011101001
10101001110100000110000011101001
10101001110111101111000011101001
10101001111011011000000011101001
10101001111111000001000011101001
10101010000010101010000011101001
10101010000110010011000011101001
10101010001001111100000011101001
10101010001101100101000011101001
10101010010001001110000011101001
10101010010100110111000011101001
10101010011000100000000011101001
10101010011100001001000011101001
10101010011111110010000011101000
10101010100011011010000011101001
10101010100111000011000011101001
10101010101010101100000011101001
10101010101110010101000011101000
10101010110001111101000011101001
10101010110101100110000011101000
10101010111001001110000011101001
10101010111100110111000011101000
10101011000000011111000011101001
10101011000100001000000011101000
10101011000111110000000011101000
10101011001011011000000011101001
10101011001111000001000011101000
10101011010010101001000011101000
10101011010110010001000011101000
10101011011001111001000011101001
10101011011101100010000011101000
10101011100001001010000011101000
10101011100100110010000011101000
10101011101000011010000011101000
10101011101100000010000011101000
10101011101111101010000011101000
10101011110011010010000011101000
10101011110110111010000011101000
10101011111010100010000011101000
10101011111110001010000011101000
10101100000001110010000011100111
10101100000101011001000011101000
10101100001001000001000011101000
10101100001100101001000011100111
10101100010000010000000011101000
10101100010011111000000011101000
10101100010111100000000011100111
10101100011011000111000011101000
10101100011110101111000011100111
10101100100010010110000011101000
10101100100101111110000011100111
10101100101001100101000011101000
10101100101101001101000011100111
10101100110000110100000011100111
10101100110100011011000011101000
10101100111000000011000011100111
10101100111011101010000011100111
10101100111111010001000011100111
10101101000010111000000011100111
10101101000110011111000011101000
10101101001010000111000011100111
10101101001101101110000011100111
10101101010001010101000011100111
10101101010100111100000011100111
10101101011000100011000011100111
10101101011100001010000011100111
10101101011111110001000011100110
10101101100011010111000011100111
10101101100110111110000011100111
10101101101010100101000011100111
10101101101110001100000011100111
10101101110001110011000011100110
10101101110101011001000011100111
10101101111001000000000011100111
10101101111100100111000011100110
10101110000000001101000011100111
10101110000011110100000011100110
10101110000111011010000011100111
10101110001011000001000011100110
10101110001110100111000011100111
10101110010010001110000011100110
10101110010101110100000011100110
10101110011001011010000011100111
10101110011101000001000011100110
10101110100000100111000011100110
10101110100100001101000011100110
10101110100111110011000011100110
10101110101011011001000011100111
10101110101111000000000011100110
10101110110010100110000011100110
10101110110110001100000011100110
10101110111001110010000011100110
10101110111101011000000011100110
10101111000000111110000011100110
10101111000100100100000011100110
10101111001000001010000011100101
10101111001011101111000011100110
10101111001111010101000011100110
10101111010010111011000011100110
10101111010110100001000011100101
10101111011010000110000011100110
10101111011101101100000011100110
10101111100001010010000011100101
10101111100100110111000011100110
10101111101000011101000011100101
10101111101100000010000011100110
10101111101111101000000011100101
10101111110011001101000011100110
10101111110110110011000011100101
10101111111010011000000011100110
10101111111101111110000011100101
10110000000001100011000011100101
10110000000101001000000011100110
10110000001000101110000011100101
10110000001100010011000011100101
10110000001111111000000011100101
10110000010011011101000011100101
10110000010111000010000011100101
10110000011010100111000011100101
10110000011110001100000011100101
10110000100001110001000011100101
10110000100101010110000011100101
10110000101000111011000011100101
10110000101100100000000011100101
10110000110000000101000011100101
10110000110011101010000011100101
10110000110111001111000011100101
10110000111010110100000011100100
10110000111110011000000011100101
10110001000001111101000011100101
10110001000101100010000011100100
10110001001001000110000011100101
10110001001100101011000011100100
10110001010000001111000011100101
10110001010011110100000011100100
10110001010111011000000011100101
10110001011010111101000011100100
10110001011110100001000011100101
10110001100010000110000011100100
10110001100101101010000011100100
10110001101001001110000011100101
10110001101100110011000011100100
10110001110000010111000011100100
10110001110011111011000011100100
10110001110111011111000011100101
10110001111011000100000011100100
10110001111110101000000011100100
10110010000010001100000011100100
10110010000101110000000011100100
10110010001001010100000011100100
10110010001100111000000011100100
10110010010000011100000011100100
10110010010100000000000011100100
10110010010111100100000011100011
10110010011011000111000011100100
10110010011110101011000011100100
10110010100010001111000011100100
10110010100101110011000011100011
10110010101001010110000011100100
10110010101100111010000011100100
10110010110000011110000011100011
10110010110100000001000011100100
10110010110111100101000011100011
10110010111011001000000011100100
10110010111110101100000011100011
10110011000010001111000011100100
10110011000101110011000011100011
10110011001001010110000011100100
10110011001100111010000011100011
10110011010000011101000011100011
10110011010100000000000011100100
10110011010111100100000011100011
10110011011011000111000011100011
10110011011110101010000011100011
10110011100010001101000011100011
10110011100101110000000011100011
10110011101001010011000011100011
10110011101100110110000011100011
10110011110000011001000011100011
10110011110011111100000011100011
10110011110111011111000011100011
10110011111011000010000011100011
10110011111110100101000011100011
10110100000010001000000011100011
10110100000101101011000011100011
10110100001001001110000011100010
10110100001100110000000011100011
10110100010000010011000011100011
10110100010011110110000011100010
10110100010111011000000011100011
10110100011010111011000011100011
10110100011110011110000011100010
10110100100010000000000011100011
10110100100101100011000011100010
10110100101001000101000011100011
10110100101100101000000011100010
10110100110000001010000011100010
10110100110011101100000011100011
10110100110111001111000011100010
10110100111010110001000011100010
10110100111110010011000011100011
10110101000001110110000011100010
10110101000101011000000011100010
10110101001000111010000011100010
10110101001100011100000011100010
10110101001111111110000011100010
10110101010011100000000011100010
10110101010111000010000011100010
10110101011010100100000011100010
10110101011110000110000011100010
10110101100001101000000011100010
10110101100101001010000011100010
10110101101000101100000011100010
10110101101100001110000011100010
10110101101111110000000011100001
10110101110011010001000011100010
10110101110110110011000011100010
10110101111010010101000011100010
10110101111101110111000011100001
10110110000001011000000011100010
10110110000100111010000011100001
10110110001000011011000011100010
10110110001011111101000011100001
10110110001111011110000011100010
10110110010011000000000011100001
10110110010110100001000011100010
10110110011010000011000011100001
10110110011101100100000011100001
10110110100001000101000011100010
10110110100100100111000011100001
10110110101000001000000011100001
10110110101011101001000011100001
10110110101111001010000011100010
10110110110010101100000011100001
10110110110110001101000011100001
10110110111001101110000011100001
10110110111101001111000011100001
10110111000000110000000011100001
10110111000100010001000011100001
10110111000111110010000011100001
10110111001011010011000011100001
10110111001110110100000011100001
10110111010010010101000011100000
10110111010101110101000011100001
10110111011001010110000011100001
10110111011100110111000011100001
10110111100000011000000011100000
10110111100011111000000011100001
10110111100111011001000011100001
10110111101010111010000011100000
10110111101110011010000011100001
10110111110001111011000011100000
10110111110101011011000011100001
10110111111000111100000011100000
10110111111100011100000011100001
10110111111111111101000011100000
10111000000011011101000011100001
10111000000110111110000011100000
10111000001010011110000011100000
10111000001101111110000011100000
10111000010001011110000011100001
10111000010100111111000011100000
10111000011000011111000011100000
10111000011011111111000011100000
10111000011111011111000011100000
10111000100010111111000011100000
10111000100110011111000011100000
10111000101001111111000011100000
10111000101101011111000011100000
10111000110000111111000011100000
10111000110100011111000011100000
10111000110111111111000011100000
10111000111011011111000011100000
10111000111110111111000011100000
10111001000010011111000011011111
10111001000101111110000011100000
10111001001001011110000011100000
10111001001100111110000011011111
10111001010000011101000011100000
10111001010011111101000011100000
10111001010111011101000011011111
10111001011010111100000011100000
10111001011110011100000011011111
10111001100001111011000011100000
10111001100101011011000011011111
10111001101000111010000011100000
10111001101100011010000011011111
10111001101111111001000011011111
10111001110011011000000011100000
10111001110110111000000011011111
10111001111010010111000011011111
10111001111101110110000011011111
10111010000001010101000011100000
10111010000100110101000011011111
10111010001000010100000011011111
10111010001011110011000011011111
10111010001111010010000011011111
10111010010010110001000011011111
10111010010110010000000011011111
10111010011001101111000011011111
10111010011101001110000011011111
10111010100000101101000011011111
10111010100100001100000011011110
10111010100111101010000011011111
10111010101011001001000011011111
10111010101110101000000011011111
10111010110010000111000011011111
10111010110101100110000011011110
10111010111001000100000011011111
10111010111100100011000011011110
10111011000000000001000011011111
10111011000011100000000011011111
10111011000110111111000011011110
10111011001010011101000011011111
10111011001101111100000011011110
10111011010001011010000011011110
10111011010100111000000011011111
10111011011000010111000011011110
10111011011011110101000011011111
10111011011111010100000011011110
10111011100010110010000011011110
10111011100110010000000011011110
10111011101001101110000011011110
10111011101101001100000011011111
10111011110000101011000011011110
10111011110100001001000011011110
10111011110111100111000011011110
10111011111011000101000011011110
10111011111110100011000011011110
10111100000010000001000011011110
10111100000101011111000011011110
10111100001000111101000011011110
10111100001100011011000011011110
10111100001111111001000011011101
10111100010011010110000011011110
10111100010110110100000011011110
10111100011010010010000011011110
10111100011101110000000011011101
10111100100001001101000011011110
10111100100100101011000011011110
10111100101000001001000011011101
10111100101011100110000011011110
10111100101111000100000011011101
10111100110010100001000011011110
10111100110101111111000011011101
10111100111001011100000011011110
10111100111100111010000011011101
10111101000000010111000011011110
10111101000011110101000011011101
10111101000111010010000011011101
10111101001010101111000011011110
10111101001110001101000011011101
10111101010001101010000011011101
10111101010101000111000011011101
10111101011000100100000011011101
10111101011100000001000011011101
10111101011111011110000011011110
10111101100010111100000011011101
10111101100110011001000011011101
10111101101001110110000011011101
10111101101101010011000011011101
10111101110000110000000011011100
10111101110100001100000011011101
10111101110111101001000011011101
10111101111011000110000011011101
10111101111110100011000011011101
10111110000010000000000011011101
10111110000101011101000011011100
10111110001000111001000011011101
10111110001100010110000011011101
10111110001111110011000011011100
10111110010011001111000011011101
10111110010110101100000011011101
10111110011010001001000011011100
10111110011101100101000011011101
10111110100001000010000011011100
10111110100100011110000011011100
10111110100111111010000011011101
10111110101011010111000011011100
10111110101110110011000011011101
10111110110010010000000011011100
10111110110101101100000011011100
10111110111001001000000011011100
10111110111100100100000011011101
10111111000000000001000011011100
10111111000011011101000011011100
10111111000110111001000011011100
10111111001010010101000011011100
10111111001101110001000011011100
10111111010001001101000011011100
10111111010100101001000011011100
10111111011000000101000011011100
10111111011011100001000011011100
10111111011110111101000011011100
10111111100010011001000011011100
10111111100101110101000011011100
10111111101001010001000011011100
10111111101100101101000011011011
10111111110000001000000011011100
10111111110011100100000011011100
10111111110111000000000011011011
10111111111010011011000011011100
10111111111101110111000011011100
11000000000001010011000011011011
11000000000100101110000011011100
11000000001000001010000011011011
11000000001011100101000011011100
11000000001111000001000011011011
11000000010010011100000011011100
11000000010101111000000011011011
11000000011001010011000011011011
11000000011100101110000011011100
11000000100000001010000011011011
11000000100011100101000011011011
11000000100111000000000011011100
11000000101010011100000011011011
11000000101101110111000011011011
11000000110001010010000011011011
11000000110100101101000011011011
11000000111000001000000011011011
11000000111011100011000011011011
11000000111110111110000011011011
11000001000010011001000011011011
11000001000101110100000011011011
11000001001001001111000011011011
11000001001100101010000011011011
11000001010000000101000011011011
11000001010011100000000011011011
11000001010110111011000011011010
11000001011010010101000011011011
11000001011101110000000011011011
11000001100001001011000011011011
11000001100100100110000011011010
11000001101000000000000011011011
11000001101011011011000011011010
11000001101110110101000011011011
11000001110010010000000011011010
11000001110101101010000011011011
11000001111001000101000011011010
11000001111100011111000011011011
11000001111111111010000011011010
11000010000011010100000011011011
11000010000110101111000011011010
11000010001010001001000011011010
11000010001101100011000011011011
11000010010000111110000011011010
11000010010100011000000011011010
11000010010111110010000011011010
11000010011011001100000011011010
11000010011110100110000011011011
11000010100010000001000011011010
11000010100101011011000011011010
11000010101000110101000011011010
11000010101100001111000011011010
11000010101111101001000011011010
11000010110011000011000011011010
11000010110110011101000011011001
11000010111001110110000011011010
11000010111101010000000011011010
11000011000000101010000011011010
11000011000100000100000011011010
11000011000111011110000011011010
11000011001010111000000011011001
11000011001110010001000011011010
11000011010001101011000011011010
11000011010101000101000011011001
11000011011000011110000011011010
11000011011011111000000011011001
11000011011111010001000011011010
11000011100010101011000011011001
11000011100110000100000011011010
11000011101001011110000011011001
11000011101100110111000011011010
11000011110000010001000011011001
11000011110011101010000011011001
11000011110111000011000011011010
11000011111010011101000011011001
11000011111101110110000011011001
11000100000001001111000011011001
11000100000100101000000011011010
11000100001000000010000011011001
11000100001011011011000011011001
11000100001110110100000011011001
11000100010010001101000011011001
11000100010101100110000011011001
11000100011000111111000011011001
11000100011100011000000011011001
11000100011111110001000011011001
11000100100011001010000011011001
11000100100110100011000011011001
11000100101001111100000011011000
11000100101101010100000011011001
11000100110000101101000011011001
11000100110100000110000011011001
11000100110111011111000011011001
11000100111010111000000011011000
11000100111110010000000011011001
11000101000001101001000011011000
11000101000101000001000011011001
11000101001000011010000011011001
11000101001011110011000011011000
11000101001111001011000011011001
11000101010010100100000011011000
11000101010101111100000011011001
11000101011001010101000011011000
11000101011100101101000011011000
11000101100000000101000011011001
11000101100011011110000011011000
11000101100110110110000011011000
11000101101010001110000011011001
11000101101101100111000011011000
11000101110000111111000011011000
11000101110100010111000011011000
11000101110111101111000011011000
11000101111011000111000011011000
11000101111110011111000011011000
11000110000001110111000011011000
11000110000101001111000011011000
11000110001000100111000011011000
11000110001011111111000011011000
11000110001111010111000011011000
11000110010010101111000011011000
11000110010110000111000011011000
11000110011001011111000011011000
11000110011100110111000011011000
11000110100000001111000011010111
11000110100011100110000011011000
11000110100110111110000011011000
11000110101010010110000011010111
11000110101101101101000011011000
11000110110001000101000011011000
11000110110100011101000011010111
11000110110111110100000011011000
11000110111011001100000011010111
11000110111110100011000011011000
11000111000001111011000011010111
11000111000101010010000011011000
11000111001000101010000011010111
11000111001100000001000011010111
11000111001111011000000011011000
11000111010010110000000011010111
11000111010110000111000011010111
11000111011001011110000011010111
11000111011100110101000011011000
11000111100000001101000011010111
11000111100011100100000011010111
11000111100110111011000011010111
11000111101010010010000011010111
11000111101101101001000011010111
11000111110001000000000011010111
11000111110100010111000011010111
11000111110111101110000011010111
11000111111011000101000011010111
11000111111110011100000011010111
11001000000001110011000011010111
11001000000101001010000011010111
11001000001000100001000011010111
11001000001011111000000011010110
11001000001111001110000011010111
11001000010010100101000011010111
11001000010101111100000011010110
11001000011001010010000011010111
11001000011100101001000011010111
11001000100000000000000011010110
11001000100011010110000011010111
11001000100110101101000011010110
11001000101010000011000011010111
11001000101101011010000011010110
11001000110000110000000011010111
11001000110100000111000011010110
11001000110111011101000011010111
11001000111010110100000011010110
11001000111110001010000011010110
11001001000001100000000011010111
11001001000100110111000011010110
11001001001000001101000011010110
11001001001011100011000011010110
11001001001110111001000011010110
11001001010010001111000011010111
11001001010101100110000011010110
11001001011000111100000011010110
11001001011100010010000011010110
11001001011111101000000011010110
11001001100010111110000011010110
11001001100110010100000011010110
11001001101001101010000011010110
11001001101101000000000011010110
11001001110000010110000011010101
11001001110011101011000011010110
11001001110111000001000011010110
11001001111010010111000011010110
11001001111101101101000011010110
11001010000001000011000011010101
11001010000100011000000011010110
11001010000111101110000011010110
11001010001011000100000011010101
11001010001110011001000011010110
11001010010001101111000011010101
11001010010101000100000011010110
11001010011000011010000011010110
11001010011011110000000011010101
11001010011111000101000011010101
11001010100010011010000011010110
11001010100101110000000011010101
11001010101001000101000011010110
11001010101100011011000011010101
11001010101111110000000011010101
11001010110011000101000011010101
11001010110110011010000011010110
11001010111001110000000011010101
11001010111101000101000011010101
11001011000000011010000011010101
11001011000011101111000011010101
11001011000111000100000011010101
11001011001010011001000011010101
11001011001101101110000011010101
11001011010001000011000011010101
11001011010100011000000011010101
11001011010111101101000011010101
11001011011011000010000011010101
11001011011110010111000011010101
11001011100001101100000011010101
11001011100101000001000011010101
11001011101000010110000011010101
11001011101011101011000011010100
11001011101110111111000011010101
11001011110010010100000011010101
11001011110101101001000011010100
11001011111000111101000011010101
11001011111100010010000011010101
11001011111111100111000011010100
11001100000010111011000011010101
11001100000110010000000011010100
11001100001001100100000011010101
11001100001100111001000011010100
11001100010000001101000011010101
11001100010011100010000011010100
11001100010110110110000011010100
11001100011010001010000011010101
11001100011101011111000011010100
11001100100000110011000011010100
11001100100100000111000011010101
11001100100111011100000011010100
11001100101010110000000011010100
11001100101110000100000011010100
11001100110001011000000011010100
11001100110100101100000011010100
11001100111000000000000011010100
11001100111011010100000011010100
11001100111110101000000011010100
11001101000001111100000011010100
11001101000101010000000011010100
11001101001000100100000011010100
11001101001011111000000011010100
11001101001111001100000011010100
11001101010010100000000011010100
11001101010101110100000011010100
11001101011001001000000011010011
11001101011100011011000011010100
11001101011111101111000011010100
11001101100011000011000011010100
11001101100110010111000011010011
11001101101001101010000011010100
11001101101100111110000011010011
11001101110000010001000011010100
11001101110011100101000011010011
11001101110110111000000011010100
11001101111010001100000011010011
11001101111101011111000011010100
11001110000000110011000011010011
11001110000100000110000011010100
11001110000111011010000011010011
11001110001010101101000011010011
11001110001110000000000011010100
11001110010001010100000011010011
11001110010100100111000011010011
11001110010111111010000011010011
11001110011011001101000011010100
11001110011110100001000011010011
11001110100001110100000011010011
11001110100101000111000011010011
11001110101000011010000011010011
11001110101011101101000011010011
11001110101111000000000011010011
11001110110010010011000011010011
11001110110101100110000011010011
11001110111000111001000011010011
11001110111100001100000011010011
11001110111111011111000011010011
11001111000010110010000011010010
11001111000110000100000011010011
11001111001001010111000011010011
11001111001100101010000011010011
11001111001111111101000011010010
11001111010011001111000011010011
11001111010110100010000011010011
11001111011001110101000011010010
11001111011101000111000011010011
11001111100000011010000011010011
11001111100011101101000011010010
11001111100110111111000011010011
11001111101010010010000011010010
11001111101101100100000011010010
11001111110000110110000011010011
11001111110100001001000011010010
11001111110111011011000011010011
11001111111010101110000011010010
11001111111110000000000011010010
11010000000001010010000011010011
11010000000100100101000011010010
11010000000111110111000011010010
11010000001011001001000011010010
11010000001110011011000011010010
11010000010001101101000011010010
11010000010100111111000011010011
11010000011000010010000011010010
11010000011011100100000011010010
11010000011110110110000011010010
11010000100010001000000011010010
11010000100101011010000011010010
11010000101000101100000011010001
11010000101011111101000011010010
11010000101111001111000011010010
11010000110010100001000011010010
11010000110101110011000011010010
11010000111001000101000011010010
11010000111100010111000011010001
11010000111111101000000011010010
11010001000010111010000011010010
11010001000110001100000011010001
11010001001001011101000011010010
11010001001100101111000011010010
11010001010000000001000011010001
11010001010011010010000011010010
11010001010110100100000011010001
11010001011001110101000011010010
11010001011101000111000011010001
11010001100000011000000011010010
11010001100011101010000011010001
11010001100110111011000011010001
11010001101010001100000011010010
11010001101101011110000011010001
11010001110000101111000011010001
11010001110100000000000011010010
11010001110111010010000011010001
11010001111010100011000011010001
11010001111101110100000011010001
11010010000001000101000011010001
11010010000100010110000011010001
11010010000111100111000011010001
11010010001010111000000011010010
11010010001110001010000011010001
11010010010001011011000011010001
11010010010100101100000011010000
11010010010111111100000011010001
11010010011011001101000011010001
11010010011110011110000011010001
11010010100001101111000011010001
11010010100101000000000011010001
11010010101000010001000011010001
11010010101011100010000011010000
11010010101110110010000011010001
11010010110010000011000011010001
11010010110101010100000011010001
11010010111000100101000011010000
11010010111011110101000011010001
11010010111111000110000011010000
11010011000010010110000011010001
11010011000101100111000011010000
11010011001000110111000011010001
11010011001100001000000011010000
11010011001111011000000011010001
11010011010010101001000011010000
11010011010101111001000011010001
11010011011001001010000011010000
11010011011100011010000011010000
11010011011111101010000011010001
11010011100010111011000011010000
11010011100110001011000011010000
11010011101001011011000011010000
11010011101100101011000011010001
11010011101111111100000011010000
11010011110011001100000011010000
11010011110110011100000011010000
11010011111001101100000011010000
11010011111100111100000011010000
11010100000000001100000011010000
11010100000011011100000011010000
11010100000110101100000011010000
11010100001001111100000011010000
11010100001101001100000011010000
11010100010000011100000011010000
11010100010011101100000011010000
11010100010110111100000011001111
11010100011010001011000011010000
11010100011101011011000011010000
11010100100000101011000011010000
11010100100011111011000011001111
11010100100111001010000011010000
11010100101010011010000011010000
11010100101101101010000011001111
11010100110000111001000011010000
11010100110100001001000011001111
11010100110111011000000011010000
11010100111010101000000011001111
11010100111101110111000011010000
11010101000001000111000011001111
11010101000100010110000011010000
11010101000111100110000011001111
11010101001010110101000011001111
11010101001110000100000011010000
11010101010001010100000011001111
11010101010100100011000011001111
11010101010111110010000011010000
11010101011011000010000011001111
11010101011110010001000011001111
11010101100001100000000011001111
11010101100100101111000011001111
11010101100111111110000011001111
11010101101011001101000011001111
11010101101110011100000011010000
11010101110001101100000011001111
11010101110100111011000011001111
11010101111000001010000011001111
11010101111011011001000011001110
11010101111110100111000011001111
11010110000001110110000011001111
11010110000101000101000011001111
11010110001000010100000011001111
11010110001011100011000011001111
11010110001110110010000011001110
11010110010010000000000011001111
11010110010101001111000011001111
11010110011000011110000011001111
11010110011011101101000011001110
11010110011110111011000011001111
11010110100010001010000011001110
11010110100101011000000011001111
11010110101000100111000011001111
11010110101011110110000011001110
11010110101111000100000011001110
11010110110010010010000011001111
11010110110101100001000011001110
11010110111000101111000011001111
11010110111011111110000011001110
11010110111111001100000011001110
11010111000010011010000011001111
11010111000101101001000011001110
11010111001000110111000011001110
11010111001100000101000011001111
11010111001111010100000011001110
11010111010010100010000011001110
11010111010101110000000011001110
11010111011000111110000011001110
11010111011100001100000011001110
11010111011111011010000011001110
11010111100010101000000011001110
11010111100101110110000011001110
11010111101001000100000011001110
11010111101100010010000011001110
11010111101111100000000011001110
11010111110010101110000011001110
11010111110101111100000011001110
11010111111001001010000011001110
11010111111100011000000011001110
11010111111111100110000011001101
11011000000010110011000011001110
11011000000110000001000011001110
11011000001001001111000011001110
11011000001100011101000011001101
11011000001111101010000011001110
11011000010010111000000011001101
11011000010110000101000011001110
11011000011001010011000011001110
11011000011100100001000011001101
11011000011111101110000011001110
11011000100010111100000011001101
11011000100110001001000011001110
11011000101001010111000011001101
11011000101100100100000011001101
11011000101111110001000011001110
11011000110010111111000011001101
11011000110110001100000011001101
11011000111001011001000011001110
11011000111100100111000011001101
11011000111111110100000011001101
11011001000011000001000011001101
11011001000110001110000011001101
11011001001001011011000011001110
11011001001100101001000011001101
11011001001111110110000011001101
11011001010011000011000011001101
11011001010110010000000011001101
11011001011001011101000011001101
11011001011100101010000011001101
11011001011111110111000011001101
11011001100011000100000011001101
11011001100110010001000011001101
11011001101001011110000011001100
11011001101100101010000011001101
11011001101111110111000011001101
11011001110011000100000011001101
11011001110110010001000011001101
11011001111001011110000011001100
11011001111100101010000011001101
11011001111111110111000011001101
11011010000011000100000011001100
11011010000110010000000011001101
11011010001001011101000011001100
11011010001100101001000011001101
11011010001111110110000011001101
11011010010011000011000011001100
11011010010110001111000011001100
11011010011001011011000011001101
11011010011100101000000011001100
11011010011111110100000011001101
11011010100011000001000011001100
11011010100110001101000011001100
11011010101001011001000011001101
11011010101100100110000011001100
11011010101111110010000011001100
11011010110010111110000011001100
11011010110110001010000011001101
11011010111001010111000011001100
11011010111100100011000011001100
11011010111111101111000011001100
11011011000010111011000011001100
11011011000110000111000011001100
11011011001001010011000011001100
11011011001100011111000011001100
11011011001111101011000011001100
11011011010010110111000011001100
11011011010110000011000011001100
11011011011001001111000011001100
11011011011100011011000011001100
11011011011111100111000011001100
11011011100010110011000011001011
11011011100101111110000011001100
11011011101001001010000011001100
11011011101100010110000011001100
11011011101111100010000011001011
11011011110010101101000011001100
11011011110101111001000011001100
11011011111001000101000011001011
11011011111100010000000011001100
11011011111111011100000011001100
11011100000010101000000011001011
11011100000101110011000011001100
11011100001000111111000011001011
11011100001100001010000011001100
11011100001111010110000011001011
11011100010010100001000011001011
11011100010101101100000011001100
11011100011000111000000011001011
11011100011100000011000011001011
11011100011111001110000011001100
11011100100010011010000011001011
11011100100101100101000011001011
11011100101000110000000011001011
11011100101011111011000011001100
11011100101111000111000011001011
11011100110010010010000011001011
11011100110101011101000011001011
11011100111000101000000011001011
11011100111011110011000011001011
11011100111110111110000011001011
11011101000010001001000011001011
11011101000101010100000011001011
11011101001000011111000011001011
11011101001011101010000011001011
11011101001110110101000011001011
11011101010010000000000011001011
11011101010101001011000011001010
11011101011000010101000011001011
11011101011011100000000011001011
11011101011110101011000011001011
11011101100001110110000011001010
11011101100101000000000011001011
11011101101000001011000011001011
11011101101011010110000011001010
11011101101110100000000011001011
11011101110001101011000011001011
11011101110100110110000011001010
11011101111000000000000011001011
11011101111011001011000011001010
11011101111110010101000011001011
11011110000001100000000011001010
11011110000100101010000011001011
11011110000111110101000011001010
11011110001010111111000011001010
11011110001110001001000011001011
11011110010001010100000011001010
11011110010100011110000011001010
11011110010111101000000011001010
11011110011010110010000011001011
11011110011101111101000011001010
11011110100001000111000011001010
11011110100100010001000011001010
11011110100111011011000011001010
11011110101010100101000011001010
11011110101101101111000011001011
11011110110000111010000011001010
11011110110100000100000011001010
11011110110111001110000011001010
11011110111010011000000011001010
11011110111101100010000011001001
11011111000000101011000011001010
11011111000011110101000011001010
11011111000110111111000011001010
11011111001010001001000011001010
11011111001101010011000011001010
11011111010000011101000011001001
11011111010011100110000011001010
11011111010110110000000011001010
11011111011001111010000011001010
11011111011101000100000011001001
11011111100000001101000011001010
11011111100011010111000011001010
11011111100110100001000011001001
11011111101001101010000011001010
11011111101100110100000011001001
11011111101111111101000011001010
11011111110011000111000011001001
11011111110110010000000011001010
11011111111001011010000011001001
11011111111100100011000011001001
11011111111111101100000011001010
11100000000010110110000011001001
11100000000101111111000011001001
11100000001001001000000011001010
11100000001100010010000011001001
11100000001111011011000011001001
11100000010010100100000011001001
11100000010101101101000011001010
11100000011000110111000011001001
11100000011100000000000011001001
11100000011111001001000011001001
11100000100010010010000011001001
11100000100101011011000011001001
11100000101000100100000011001001
11100000101011101101000011001001
11100000101110110110000011001001
11100000110001111111000011001001
11100000110101001000000011001001
11100000111000010001000011001001
11100000111011011010000011001001
11100000111110100011000011001001
11100001000001101100000011001000
11100001000100110100000011001001
11100001000111111101000011001001
11100001001011000110000011001001
11100001001110001111000011001000
11100001010001010111000011001001
11100001010100100000000011001001
11100001010111101001000011001000
11100001011010110001000011001001
11100001011101111010000011001000
11100001100001000010000011001001
11100001100100001011000011001000
11100001100111010011000011001001
11100001101010011100000011001000
11100001101101100100000011001001
11100001110000101101000011001000
11100001110011110101000011001001
11100001110110111110000011001000
11100001111010000110000011001000
11100001111101001110000011001001
11100010000000010111000011001000
11100010000011011111000011001000
11100010000110100111000011001000
11100010001001101111000011001001
11100010001100111000000011001000
11100010010000000000000011001000
11100010010011001000000011001000
11100010010110010000000011001000
11100010011001011000000011001000
11100010011100100000000011001000
11100010011111101000000011001000
11100010100010110000000011001000
11100010100101111000000011001000
11100010101001000000000011001000
11100010101100001000000011001000
11100010101111010000000011001000
11100010110010011000000011001000
11100010110101100000000011001000
11100010111000101000000011000111
11100010111011101111000011001000
11100010111110110111000011001000
11100011000001111111000011001000
11100011000101000111000011000111
11100011001000001110000011001000
11100011001011010110000011001000
11100011001110011110000011000111
11100011010001100101000011001000
11100011010100101101000011000111
11100011010111110100000011001000
11100011011010111100000011000111
11100011011110000011000011001000
11100011100001001011000011000111
11100011100100010010000011001000
11100011100111011010000011000111
11100011101010100001000011001000
11100011101101101001000011000111
11100011110000110000000011000111
11100011110011110111000011000111
11100011110110111110000011001000
11100011111010000110000011000111
11100011111101001101000011000111
11100100000000010100000011000111
11100100000011011011000011001000
11100100000110100011000011000111
11100100001001101010000011000111
11100100001100110001000011000111
11100100001111111000000011000111
11100100010010111111000011000111
11100100010110000110000011000111
11100100011001001101000011000111
11100100011100010100000011000111
11100100011111011011000011000111
11100100100010100010000011000111
11100100100101101001000011000111
11100100101000110000000011000111
11100100101011110111000011000110
11100100101110111101000011000111
11100100110010000100000011000111
11100100110101001011000011000111
11100100111000010010000011000110
11100100111011011000000011000111
11100100111110011111000011000111
11100101000001100110000011000110
11100101000100101100000011000111
11100101000111110011000011000111
11100101001010111010000011000110
11100101001110000000000011000111
11100101010001000111000011000110
11100101010100001101000011000111
11100101010111010100000011000110
11100101011010011010000011000111
11100101011101100001000011000110
11100101100000100111000011000110
11100101100011101101000011000111
11100101100110110100000011000110
11100101101001111010000011000110
11100101101101000000000011000111
11100101110000000111000011000110
11100101110011001101000011000110
11100101110110010011000011000110
11100101111001011001000011000111
11100101111100100000000011000110
11100101111111100110000011000110
11100110000010101100000011000110
11100110000101110010000011000110
11100110001000111000000011000110
11100110001011111110000011000110
11100110001111000100000011000110
11100110010010001010000011000110
11100110010101010000000011000110
11100110011000010110000011000110
11100110011011011100000011000110
11100110011110100010000011000110
11100110100001101000000011000110
11100110100100101110000011000101
11100110100111110011000011000110
11100110101010111001000011000110
11100110101101111111000011000110
11100110110001000101000011000101
11100110110100001010000011000110
11100110110111010000000011000110
11100110111010010110000011000101
11100110111101011011000011000110
11100111000000100001000011000101
11100111000011100110000011000110
11100111000110101100000011000110
11100111001001110010000011000101
11100111001100110111000011000110
11100111001111111101000011000101
11100111010011000010000011000101
11100111010110000111000011000110
11100111011001001101000011000101
11100111011100010010000011000110
11100111011111011000000011000101
11100111100010011101000011000101
11100111100101100010000011000101
11100111101000100111000011000110
11100111101011101101000011000101
11100111101110110010000011000101
11100111110001110111000011000101
11100111110100111100000011000101
11100111111000000001000011000110
11100111111011000111000011000101
11100111111110001100000011000101
11101000000001010001000011000101
11101000000100010110000011000101
11101000000111011011000011000101
11101000001010100000000011000101
11101000001101100101000011000101
11101000010000101010000011000101
11101000010011101111000011000100
11101000010110110011000011000101
11101000011001111000000011000101
11101000011100111101000011000101
11101000100000000010000011000101
11101000100011000111000011000100
11101000100110001011000011000101
11101000101001010000000011000101
11101000101100010101000011000101
11101000101111011010000011000100
11101000110010011110000011000101
11101000110101100011000011000100
11101000111000100111000011000101
11101000111011101100000011000101
11101000111110110001000011000100
11101001000001110101000011000101
11101001000100111010000011000100
11101001000111111110000011000101
11101001001011000011000011000100
11101001001110000111000011000100
11101001010001001011000011000101
11101001010100010000000011000100
11101001010111010100000011000100
11101001011010011000000011000101
11101001011101011101000011000100
11101001100000100001000011000100
11101001100011100101000011000100
11101001100110101001000011000101
11101001101001101110000011000100
11101001101100110010000011000100
11101001101111110110000011000100
11101001110010111010000011000100
11101001110101111110000011000100
11101001111001000010000011000100
11101001111100000110000011000100
11101001111111001010000011000100
11101010000010001110000011000100
11101010000101010010000011000100
11101010001000010110000011000100
11101010001011011010000011000100
11101010001110011110000011000100
11101010010001100010000011000100
11101010010100100110000011000100
11101010010111101010000011000011
11101010011010101101000011000100
11101010011101110001000011000100
11101010100000110101000011000100
11101010100011111001000011000011
11101010100110111100000011000100
11101010101010000000000011000100
11101010101101000100000011000011
11101010110000000111000011000100
11101010110011001011000011000011
11101010110110001110000011000100
11101010111001010010000011000011
11101010111100010101000011000100
11101010111111011001000011000011
11101011000010011100000011000100
11101011000101100000000011000011
11101011001000100011000011000100
11101011001011100111000011000011
11101011001110101010000011000011
11101011010001101101000011000100
11101011010100110001000011000011
11101011010111110100000011000011
11101011011010110111000011000011
11101011011101111010000011000100
11101011100000111110000011000011
11101011100100000001000011000011
11101011100111000100000011000011
11101011101010000111000011000011
11101011101101001010000011000011
11101011110000001101000011000011
11101011110011010000000011000011
11101011110110010011000011000011
11101011111001010110000011000011
11101011111100011001000011000011
11101011111111011100000011000011
11101100000010011111000011000011
11101100000101100010000011000011
11101100001000100101000011000011
11101100001011101000000011000011
11101100001110101011000011000011
11101100010001101110000011000010
11101100010100110000000011000011
11101100010111110011000011000011
11101100011010110110000011000010
11101100011101111000000011000011
11101100100000111011000011000011
11101100100011111110000011000010
11101100100111000000000011000011
11101100101010000011000011000011
11101100101101000110000011000010
11101100110000001000000011000011
11101100110011001011000011000010
11101100110110001101000011000011
11101100111001010000000011000010
11101100111100010010000011000011
11101100111111010101000011000010
11101101000010010111000011000010
11101101000101011001000011000011
11101101001000011100000011000010
11101101001011011110000011000010
11101101001110100000000011000011
11101101010001100011000011000010
11101101010100100101000011000010
11101101010111100111000011000010
11101101011010101001000011000011
11101101011101101100000011000010
11101101100000101110000011000010
11101101100011110000000011000010
11101101100110110010000011000010
11101101101001110100000011000010
11101101101100110110000011000010
11101101101111111000000011000010
11101101110010111010000011000010
11101101110101111100000011000010
11101101111000111110000011000010
11101101111100000000000011000010
11101101111111000010000011000010
11101110000010000100000011000010
11101110000101000110000011000001
11101110001000000111000011000010
11101110001011001001000011000010
11101110001110001011000011000010
11101110010001001101000011000010
11101110010100001111000011000001
11101110010111010000000011000010
11101110011010010010000011000010
11101110011101010100000011000001
11101110100000010101000011000010
11101110100011010111000011000001
11101110100110011000000011000010
11101110101001011010000011000010
11101110101100011100000011000001
11101110101111011101000011000010
11101110110010011111000011000001
11101110110101100000000011000001
11101110111000100001000011000010
11101110111011100011000011000001
11101110111110100100000011000010
11101111000001100110000011000001
11101111000100100111000011000001
11101111000111101000000011000010
11101111001010101010000011000001
11101111001101101011000011000001
11101111010000101100000011000001
11101111010011101101000011000001
11101111010110101110000011000010
11101111011001110000000011000001
11101111011100110001000011000001
11101111011111110010000011000001
11101111100010110011000011000001
11101111100101110100000011000001
11101111101000110101000011000001
11101111101011110110000011000001
11101111101110110111000011000001
11101111110001111000000011000001
11101111110100111001000011000001
11101111110111111010000011000001
11101111111010111011000011000001
11101111111101111100000011000001
11110000000000111101000011000000
11110000000011111101000011000001
11110000000110111110000011000001
11110000001001111111000011000001
11110000001101000000000011000000
11110000010000000000000011000001
11110000010011000001000011000001
11110000010110000010000011000000
11110000011001000010000011000001
11110000011100000011000011000001
11110000011111000100000011000000
11110000100010000100000011000001
11110000100101000101000011000000
11110000101000000101000011000001
11110000101011000110000011000000
11110000101110000110000011000001
11110000110001000111000011000000
11110000110100000111000011000001
11110000110111001000000011000000
11110000111010001000000011000000
11110000111101001000000011000001
11110001000000001001000011000000
11110001000011001001000011000000
11110001000110001001000011000000
11110001001001001001000011000001
11110001001100001010000011000000
11110001001111001010000011000000
11110001010010001010000011000000
11110001010101001010000011000000
11110001011000001010000011000000
11110001011011001010000011000001
11110001011110001011000011000000
11110001100001001011000011000000
11110001100100001011000011000000
11110001100111001011000011000000
11110001101010001011000011000000
11110001101101001011000011000000
11110001110000001011000011000000
11110001110011001011000010111111
11110001110110001010000011000000
11110001111001001010000011000000
11110001111100001010000011000000
11110001111111001010000011000000
11110010000010001010000010111111
11110010000101001001000011000000
11110010001000001001000011000000
11110010001011001001000011000000
11110010001110001001000010111111
11110010010001001000000011000000
11110010010100001000000011000000
11110010010111001000000010111111
11110010011010000111000011000000
11110010011101000111000010111111
11110010100000000110000011000000
11110010100011000110000010111111
11110010100110000101000011000000
11110010101001000101000010111111
11110010101100000100000011000000
11110010101111000100000010111111
11110010110010000011000010111111
11110010110101000010000011000000
11110010111000000010000010111111
11110010111011000001000010111111
11110010111110000000000011000000
11110011000001000000000010111111
11110011000011111111000010111111
11110011000110111110000010111111
11110011001001111101000011000000
11110011001100111101000010111111
11110011001111111100000010111111
11110011010010111011000010111111
11110011010101111010000010111111
11110011011000111001000010111111
11110011011011111000000010111111
11110011011110110111000010111111
11110011100001110110000010111111
11110011100100110101000010111111
11110011100111110100000010111111
11110011101010110011000010111111
11110011101101110010000010111111
11110011110000110001000010111111
11110011110011110000000010111111
11110011110110101111000010111111
11110011111001101110000010111110
11110011111100101100000010111111
11110011111111101011000010111111
11110100000010101010000010111111
11110100000101101001000010111110
11110100001000100111000010111111
11110100001011100110000010111111
11110100001110100101000010111110
11110100010001100011000010111111
11110100010100100010000010111111
11110100010111100001000010111110
11110100011010011111000010111111
11110100011101011110000010111110
11110100100000011100000010111111
11110100100011011011000010111110
11110100100110011001000010111111
11110100101001011000000010111110
11110100101100010110000010111110
11110100101111010100000010111111
11110100110010010011000010111110
11110100110101010001000010111110
11110100111000001111000010111111
11110100111011001110000010111110
11110100111110001100000010111110
11110101000001001010000010111110
11110101000100001000000010111111
11110101000111000111000010111110
11110101001010000101000010111110
11110101001101000011000010111110
11110101010000000001000010111110
11110101010010111111000010111110
11110101010101111101000010111110
11110101011000111011000010111110
11110101011011111001000010111110
11110101011110110111000010111110
11110101100001110101000010111110
11110101100100110011000010111110
11110101100111110001000010111110
11110101101010101111000010111110
11110101101101101101000010111110
11110101110000101011000010111110
11110101110011101001000010111110
11110101110110100111000010111101
11110101111001100100000010111110
11110101111100100010000010111110
11110101111111100000000010111110
11110110000010011110000010111101
11110110000101011011000010111110
11110110001000011001000010111110
11110110001011010111000010111101
11110110001110010100000010111110
11110110010001010010000010111110
11110110010100010000000010111101
11110110010111001101000010111110
11110110011010001011000010111101
11110110011101001000000010111110
11110110100000000110000010111101
11110110100011000011000010111110
11110110100110000001000010111101
11110110101000111110000010111101
11110110101011111011000010111110
11110110101110111001000010111101
11110110110001110110000010111101
11110110110100110011000010111110
11110110110111110001000010111101
11110110111010101110000010111101
11110110111101101011000010111101
11110111000000101000000010111110
11110111000011100110000010111101
11110111000110100011000010111101
11110111001001100000000010111101
11110111001100011101000010111101
11110111001111011010000010111101
11110111010010010111000010111101
11110111010101010100000010111101
11110111011000010001000010111101
11110111011011001110000010111101
11110111011110001011000010111101
11110111100001001000000010111101
11110111100100000101000010111101
11110111100111000010000010111101
11110111101001111111000010111101
11110111101100111100000010111101
11110111101111111001000010111101
11110111110010110110000010111100
11110111110101110010000010111101
11110111111000101111000010111101
11110111111011101100000010111101
11110111111110101001000010111100
11111000000001100101000010111101
11111000000100100010000010111101
11111000000111011111000010111100
11111000001010011011000010111101
11111000001101011000000010111101
11111000010000010101000010111100
11111000010011010001000010111101
11111000010110001110000010111100
11111000011001001010000010111101
11111000011100000111000010111100
11111000011111000011000010111101
11111000100010000000000010111100
11111000100100111100000010111101
11111000100111111001000010111100
11111000101010110101000010111100
11111000101101110001000010111101
11111000110000101110000010111100
11111000110011101010000010111100
11111000110110100110000010111100
11111000111001100010000010111101
11111000111100011111000010111100
11111000111111011011000010111100
11111001000010010111000010111100
11111001000101010011000010111100
11111001001000001111000010111101
11111001001011001100000010111100
11111001001110001000000010111100
11111001010001000100000010111100
11111001010100000000000010111100
11111001010110111100000010111100
11111001011001111000000010111100
11111001011100110100000010111100
11111001011111110000000010111100
11111001100010101100000010111100
11111001100101101000000010111011
11111001101000100011000010111100
11111001101011011111000010111100
11111001101110011011000010111100
11111001110001010111000010111100
11111001110100010011000010111100
11111001110111001111000010111011
11111001111010001010000010111100
11111001111101000110000010111100
11111010000000000010000010111011
11111010000010111101000010111100
11111010000101111001000010111100
11111010001000110101000010111011
11111010001011110000000010111100
11111010001110101100000010111011
11111010010001100111000010111100
11111010010100100011000010111011
11111010010111011110000010111100
11111010011010011010000010111011
11111010011101010101000010111100
11111010100000010001000010111011
11111010100011001100000010111100
11111010100110001000000010111011
11111010101001000011000010111011
11111010101011111110000010111100
11111010101110111010000010111011
11111010110001110101000010111011
11111010110100110000000010111100
11111010110111101100000010111011
11111010111010100111000010111011
11111010111101100010000010111011
11111011000000011101000010111011
11111011000011011000000010111100
11111011000110010100000010111011
11111011001001001111000010111011
11111011001100001010000010111011
11111011001111000101000010111011
11111011010010000000000010111011
11111011010100111011000010111011
11111011010111110110000010111011
11111011011010110001000010111011
11111011011101101100000010111011
11111011100000100111000010111011
11111011100011100010000010111011
11111011100110011101000010111010
11111011101001010111000010111011
11111011101100010010000010111011
11111011101111001101000010111011
11111011110010001000000010111011
11111011110101000011000010111010
11111011110111111101000010111011
11111011111010111000000010111011
11111011111101110011000010111011
11111100000000101110000010111010
11111100000011101000000010111011
11111100000110100011000010111010
11111100001001011101000010111011
11111100001100011000000010111011
11111100001111010011000010111010
11111100010010001101000010111011
11111100010101001000000010111010
11111100011000000010000010111011
11111100011010111101000010111010
11111100011101110111000010111011
11111100100000110010000010111010
11111100100011101100000010111010
11111100100110100110000010111011
11111100101001100001000010111010
11111100101100011011000010111010
11111100101111010101000010111011
11111100110010010000000010111010
11111100110101001010000010111010
11111100111000000100000010111010
11111100111010111110000010111011
11111100111101111001000010111010
11111101000000110011000010111010
11111101000011101101000010111010
11111101000110100111000010111010
11111101001001100001000010111010
11111101001100011011000010111010
11111101001111010101000010111010
11111101010010001111000010111010
11111101010101001001000010111010
11111101011000000011000010111010
11111101011010111101000010111010
11111101011101110111000010111010
11111101100000110001000010111010
11111101100011101011000010111010
11111101100110100101000010111010
11111101101001011111000010111010
11111101101100011001000010111001
11111101101111010010000010111010
11111101110010001100000010111010
11111101110101000110000010111010
11111101111000000000000010111001
11111101111010111001000010111010
11111101111101110011000010111010
11111110000000101101000010111001
11111110000011100110000010111010
11111110000110100000000010111010
11111110001001011010000010111001
11111110001100010011000010111010
11111110001111001101000010111001
11111110010010000110000010111010
11111110010101000000000010111001
11111110010111111001000010111010
11111110011010110011000010111001
11111110011101101100000010111010
11111110100000100110000010111001
11111110100011011111000010111010
11111110100110011001000010111001
11111110101001010010000010111001
11111110101100001011000010111010
11111110101111000101000010111001
11111110110001111110000010111001
11111110110100110111000010111001
11111110110111110000000010111010
11111110111010101010000010111001
11111110111101100011000010111001
11111111000000011100000010111001
11111111000011010101000010111001
11111111000110001110000010111001
11111111001001000111000010111001
11111111001100000000000010111001
11111111001110111001000010111001
11111111010001110010000010111001
11111111010100101011000010111001
11111111010111100100000010111001
11111111011010011101000010111001
11111111011101010110000010111001
11111111100000001111000010111001
11111111100011001000000010111001
11111111100110000001000010111001
11111111101000111010000010111001
11111111101011110011000010111001
11111111101110101100000010111000
11111111110001100100000010111001
11111111110100011101000010111001
11111111110111010110000010111001
11111111111010001111000010111000
11111111111101000111000010111001
