Copyright 1986-2022 Xilinx, Inc. All Rights Reserved. Copyright 2022-2025 Advanced Micro Devices, Inc. All Rights Reserved.
-----------------------------------------------------------------------------------------------------------------------------------------------------------------------------------------------------------------
| Tool Version : Vivado v.2025.2 (lin64) Build 6299465 Fri Nov 14 12:34:56 MST 2025
| Date         : Wed Aug 19 02:19:30 2026
| Host         : borek running 64-bit Ubuntu 26.04 LTS
| Command      : report_timing_summary -delay_type min_max -report_unconstrained -check_timing_verbose -max_paths 10 -file <isolated-build>/build_results/PCB_timing_summary_routed.rpt
| Design       : PCB
| Device       : 7a35t-cpg236
| Speed File   : -1  PRODUCTION 1.23 2018-06-13
| Design State : Routed
-----------------------------------------------------------------------------------------------------------------------------------------------------------------------------------------------------------------

Timing Summary Report

------------------------------------------------------------------------------------------------
| Timer Settings
| --------------
------------------------------------------------------------------------------------------------

  Enable Multi Corner Analysis               :  Yes
  Enable Pessimism Removal                   :  Yes
  Pessimism Removal Resolution               :  Nearest Common Node
  Enable Input Delay Default Clock           :  No
  Enable Preset / Clear Arcs                 :  No
  Disable Flight Delays                      :  No
  Ignore I/O Paths                           :  No
  Timing Early Launch at Borrowing Latches   :  No
  Borrow Time for Max Delay Exceptions       :  Yes
  Merge Timing Exceptions                    :  Yes
  Inter-SLR Compensation                     :  Conservative

  Corner  Analyze    Analyze    
  Name    Max Paths  Min Paths  
  ------  ---------  ---------  
  Slow    Yes        Yes        
  Fast    Yes        Yes        


------------------------------------------------------------------------------------------------
| Report Methodology
| ------------------
------------------------------------------------------------------------------------------------

No report available as report_methodology has not been run prior. Run report_methodology on the current design for the summary of methodology violations.



check_timing report

Table of Contents
-----------------
1. checking no_clock (0)
2. checking constant_clock (0)
3. checking pulse_width_clock (0)
4. checking unconstrained_internal_endpoints (0)
5. checking no_input_delay (3)
6. checking no_output_delay (4)
7. checking multiple_clock (0)
8. checking generated_clocks (0)
9. checking loops (0)
10. checking partial_input_delay (0)
11. checking partial_output_delay (0)
12. checking latch_loops (0)

1. checking no_clock (0)
------------------------
 There are 0 register/latch pins with no clock.


2. checking constant_clock (0)
------------------------------
 There are 0 register/latch pins with constant_clock.


3. checking pulse_width_clock (0)
---------------------------------
 There are 0 register/latch pins which need pulse_width check


4. checking unconstrained_internal_endpoints (0)
------------------------------------------------
 There are 0 pins that are not constrained for maximum delay.

 There are 0 pins that are not constrained for maximum delay due to constant clock.


5. checking no_input_delay (3)
------------------------------
 There is 1 input port with no input delay specified. (HIGH)

spi_miso

 There are 2 input ports with no input delay but user has a false path constraint. (MEDIUM)

reset_in
start_in


6. checking no_output_delay (4)
-------------------------------
 There are 2 ports with no output delay specified. (HIGH)

cs_out
spi_clk

 There are 2 ports with no output delay but user has a false path constraint (MEDIUM)

ready_out
txd_out

 There are 0 ports with no output delay but with a timing clock defined on it or propagating through it


7. checking multiple_clock (0)
------------------------------
 There are 0 register/latch pins with multiple clocks.


8. checking generated_clocks (0)
--------------------------------
 There are 0 generated clocks that are not connected to a clock source.


9. checking loops (0)
---------------------
 There are 0 combinational loops in the design.


10. checking partial_input_delay (0)
------------------------------------
 There are 0 input ports with partial input delay specified.


11. checking partial_output_delay (0)
-------------------------------------
 There are 0 ports with partial output delay specified.


12. checking latch_loops (0)
----------------------------
 There are 0 combinational latch loops in the design through latch input



------------------------------------------------------------------------------------------------
| Design Timing Summary
| ---------------------
------------------------------------------------------------------------------------------------

    WNS(ns)      TNS(ns)  TNS Failing Endpoints  TNS Total Endpoints      WHS(ns)      THS(ns)  THS Failing Endpoints  THS Total Endpoints     WPWS(ns)     TPWS(ns)  TPWS Failing Endpoints  TPWS Total Endpoints  
    -------      -------  ---------------------  -------------------      -------      -------  ---------------------  -------------------     --------     --------  ----------------------  --------------------  
      6.899        0.000                      0                  195        0.131        0.000                      0                  195        3.000        0.000                       0                   130  


All user specified timing constraints are met.


------------------------------------------------------------------------------------------------
| Clock Summary
| -------------
------------------------------------------------------------------------------------------------

Clock                 Waveform(ns)       Period(ns)      Frequency(MHz)
-----                 ------------       ----------      --------------
sys_clk_pin           {0.000 5.000}      10.000          100.000         
  clk_out1_clk_wiz_0  {0.000 13.889}     27.778          36.000          
  clkfbout_clk_wiz_0  {0.000 25.000}     50.000          20.000          


------------------------------------------------------------------------------------------------
| Intra Clock Table
| -----------------
------------------------------------------------------------------------------------------------

Clock                     WNS(ns)      TNS(ns)  TNS Failing Endpoints  TNS Total Endpoints      WHS(ns)      THS(ns)  THS Failing Endpoints  THS Total Endpoints     WPWS(ns)     TPWS(ns)  TPWS Failing Endpoints  TPWS Total Endpoints  
-----                     -------      -------  ---------------------  -------------------      -------      -------  ---------------------  -------------------     --------     --------  ----------------------  --------------------  
sys_clk_pin                 6.899        0.000                      0                   46        0.178        0.000                      0                   46        3.000        0.000                       0                    40  
  clk_out1_clk_wiz_0       23.232        0.000                      0                  149        0.131        0.000                      0                  149       13.389        0.000                       0                    87  
  clkfbout_clk_wiz_0                                                                                                                                                   47.845        0.000                       0                     3  


------------------------------------------------------------------------------------------------
| Inter Clock Table
| -----------------
------------------------------------------------------------------------------------------------

From Clock    To Clock          WNS(ns)      TNS(ns)  TNS Failing Endpoints  TNS Total Endpoints      WHS(ns)      THS(ns)  THS Failing Endpoints  THS Total Endpoints  
----------    --------          -------      -------  ---------------------  -------------------      -------      -------  ---------------------  -------------------  


------------------------------------------------------------------------------------------------
| Other Path Groups Table
| -----------------------
------------------------------------------------------------------------------------------------

Path Group    From Clock    To Clock          WNS(ns)      TNS(ns)  TNS Failing Endpoints  TNS Total Endpoints      WHS(ns)      THS(ns)  THS Failing Endpoints  THS Total Endpoints  
----------    ----------    --------          -------      -------  ---------------------  -------------------      -------      -------  ---------------------  -------------------  


------------------------------------------------------------------------------------------------
| User Ignored Path Table
| -----------------------
------------------------------------------------------------------------------------------------

Path Group          From Clock          To Clock          
----------          ----------          --------          
(none)                                                      
(none)              sys_clk_pin                             
(none)                                  clk_out1_clk_wiz_0  
(none)              sys_clk_pin         clk_out1_clk_wiz_0  
(none)                                  sys_clk_pin         
(none)              clk_out1_clk_wiz_0  sys_clk_pin         


------------------------------------------------------------------------------------------------
| Unconstrained Path Table
| ------------------------
------------------------------------------------------------------------------------------------

Path Group          From Clock          To Clock          
----------          ----------          --------          
(none)              clk_out1_clk_wiz_0                      
(none)                                  clk_out1_clk_wiz_0  


------------------------------------------------------------------------------------------------
| Timing Details
| --------------
------------------------------------------------------------------------------------------------


---------------------------------------------------------------------------------------------------
From Clock:  sys_clk_pin
  To Clock:  sys_clk_pin

Setup :            0  Failing Endpoints,  Worst Slack        6.899ns,  Total Violation        0.000ns
Hold  :            0  Failing Endpoints,  Worst Slack        0.178ns,  Total Violation        0.000ns
PW    :            0  Failing Endpoints,  Worst Slack        3.000ns,  Total Violation        0.000ns
---------------------------------------------------------------------------------------------------


Max Delay Paths
--------------------------------------------------------------------------------------
Slack (MET) :             6.899ns  (required time - arrival time)
  Source:                 uart_shift_reg[2]/C
                            (rising edge-triggered cell FDRE clocked by sys_clk_pin  {rise@0.000ns fall@5.000ns period=10.000ns})
  Destination:            txd_r_reg/D
                            (rising edge-triggered cell FDSE clocked by sys_clk_pin  {rise@0.000ns fall@5.000ns period=10.000ns})
  Path Group:             sys_clk_pin
  Path Type:              Setup (Max at Slow Process Corner)
  Requirement:            10.000ns  (sys_clk_pin rise@10.000ns - sys_clk_pin rise@0.000ns)
  Data Path Delay:        2.969ns  (logic 0.704ns (23.712%)  route 2.265ns (76.288%))
  Logic Levels:           2  (LUT5=1 LUT6=1)
  Clock Path Skew:        -0.035ns (DCD - SCD + CPR)
    Destination Clock Delay (DCD):    4.841ns = ( 14.841 - 10.000 ) 
    Source Clock Delay      (SCD):    5.136ns
    Clock Pessimism Removal (CPR):    0.260ns
  Clock Uncertainty:      0.035ns  ((TSJ^2 + TIJ^2)^1/2 + DJ) / 2 + PE
    Total System Jitter     (TSJ):    0.071ns
    Total Input Jitter      (TIJ):    0.000ns
    Discrete Jitter          (DJ):    0.000ns
    Phase Error              (PE):    0.000ns

    Location             Delay type                Incr(ns)  Path(ns)    Netlist Resource(s)
  -------------------------------------------------------------------    -------------------
                         (clock sys_clk_pin rise edge)
                                                      0.000     0.000 r  
    W5                                                0.000     0.000 r  clock_in (IN)
                         net (fo=0)                   0.000     0.000    clock_in
    W5                   IBUF (Prop_ibuf_I_O)         1.458     1.458 r  clock_in_IBUF_inst/O
                         net (fo=1, routed)           1.967     3.425    clock_in_IBUF
    BUFGCTRL_X0Y1        BUFG (Prop_bufg_I_O)         0.096     3.521 r  clock_in_IBUF_BUFG_inst/O
                         net (fo=39, routed)          1.615     5.136    clock_in_IBUF_BUFG
    SLICE_X7Y24          FDRE                                         r  uart_shift_reg[2]/C
  -------------------------------------------------------------------    -------------------
    SLICE_X7Y24          FDRE (Prop_fdre_C_Q)         0.456     5.592 r  uart_shift_reg[2]/Q
                         net (fo=1, routed)           1.084     6.676    uart_shift_reg_n_0_[2]
    SLICE_X7Y24          LUT6 (Prop_lut6_I1_O)        0.124     6.800 r  txd_r_i_3/O
                         net (fo=1, routed)           0.689     7.489    txd_r_i_3_n_0
    SLICE_X6Y25          LUT5 (Prop_lut5_I3_O)        0.124     7.613 r  txd_r_i_1/O
                         net (fo=1, routed)           0.492     8.105    txd_r
    SLICE_X5Y25          FDSE                                         r  txd_r_reg/D
  -------------------------------------------------------------------    -------------------

                         (clock sys_clk_pin rise edge)
                                                     10.000    10.000 r  
    W5                                                0.000    10.000 r  clock_in (IN)
                         net (fo=0)                   0.000    10.000    clock_in
    W5                   IBUF (Prop_ibuf_I_O)         1.388    11.388 r  clock_in_IBUF_inst/O
                         net (fo=1, routed)           1.862    13.250    clock_in_IBUF
    BUFGCTRL_X0Y1        BUFG (Prop_bufg_I_O)         0.091    13.341 r  clock_in_IBUF_BUFG_inst/O
                         net (fo=39, routed)          1.500    14.841    clock_in_IBUF_BUFG
    SLICE_X5Y25          FDSE                                         r  txd_r_reg/C
                         clock pessimism              0.260    15.101    
                         clock uncertainty           -0.035    15.066    
    SLICE_X5Y25          FDSE (Setup_fdse_C_D)       -0.062    15.004    txd_r_reg
  -------------------------------------------------------------------
                         required time                         15.004    
                         arrival time                          -8.105    
  -------------------------------------------------------------------
                         slack                                  6.899    

Slack (MET) :             6.939ns  (required time - arrival time)
  Source:                 uart_div_cnt_reg[3]/C
                            (rising edge-triggered cell FDRE clocked by sys_clk_pin  {rise@0.000ns fall@5.000ns period=10.000ns})
  Destination:            uart_div_cnt_reg[3]/D
                            (rising edge-triggered cell FDRE clocked by sys_clk_pin  {rise@0.000ns fall@5.000ns period=10.000ns})
  Path Group:             sys_clk_pin
  Path Type:              Setup (Max at Slow Process Corner)
  Requirement:            10.000ns  (sys_clk_pin rise@10.000ns - sys_clk_pin rise@0.000ns)
  Data Path Delay:        2.789ns  (logic 1.020ns (36.571%)  route 1.769ns (63.429%))
  Logic Levels:           3  (LUT4=1 LUT5=1 LUT6=1)
  Clock Path Skew:        0.000ns (DCD - SCD + CPR)
    Destination Clock Delay (DCD):    4.843ns = ( 14.843 - 10.000 ) 
    Source Clock Delay      (SCD):    5.138ns
    Clock Pessimism Removal (CPR):    0.295ns
  Clock Uncertainty:      0.035ns  ((TSJ^2 + TIJ^2)^1/2 + DJ) / 2 + PE
    Total System Jitter     (TSJ):    0.071ns
    Total Input Jitter      (TIJ):    0.000ns
    Discrete Jitter          (DJ):    0.000ns
    Phase Error              (PE):    0.000ns

    Location             Delay type                Incr(ns)  Path(ns)    Netlist Resource(s)
  -------------------------------------------------------------------    -------------------
                         (clock sys_clk_pin rise edge)
                                                      0.000     0.000 r  
    W5                                                0.000     0.000 r  clock_in (IN)
                         net (fo=0)                   0.000     0.000    clock_in
    W5                   IBUF (Prop_ibuf_I_O)         1.458     1.458 r  clock_in_IBUF_inst/O
                         net (fo=1, routed)           1.967     3.425    clock_in_IBUF
    BUFGCTRL_X0Y1        BUFG (Prop_bufg_I_O)         0.096     3.521 r  clock_in_IBUF_BUFG_inst/O
                         net (fo=39, routed)          1.617     5.138    clock_in_IBUF_BUFG
    SLICE_X6Y23          FDRE                                         r  uart_div_cnt_reg[3]/C
  -------------------------------------------------------------------    -------------------
    SLICE_X6Y23          FDRE (Prop_fdre_C_Q)         0.478     5.616 f  uart_div_cnt_reg[3]/Q
                         net (fo=6, routed)           0.605     6.221    uart_div_cnt__0[3]
    SLICE_X7Y22          LUT4 (Prop_lut4_I2_O)        0.301     6.522 f  uart_div_cnt[2]_i_2/O
                         net (fo=2, routed)           0.322     6.844    uart_div_cnt[2]_i_2_n_0
    SLICE_X6Y23          LUT6 (Prop_lut6_I2_O)        0.124     6.968 r  FSM_sequential_uart_state[1]_i_2/O
                         net (fo=7, routed)           0.318     7.287    FSM_sequential_uart_state[1]_i_2_n_0
    SLICE_X6Y23          LUT5 (Prop_lut5_I0_O)        0.117     7.404 r  uart_div_cnt[3]_i_1/O
                         net (fo=1, routed)           0.524     7.927    uart_div_cnt[3]
    SLICE_X6Y23          FDRE                                         r  uart_div_cnt_reg[3]/D
  -------------------------------------------------------------------    -------------------

                         (clock sys_clk_pin rise edge)
                                                     10.000    10.000 r  
    W5                                                0.000    10.000 r  clock_in (IN)
                         net (fo=0)                   0.000    10.000    clock_in
    W5                   IBUF (Prop_ibuf_I_O)         1.388    11.388 r  clock_in_IBUF_inst/O
                         net (fo=1, routed)           1.862    13.250    clock_in_IBUF
    BUFGCTRL_X0Y1        BUFG (Prop_bufg_I_O)         0.091    13.341 r  clock_in_IBUF_BUFG_inst/O
                         net (fo=39, routed)          1.502    14.843    clock_in_IBUF_BUFG
    SLICE_X6Y23          FDRE                                         r  uart_div_cnt_reg[3]/C
                         clock pessimism              0.295    15.138    
                         clock uncertainty           -0.035    15.103    
    SLICE_X6Y23          FDRE (Setup_fdre_C_D)       -0.237    14.866    uart_div_cnt_reg[3]
  -------------------------------------------------------------------
                         required time                         14.866    
                         arrival time                          -7.927    
  -------------------------------------------------------------------
                         slack                                  6.939    

Slack (MET) :             7.205ns  (required time - arrival time)
  Source:                 sample_req_seen_u_reg/C
                            (rising edge-triggered cell FDRE clocked by sys_clk_pin  {rise@0.000ns fall@5.000ns period=10.000ns})
  Destination:            tx_word_reg[10]/CE
                            (rising edge-triggered cell FDRE clocked by sys_clk_pin  {rise@0.000ns fall@5.000ns period=10.000ns})
  Path Group:             sys_clk_pin
  Path Type:              Setup (Max at Slow Process Corner)
  Requirement:            10.000ns  (sys_clk_pin rise@10.000ns - sys_clk_pin rise@0.000ns)
  Data Path Delay:        2.329ns  (logic 0.668ns (28.686%)  route 1.661ns (71.314%))
  Logic Levels:           1  (LUT3=1)
  Clock Path Skew:        -0.022ns (DCD - SCD + CPR)
    Destination Clock Delay (DCD):    4.841ns = ( 14.841 - 10.000 ) 
    Source Clock Delay      (SCD):    5.136ns
    Clock Pessimism Removal (CPR):    0.273ns
  Clock Uncertainty:      0.035ns  ((TSJ^2 + TIJ^2)^1/2 + DJ) / 2 + PE
    Total System Jitter     (TSJ):    0.071ns
    Total Input Jitter      (TIJ):    0.000ns
    Discrete Jitter          (DJ):    0.000ns
    Phase Error              (PE):    0.000ns

    Location             Delay type                Incr(ns)  Path(ns)    Netlist Resource(s)
  -------------------------------------------------------------------    -------------------
                         (clock sys_clk_pin rise edge)
                                                      0.000     0.000 r  
    W5                                                0.000     0.000 r  clock_in (IN)
                         net (fo=0)                   0.000     0.000    clock_in
    W5                   IBUF (Prop_ibuf_I_O)         1.458     1.458 r  clock_in_IBUF_inst/O
                         net (fo=1, routed)           1.967     3.425    clock_in_IBUF
    BUFGCTRL_X0Y1        BUFG (Prop_bufg_I_O)         0.096     3.521 r  clock_in_IBUF_BUFG_inst/O
                         net (fo=39, routed)          1.615     5.136    clock_in_IBUF_BUFG
    SLICE_X6Y24          FDRE                                         r  sample_req_seen_u_reg/C
  -------------------------------------------------------------------    -------------------
    SLICE_X6Y24          FDRE (Prop_fdre_C_Q)         0.518     5.654 r  sample_req_seen_u_reg/Q
                         net (fo=5, routed)           1.320     6.974    sample_ack_uart
    SLICE_X6Y24          LUT3 (Prop_lut3_I0_O)        0.150     7.124 r  tx_word[11]_i_1/O
                         net (fo=13, routed)          0.340     7.465    sample_req_seen_u0
    SLICE_X5Y24          FDRE                                         r  tx_word_reg[10]/CE
  -------------------------------------------------------------------    -------------------

                         (clock sys_clk_pin rise edge)
                                                     10.000    10.000 r  
    W5                                                0.000    10.000 r  clock_in (IN)
                         net (fo=0)                   0.000    10.000    clock_in
    W5                   IBUF (Prop_ibuf_I_O)         1.388    11.388 r  clock_in_IBUF_inst/O
                         net (fo=1, routed)           1.862    13.250    clock_in_IBUF
    BUFGCTRL_X0Y1        BUFG (Prop_bufg_I_O)         0.091    13.341 r  clock_in_IBUF_BUFG_inst/O
                         net (fo=39, routed)          1.500    14.841    clock_in_IBUF_BUFG
    SLICE_X5Y24          FDRE                                         r  tx_word_reg[10]/C
                         clock pessimism              0.273    15.114    
                         clock uncertainty           -0.035    15.079    
    SLICE_X5Y24          FDRE (Setup_fdre_C_CE)      -0.409    14.670    tx_word_reg[10]
  -------------------------------------------------------------------
                         required time                         14.670    
                         arrival time                          -7.465    
  -------------------------------------------------------------------
                         slack                                  7.205    

Slack (MET) :             7.205ns  (required time - arrival time)
  Source:                 sample_req_seen_u_reg/C
                            (rising edge-triggered cell FDRE clocked by sys_clk_pin  {rise@0.000ns fall@5.000ns period=10.000ns})
  Destination:            tx_word_reg[11]/CE
                            (rising edge-triggered cell FDRE clocked by sys_clk_pin  {rise@0.000ns fall@5.000ns period=10.000ns})
  Path Group:             sys_clk_pin
  Path Type:              Setup (Max at Slow Process Corner)
  Requirement:            10.000ns  (sys_clk_pin rise@10.000ns - sys_clk_pin rise@0.000ns)
  Data Path Delay:        2.329ns  (logic 0.668ns (28.686%)  route 1.661ns (71.314%))
  Logic Levels:           1  (LUT3=1)
  Clock Path Skew:        -0.022ns (DCD - SCD + CPR)
    Destination Clock Delay (DCD):    4.841ns = ( 14.841 - 10.000 ) 
    Source Clock Delay      (SCD):    5.136ns
    Clock Pessimism Removal (CPR):    0.273ns
  Clock Uncertainty:      0.035ns  ((TSJ^2 + TIJ^2)^1/2 + DJ) / 2 + PE
    Total System Jitter     (TSJ):    0.071ns
    Total Input Jitter      (TIJ):    0.000ns
    Discrete Jitter          (DJ):    0.000ns
    Phase Error              (PE):    0.000ns

    Location             Delay type                Incr(ns)  Path(ns)    Netlist Resource(s)
  -------------------------------------------------------------------    -------------------
                         (clock sys_clk_pin rise edge)
                                                      0.000     0.000 r  
    W5                                                0.000     0.000 r  clock_in (IN)
                         net (fo=0)                   0.000     0.000    clock_in
    W5                   IBUF (Prop_ibuf_I_O)         1.458     1.458 r  clock_in_IBUF_inst/O
                         net (fo=1, routed)           1.967     3.425    clock_in_IBUF
    BUFGCTRL_X0Y1        BUFG (Prop_bufg_I_O)         0.096     3.521 r  clock_in_IBUF_BUFG_inst/O
                         net (fo=39, routed)          1.615     5.136    clock_in_IBUF_BUFG
    SLICE_X6Y24          FDRE                                         r  sample_req_seen_u_reg/C
  -------------------------------------------------------------------    -------------------
    SLICE_X6Y24          FDRE (Prop_fdre_C_Q)         0.518     5.654 r  sample_req_seen_u_reg/Q
                         net (fo=5, routed)           1.320     6.974    sample_ack_uart
    SLICE_X6Y24          LUT3 (Prop_lut3_I0_O)        0.150     7.124 r  tx_word[11]_i_1/O
                         net (fo=13, routed)          0.340     7.465    sample_req_seen_u0
    SLICE_X5Y24          FDRE                                         r  tx_word_reg[11]/CE
  -------------------------------------------------------------------    -------------------

                         (clock sys_clk_pin rise edge)
                                                     10.000    10.000 r  
    W5                                                0.000    10.000 r  clock_in (IN)
                         net (fo=0)                   0.000    10.000    clock_in
    W5                   IBUF (Prop_ibuf_I_O)         1.388    11.388 r  clock_in_IBUF_inst/O
                         net (fo=1, routed)           1.862    13.250    clock_in_IBUF
    BUFGCTRL_X0Y1        BUFG (Prop_bufg_I_O)         0.091    13.341 r  clock_in_IBUF_BUFG_inst/O
                         net (fo=39, routed)          1.500    14.841    clock_in_IBUF_BUFG
    SLICE_X5Y24          FDRE                                         r  tx_word_reg[11]/C
                         clock pessimism              0.273    15.114    
                         clock uncertainty           -0.035    15.079    
    SLICE_X5Y24          FDRE (Setup_fdre_C_CE)      -0.409    14.670    tx_word_reg[11]
  -------------------------------------------------------------------
                         required time                         14.670    
                         arrival time                          -7.465    
  -------------------------------------------------------------------
                         slack                                  7.205    

Slack (MET) :             7.205ns  (required time - arrival time)
  Source:                 sample_req_seen_u_reg/C
                            (rising edge-triggered cell FDRE clocked by sys_clk_pin  {rise@0.000ns fall@5.000ns period=10.000ns})
  Destination:            tx_word_reg[1]/CE
                            (rising edge-triggered cell FDRE clocked by sys_clk_pin  {rise@0.000ns fall@5.000ns period=10.000ns})
  Path Group:             sys_clk_pin
  Path Type:              Setup (Max at Slow Process Corner)
  Requirement:            10.000ns  (sys_clk_pin rise@10.000ns - sys_clk_pin rise@0.000ns)
  Data Path Delay:        2.329ns  (logic 0.668ns (28.686%)  route 1.661ns (71.314%))
  Logic Levels:           1  (LUT3=1)
  Clock Path Skew:        -0.022ns (DCD - SCD + CPR)
    Destination Clock Delay (DCD):    4.841ns = ( 14.841 - 10.000 ) 
    Source Clock Delay      (SCD):    5.136ns
    Clock Pessimism Removal (CPR):    0.273ns
  Clock Uncertainty:      0.035ns  ((TSJ^2 + TIJ^2)^1/2 + DJ) / 2 + PE
    Total System Jitter     (TSJ):    0.071ns
    Total Input Jitter      (TIJ):    0.000ns
    Discrete Jitter          (DJ):    0.000ns
    Phase Error              (PE):    0.000ns

    Location             Delay type                Incr(ns)  Path(ns)    Netlist Resource(s)
  -------------------------------------------------------------------    -------------------
                         (clock sys_clk_pin rise edge)
                                                      0.000     0.000 r  
    W5                                                0.000     0.000 r  clock_in (IN)
                         net (fo=0)                   0.000     0.000    clock_in
    W5                   IBUF (Prop_ibuf_I_O)         1.458     1.458 r  clock_in_IBUF_inst/O
                         net (fo=1, routed)           1.967     3.425    clock_in_IBUF
    BUFGCTRL_X0Y1        BUFG (Prop_bufg_I_O)         0.096     3.521 r  clock_in_IBUF_BUFG_inst/O
                         net (fo=39, routed)          1.615     5.136    clock_in_IBUF_BUFG
    SLICE_X6Y24          FDRE                                         r  sample_req_seen_u_reg/C
  -------------------------------------------------------------------    -------------------
    SLICE_X6Y24          FDRE (Prop_fdre_C_Q)         0.518     5.654 r  sample_req_seen_u_reg/Q
                         net (fo=5, routed)           1.320     6.974    sample_ack_uart
    SLICE_X6Y24          LUT3 (Prop_lut3_I0_O)        0.150     7.124 r  tx_word[11]_i_1/O
                         net (fo=13, routed)          0.340     7.465    sample_req_seen_u0
    SLICE_X5Y24          FDRE                                         r  tx_word_reg[1]/CE
  -------------------------------------------------------------------    -------------------

                         (clock sys_clk_pin rise edge)
                                                     10.000    10.000 r  
    W5                                                0.000    10.000 r  clock_in (IN)
                         net (fo=0)                   0.000    10.000    clock_in
    W5                   IBUF (Prop_ibuf_I_O)         1.388    11.388 r  clock_in_IBUF_inst/O
                         net (fo=1, routed)           1.862    13.250    clock_in_IBUF
    BUFGCTRL_X0Y1        BUFG (Prop_bufg_I_O)         0.091    13.341 r  clock_in_IBUF_BUFG_inst/O
                         net (fo=39, routed)          1.500    14.841    clock_in_IBUF_BUFG
    SLICE_X5Y24          FDRE                                         r  tx_word_reg[1]/C
                         clock pessimism              0.273    15.114    
                         clock uncertainty           -0.035    15.079    
    SLICE_X5Y24          FDRE (Setup_fdre_C_CE)      -0.409    14.670    tx_word_reg[1]
  -------------------------------------------------------------------
                         required time                         14.670    
                         arrival time                          -7.465    
  -------------------------------------------------------------------
                         slack                                  7.205    

Slack (MET) :             7.205ns  (required time - arrival time)
  Source:                 sample_req_seen_u_reg/C
                            (rising edge-triggered cell FDRE clocked by sys_clk_pin  {rise@0.000ns fall@5.000ns period=10.000ns})
  Destination:            tx_word_reg[2]/CE
                            (rising edge-triggered cell FDRE clocked by sys_clk_pin  {rise@0.000ns fall@5.000ns period=10.000ns})
  Path Group:             sys_clk_pin
  Path Type:              Setup (Max at Slow Process Corner)
  Requirement:            10.000ns  (sys_clk_pin rise@10.000ns - sys_clk_pin rise@0.000ns)
  Data Path Delay:        2.329ns  (logic 0.668ns (28.686%)  route 1.661ns (71.314%))
  Logic Levels:           1  (LUT3=1)
  Clock Path Skew:        -0.022ns (DCD - SCD + CPR)
    Destination Clock Delay (DCD):    4.841ns = ( 14.841 - 10.000 ) 
    Source Clock Delay      (SCD):    5.136ns
    Clock Pessimism Removal (CPR):    0.273ns
  Clock Uncertainty:      0.035ns  ((TSJ^2 + TIJ^2)^1/2 + DJ) / 2 + PE
    Total System Jitter     (TSJ):    0.071ns
    Total Input Jitter      (TIJ):    0.000ns
    Discrete Jitter          (DJ):    0.000ns
    Phase Error              (PE):    0.000ns

    Location             Delay type                Incr(ns)  Path(ns)    Netlist Resource(s)
  -------------------------------------------------------------------    -------------------
                         (clock sys_clk_pin rise edge)
                                                      0.000     0.000 r  
    W5                                                0.000     0.000 r  clock_in (IN)
                         net (fo=0)                   0.000     0.000    clock_in
    W5                   IBUF (Prop_ibuf_I_O)         1.458     1.458 r  clock_in_IBUF_inst/O
                         net (fo=1, routed)           1.967     3.425    clock_in_IBUF
    BUFGCTRL_X0Y1        BUFG (Prop_bufg_I_O)         0.096     3.521 r  clock_in_IBUF_BUFG_inst/O
                         net (fo=39, routed)          1.615     5.136    clock_in_IBUF_BUFG
    SLICE_X6Y24          FDRE                                         r  sample_req_seen_u_reg/C
  -------------------------------------------------------------------    -------------------
    SLICE_X6Y24          FDRE (Prop_fdre_C_Q)         0.518     5.654 r  sample_req_seen_u_reg/Q
                         net (fo=5, routed)           1.320     6.974    sample_ack_uart
    SLICE_X6Y24          LUT3 (Prop_lut3_I0_O)        0.150     7.124 r  tx_word[11]_i_1/O
                         net (fo=13, routed)          0.340     7.465    sample_req_seen_u0
    SLICE_X5Y24          FDRE                                         r  tx_word_reg[2]/CE
  -------------------------------------------------------------------    -------------------

                         (clock sys_clk_pin rise edge)
                                                     10.000    10.000 r  
    W5                                                0.000    10.000 r  clock_in (IN)
                         net (fo=0)                   0.000    10.000    clock_in
    W5                   IBUF (Prop_ibuf_I_O)         1.388    11.388 r  clock_in_IBUF_inst/O
                         net (fo=1, routed)           1.862    13.250    clock_in_IBUF
    BUFGCTRL_X0Y1        BUFG (Prop_bufg_I_O)         0.091    13.341 r  clock_in_IBUF_BUFG_inst/O
                         net (fo=39, routed)          1.500    14.841    clock_in_IBUF_BUFG
    SLICE_X5Y24          FDRE                                         r  tx_word_reg[2]/C
                         clock pessimism              0.273    15.114    
                         clock uncertainty           -0.035    15.079    
    SLICE_X5Y24          FDRE (Setup_fdre_C_CE)      -0.409    14.670    tx_word_reg[2]
  -------------------------------------------------------------------
                         required time                         14.670    
                         arrival time                          -7.465    
  -------------------------------------------------------------------
                         slack                                  7.205    

Slack (MET) :             7.205ns  (required time - arrival time)
  Source:                 sample_req_seen_u_reg/C
                            (rising edge-triggered cell FDRE clocked by sys_clk_pin  {rise@0.000ns fall@5.000ns period=10.000ns})
  Destination:            tx_word_reg[4]/CE
                            (rising edge-triggered cell FDRE clocked by sys_clk_pin  {rise@0.000ns fall@5.000ns period=10.000ns})
  Path Group:             sys_clk_pin
  Path Type:              Setup (Max at Slow Process Corner)
  Requirement:            10.000ns  (sys_clk_pin rise@10.000ns - sys_clk_pin rise@0.000ns)
  Data Path Delay:        2.329ns  (logic 0.668ns (28.686%)  route 1.661ns (71.314%))
  Logic Levels:           1  (LUT3=1)
  Clock Path Skew:        -0.022ns (DCD - SCD + CPR)
    Destination Clock Delay (DCD):    4.841ns = ( 14.841 - 10.000 ) 
    Source Clock Delay      (SCD):    5.136ns
    Clock Pessimism Removal (CPR):    0.273ns
  Clock Uncertainty:      0.035ns  ((TSJ^2 + TIJ^2)^1/2 + DJ) / 2 + PE
    Total System Jitter     (TSJ):    0.071ns
    Total Input Jitter      (TIJ):    0.000ns
    Discrete Jitter          (DJ):    0.000ns
    Phase Error              (PE):    0.000ns

    Location             Delay type                Incr(ns)  Path(ns)    Netlist Resource(s)
  -------------------------------------------------------------------    -------------------
                         (clock sys_clk_pin rise edge)
                                                      0.000     0.000 r  
    W5                                                0.000     0.000 r  clock_in (IN)
                         net (fo=0)                   0.000     0.000    clock_in
    W5                   IBUF (Prop_ibuf_I_O)         1.458     1.458 r  clock_in_IBUF_inst/O
                         net (fo=1, routed)           1.967     3.425    clock_in_IBUF
    BUFGCTRL_X0Y1        BUFG (Prop_bufg_I_O)         0.096     3.521 r  clock_in_IBUF_BUFG_inst/O
                         net (fo=39, routed)          1.615     5.136    clock_in_IBUF_BUFG
    SLICE_X6Y24          FDRE                                         r  sample_req_seen_u_reg/C
  -------------------------------------------------------------------    -------------------
    SLICE_X6Y24          FDRE (Prop_fdre_C_Q)         0.518     5.654 r  sample_req_seen_u_reg/Q
                         net (fo=5, routed)           1.320     6.974    sample_ack_uart
    SLICE_X6Y24          LUT3 (Prop_lut3_I0_O)        0.150     7.124 r  tx_word[11]_i_1/O
                         net (fo=13, routed)          0.340     7.465    sample_req_seen_u0
    SLICE_X5Y24          FDRE                                         r  tx_word_reg[4]/CE
  -------------------------------------------------------------------    -------------------

                         (clock sys_clk_pin rise edge)
                                                     10.000    10.000 r  
    W5                                                0.000    10.000 r  clock_in (IN)
                         net (fo=0)                   0.000    10.000    clock_in
    W5                   IBUF (Prop_ibuf_I_O)         1.388    11.388 r  clock_in_IBUF_inst/O
                         net (fo=1, routed)           1.862    13.250    clock_in_IBUF
    BUFGCTRL_X0Y1        BUFG (Prop_bufg_I_O)         0.091    13.341 r  clock_in_IBUF_BUFG_inst/O
                         net (fo=39, routed)          1.500    14.841    clock_in_IBUF_BUFG
    SLICE_X5Y24          FDRE                                         r  tx_word_reg[4]/C
                         clock pessimism              0.273    15.114    
                         clock uncertainty           -0.035    15.079    
    SLICE_X5Y24          FDRE (Setup_fdre_C_CE)      -0.409    14.670    tx_word_reg[4]
  -------------------------------------------------------------------
                         required time                         14.670    
                         arrival time                          -7.465    
  -------------------------------------------------------------------
                         slack                                  7.205    

Slack (MET) :             7.205ns  (required time - arrival time)
  Source:                 sample_req_seen_u_reg/C
                            (rising edge-triggered cell FDRE clocked by sys_clk_pin  {rise@0.000ns fall@5.000ns period=10.000ns})
  Destination:            tx_word_reg[7]/CE
                            (rising edge-triggered cell FDRE clocked by sys_clk_pin  {rise@0.000ns fall@5.000ns period=10.000ns})
  Path Group:             sys_clk_pin
  Path Type:              Setup (Max at Slow Process Corner)
  Requirement:            10.000ns  (sys_clk_pin rise@10.000ns - sys_clk_pin rise@0.000ns)
  Data Path Delay:        2.329ns  (logic 0.668ns (28.686%)  route 1.661ns (71.314%))
  Logic Levels:           1  (LUT3=1)
  Clock Path Skew:        -0.022ns (DCD - SCD + CPR)
    Destination Clock Delay (DCD):    4.841ns = ( 14.841 - 10.000 ) 
    Source Clock Delay      (SCD):    5.136ns
    Clock Pessimism Removal (CPR):    0.273ns
  Clock Uncertainty:      0.035ns  ((TSJ^2 + TIJ^2)^1/2 + DJ) / 2 + PE
    Total System Jitter     (TSJ):    0.071ns
    Total Input Jitter      (TIJ):    0.000ns
    Discrete Jitter          (DJ):    0.000ns
    Phase Error              (PE):    0.000ns

    Location             Delay type                Incr(ns)  Path(ns)    Netlist Resource(s)
  -------------------------------------------------------------------    -------------------
                         (clock sys_clk_pin rise edge)
                                                      0.000     0.000 r  
    W5                                                0.000     0.000 r  clock_in (IN)
                         net (fo=0)                   0.000     0.000    clock_in
    W5                   IBUF (Prop_ibuf_I_O)         1.458     1.458 r  clock_in_IBUF_inst/O
                         net (fo=1, routed)           1.967     3.425    clock_in_IBUF
    BUFGCTRL_X0Y1        BUFG (Prop_bufg_I_O)         0.096     3.521 r  clock_in_IBUF_BUFG_inst/O
                         net (fo=39, routed)          1.615     5.136    clock_in_IBUF_BUFG
    SLICE_X6Y24          FDRE                                         r  sample_req_seen_u_reg/C
  -------------------------------------------------------------------    -------------------
    SLICE_X6Y24          FDRE (Prop_fdre_C_Q)         0.518     5.654 r  sample_req_seen_u_reg/Q
                         net (fo=5, routed)           1.320     6.974    sample_ack_uart
    SLICE_X6Y24          LUT3 (Prop_lut3_I0_O)        0.150     7.124 r  tx_word[11]_i_1/O
                         net (fo=13, routed)          0.340     7.465    sample_req_seen_u0
    SLICE_X5Y24          FDRE                                         r  tx_word_reg[7]/CE
  -------------------------------------------------------------------    -------------------

                         (clock sys_clk_pin rise edge)
                                                     10.000    10.000 r  
    W5                                                0.000    10.000 r  clock_in (IN)
                         net (fo=0)                   0.000    10.000    clock_in
    W5                   IBUF (Prop_ibuf_I_O)         1.388    11.388 r  clock_in_IBUF_inst/O
                         net (fo=1, routed)           1.862    13.250    clock_in_IBUF
    BUFGCTRL_X0Y1        BUFG (Prop_bufg_I_O)         0.091    13.341 r  clock_in_IBUF_BUFG_inst/O
                         net (fo=39, routed)          1.500    14.841    clock_in_IBUF_BUFG
    SLICE_X5Y24          FDRE                                         r  tx_word_reg[7]/C
                         clock pessimism              0.273    15.114    
                         clock uncertainty           -0.035    15.079    
    SLICE_X5Y24          FDRE (Setup_fdre_C_CE)      -0.409    14.670    tx_word_reg[7]
  -------------------------------------------------------------------
                         required time                         14.670    
                         arrival time                          -7.465    
  -------------------------------------------------------------------
                         slack                                  7.205    

Slack (MET) :             7.205ns  (required time - arrival time)
  Source:                 sample_req_seen_u_reg/C
                            (rising edge-triggered cell FDRE clocked by sys_clk_pin  {rise@0.000ns fall@5.000ns period=10.000ns})
  Destination:            tx_word_reg[9]/CE
                            (rising edge-triggered cell FDRE clocked by sys_clk_pin  {rise@0.000ns fall@5.000ns period=10.000ns})
  Path Group:             sys_clk_pin
  Path Type:              Setup (Max at Slow Process Corner)
  Requirement:            10.000ns  (sys_clk_pin rise@10.000ns - sys_clk_pin rise@0.000ns)
  Data Path Delay:        2.329ns  (logic 0.668ns (28.686%)  route 1.661ns (71.314%))
  Logic Levels:           1  (LUT3=1)
  Clock Path Skew:        -0.022ns (DCD - SCD + CPR)
    Destination Clock Delay (DCD):    4.841ns = ( 14.841 - 10.000 ) 
    Source Clock Delay      (SCD):    5.136ns
    Clock Pessimism Removal (CPR):    0.273ns
  Clock Uncertainty:      0.035ns  ((TSJ^2 + TIJ^2)^1/2 + DJ) / 2 + PE
    Total System Jitter     (TSJ):    0.071ns
    Total Input Jitter      (TIJ):    0.000ns
    Discrete Jitter          (DJ):    0.000ns
    Phase Error              (PE):    0.000ns

    Location             Delay type                Incr(ns)  Path(ns)    Netlist Resource(s)
  -------------------------------------------------------------------    -------------------
                         (clock sys_clk_pin rise edge)
                                                      0.000     0.000 r  
    W5                                                0.000     0.000 r  clock_in (IN)
                         net (fo=0)                   0.000     0.000    clock_in
    W5                   IBUF (Prop_ibuf_I_O)         1.458     1.458 r  clock_in_IBUF_inst/O
                         net (fo=1, routed)           1.967     3.425    clock_in_IBUF
    BUFGCTRL_X0Y1        BUFG (Prop_bufg_I_O)         0.096     3.521 r  clock_in_IBUF_BUFG_inst/O
                         net (fo=39, routed)          1.615     5.136    clock_in_IBUF_BUFG
    SLICE_X6Y24          FDRE                                         r  sample_req_seen_u_reg/C
  -------------------------------------------------------------------    -------------------
    SLICE_X6Y24          FDRE (Prop_fdre_C_Q)         0.518     5.654 r  sample_req_seen_u_reg/Q
                         net (fo=5, routed)           1.320     6.974    sample_ack_uart
    SLICE_X6Y24          LUT3 (Prop_lut3_I0_O)        0.150     7.124 r  tx_word[11]_i_1/O
                         net (fo=13, routed)          0.340     7.465    sample_req_seen_u0
    SLICE_X5Y24          FDRE                                         r  tx_word_reg[9]/CE
  -------------------------------------------------------------------    -------------------

                         (clock sys_clk_pin rise edge)
                                                     10.000    10.000 r  
    W5                                                0.000    10.000 r  clock_in (IN)
                         net (fo=0)                   0.000    10.000    clock_in
    W5                   IBUF (Prop_ibuf_I_O)         1.388    11.388 r  clock_in_IBUF_inst/O
                         net (fo=1, routed)           1.862    13.250    clock_in_IBUF
    BUFGCTRL_X0Y1        BUFG (Prop_bufg_I_O)         0.091    13.341 r  clock_in_IBUF_BUFG_inst/O
                         net (fo=39, routed)          1.500    14.841    clock_in_IBUF_BUFG
    SLICE_X5Y24          FDRE                                         r  tx_word_reg[9]/C
                         clock pessimism              0.273    15.114    
                         clock uncertainty           -0.035    15.079    
    SLICE_X5Y24          FDRE (Setup_fdre_C_CE)      -0.409    14.670    tx_word_reg[9]
  -------------------------------------------------------------------
                         required time                         14.670    
                         arrival time                          -7.465    
  -------------------------------------------------------------------
                         slack                                  7.205    

Slack (MET) :             7.302ns  (required time - arrival time)
  Source:                 uart_div_cnt_reg[3]/C
                            (rising edge-triggered cell FDRE clocked by sys_clk_pin  {rise@0.000ns fall@5.000ns period=10.000ns})
  Destination:            uart_bit_idx_reg[0]/D
                            (rising edge-triggered cell FDRE clocked by sys_clk_pin  {rise@0.000ns fall@5.000ns period=10.000ns})
  Path Group:             sys_clk_pin
  Path Type:              Setup (Max at Slow Process Corner)
  Requirement:            10.000ns  (sys_clk_pin rise@10.000ns - sys_clk_pin rise@0.000ns)
  Data Path Delay:        2.656ns  (logic 1.027ns (38.664%)  route 1.629ns (61.336%))
  Logic Levels:           3  (LUT4=2 LUT6=1)
  Clock Path Skew:        -0.037ns (DCD - SCD + CPR)
    Destination Clock Delay (DCD):    4.841ns = ( 14.841 - 10.000 ) 
    Source Clock Delay      (SCD):    5.138ns
    Clock Pessimism Removal (CPR):    0.260ns
  Clock Uncertainty:      0.035ns  ((TSJ^2 + TIJ^2)^1/2 + DJ) / 2 + PE
    Total System Jitter     (TSJ):    0.071ns
    Total Input Jitter      (TIJ):    0.000ns
    Discrete Jitter          (DJ):    0.000ns
    Phase Error              (PE):    0.000ns

    Location             Delay type                Incr(ns)  Path(ns)    Netlist Resource(s)
  -------------------------------------------------------------------    -------------------
                         (clock sys_clk_pin rise edge)
                                                      0.000     0.000 r  
    W5                                                0.000     0.000 r  clock_in (IN)
                         net (fo=0)                   0.000     0.000    clock_in
    W5                   IBUF (Prop_ibuf_I_O)         1.458     1.458 r  clock_in_IBUF_inst/O
                         net (fo=1, routed)           1.967     3.425    clock_in_IBUF
    BUFGCTRL_X0Y1        BUFG (Prop_bufg_I_O)         0.096     3.521 r  clock_in_IBUF_BUFG_inst/O
                         net (fo=39, routed)          1.617     5.138    clock_in_IBUF_BUFG
    SLICE_X6Y23          FDRE                                         r  uart_div_cnt_reg[3]/C
  -------------------------------------------------------------------    -------------------
    SLICE_X6Y23          FDRE (Prop_fdre_C_Q)         0.478     5.616 f  uart_div_cnt_reg[3]/Q
                         net (fo=6, routed)           0.605     6.221    uart_div_cnt__0[3]
    SLICE_X7Y22          LUT4 (Prop_lut4_I2_O)        0.301     6.522 f  uart_div_cnt[2]_i_2/O
                         net (fo=2, routed)           0.322     6.844    uart_div_cnt[2]_i_2_n_0
    SLICE_X6Y23          LUT6 (Prop_lut6_I2_O)        0.124     6.968 r  FSM_sequential_uart_state[1]_i_2/O
                         net (fo=7, routed)           0.702     7.670    FSM_sequential_uart_state[1]_i_2_n_0
    SLICE_X7Y25          LUT4 (Prop_lut4_I2_O)        0.124     7.794 r  uart_bit_idx[0]_i_1/O
                         net (fo=1, routed)           0.000     7.794    uart_bit_idx[0]_i_1_n_0
    SLICE_X7Y25          FDRE                                         r  uart_bit_idx_reg[0]/D
  -------------------------------------------------------------------    -------------------

                         (clock sys_clk_pin rise edge)
                                                     10.000    10.000 r  
    W5                                                0.000    10.000 r  clock_in (IN)
                         net (fo=0)                   0.000    10.000    clock_in
    W5                   IBUF (Prop_ibuf_I_O)         1.388    11.388 r  clock_in_IBUF_inst/O
                         net (fo=1, routed)           1.862    13.250    clock_in_IBUF
    BUFGCTRL_X0Y1        BUFG (Prop_bufg_I_O)         0.091    13.341 r  clock_in_IBUF_BUFG_inst/O
                         net (fo=39, routed)          1.500    14.841    clock_in_IBUF_BUFG
    SLICE_X7Y25          FDRE                                         r  uart_bit_idx_reg[0]/C
                         clock pessimism              0.260    15.101    
                         clock uncertainty           -0.035    15.066    
    SLICE_X7Y25          FDRE (Setup_fdre_C_D)        0.031    15.097    uart_bit_idx_reg[0]
  -------------------------------------------------------------------
                         required time                         15.097    
                         arrival time                          -7.794    
  -------------------------------------------------------------------
                         slack                                  7.302    





Min Delay Paths
--------------------------------------------------------------------------------------
Slack (MET) :             0.178ns  (arrival time - required time)
  Source:                 uart_div_cnt_reg[2]/C
                            (rising edge-triggered cell FDRE clocked by sys_clk_pin  {rise@0.000ns fall@5.000ns period=10.000ns})
  Destination:            uart_div_cnt_reg[4]/D
                            (rising edge-triggered cell FDRE clocked by sys_clk_pin  {rise@0.000ns fall@5.000ns period=10.000ns})
  Path Group:             sys_clk_pin
  Path Type:              Hold (Min at Fast Process Corner)
  Requirement:            0.000ns  (sys_clk_pin rise@0.000ns - sys_clk_pin rise@0.000ns)
  Data Path Delay:        0.312ns  (logic 0.186ns (59.709%)  route 0.126ns (40.291%))
  Logic Levels:           1  (LUT6=1)
  Clock Path Skew:        0.013ns (DCD - SCD - CPR)
    Destination Clock Delay (DCD):    1.976ns
    Source Clock Delay      (SCD):    1.464ns
    Clock Pessimism Removal (CPR):    0.499ns

    Location             Delay type                Incr(ns)  Path(ns)    Netlist Resource(s)
  -------------------------------------------------------------------    -------------------
                         (clock sys_clk_pin rise edge)
                                                      0.000     0.000 r  
    W5                                                0.000     0.000 r  clock_in (IN)
                         net (fo=0)                   0.000     0.000    clock_in
    W5                   IBUF (Prop_ibuf_I_O)         0.226     0.226 r  clock_in_IBUF_inst/O
                         net (fo=1, routed)           0.631     0.858    clock_in_IBUF
    BUFGCTRL_X0Y1        BUFG (Prop_bufg_I_O)         0.026     0.884 r  clock_in_IBUF_BUFG_inst/O
                         net (fo=39, routed)          0.581     1.464    clock_in_IBUF_BUFG
    SLICE_X7Y23          FDRE                                         r  uart_div_cnt_reg[2]/C
  -------------------------------------------------------------------    -------------------
    SLICE_X7Y23          FDRE (Prop_fdre_C_Q)         0.141     1.605 r  uart_div_cnt_reg[2]/Q
                         net (fo=7, routed)           0.126     1.731    uart_div_cnt__0[2]
    SLICE_X6Y23          LUT6 (Prop_lut6_I1_O)        0.045     1.776 r  uart_div_cnt[4]_i_1/O
                         net (fo=1, routed)           0.000     1.776    uart_div_cnt[4]_i_1_n_0
    SLICE_X6Y23          FDRE                                         r  uart_div_cnt_reg[4]/D
  -------------------------------------------------------------------    -------------------

                         (clock sys_clk_pin rise edge)
                                                      0.000     0.000 r  
    W5                                                0.000     0.000 r  clock_in (IN)
                         net (fo=0)                   0.000     0.000    clock_in
    W5                   IBUF (Prop_ibuf_I_O)         0.414     0.414 r  clock_in_IBUF_inst/O
                         net (fo=1, routed)           0.685     1.099    clock_in_IBUF
    BUFGCTRL_X0Y1        BUFG (Prop_bufg_I_O)         0.029     1.128 r  clock_in_IBUF_BUFG_inst/O
                         net (fo=39, routed)          0.849     1.976    clock_in_IBUF_BUFG
    SLICE_X6Y23          FDRE                                         r  uart_div_cnt_reg[4]/C
                         clock pessimism             -0.499     1.477    
    SLICE_X6Y23          FDRE (Hold_fdre_C_D)         0.121     1.598    uart_div_cnt_reg[4]
  -------------------------------------------------------------------
                         required time                         -1.598    
                         arrival time                           1.776    
  -------------------------------------------------------------------
                         slack                                  0.178    

Slack (MET) :             0.225ns  (arrival time - required time)
  Source:                 tx_byte_sel_reg/C
                            (rising edge-triggered cell FDRE clocked by sys_clk_pin  {rise@0.000ns fall@5.000ns period=10.000ns})
  Destination:            uart_shift_reg[7]/D
                            (rising edge-triggered cell FDRE clocked by sys_clk_pin  {rise@0.000ns fall@5.000ns period=10.000ns})
  Path Group:             sys_clk_pin
  Path Type:              Hold (Min at Fast Process Corner)
  Requirement:            0.000ns  (sys_clk_pin rise@0.000ns - sys_clk_pin rise@0.000ns)
  Data Path Delay:        0.369ns  (logic 0.190ns (51.429%)  route 0.179ns (48.571%))
  Logic Levels:           1  (LUT3=1)
  Clock Path Skew:        0.013ns (DCD - SCD - CPR)
    Destination Clock Delay (DCD):    1.975ns
    Source Clock Delay      (SCD):    1.463ns
    Clock Pessimism Removal (CPR):    0.499ns

    Location             Delay type                Incr(ns)  Path(ns)    Netlist Resource(s)
  -------------------------------------------------------------------    -------------------
                         (clock sys_clk_pin rise edge)
                                                      0.000     0.000 r  
    W5                                                0.000     0.000 r  clock_in (IN)
                         net (fo=0)                   0.000     0.000    clock_in
    W5                   IBUF (Prop_ibuf_I_O)         0.226     0.226 r  clock_in_IBUF_inst/O
                         net (fo=1, routed)           0.631     0.858    clock_in_IBUF
    BUFGCTRL_X0Y1        BUFG (Prop_bufg_I_O)         0.026     0.884 r  clock_in_IBUF_BUFG_inst/O
                         net (fo=39, routed)          0.580     1.463    clock_in_IBUF_BUFG
    SLICE_X5Y25          FDRE                                         r  tx_byte_sel_reg/C
  -------------------------------------------------------------------    -------------------
    SLICE_X5Y25          FDRE (Prop_fdre_C_Q)         0.141     1.604 r  tx_byte_sel_reg/Q
                         net (fo=10, routed)          0.179     1.784    tx_byte_sel_reg_n_0
    SLICE_X6Y25          LUT3 (Prop_lut3_I1_O)        0.049     1.833 r  uart_shift[7]_i_2/O
                         net (fo=1, routed)           0.000     1.833    p_0_in[7]
    SLICE_X6Y25          FDRE                                         r  uart_shift_reg[7]/D
  -------------------------------------------------------------------    -------------------

                         (clock sys_clk_pin rise edge)
                                                      0.000     0.000 r  
    W5                                                0.000     0.000 r  clock_in (IN)
                         net (fo=0)                   0.000     0.000    clock_in
    W5                   IBUF (Prop_ibuf_I_O)         0.414     0.414 r  clock_in_IBUF_inst/O
                         net (fo=1, routed)           0.685     1.099    clock_in_IBUF
    BUFGCTRL_X0Y1        BUFG (Prop_bufg_I_O)         0.029     1.128 r  clock_in_IBUF_BUFG_inst/O
                         net (fo=39, routed)          0.848     1.975    clock_in_IBUF_BUFG
    SLICE_X6Y25          FDRE                                         r  uart_shift_reg[7]/C
                         clock pessimism             -0.499     1.476    
    SLICE_X6Y25          FDRE (Hold_fdre_C_D)         0.131     1.607    uart_shift_reg[7]
  -------------------------------------------------------------------
                         required time                         -1.607    
                         arrival time                           1.833    
  -------------------------------------------------------------------
                         slack                                  0.225    

Slack (MET) :             0.231ns  (arrival time - required time)
  Source:                 tx_byte_sel_reg/C
                            (rising edge-triggered cell FDRE clocked by sys_clk_pin  {rise@0.000ns fall@5.000ns period=10.000ns})
  Destination:            uart_shift_reg[6]/D
                            (rising edge-triggered cell FDRE clocked by sys_clk_pin  {rise@0.000ns fall@5.000ns period=10.000ns})
  Path Group:             sys_clk_pin
  Path Type:              Hold (Min at Fast Process Corner)
  Requirement:            0.000ns  (sys_clk_pin rise@0.000ns - sys_clk_pin rise@0.000ns)
  Data Path Delay:        0.365ns  (logic 0.186ns (50.897%)  route 0.179ns (49.103%))
  Logic Levels:           1  (LUT3=1)
  Clock Path Skew:        0.013ns (DCD - SCD - CPR)
    Destination Clock Delay (DCD):    1.975ns
    Source Clock Delay      (SCD):    1.463ns
    Clock Pessimism Removal (CPR):    0.499ns

    Location             Delay type                Incr(ns)  Path(ns)    Netlist Resource(s)
  -------------------------------------------------------------------    -------------------
                         (clock sys_clk_pin rise edge)
                                                      0.000     0.000 r  
    W5                                                0.000     0.000 r  clock_in (IN)
                         net (fo=0)                   0.000     0.000    clock_in
    W5                   IBUF (Prop_ibuf_I_O)         0.226     0.226 r  clock_in_IBUF_inst/O
                         net (fo=1, routed)           0.631     0.858    clock_in_IBUF
    BUFGCTRL_X0Y1        BUFG (Prop_bufg_I_O)         0.026     0.884 r  clock_in_IBUF_BUFG_inst/O
                         net (fo=39, routed)          0.580     1.463    clock_in_IBUF_BUFG
    SLICE_X5Y25          FDRE                                         r  tx_byte_sel_reg/C
  -------------------------------------------------------------------    -------------------
    SLICE_X5Y25          FDRE (Prop_fdre_C_Q)         0.141     1.604 r  tx_byte_sel_reg/Q
                         net (fo=10, routed)          0.179     1.784    tx_byte_sel_reg_n_0
    SLICE_X6Y25          LUT3 (Prop_lut3_I1_O)        0.045     1.829 r  uart_shift[6]_i_1/O
                         net (fo=1, routed)           0.000     1.829    p_0_in[6]
    SLICE_X6Y25          FDRE                                         r  uart_shift_reg[6]/D
  -------------------------------------------------------------------    -------------------

                         (clock sys_clk_pin rise edge)
                                                      0.000     0.000 r  
    W5                                                0.000     0.000 r  clock_in (IN)
                         net (fo=0)                   0.000     0.000    clock_in
    W5                   IBUF (Prop_ibuf_I_O)         0.414     0.414 r  clock_in_IBUF_inst/O
                         net (fo=1, routed)           0.685     1.099    clock_in_IBUF
    BUFGCTRL_X0Y1        BUFG (Prop_bufg_I_O)         0.029     1.128 r  clock_in_IBUF_BUFG_inst/O
                         net (fo=39, routed)          0.848     1.975    clock_in_IBUF_BUFG
    SLICE_X6Y25          FDRE                                         r  uart_shift_reg[6]/C
                         clock pessimism             -0.499     1.476    
    SLICE_X6Y25          FDRE (Hold_fdre_C_D)         0.121     1.597    uart_shift_reg[6]
  -------------------------------------------------------------------
                         required time                         -1.597    
                         arrival time                           1.829    
  -------------------------------------------------------------------
                         slack                                  0.231    

Slack (MET) :             0.262ns  (arrival time - required time)
  Source:                 tx_word_reg[10]/C
                            (rising edge-triggered cell FDRE clocked by sys_clk_pin  {rise@0.000ns fall@5.000ns period=10.000ns})
  Destination:            uart_shift_reg[2]/D
                            (rising edge-triggered cell FDRE clocked by sys_clk_pin  {rise@0.000ns fall@5.000ns period=10.000ns})
  Path Group:             sys_clk_pin
  Path Type:              Hold (Min at Fast Process Corner)
  Requirement:            0.000ns  (sys_clk_pin rise@0.000ns - sys_clk_pin rise@0.000ns)
  Data Path Delay:        0.367ns  (logic 0.186ns (50.657%)  route 0.181ns (49.343%))
  Logic Levels:           1  (LUT3=1)
  Clock Path Skew:        0.013ns (DCD - SCD - CPR)
    Destination Clock Delay (DCD):    1.975ns
    Source Clock Delay      (SCD):    1.463ns
    Clock Pessimism Removal (CPR):    0.499ns

    Location             Delay type                Incr(ns)  Path(ns)    Netlist Resource(s)
  -------------------------------------------------------------------    -------------------
                         (clock sys_clk_pin rise edge)
                                                      0.000     0.000 r  
    W5                                                0.000     0.000 r  clock_in (IN)
                         net (fo=0)                   0.000     0.000    clock_in
    W5                   IBUF (Prop_ibuf_I_O)         0.226     0.226 r  clock_in_IBUF_inst/O
                         net (fo=1, routed)           0.631     0.858    clock_in_IBUF
    BUFGCTRL_X0Y1        BUFG (Prop_bufg_I_O)         0.026     0.884 r  clock_in_IBUF_BUFG_inst/O
                         net (fo=39, routed)          0.580     1.463    clock_in_IBUF_BUFG
    SLICE_X5Y24          FDRE                                         r  tx_word_reg[10]/C
  -------------------------------------------------------------------    -------------------
    SLICE_X5Y24          FDRE (Prop_fdre_C_Q)         0.141     1.604 r  tx_word_reg[10]/Q
                         net (fo=1, routed)           0.181     1.785    tx_word[10]
    SLICE_X7Y24          LUT3 (Prop_lut3_I0_O)        0.045     1.830 r  uart_shift[2]_i_1/O
                         net (fo=1, routed)           0.000     1.830    p_0_in[2]
    SLICE_X7Y24          FDRE                                         r  uart_shift_reg[2]/D
  -------------------------------------------------------------------    -------------------

                         (clock sys_clk_pin rise edge)
                                                      0.000     0.000 r  
    W5                                                0.000     0.000 r  clock_in (IN)
                         net (fo=0)                   0.000     0.000    clock_in
    W5                   IBUF (Prop_ibuf_I_O)         0.414     0.414 r  clock_in_IBUF_inst/O
                         net (fo=1, routed)           0.685     1.099    clock_in_IBUF
    BUFGCTRL_X0Y1        BUFG (Prop_bufg_I_O)         0.029     1.128 r  clock_in_IBUF_BUFG_inst/O
                         net (fo=39, routed)          0.848     1.975    clock_in_IBUF_BUFG
    SLICE_X7Y24          FDRE                                         r  uart_shift_reg[2]/C
                         clock pessimism             -0.499     1.476    
    SLICE_X7Y24          FDRE (Hold_fdre_C_D)         0.092     1.568    uart_shift_reg[2]
  -------------------------------------------------------------------
                         required time                         -1.568    
                         arrival time                           1.830    
  -------------------------------------------------------------------
                         slack                                  0.262    

Slack (MET) :             0.274ns  (arrival time - required time)
  Source:                 uart_div_cnt_reg[5]/C
                            (rising edge-triggered cell FDRE clocked by sys_clk_pin  {rise@0.000ns fall@5.000ns period=10.000ns})
  Destination:            uart_div_cnt_reg[5]/D
                            (rising edge-triggered cell FDRE clocked by sys_clk_pin  {rise@0.000ns fall@5.000ns period=10.000ns})
  Path Group:             sys_clk_pin
  Path Type:              Hold (Min at Fast Process Corner)
  Requirement:            0.000ns  (sys_clk_pin rise@0.000ns - sys_clk_pin rise@0.000ns)
  Data Path Delay:        0.365ns  (logic 0.186ns (50.911%)  route 0.179ns (49.089%))
  Logic Levels:           1  (LUT5=1)
  Clock Path Skew:        0.000ns (DCD - SCD - CPR)
    Destination Clock Delay (DCD):    1.978ns
    Source Clock Delay      (SCD):    1.466ns
    Clock Pessimism Removal (CPR):    0.512ns

    Location             Delay type                Incr(ns)  Path(ns)    Netlist Resource(s)
  -------------------------------------------------------------------    -------------------
                         (clock sys_clk_pin rise edge)
                                                      0.000     0.000 r  
    W5                                                0.000     0.000 r  clock_in (IN)
                         net (fo=0)                   0.000     0.000    clock_in
    W5                   IBUF (Prop_ibuf_I_O)         0.226     0.226 r  clock_in_IBUF_inst/O
                         net (fo=1, routed)           0.631     0.858    clock_in_IBUF
    BUFGCTRL_X0Y1        BUFG (Prop_bufg_I_O)         0.026     0.884 r  clock_in_IBUF_BUFG_inst/O
                         net (fo=39, routed)          0.583     1.466    clock_in_IBUF_BUFG
    SLICE_X7Y22          FDRE                                         r  uart_div_cnt_reg[5]/C
  -------------------------------------------------------------------    -------------------
    SLICE_X7Y22          FDRE (Prop_fdre_C_Q)         0.141     1.607 r  uart_div_cnt_reg[5]/Q
                         net (fo=4, routed)           0.179     1.786    uart_div_cnt__0[5]
    SLICE_X7Y22          LUT5 (Prop_lut5_I1_O)        0.045     1.831 r  uart_div_cnt[5]_i_1/O
                         net (fo=1, routed)           0.000     1.831    uart_div_cnt[5]
    SLICE_X7Y22          FDRE                                         r  uart_div_cnt_reg[5]/D
  -------------------------------------------------------------------    -------------------

                         (clock sys_clk_pin rise edge)
                                                      0.000     0.000 r  
    W5                                                0.000     0.000 r  clock_in (IN)
                         net (fo=0)                   0.000     0.000    clock_in
    W5                   IBUF (Prop_ibuf_I_O)         0.414     0.414 r  clock_in_IBUF_inst/O
                         net (fo=1, routed)           0.685     1.099    clock_in_IBUF
    BUFGCTRL_X0Y1        BUFG (Prop_bufg_I_O)         0.029     1.128 r  clock_in_IBUF_BUFG_inst/O
                         net (fo=39, routed)          0.851     1.978    clock_in_IBUF_BUFG
    SLICE_X7Y22          FDRE                                         r  uart_div_cnt_reg[5]/C
                         clock pessimism             -0.512     1.466    
    SLICE_X7Y22          FDRE (Hold_fdre_C_D)         0.091     1.557    uart_div_cnt_reg[5]
  -------------------------------------------------------------------
                         required time                         -1.557    
                         arrival time                           1.831    
  -------------------------------------------------------------------
                         slack                                  0.274    

Slack (MET) :             0.275ns  (arrival time - required time)
  Source:                 FSM_sequential_uart_state_reg[1]/C
                            (rising edge-triggered cell FDRE clocked by sys_clk_pin  {rise@0.000ns fall@5.000ns period=10.000ns})
  Destination:            tx_byte_sel_reg/D
                            (rising edge-triggered cell FDRE clocked by sys_clk_pin  {rise@0.000ns fall@5.000ns period=10.000ns})
  Path Group:             sys_clk_pin
  Path Type:              Hold (Min at Fast Process Corner)
  Requirement:            0.000ns  (sys_clk_pin rise@0.000ns - sys_clk_pin rise@0.000ns)
  Data Path Delay:        0.367ns  (logic 0.186ns (50.730%)  route 0.181ns (49.270%))
  Logic Levels:           1  (LUT6=1)
  Clock Path Skew:        0.000ns (DCD - SCD - CPR)
    Destination Clock Delay (DCD):    1.975ns
    Source Clock Delay      (SCD):    1.463ns
    Clock Pessimism Removal (CPR):    0.512ns

    Location             Delay type                Incr(ns)  Path(ns)    Netlist Resource(s)
  -------------------------------------------------------------------    -------------------
                         (clock sys_clk_pin rise edge)
                                                      0.000     0.000 r  
    W5                                                0.000     0.000 r  clock_in (IN)
                         net (fo=0)                   0.000     0.000    clock_in
    W5                   IBUF (Prop_ibuf_I_O)         0.226     0.226 r  clock_in_IBUF_inst/O
                         net (fo=1, routed)           0.631     0.858    clock_in_IBUF
    BUFGCTRL_X0Y1        BUFG (Prop_bufg_I_O)         0.026     0.884 r  clock_in_IBUF_BUFG_inst/O
                         net (fo=39, routed)          0.580     1.463    clock_in_IBUF_BUFG
    SLICE_X5Y25          FDRE                                         r  FSM_sequential_uart_state_reg[1]/C
  -------------------------------------------------------------------    -------------------
    SLICE_X5Y25          FDRE (Prop_fdre_C_Q)         0.141     1.604 r  FSM_sequential_uart_state_reg[1]/Q
                         net (fo=16, routed)          0.181     1.785    uart_state[1]
    SLICE_X5Y25          LUT6 (Prop_lut6_I2_O)        0.045     1.830 r  tx_byte_sel_i_1/O
                         net (fo=1, routed)           0.000     1.830    tx_byte_sel_i_1_n_0
    SLICE_X5Y25          FDRE                                         r  tx_byte_sel_reg/D
  -------------------------------------------------------------------    -------------------

                         (clock sys_clk_pin rise edge)
                                                      0.000     0.000 r  
    W5                                                0.000     0.000 r  clock_in (IN)
                         net (fo=0)                   0.000     0.000    clock_in
    W5                   IBUF (Prop_ibuf_I_O)         0.414     0.414 r  clock_in_IBUF_inst/O
                         net (fo=1, routed)           0.685     1.099    clock_in_IBUF
    BUFGCTRL_X0Y1        BUFG (Prop_bufg_I_O)         0.029     1.128 r  clock_in_IBUF_BUFG_inst/O
                         net (fo=39, routed)          0.848     1.975    clock_in_IBUF_BUFG
    SLICE_X5Y25          FDRE                                         r  tx_byte_sel_reg/C
                         clock pessimism             -0.512     1.463    
    SLICE_X5Y25          FDRE (Hold_fdre_C_D)         0.092     1.555    tx_byte_sel_reg
  -------------------------------------------------------------------
                         required time                         -1.555    
                         arrival time                           1.830    
  -------------------------------------------------------------------
                         slack                                  0.275    

Slack (MET) :             0.275ns  (arrival time - required time)
  Source:                 FSM_sequential_uart_state_reg[1]/C
                            (rising edge-triggered cell FDRE clocked by sys_clk_pin  {rise@0.000ns fall@5.000ns period=10.000ns})
  Destination:            tx_pending_reg/D
                            (rising edge-triggered cell FDRE clocked by sys_clk_pin  {rise@0.000ns fall@5.000ns period=10.000ns})
  Path Group:             sys_clk_pin
  Path Type:              Hold (Min at Fast Process Corner)
  Requirement:            0.000ns  (sys_clk_pin rise@0.000ns - sys_clk_pin rise@0.000ns)
  Data Path Delay:        0.367ns  (logic 0.186ns (50.730%)  route 0.181ns (49.270%))
  Logic Levels:           1  (LUT6=1)
  Clock Path Skew:        0.000ns (DCD - SCD - CPR)
    Destination Clock Delay (DCD):    1.975ns
    Source Clock Delay      (SCD):    1.463ns
    Clock Pessimism Removal (CPR):    0.512ns

    Location             Delay type                Incr(ns)  Path(ns)    Netlist Resource(s)
  -------------------------------------------------------------------    -------------------
                         (clock sys_clk_pin rise edge)
                                                      0.000     0.000 r  
    W5                                                0.000     0.000 r  clock_in (IN)
                         net (fo=0)                   0.000     0.000    clock_in
    W5                   IBUF (Prop_ibuf_I_O)         0.226     0.226 r  clock_in_IBUF_inst/O
                         net (fo=1, routed)           0.631     0.858    clock_in_IBUF
    BUFGCTRL_X0Y1        BUFG (Prop_bufg_I_O)         0.026     0.884 r  clock_in_IBUF_BUFG_inst/O
                         net (fo=39, routed)          0.580     1.463    clock_in_IBUF_BUFG
    SLICE_X5Y25          FDRE                                         r  FSM_sequential_uart_state_reg[1]/C
  -------------------------------------------------------------------    -------------------
    SLICE_X5Y25          FDRE (Prop_fdre_C_Q)         0.141     1.604 r  FSM_sequential_uart_state_reg[1]/Q
                         net (fo=16, routed)          0.181     1.785    uart_state[1]
    SLICE_X5Y25          LUT6 (Prop_lut6_I3_O)        0.045     1.830 r  tx_pending_i_1/O
                         net (fo=1, routed)           0.000     1.830    tx_pending_i_1_n_0
    SLICE_X5Y25          FDRE                                         r  tx_pending_reg/D
  -------------------------------------------------------------------    -------------------

                         (clock sys_clk_pin rise edge)
                                                      0.000     0.000 r  
    W5                                                0.000     0.000 r  clock_in (IN)
                         net (fo=0)                   0.000     0.000    clock_in
    W5                   IBUF (Prop_ibuf_I_O)         0.414     0.414 r  clock_in_IBUF_inst/O
                         net (fo=1, routed)           0.685     1.099    clock_in_IBUF
    BUFGCTRL_X0Y1        BUFG (Prop_bufg_I_O)         0.029     1.128 r  clock_in_IBUF_BUFG_inst/O
                         net (fo=39, routed)          0.848     1.975    clock_in_IBUF_BUFG
    SLICE_X5Y25          FDRE                                         r  tx_pending_reg/C
                         clock pessimism             -0.512     1.463    
    SLICE_X5Y25          FDRE (Hold_fdre_C_D)         0.092     1.555    tx_pending_reg
  -------------------------------------------------------------------
                         required time                         -1.555    
                         arrival time                           1.830    
  -------------------------------------------------------------------
                         slack                                  0.275    

Slack (MET) :             0.277ns  (arrival time - required time)
  Source:                 tx_word_reg[11]/C
                            (rising edge-triggered cell FDRE clocked by sys_clk_pin  {rise@0.000ns fall@5.000ns period=10.000ns})
  Destination:            uart_shift_reg[3]/D
                            (rising edge-triggered cell FDRE clocked by sys_clk_pin  {rise@0.000ns fall@5.000ns period=10.000ns})
  Path Group:             sys_clk_pin
  Path Type:              Hold (Min at Fast Process Corner)
  Requirement:            0.000ns  (sys_clk_pin rise@0.000ns - sys_clk_pin rise@0.000ns)
  Data Path Delay:        0.397ns  (logic 0.184ns (46.342%)  route 0.213ns (53.658%))
  Logic Levels:           1  (LUT3=1)
  Clock Path Skew:        0.013ns (DCD - SCD - CPR)
    Destination Clock Delay (DCD):    1.975ns
    Source Clock Delay      (SCD):    1.463ns
    Clock Pessimism Removal (CPR):    0.499ns

    Location             Delay type                Incr(ns)  Path(ns)    Netlist Resource(s)
  -------------------------------------------------------------------    -------------------
                         (clock sys_clk_pin rise edge)
                                                      0.000     0.000 r  
    W5                                                0.000     0.000 r  clock_in (IN)
                         net (fo=0)                   0.000     0.000    clock_in
    W5                   IBUF (Prop_ibuf_I_O)         0.226     0.226 r  clock_in_IBUF_inst/O
                         net (fo=1, routed)           0.631     0.858    clock_in_IBUF
    BUFGCTRL_X0Y1        BUFG (Prop_bufg_I_O)         0.026     0.884 r  clock_in_IBUF_BUFG_inst/O
                         net (fo=39, routed)          0.580     1.463    clock_in_IBUF_BUFG
    SLICE_X5Y24          FDRE                                         r  tx_word_reg[11]/C
  -------------------------------------------------------------------    -------------------
    SLICE_X5Y24          FDRE (Prop_fdre_C_Q)         0.141     1.604 r  tx_word_reg[11]/Q
                         net (fo=5, routed)           0.213     1.817    tx_word[11]
    SLICE_X7Y24          LUT3 (Prop_lut3_I0_O)        0.043     1.860 r  uart_shift[3]_i_1/O
                         net (fo=1, routed)           0.000     1.860    p_0_in[3]
    SLICE_X7Y24          FDRE                                         r  uart_shift_reg[3]/D
  -------------------------------------------------------------------    -------------------

                         (clock sys_clk_pin rise edge)
                                                      0.000     0.000 r  
    W5                                                0.000     0.000 r  clock_in (IN)
                         net (fo=0)                   0.000     0.000    clock_in
    W5                   IBUF (Prop_ibuf_I_O)         0.414     0.414 r  clock_in_IBUF_inst/O
                         net (fo=1, routed)           0.685     1.099    clock_in_IBUF
    BUFGCTRL_X0Y1        BUFG (Prop_bufg_I_O)         0.029     1.128 r  clock_in_IBUF_BUFG_inst/O
                         net (fo=39, routed)          0.848     1.975    clock_in_IBUF_BUFG
    SLICE_X7Y24          FDRE                                         r  uart_shift_reg[3]/C
                         clock pessimism             -0.499     1.476    
    SLICE_X7Y24          FDRE (Hold_fdre_C_D)         0.107     1.583    uart_shift_reg[3]
  -------------------------------------------------------------------
                         required time                         -1.583    
                         arrival time                           1.860    
  -------------------------------------------------------------------
                         slack                                  0.277    

Slack (MET) :             0.283ns  (arrival time - required time)
  Source:                 uart_div_cnt_reg[4]/C
                            (rising edge-triggered cell FDRE clocked by sys_clk_pin  {rise@0.000ns fall@5.000ns period=10.000ns})
  Destination:            uart_div_cnt_reg[6]/D
                            (rising edge-triggered cell FDRE clocked by sys_clk_pin  {rise@0.000ns fall@5.000ns period=10.000ns})
  Path Group:             sys_clk_pin
  Path Type:              Hold (Min at Fast Process Corner)
  Requirement:            0.000ns  (sys_clk_pin rise@0.000ns - sys_clk_pin rise@0.000ns)
  Data Path Delay:        0.388ns  (logic 0.254ns (65.506%)  route 0.134ns (34.494%))
  Logic Levels:           2  (LUT5=1 LUT6=1)
  Clock Path Skew:        0.013ns (DCD - SCD - CPR)
    Destination Clock Delay (DCD):    1.976ns
    Source Clock Delay      (SCD):    1.464ns
    Clock Pessimism Removal (CPR):    0.499ns

    Location             Delay type                Incr(ns)  Path(ns)    Netlist Resource(s)
  -------------------------------------------------------------------    -------------------
                         (clock sys_clk_pin rise edge)
                                                      0.000     0.000 r  
    W5                                                0.000     0.000 r  clock_in (IN)
                         net (fo=0)                   0.000     0.000    clock_in
    W5                   IBUF (Prop_ibuf_I_O)         0.226     0.226 r  clock_in_IBUF_inst/O
                         net (fo=1, routed)           0.631     0.858    clock_in_IBUF
    BUFGCTRL_X0Y1        BUFG (Prop_bufg_I_O)         0.026     0.884 r  clock_in_IBUF_BUFG_inst/O
                         net (fo=39, routed)          0.581     1.464    clock_in_IBUF_BUFG
    SLICE_X6Y23          FDRE                                         r  uart_div_cnt_reg[4]/C
  -------------------------------------------------------------------    -------------------
    SLICE_X6Y23          FDRE (Prop_fdre_C_Q)         0.164     1.628 f  uart_div_cnt_reg[4]/Q
                         net (fo=5, routed)           0.083     1.712    uart_div_cnt__0[4]
    SLICE_X7Y23          LUT6 (Prop_lut6_I5_O)        0.045     1.757 r  uart_div_cnt[6]_i_2/O
                         net (fo=1, routed)           0.050     1.807    uart_div_cnt[6]_i_2_n_0
    SLICE_X7Y23          LUT5 (Prop_lut5_I0_O)        0.045     1.852 r  uart_div_cnt[6]_i_1/O
                         net (fo=1, routed)           0.000     1.852    uart_div_cnt[6]
    SLICE_X7Y23          FDRE                                         r  uart_div_cnt_reg[6]/D
  -------------------------------------------------------------------    -------------------

                         (clock sys_clk_pin rise edge)
                                                      0.000     0.000 r  
    W5                                                0.000     0.000 r  clock_in (IN)
                         net (fo=0)                   0.000     0.000    clock_in
    W5                   IBUF (Prop_ibuf_I_O)         0.414     0.414 r  clock_in_IBUF_inst/O
                         net (fo=1, routed)           0.685     1.099    clock_in_IBUF
    BUFGCTRL_X0Y1        BUFG (Prop_bufg_I_O)         0.029     1.128 r  clock_in_IBUF_BUFG_inst/O
                         net (fo=39, routed)          0.849     1.976    clock_in_IBUF_BUFG
    SLICE_X7Y23          FDRE                                         r  uart_div_cnt_reg[6]/C
                         clock pessimism             -0.499     1.477    
    SLICE_X7Y23          FDRE (Hold_fdre_C_D)         0.092     1.569    uart_div_cnt_reg[6]
  -------------------------------------------------------------------
                         required time                         -1.569    
                         arrival time                           1.852    
  -------------------------------------------------------------------
                         slack                                  0.283    

Slack (MET) :             0.283ns  (arrival time - required time)
  Source:                 uart_div_cnt_reg[0]/C
                            (rising edge-triggered cell FDRE clocked by sys_clk_pin  {rise@0.000ns fall@5.000ns period=10.000ns})
  Destination:            uart_div_cnt_reg[1]/D
                            (rising edge-triggered cell FDRE clocked by sys_clk_pin  {rise@0.000ns fall@5.000ns period=10.000ns})
  Path Group:             sys_clk_pin
  Path Type:              Hold (Min at Fast Process Corner)
  Requirement:            0.000ns  (sys_clk_pin rise@0.000ns - sys_clk_pin rise@0.000ns)
  Data Path Delay:        0.414ns  (logic 0.207ns (49.962%)  route 0.207ns (50.038%))
  Logic Levels:           1  (LUT4=1)
  Clock Path Skew:        0.000ns (DCD - SCD - CPR)
    Destination Clock Delay (DCD):    1.976ns
    Source Clock Delay      (SCD):    1.464ns
    Clock Pessimism Removal (CPR):    0.512ns

    Location             Delay type                Incr(ns)  Path(ns)    Netlist Resource(s)
  -------------------------------------------------------------------    -------------------
                         (clock sys_clk_pin rise edge)
                                                      0.000     0.000 r  
    W5                                                0.000     0.000 r  clock_in (IN)
                         net (fo=0)                   0.000     0.000    clock_in
    W5                   IBUF (Prop_ibuf_I_O)         0.226     0.226 r  clock_in_IBUF_inst/O
                         net (fo=1, routed)           0.631     0.858    clock_in_IBUF
    BUFGCTRL_X0Y1        BUFG (Prop_bufg_I_O)         0.026     0.884 r  clock_in_IBUF_BUFG_inst/O
                         net (fo=39, routed)          0.581     1.464    clock_in_IBUF_BUFG
    SLICE_X6Y23          FDRE                                         r  uart_div_cnt_reg[0]/C
  -------------------------------------------------------------------    -------------------
    SLICE_X6Y23          FDRE (Prop_fdre_C_Q)         0.164     1.628 r  uart_div_cnt_reg[0]/Q
                         net (fo=9, routed)           0.207     1.835    uart_div_cnt__0[0]
    SLICE_X6Y23          LUT4 (Prop_lut4_I1_O)        0.043     1.878 r  uart_div_cnt[1]_i_1/O
                         net (fo=1, routed)           0.000     1.878    uart_div_cnt[1]
    SLICE_X6Y23          FDRE                                         r  uart_div_cnt_reg[1]/D
  -------------------------------------------------------------------    -------------------

                         (clock sys_clk_pin rise edge)
                                                      0.000     0.000 r  
    W5                                                0.000     0.000 r  clock_in (IN)
                         net (fo=0)                   0.000     0.000    clock_in
    W5                   IBUF (Prop_ibuf_I_O)         0.414     0.414 r  clock_in_IBUF_inst/O
                         net (fo=1, routed)           0.685     1.099    clock_in_IBUF
    BUFGCTRL_X0Y1        BUFG (Prop_bufg_I_O)         0.029     1.128 r  clock_in_IBUF_BUFG_inst/O
                         net (fo=39, routed)          0.849     1.976    clock_in_IBUF_BUFG
    SLICE_X6Y23          FDRE                                         r  uart_div_cnt_reg[1]/C
                         clock pessimism             -0.512     1.464    
    SLICE_X6Y23          FDRE (Hold_fdre_C_D)         0.131     1.595    uart_div_cnt_reg[1]
  -------------------------------------------------------------------
                         required time                         -1.595    
                         arrival time                           1.878    
  -------------------------------------------------------------------
                         slack                                  0.283    





Pulse Width Checks
--------------------------------------------------------------------------------------
Clock Name:         sys_clk_pin
Waveform(ns):       { 0.000 5.000 }
Period(ns):         10.000
Sources:            { clock_in }

Check Type        Corner  Lib Pin            Reference Pin  Required(ns)  Actual(ns)  Slack(ns)  Location         Pin
Min Period        n/a     BUFG/I             n/a            2.155         10.000      7.845      BUFGCTRL_X0Y1    clock_in_IBUF_BUFG_inst/I
Min Period        n/a     MMCME2_ADV/CLKIN1  n/a            1.249         10.000      8.751      MMCME2_ADV_X1Y0  clkwiz/inst/mmcm_adv_inst/CLKIN1
Min Period        n/a     FDRE/C             n/a            1.000         10.000      9.000      SLICE_X7Y25      FSM_sequential_uart_state_reg[0]/C
Min Period        n/a     FDRE/C             n/a            1.000         10.000      9.000      SLICE_X5Y25      FSM_sequential_uart_state_reg[1]/C
Min Period        n/a     FDRE/C             n/a            1.000         10.000      9.000      SLICE_X5Y25      sample_req_meta_u_reg/C
Min Period        n/a     FDRE/C             n/a            1.000         10.000      9.000      SLICE_X6Y24      sample_req_seen_u_reg/C
Min Period        n/a     FDRE/C             n/a            1.000         10.000      9.000      SLICE_X5Y25      sample_req_sync_u_reg/C
Min Period        n/a     FDRE/C             n/a            1.000         10.000      9.000      SLICE_X5Y25      tx_byte_sel_reg/C
Min Period        n/a     FDRE/C             n/a            1.000         10.000      9.000      SLICE_X5Y25      tx_pending_reg/C
Min Period        n/a     FDRE/C             n/a            1.000         10.000      9.000      SLICE_X6Y24      tx_word_reg[0]/C
Max Period        n/a     MMCME2_ADV/CLKIN1  n/a            100.000       10.000      90.000     MMCME2_ADV_X1Y0  clkwiz/inst/mmcm_adv_inst/CLKIN1
Low Pulse Width   Slow    MMCME2_ADV/CLKIN1  n/a            2.000         5.000       3.000      MMCME2_ADV_X1Y0  clkwiz/inst/mmcm_adv_inst/CLKIN1
Low Pulse Width   Fast    MMCME2_ADV/CLKIN1  n/a            2.000         5.000       3.000      MMCME2_ADV_X1Y0  clkwiz/inst/mmcm_adv_inst/CLKIN1
Low Pulse Width   Slow    FDRE/C             n/a            0.500         5.000       4.500      SLICE_X7Y25      FSM_sequential_uart_state_reg[0]/C
Low Pulse Width   Fast    FDRE/C             n/a            0.500         5.000       4.500      SLICE_X7Y25      FSM_sequential_uart_state_reg[0]/C
Low Pulse Width   Slow    FDRE/C             n/a            0.500         5.000       4.500      SLICE_X5Y25      FSM_sequential_uart_state_reg[1]/C
Low Pulse Width   Fast    FDRE/C             n/a            0.500         5.000       4.500      SLICE_X5Y25      FSM_sequential_uart_state_reg[1]/C
Low Pulse Width   Slow    FDRE/C             n/a            0.500         5.000       4.500      SLICE_X5Y25      sample_req_meta_u_reg/C
Low Pulse Width   Fast    FDRE/C             n/a            0.500         5.000       4.500      SLICE_X5Y25      sample_req_meta_u_reg/C
Low Pulse Width   Slow    FDRE/C             n/a            0.500         5.000       4.500      SLICE_X6Y24      sample_req_seen_u_reg/C
Low Pulse Width   Fast    FDRE/C             n/a            0.500         5.000       4.500      SLICE_X6Y24      sample_req_seen_u_reg/C
High Pulse Width  Slow    MMCME2_ADV/CLKIN1  n/a            2.000         5.000       3.000      MMCME2_ADV_X1Y0  clkwiz/inst/mmcm_adv_inst/CLKIN1
High Pulse Width  Fast    MMCME2_ADV/CLKIN1  n/a            2.000         5.000       3.000      MMCME2_ADV_X1Y0  clkwiz/inst/mmcm_adv_inst/CLKIN1
High Pulse Width  Slow    FDRE/C             n/a            0.500         5.000       4.500      SLICE_X7Y25      FSM_sequential_uart_state_reg[0]/C
High Pulse Width  Fast    FDRE/C             n/a            0.500         5.000       4.500      SLICE_X7Y25      FSM_sequential_uart_state_reg[0]/C
High Pulse Width  Slow    FDRE/C             n/a            0.500         5.000       4.500      SLICE_X5Y25      FSM_sequential_uart_state_reg[1]/C
High Pulse Width  Fast    FDRE/C             n/a            0.500         5.000       4.500      SLICE_X5Y25      FSM_sequential_uart_state_reg[1]/C
High Pulse Width  Slow    FDRE/C             n/a            0.500         5.000       4.500      SLICE_X5Y25      sample_req_meta_u_reg/C
High Pulse Width  Fast    FDRE/C             n/a            0.500         5.000       4.500      SLICE_X5Y25      sample_req_meta_u_reg/C
High Pulse Width  Slow    FDRE/C             n/a            0.500         5.000       4.500      SLICE_X6Y24      sample_req_seen_u_reg/C
High Pulse Width  Fast    FDRE/C             n/a            0.500         5.000       4.500      SLICE_X6Y24      sample_req_seen_u_reg/C



---------------------------------------------------------------------------------------------------
From Clock:  clk_out1_clk_wiz_0
  To Clock:  clk_out1_clk_wiz_0

Setup :            0  Failing Endpoints,  Worst Slack       23.232ns,  Total Violation        0.000ns
Hold  :            0  Failing Endpoints,  Worst Slack        0.131ns,  Total Violation        0.000ns
PW    :            0  Failing Endpoints,  Worst Slack       13.389ns,  Total Violation        0.000ns
---------------------------------------------------------------------------------------------------


Max Delay Paths
--------------------------------------------------------------------------------------
Slack (MET) :             23.232ns  (required time - arrival time)
  Source:                 delay_count_reg[0]/C
                            (rising edge-triggered cell FDRE clocked by clk_out1_clk_wiz_0  {rise@0.000ns fall@13.889ns period=27.778ns})
  Destination:            cs_r_reg/CE
                            (rising edge-triggered cell FDSE clocked by clk_out1_clk_wiz_0  {rise@0.000ns fall@13.889ns period=27.778ns})
  Path Group:             clk_out1_clk_wiz_0
  Path Type:              Setup (Max at Slow Process Corner)
  Requirement:            27.778ns  (clk_out1_clk_wiz_0 rise@27.778ns - clk_out1_clk_wiz_0 rise@0.000ns)
  Data Path Delay:        4.165ns  (logic 0.828ns (19.882%)  route 3.337ns (80.118%))
  Logic Levels:           3  (LUT5=1 LUT6=2)
  Clock Path Skew:        -0.033ns (DCD - SCD + CPR)
    Destination Clock Delay (DCD):    4.846ns = ( 32.624 - 27.778 ) 
    Source Clock Delay      (SCD):    5.139ns
    Clock Pessimism Removal (CPR):    0.260ns
  Clock Uncertainty:      0.144ns  ((TSJ^2 + DJ^2)^1/2) / 2 + PE
    Total System Jitter     (TSJ):    0.071ns
    Discrete Jitter          (DJ):    0.278ns
    Phase Error              (PE):    0.000ns

    Location             Delay type                Incr(ns)  Path(ns)    Netlist Resource(s)
  -------------------------------------------------------------------    -------------------
                         (clock clk_out1_clk_wiz_0 rise edge)
                                                      0.000     0.000 r  
    W5                                                0.000     0.000 r  clock_in (IN)
                         net (fo=0)                   0.000     0.000    clock_in
    W5                   IBUF (Prop_ibuf_I_O)         1.458     1.458 r  clock_in_IBUF_inst/O
                         net (fo=1, routed)           1.967     3.425    clock_in_IBUF
    BUFGCTRL_X0Y1        BUFG (Prop_bufg_I_O)         0.096     3.521 r  clock_in_IBUF_BUFG_inst/O
                         net (fo=39, routed)          1.575     5.096    clkwiz/inst/clk_in1
    MMCME2_ADV_X1Y0      MMCME2_ADV (Prop_mmcme2_adv_CLKIN1_CLKOUT0)
                                                     -3.333     1.763 r  clkwiz/inst/mmcm_adv_inst/CLKOUT0
                         net (fo=1, routed)           1.661     3.425    clkwiz/inst/clk_out1_clk_wiz_0
    BUFGCTRL_X0Y0        BUFG (Prop_bufg_I_O)         0.096     3.521 r  clkwiz/inst/clkout1_buf/O
                         net (fo=85, routed)          1.618     5.139    clk_out1
    SLICE_X0Y25          FDRE                                         r  delay_count_reg[0]/C
  -------------------------------------------------------------------    -------------------
    SLICE_X0Y25          FDRE (Prop_fdre_C_Q)         0.456     5.595 r  delay_count_reg[0]/Q
                         net (fo=6, routed)           1.026     6.622    delay_count_reg_n_0_[0]
    SLICE_X0Y24          LUT5 (Prop_lut5_I1_O)        0.124     6.746 r  FSM_onehot_adc_state[8]_i_5/O
                         net (fo=2, routed)           0.678     7.424    FSM_onehot_adc_state[8]_i_5_n_0
    SLICE_X0Y24          LUT6 (Prop_lut6_I5_O)        0.124     7.548 r  delay_counter[5]_i_3/O
                         net (fo=7, routed)           1.113     8.660    delay_counter[5]_i_3_n_0
    SLICE_X1Y22          LUT6 (Prop_lut6_I0_O)        0.124     8.784 r  cs_r_i_1/O
                         net (fo=1, routed)           0.519     9.304    cs_r
    SLICE_X0Y22          FDSE                                         r  cs_r_reg/CE
  -------------------------------------------------------------------    -------------------

                         (clock clk_out1_clk_wiz_0 rise edge)
                                                     27.778    27.778 r  
    W5                                                0.000    27.778 r  clock_in (IN)
                         net (fo=0)                   0.000    27.778    clock_in
    W5                   IBUF (Prop_ibuf_I_O)         1.388    29.166 r  clock_in_IBUF_inst/O
                         net (fo=1, routed)           1.862    31.028    clock_in_IBUF
    BUFGCTRL_X0Y1        BUFG (Prop_bufg_I_O)         0.091    31.119 r  clock_in_IBUF_BUFG_inst/O
                         net (fo=39, routed)          1.457    32.576    clkwiz/inst/clk_in1
    MMCME2_ADV_X1Y0      MMCME2_ADV (Prop_mmcme2_adv_CLKIN1_CLKOUT0)
                                                     -3.129    29.447 r  clkwiz/inst/mmcm_adv_inst/CLKOUT0
                         net (fo=1, routed)           1.581    31.028    clkwiz/inst/clk_out1_clk_wiz_0
    BUFGCTRL_X0Y0        BUFG (Prop_bufg_I_O)         0.091    31.119 r  clkwiz/inst/clkout1_buf/O
                         net (fo=85, routed)          1.505    32.624    clk_out1
    SLICE_X0Y22          FDSE                                         r  cs_r_reg/C
                         clock pessimism              0.260    32.884    
                         clock uncertainty           -0.144    32.740    
    SLICE_X0Y22          FDSE (Setup_fdse_C_CE)      -0.205    32.535    cs_r_reg
  -------------------------------------------------------------------
                         required time                         32.535    
                         arrival time                          -9.304    
  -------------------------------------------------------------------
                         slack                                 23.232    

Slack (MET) :             23.514ns  (required time - arrival time)
  Source:                 delay_count_reg[0]/C
                            (rising edge-triggered cell FDRE clocked by clk_out1_clk_wiz_0  {rise@0.000ns fall@13.889ns period=27.778ns})
  Destination:            FSM_onehot_adc_state_reg[0]/CE
                            (rising edge-triggered cell FDSE clocked by clk_out1_clk_wiz_0  {rise@0.000ns fall@13.889ns period=27.778ns})
  Path Group:             clk_out1_clk_wiz_0
  Path Type:              Setup (Max at Slow Process Corner)
  Requirement:            27.778ns  (clk_out1_clk_wiz_0 rise@27.778ns - clk_out1_clk_wiz_0 rise@0.000ns)
  Data Path Delay:        3.882ns  (logic 0.828ns (21.331%)  route 3.054ns (78.669%))
  Logic Levels:           3  (LUT5=2 LUT6=1)
  Clock Path Skew:        -0.033ns (DCD - SCD + CPR)
    Destination Clock Delay (DCD):    4.846ns = ( 32.624 - 27.778 ) 
    Source Clock Delay      (SCD):    5.139ns
    Clock Pessimism Removal (CPR):    0.260ns
  Clock Uncertainty:      0.144ns  ((TSJ^2 + DJ^2)^1/2) / 2 + PE
    Total System Jitter     (TSJ):    0.071ns
    Discrete Jitter          (DJ):    0.278ns
    Phase Error              (PE):    0.000ns

    Location             Delay type                Incr(ns)  Path(ns)    Netlist Resource(s)
  -------------------------------------------------------------------    -------------------
                         (clock clk_out1_clk_wiz_0 rise edge)
                                                      0.000     0.000 r  
    W5                                                0.000     0.000 r  clock_in (IN)
                         net (fo=0)                   0.000     0.000    clock_in
    W5                   IBUF (Prop_ibuf_I_O)         1.458     1.458 r  clock_in_IBUF_inst/O
                         net (fo=1, routed)           1.967     3.425    clock_in_IBUF
    BUFGCTRL_X0Y1        BUFG (Prop_bufg_I_O)         0.096     3.521 r  clock_in_IBUF_BUFG_inst/O
                         net (fo=39, routed)          1.575     5.096    clkwiz/inst/clk_in1
    MMCME2_ADV_X1Y0      MMCME2_ADV (Prop_mmcme2_adv_CLKIN1_CLKOUT0)
                                                     -3.333     1.763 r  clkwiz/inst/mmcm_adv_inst/CLKOUT0
                         net (fo=1, routed)           1.661     3.425    clkwiz/inst/clk_out1_clk_wiz_0
    BUFGCTRL_X0Y0        BUFG (Prop_bufg_I_O)         0.096     3.521 r  clkwiz/inst/clkout1_buf/O
                         net (fo=85, routed)          1.618     5.139    clk_out1
    SLICE_X0Y25          FDRE                                         r  delay_count_reg[0]/C
  -------------------------------------------------------------------    -------------------
    SLICE_X0Y25          FDRE (Prop_fdre_C_Q)         0.456     5.595 r  delay_count_reg[0]/Q
                         net (fo=6, routed)           1.026     6.622    delay_count_reg_n_0_[0]
    SLICE_X0Y24          LUT5 (Prop_lut5_I1_O)        0.124     6.746 f  FSM_onehot_adc_state[8]_i_5/O
                         net (fo=2, routed)           0.291     7.036    FSM_onehot_adc_state[8]_i_5_n_0
    SLICE_X0Y24          LUT5 (Prop_lut5_I0_O)        0.124     7.160 f  FSM_onehot_adc_state[8]_i_3/O
                         net (fo=1, routed)           0.810     7.970    FSM_onehot_adc_state[8]_i_3_n_0
    SLICE_X2Y24          LUT6 (Prop_lut6_I0_O)        0.124     8.094 r  FSM_onehot_adc_state[8]_i_2/O
                         net (fo=9, routed)           0.927     9.021    FSM_onehot_adc_state[8]_i_2_n_0
    SLICE_X3Y22          FDSE                                         r  FSM_onehot_adc_state_reg[0]/CE
  -------------------------------------------------------------------    -------------------

                         (clock clk_out1_clk_wiz_0 rise edge)
                                                     27.778    27.778 r  
    W5                                                0.000    27.778 r  clock_in (IN)
                         net (fo=0)                   0.000    27.778    clock_in
    W5                   IBUF (Prop_ibuf_I_O)         1.388    29.166 r  clock_in_IBUF_inst/O
                         net (fo=1, routed)           1.862    31.028    clock_in_IBUF
    BUFGCTRL_X0Y1        BUFG (Prop_bufg_I_O)         0.091    31.119 r  clock_in_IBUF_BUFG_inst/O
                         net (fo=39, routed)          1.457    32.576    clkwiz/inst/clk_in1
    MMCME2_ADV_X1Y0      MMCME2_ADV (Prop_mmcme2_adv_CLKIN1_CLKOUT0)
                                                     -3.129    29.447 r  clkwiz/inst/mmcm_adv_inst/CLKOUT0
                         net (fo=1, routed)           1.581    31.028    clkwiz/inst/clk_out1_clk_wiz_0
    BUFGCTRL_X0Y0        BUFG (Prop_bufg_I_O)         0.091    31.119 r  clkwiz/inst/clkout1_buf/O
                         net (fo=85, routed)          1.505    32.624    clk_out1
    SLICE_X3Y22          FDSE                                         r  FSM_onehot_adc_state_reg[0]/C
                         clock pessimism              0.260    32.884    
                         clock uncertainty           -0.144    32.740    
    SLICE_X3Y22          FDSE (Setup_fdse_C_CE)      -0.205    32.535    FSM_onehot_adc_state_reg[0]
  -------------------------------------------------------------------
                         required time                         32.535    
                         arrival time                          -9.021    
  -------------------------------------------------------------------
                         slack                                 23.514    

Slack (MET) :             23.514ns  (required time - arrival time)
  Source:                 delay_count_reg[0]/C
                            (rising edge-triggered cell FDRE clocked by clk_out1_clk_wiz_0  {rise@0.000ns fall@13.889ns period=27.778ns})
  Destination:            FSM_onehot_adc_state_reg[3]/CE
                            (rising edge-triggered cell FDRE clocked by clk_out1_clk_wiz_0  {rise@0.000ns fall@13.889ns period=27.778ns})
  Path Group:             clk_out1_clk_wiz_0
  Path Type:              Setup (Max at Slow Process Corner)
  Requirement:            27.778ns  (clk_out1_clk_wiz_0 rise@27.778ns - clk_out1_clk_wiz_0 rise@0.000ns)
  Data Path Delay:        3.882ns  (logic 0.828ns (21.331%)  route 3.054ns (78.669%))
  Logic Levels:           3  (LUT5=2 LUT6=1)
  Clock Path Skew:        -0.033ns (DCD - SCD + CPR)
    Destination Clock Delay (DCD):    4.846ns = ( 32.624 - 27.778 ) 
    Source Clock Delay      (SCD):    5.139ns
    Clock Pessimism Removal (CPR):    0.260ns
  Clock Uncertainty:      0.144ns  ((TSJ^2 + DJ^2)^1/2) / 2 + PE
    Total System Jitter     (TSJ):    0.071ns
    Discrete Jitter          (DJ):    0.278ns
    Phase Error              (PE):    0.000ns

    Location             Delay type                Incr(ns)  Path(ns)    Netlist Resource(s)
  -------------------------------------------------------------------    -------------------
                         (clock clk_out1_clk_wiz_0 rise edge)
                                                      0.000     0.000 r  
    W5                                                0.000     0.000 r  clock_in (IN)
                         net (fo=0)                   0.000     0.000    clock_in
    W5                   IBUF (Prop_ibuf_I_O)         1.458     1.458 r  clock_in_IBUF_inst/O
                         net (fo=1, routed)           1.967     3.425    clock_in_IBUF
    BUFGCTRL_X0Y1        BUFG (Prop_bufg_I_O)         0.096     3.521 r  clock_in_IBUF_BUFG_inst/O
                         net (fo=39, routed)          1.575     5.096    clkwiz/inst/clk_in1
    MMCME2_ADV_X1Y0      MMCME2_ADV (Prop_mmcme2_adv_CLKIN1_CLKOUT0)
                                                     -3.333     1.763 r  clkwiz/inst/mmcm_adv_inst/CLKOUT0
                         net (fo=1, routed)           1.661     3.425    clkwiz/inst/clk_out1_clk_wiz_0
    BUFGCTRL_X0Y0        BUFG (Prop_bufg_I_O)         0.096     3.521 r  clkwiz/inst/clkout1_buf/O
                         net (fo=85, routed)          1.618     5.139    clk_out1
    SLICE_X0Y25          FDRE                                         r  delay_count_reg[0]/C
  -------------------------------------------------------------------    -------------------
    SLICE_X0Y25          FDRE (Prop_fdre_C_Q)         0.456     5.595 r  delay_count_reg[0]/Q
                         net (fo=6, routed)           1.026     6.622    delay_count_reg_n_0_[0]
    SLICE_X0Y24          LUT5 (Prop_lut5_I1_O)        0.124     6.746 f  FSM_onehot_adc_state[8]_i_5/O
                         net (fo=2, routed)           0.291     7.036    FSM_onehot_adc_state[8]_i_5_n_0
    SLICE_X0Y24          LUT5 (Prop_lut5_I0_O)        0.124     7.160 f  FSM_onehot_adc_state[8]_i_3/O
                         net (fo=1, routed)           0.810     7.970    FSM_onehot_adc_state[8]_i_3_n_0
    SLICE_X2Y24          LUT6 (Prop_lut6_I0_O)        0.124     8.094 r  FSM_onehot_adc_state[8]_i_2/O
                         net (fo=9, routed)           0.927     9.021    FSM_onehot_adc_state[8]_i_2_n_0
    SLICE_X3Y22          FDRE                                         r  FSM_onehot_adc_state_reg[3]/CE
  -------------------------------------------------------------------    -------------------

                         (clock clk_out1_clk_wiz_0 rise edge)
                                                     27.778    27.778 r  
    W5                                                0.000    27.778 r  clock_in (IN)
                         net (fo=0)                   0.000    27.778    clock_in
    W5                   IBUF (Prop_ibuf_I_O)         1.388    29.166 r  clock_in_IBUF_inst/O
                         net (fo=1, routed)           1.862    31.028    clock_in_IBUF
    BUFGCTRL_X0Y1        BUFG (Prop_bufg_I_O)         0.091    31.119 r  clock_in_IBUF_BUFG_inst/O
                         net (fo=39, routed)          1.457    32.576    clkwiz/inst/clk_in1
    MMCME2_ADV_X1Y0      MMCME2_ADV (Prop_mmcme2_adv_CLKIN1_CLKOUT0)
                                                     -3.129    29.447 r  clkwiz/inst/mmcm_adv_inst/CLKOUT0
                         net (fo=1, routed)           1.581    31.028    clkwiz/inst/clk_out1_clk_wiz_0
    BUFGCTRL_X0Y0        BUFG (Prop_bufg_I_O)         0.091    31.119 r  clkwiz/inst/clkout1_buf/O
                         net (fo=85, routed)          1.505    32.624    clk_out1
    SLICE_X3Y22          FDRE                                         r  FSM_onehot_adc_state_reg[3]/C
                         clock pessimism              0.260    32.884    
                         clock uncertainty           -0.144    32.740    
    SLICE_X3Y22          FDRE (Setup_fdre_C_CE)      -0.205    32.535    FSM_onehot_adc_state_reg[3]
  -------------------------------------------------------------------
                         required time                         32.535    
                         arrival time                          -9.021    
  -------------------------------------------------------------------
                         slack                                 23.514    

Slack (MET) :             23.514ns  (required time - arrival time)
  Source:                 delay_count_reg[0]/C
                            (rising edge-triggered cell FDRE clocked by clk_out1_clk_wiz_0  {rise@0.000ns fall@13.889ns period=27.778ns})
  Destination:            FSM_onehot_adc_state_reg[4]/CE
                            (rising edge-triggered cell FDRE clocked by clk_out1_clk_wiz_0  {rise@0.000ns fall@13.889ns period=27.778ns})
  Path Group:             clk_out1_clk_wiz_0
  Path Type:              Setup (Max at Slow Process Corner)
  Requirement:            27.778ns  (clk_out1_clk_wiz_0 rise@27.778ns - clk_out1_clk_wiz_0 rise@0.000ns)
  Data Path Delay:        3.882ns  (logic 0.828ns (21.331%)  route 3.054ns (78.669%))
  Logic Levels:           3  (LUT5=2 LUT6=1)
  Clock Path Skew:        -0.033ns (DCD - SCD + CPR)
    Destination Clock Delay (DCD):    4.846ns = ( 32.624 - 27.778 ) 
    Source Clock Delay      (SCD):    5.139ns
    Clock Pessimism Removal (CPR):    0.260ns
  Clock Uncertainty:      0.144ns  ((TSJ^2 + DJ^2)^1/2) / 2 + PE
    Total System Jitter     (TSJ):    0.071ns
    Discrete Jitter          (DJ):    0.278ns
    Phase Error              (PE):    0.000ns

    Location             Delay type                Incr(ns)  Path(ns)    Netlist Resource(s)
  -------------------------------------------------------------------    -------------------
                         (clock clk_out1_clk_wiz_0 rise edge)
                                                      0.000     0.000 r  
    W5                                                0.000     0.000 r  clock_in (IN)
                         net (fo=0)                   0.000     0.000    clock_in
    W5                   IBUF (Prop_ibuf_I_O)         1.458     1.458 r  clock_in_IBUF_inst/O
                         net (fo=1, routed)           1.967     3.425    clock_in_IBUF
    BUFGCTRL_X0Y1        BUFG (Prop_bufg_I_O)         0.096     3.521 r  clock_in_IBUF_BUFG_inst/O
                         net (fo=39, routed)          1.575     5.096    clkwiz/inst/clk_in1
    MMCME2_ADV_X1Y0      MMCME2_ADV (Prop_mmcme2_adv_CLKIN1_CLKOUT0)
                                                     -3.333     1.763 r  clkwiz/inst/mmcm_adv_inst/CLKOUT0
                         net (fo=1, routed)           1.661     3.425    clkwiz/inst/clk_out1_clk_wiz_0
    BUFGCTRL_X0Y0        BUFG (Prop_bufg_I_O)         0.096     3.521 r  clkwiz/inst/clkout1_buf/O
                         net (fo=85, routed)          1.618     5.139    clk_out1
    SLICE_X0Y25          FDRE                                         r  delay_count_reg[0]/C
  -------------------------------------------------------------------    -------------------
    SLICE_X0Y25          FDRE (Prop_fdre_C_Q)         0.456     5.595 r  delay_count_reg[0]/Q
                         net (fo=6, routed)           1.026     6.622    delay_count_reg_n_0_[0]
    SLICE_X0Y24          LUT5 (Prop_lut5_I1_O)        0.124     6.746 f  FSM_onehot_adc_state[8]_i_5/O
                         net (fo=2, routed)           0.291     7.036    FSM_onehot_adc_state[8]_i_5_n_0
    SLICE_X0Y24          LUT5 (Prop_lut5_I0_O)        0.124     7.160 f  FSM_onehot_adc_state[8]_i_3/O
                         net (fo=1, routed)           0.810     7.970    FSM_onehot_adc_state[8]_i_3_n_0
    SLICE_X2Y24          LUT6 (Prop_lut6_I0_O)        0.124     8.094 r  FSM_onehot_adc_state[8]_i_2/O
                         net (fo=9, routed)           0.927     9.021    FSM_onehot_adc_state[8]_i_2_n_0
    SLICE_X3Y22          FDRE                                         r  FSM_onehot_adc_state_reg[4]/CE
  -------------------------------------------------------------------    -------------------

                         (clock clk_out1_clk_wiz_0 rise edge)
                                                     27.778    27.778 r  
    W5                                                0.000    27.778 r  clock_in (IN)
                         net (fo=0)                   0.000    27.778    clock_in
    W5                   IBUF (Prop_ibuf_I_O)         1.388    29.166 r  clock_in_IBUF_inst/O
                         net (fo=1, routed)           1.862    31.028    clock_in_IBUF
    BUFGCTRL_X0Y1        BUFG (Prop_bufg_I_O)         0.091    31.119 r  clock_in_IBUF_BUFG_inst/O
                         net (fo=39, routed)          1.457    32.576    clkwiz/inst/clk_in1
    MMCME2_ADV_X1Y0      MMCME2_ADV (Prop_mmcme2_adv_CLKIN1_CLKOUT0)
                                                     -3.129    29.447 r  clkwiz/inst/mmcm_adv_inst/CLKOUT0
                         net (fo=1, routed)           1.581    31.028    clkwiz/inst/clk_out1_clk_wiz_0
    BUFGCTRL_X0Y0        BUFG (Prop_bufg_I_O)         0.091    31.119 r  clkwiz/inst/clkout1_buf/O
                         net (fo=85, routed)          1.505    32.624    clk_out1
    SLICE_X3Y22          FDRE                                         r  FSM_onehot_adc_state_reg[4]/C
                         clock pessimism              0.260    32.884    
                         clock uncertainty           -0.144    32.740    
    SLICE_X3Y22          FDRE (Setup_fdre_C_CE)      -0.205    32.535    FSM_onehot_adc_state_reg[4]
  -------------------------------------------------------------------
                         required time                         32.535    
                         arrival time                          -9.021    
  -------------------------------------------------------------------
                         slack                                 23.514    

Slack (MET) :             23.518ns  (required time - arrival time)
  Source:                 delay_count_reg[0]/C
                            (rising edge-triggered cell FDRE clocked by clk_out1_clk_wiz_0  {rise@0.000ns fall@13.889ns period=27.778ns})
  Destination:            delay_counter_reg[1]/D
                            (rising edge-triggered cell FDRE clocked by clk_out1_clk_wiz_0  {rise@0.000ns fall@13.889ns period=27.778ns})
  Path Group:             clk_out1_clk_wiz_0
  Path Type:              Setup (Max at Slow Process Corner)
  Requirement:            27.778ns  (clk_out1_clk_wiz_0 rise@27.778ns - clk_out1_clk_wiz_0 rise@0.000ns)
  Data Path Delay:        3.813ns  (logic 0.854ns (22.398%)  route 2.959ns (77.602%))
  Logic Levels:           3  (LUT3=1 LUT5=1 LUT6=1)
  Clock Path Skew:        -0.034ns (DCD - SCD + CPR)
    Destination Clock Delay (DCD):    4.845ns = ( 32.623 - 27.778 ) 
    Source Clock Delay      (SCD):    5.139ns
    Clock Pessimism Removal (CPR):    0.260ns
  Clock Uncertainty:      0.144ns  ((TSJ^2 + DJ^2)^1/2) / 2 + PE
    Total System Jitter     (TSJ):    0.071ns
    Discrete Jitter          (DJ):    0.278ns
    Phase Error              (PE):    0.000ns

    Location             Delay type                Incr(ns)  Path(ns)    Netlist Resource(s)
  -------------------------------------------------------------------    -------------------
                         (clock clk_out1_clk_wiz_0 rise edge)
                                                      0.000     0.000 r  
    W5                                                0.000     0.000 r  clock_in (IN)
                         net (fo=0)                   0.000     0.000    clock_in
    W5                   IBUF (Prop_ibuf_I_O)         1.458     1.458 r  clock_in_IBUF_inst/O
                         net (fo=1, routed)           1.967     3.425    clock_in_IBUF
    BUFGCTRL_X0Y1        BUFG (Prop_bufg_I_O)         0.096     3.521 r  clock_in_IBUF_BUFG_inst/O
                         net (fo=39, routed)          1.575     5.096    clkwiz/inst/clk_in1
    MMCME2_ADV_X1Y0      MMCME2_ADV (Prop_mmcme2_adv_CLKIN1_CLKOUT0)
                                                     -3.333     1.763 r  clkwiz/inst/mmcm_adv_inst/CLKOUT0
                         net (fo=1, routed)           1.661     3.425    clkwiz/inst/clk_out1_clk_wiz_0
    BUFGCTRL_X0Y0        BUFG (Prop_bufg_I_O)         0.096     3.521 r  clkwiz/inst/clkout1_buf/O
                         net (fo=85, routed)          1.618     5.139    clk_out1
    SLICE_X0Y25          FDRE                                         r  delay_count_reg[0]/C
  -------------------------------------------------------------------    -------------------
    SLICE_X0Y25          FDRE (Prop_fdre_C_Q)         0.456     5.595 r  delay_count_reg[0]/Q
                         net (fo=6, routed)           1.026     6.622    delay_count_reg_n_0_[0]
    SLICE_X0Y24          LUT5 (Prop_lut5_I1_O)        0.124     6.746 r  FSM_onehot_adc_state[8]_i_5/O
                         net (fo=2, routed)           0.678     7.424    FSM_onehot_adc_state[8]_i_5_n_0
    SLICE_X0Y24          LUT6 (Prop_lut6_I5_O)        0.124     7.548 r  delay_counter[5]_i_3/O
                         net (fo=7, routed)           0.866     8.414    delay_counter[5]_i_3_n_0
    SLICE_X1Y23          LUT3 (Prop_lut3_I0_O)        0.150     8.564 r  delay_counter[1]_i_1/O
                         net (fo=1, routed)           0.388     8.952    delay_counter[1]_i_1_n_0
    SLICE_X0Y23          FDRE                                         r  delay_counter_reg[1]/D
  -------------------------------------------------------------------    -------------------

                         (clock clk_out1_clk_wiz_0 rise edge)
                                                     27.778    27.778 r  
    W5                                                0.000    27.778 r  clock_in (IN)
                         net (fo=0)                   0.000    27.778    clock_in
    W5                   IBUF (Prop_ibuf_I_O)         1.388    29.166 r  clock_in_IBUF_inst/O
                         net (fo=1, routed)           1.862    31.028    clock_in_IBUF
    BUFGCTRL_X0Y1        BUFG (Prop_bufg_I_O)         0.091    31.119 r  clock_in_IBUF_BUFG_inst/O
                         net (fo=39, routed)          1.457    32.576    clkwiz/inst/clk_in1
    MMCME2_ADV_X1Y0      MMCME2_ADV (Prop_mmcme2_adv_CLKIN1_CLKOUT0)
                                                     -3.129    29.447 r  clkwiz/inst/mmcm_adv_inst/CLKOUT0
                         net (fo=1, routed)           1.581    31.028    clkwiz/inst/clk_out1_clk_wiz_0
    BUFGCTRL_X0Y0        BUFG (Prop_bufg_I_O)         0.091    31.119 r  clkwiz/inst/clkout1_buf/O
                         net (fo=85, routed)          1.504    32.623    clk_out1
    SLICE_X0Y23          FDRE                                         r  delay_counter_reg[1]/C
                         clock pessimism              0.260    32.883    
                         clock uncertainty           -0.144    32.739    
    SLICE_X0Y23          FDRE (Setup_fdre_C_D)       -0.269    32.470    delay_counter_reg[1]
  -------------------------------------------------------------------
                         required time                         32.470    
                         arrival time                          -8.952    
  -------------------------------------------------------------------
                         slack                                 23.518    

Slack (MET) :             23.627ns  (required time - arrival time)
  Source:                 accum_sum_reg[1]/C
                            (rising edge-triggered cell FDRE clocked by clk_out1_clk_wiz_0  {rise@0.000ns fall@13.889ns period=27.778ns})
  Destination:            accum_sum_reg[16]/D
                            (rising edge-triggered cell FDRE clocked by clk_out1_clk_wiz_0  {rise@0.000ns fall@13.889ns period=27.778ns})
  Path Group:             clk_out1_clk_wiz_0
  Path Type:              Setup (Max at Slow Process Corner)
  Requirement:            27.778ns  (clk_out1_clk_wiz_0 rise@27.778ns - clk_out1_clk_wiz_0 rise@0.000ns)
  Data Path Delay:        3.951ns  (logic 2.186ns (55.331%)  route 1.765ns (44.669%))
  Logic Levels:           7  (CARRY4=5 LUT2=2)
  Clock Path Skew:        -0.028ns (DCD - SCD + CPR)
    Destination Clock Delay (DCD):    4.843ns = ( 32.621 - 27.778 ) 
    Source Clock Delay      (SCD):    5.145ns
    Clock Pessimism Removal (CPR):    0.274ns
  Clock Uncertainty:      0.144ns  ((TSJ^2 + DJ^2)^1/2) / 2 + PE
    Total System Jitter     (TSJ):    0.071ns
    Discrete Jitter          (DJ):    0.278ns
    Phase Error              (PE):    0.000ns

    Location             Delay type                Incr(ns)  Path(ns)    Netlist Resource(s)
  -------------------------------------------------------------------    -------------------
                         (clock clk_out1_clk_wiz_0 rise edge)
                                                      0.000     0.000 r  
    W5                                                0.000     0.000 r  clock_in (IN)
                         net (fo=0)                   0.000     0.000    clock_in
    W5                   IBUF (Prop_ibuf_I_O)         1.458     1.458 r  clock_in_IBUF_inst/O
                         net (fo=1, routed)           1.967     3.425    clock_in_IBUF
    BUFGCTRL_X0Y1        BUFG (Prop_bufg_I_O)         0.096     3.521 r  clock_in_IBUF_BUFG_inst/O
                         net (fo=39, routed)          1.575     5.096    clkwiz/inst/clk_in1
    MMCME2_ADV_X1Y0      MMCME2_ADV (Prop_mmcme2_adv_CLKIN1_CLKOUT0)
                                                     -3.333     1.763 r  clkwiz/inst/mmcm_adv_inst/CLKOUT0
                         net (fo=1, routed)           1.661     3.425    clkwiz/inst/clk_out1_clk_wiz_0
    BUFGCTRL_X0Y0        BUFG (Prop_bufg_I_O)         0.096     3.521 r  clkwiz/inst/clkout1_buf/O
                         net (fo=85, routed)          1.624     5.145    clk_out1
    SLICE_X2Y21          FDRE                                         r  accum_sum_reg[1]/C
  -------------------------------------------------------------------    -------------------
    SLICE_X2Y21          FDRE (Prop_fdre_C_Q)         0.478     5.623 r  accum_sum_reg[1]/Q
                         net (fo=2, routed)           0.739     6.362    accum_sum_reg_n_0_[1]
    SLICE_X3Y21          LUT2 (Prop_lut2_I0_O)        0.295     6.657 r  accum_sum[3]_i_5/O
                         net (fo=1, routed)           0.000     6.657    accum_sum[3]_i_5_n_0
    SLICE_X3Y21          CARRY4 (Prop_carry4_S[1]_CO[3])
                                                      0.550     7.207 r  accum_sum_reg[3]_i_2/CO[3]
                         net (fo=1, routed)           0.000     7.207    accum_sum_reg[3]_i_2_n_0
    SLICE_X3Y22          CARRY4 (Prop_carry4_CI_CO[3])
                                                      0.114     7.321 r  accum_sum_reg[7]_i_2/CO[3]
                         net (fo=1, routed)           0.000     7.321    accum_sum_reg[7]_i_2_n_0
    SLICE_X3Y23          CARRY4 (Prop_carry4_CI_CO[3])
                                                      0.114     7.435 r  accum_sum_reg[11]_i_2/CO[3]
                         net (fo=1, routed)           0.000     7.435    accum_sum_reg[11]_i_2_n_0
    SLICE_X3Y24          CARRY4 (Prop_carry4_CI_CO[3])
                                                      0.114     7.549 r  accum_sum_reg[15]_i_2/CO[3]
                         net (fo=1, routed)           0.009     7.558    accum_sum_reg[15]_i_2_n_0
    SLICE_X3Y25          CARRY4 (Prop_carry4_CI_O[0])
                                                      0.222     7.780 r  accum_sum_reg[16]_i_3/O[0]
                         net (fo=1, routed)           0.658     8.439    accum_sum_reg[16]_i_3_n_7
    SLICE_X2Y25          LUT2 (Prop_lut2_I1_O)        0.299     8.738 r  accum_sum[16]_i_2/O
                         net (fo=1, routed)           0.358     9.096    accum_sum[16]_i_2_n_0
    SLICE_X2Y24          FDRE                                         r  accum_sum_reg[16]/D
  -------------------------------------------------------------------    -------------------

                         (clock clk_out1_clk_wiz_0 rise edge)
                                                     27.778    27.778 r  
    W5                                                0.000    27.778 r  clock_in (IN)
                         net (fo=0)                   0.000    27.778    clock_in
    W5                   IBUF (Prop_ibuf_I_O)         1.388    29.166 r  clock_in_IBUF_inst/O
                         net (fo=1, routed)           1.862    31.028    clock_in_IBUF
    BUFGCTRL_X0Y1        BUFG (Prop_bufg_I_O)         0.091    31.119 r  clock_in_IBUF_BUFG_inst/O
                         net (fo=39, routed)          1.457    32.576    clkwiz/inst/clk_in1
    MMCME2_ADV_X1Y0      MMCME2_ADV (Prop_mmcme2_adv_CLKIN1_CLKOUT0)
                                                     -3.129    29.447 r  clkwiz/inst/mmcm_adv_inst/CLKOUT0
                         net (fo=1, routed)           1.581    31.028    clkwiz/inst/clk_out1_clk_wiz_0
    BUFGCTRL_X0Y0        BUFG (Prop_bufg_I_O)         0.091    31.119 r  clkwiz/inst/clkout1_buf/O
                         net (fo=85, routed)          1.502    32.621    clk_out1
    SLICE_X2Y24          FDRE                                         r  accum_sum_reg[16]/C
                         clock pessimism              0.274    32.895    
                         clock uncertainty           -0.144    32.751    
    SLICE_X2Y24          FDRE (Setup_fdre_C_D)       -0.028    32.723    accum_sum_reg[16]
  -------------------------------------------------------------------
                         required time                         32.723    
                         arrival time                          -9.096    
  -------------------------------------------------------------------
                         slack                                 23.627    

Slack (MET) :             23.801ns  (required time - arrival time)
  Source:                 delay_count_reg[0]/C
                            (rising edge-triggered cell FDRE clocked by clk_out1_clk_wiz_0  {rise@0.000ns fall@13.889ns period=27.778ns})
  Destination:            FSM_onehot_adc_state_reg[6]/CE
                            (rising edge-triggered cell FDRE clocked by clk_out1_clk_wiz_0  {rise@0.000ns fall@13.889ns period=27.778ns})
  Path Group:             clk_out1_clk_wiz_0
  Path Type:              Setup (Max at Slow Process Corner)
  Requirement:            27.778ns  (clk_out1_clk_wiz_0 rise@27.778ns - clk_out1_clk_wiz_0 rise@0.000ns)
  Data Path Delay:        3.593ns  (logic 0.828ns (23.048%)  route 2.765ns (76.952%))
  Logic Levels:           3  (LUT5=2 LUT6=1)
  Clock Path Skew:        -0.036ns (DCD - SCD + CPR)
    Destination Clock Delay (DCD):    4.843ns = ( 32.621 - 27.778 ) 
    Source Clock Delay      (SCD):    5.139ns
    Clock Pessimism Removal (CPR):    0.260ns
  Clock Uncertainty:      0.144ns  ((TSJ^2 + DJ^2)^1/2) / 2 + PE
    Total System Jitter     (TSJ):    0.071ns
    Discrete Jitter          (DJ):    0.278ns
    Phase Error              (PE):    0.000ns

    Location             Delay type                Incr(ns)  Path(ns)    Netlist Resource(s)
  -------------------------------------------------------------------    -------------------
                         (clock clk_out1_clk_wiz_0 rise edge)
                                                      0.000     0.000 r  
    W5                                                0.000     0.000 r  clock_in (IN)
                         net (fo=0)                   0.000     0.000    clock_in
    W5                   IBUF (Prop_ibuf_I_O)         1.458     1.458 r  clock_in_IBUF_inst/O
                         net (fo=1, routed)           1.967     3.425    clock_in_IBUF
    BUFGCTRL_X0Y1        BUFG (Prop_bufg_I_O)         0.096     3.521 r  clock_in_IBUF_BUFG_inst/O
                         net (fo=39, routed)          1.575     5.096    clkwiz/inst/clk_in1
    MMCME2_ADV_X1Y0      MMCME2_ADV (Prop_mmcme2_adv_CLKIN1_CLKOUT0)
                                                     -3.333     1.763 r  clkwiz/inst/mmcm_adv_inst/CLKOUT0
                         net (fo=1, routed)           1.661     3.425    clkwiz/inst/clk_out1_clk_wiz_0
    BUFGCTRL_X0Y0        BUFG (Prop_bufg_I_O)         0.096     3.521 r  clkwiz/inst/clkout1_buf/O
                         net (fo=85, routed)          1.618     5.139    clk_out1
    SLICE_X0Y25          FDRE                                         r  delay_count_reg[0]/C
  -------------------------------------------------------------------    -------------------
    SLICE_X0Y25          FDRE (Prop_fdre_C_Q)         0.456     5.595 r  delay_count_reg[0]/Q
                         net (fo=6, routed)           1.026     6.622    delay_count_reg_n_0_[0]
    SLICE_X0Y24          LUT5 (Prop_lut5_I1_O)        0.124     6.746 f  FSM_onehot_adc_state[8]_i_5/O
                         net (fo=2, routed)           0.291     7.036    FSM_onehot_adc_state[8]_i_5_n_0
    SLICE_X0Y24          LUT5 (Prop_lut5_I0_O)        0.124     7.160 f  FSM_onehot_adc_state[8]_i_3/O
                         net (fo=1, routed)           0.810     7.970    FSM_onehot_adc_state[8]_i_3_n_0
    SLICE_X2Y24          LUT6 (Prop_lut6_I0_O)        0.124     8.094 r  FSM_onehot_adc_state[8]_i_2/O
                         net (fo=9, routed)           0.638     8.732    FSM_onehot_adc_state[8]_i_2_n_0
    SLICE_X3Y24          FDRE                                         r  FSM_onehot_adc_state_reg[6]/CE
  -------------------------------------------------------------------    -------------------

                         (clock clk_out1_clk_wiz_0 rise edge)
                                                     27.778    27.778 r  
    W5                                                0.000    27.778 r  clock_in (IN)
                         net (fo=0)                   0.000    27.778    clock_in
    W5                   IBUF (Prop_ibuf_I_O)         1.388    29.166 r  clock_in_IBUF_inst/O
                         net (fo=1, routed)           1.862    31.028    clock_in_IBUF
    BUFGCTRL_X0Y1        BUFG (Prop_bufg_I_O)         0.091    31.119 r  clock_in_IBUF_BUFG_inst/O
                         net (fo=39, routed)          1.457    32.576    clkwiz/inst/clk_in1
    MMCME2_ADV_X1Y0      MMCME2_ADV (Prop_mmcme2_adv_CLKIN1_CLKOUT0)
                                                     -3.129    29.447 r  clkwiz/inst/mmcm_adv_inst/CLKOUT0
                         net (fo=1, routed)           1.581    31.028    clkwiz/inst/clk_out1_clk_wiz_0
    BUFGCTRL_X0Y0        BUFG (Prop_bufg_I_O)         0.091    31.119 r  clkwiz/inst/clkout1_buf/O
                         net (fo=85, routed)          1.502    32.621    clk_out1
    SLICE_X3Y24          FDRE                                         r  FSM_onehot_adc_state_reg[6]/C
                         clock pessimism              0.260    32.881    
                         clock uncertainty           -0.144    32.737    
    SLICE_X3Y24          FDRE (Setup_fdre_C_CE)      -0.205    32.532    FSM_onehot_adc_state_reg[6]
  -------------------------------------------------------------------
                         required time                         32.532    
                         arrival time                          -8.732    
  -------------------------------------------------------------------
                         slack                                 23.801    

Slack (MET) :             23.801ns  (required time - arrival time)
  Source:                 delay_count_reg[0]/C
                            (rising edge-triggered cell FDRE clocked by clk_out1_clk_wiz_0  {rise@0.000ns fall@13.889ns period=27.778ns})
  Destination:            FSM_onehot_adc_state_reg[7]/CE
                            (rising edge-triggered cell FDRE clocked by clk_out1_clk_wiz_0  {rise@0.000ns fall@13.889ns period=27.778ns})
  Path Group:             clk_out1_clk_wiz_0
  Path Type:              Setup (Max at Slow Process Corner)
  Requirement:            27.778ns  (clk_out1_clk_wiz_0 rise@27.778ns - clk_out1_clk_wiz_0 rise@0.000ns)
  Data Path Delay:        3.593ns  (logic 0.828ns (23.048%)  route 2.765ns (76.952%))
  Logic Levels:           3  (LUT5=2 LUT6=1)
  Clock Path Skew:        -0.036ns (DCD - SCD + CPR)
    Destination Clock Delay (DCD):    4.843ns = ( 32.621 - 27.778 ) 
    Source Clock Delay      (SCD):    5.139ns
    Clock Pessimism Removal (CPR):    0.260ns
  Clock Uncertainty:      0.144ns  ((TSJ^2 + DJ^2)^1/2) / 2 + PE
    Total System Jitter     (TSJ):    0.071ns
    Discrete Jitter          (DJ):    0.278ns
    Phase Error              (PE):    0.000ns

    Location             Delay type                Incr(ns)  Path(ns)    Netlist Resource(s)
  -------------------------------------------------------------------    -------------------
                         (clock clk_out1_clk_wiz_0 rise edge)
                                                      0.000     0.000 r  
    W5                                                0.000     0.000 r  clock_in (IN)
                         net (fo=0)                   0.000     0.000    clock_in
    W5                   IBUF (Prop_ibuf_I_O)         1.458     1.458 r  clock_in_IBUF_inst/O
                         net (fo=1, routed)           1.967     3.425    clock_in_IBUF
    BUFGCTRL_X0Y1        BUFG (Prop_bufg_I_O)         0.096     3.521 r  clock_in_IBUF_BUFG_inst/O
                         net (fo=39, routed)          1.575     5.096    clkwiz/inst/clk_in1
    MMCME2_ADV_X1Y0      MMCME2_ADV (Prop_mmcme2_adv_CLKIN1_CLKOUT0)
                                                     -3.333     1.763 r  clkwiz/inst/mmcm_adv_inst/CLKOUT0
                         net (fo=1, routed)           1.661     3.425    clkwiz/inst/clk_out1_clk_wiz_0
    BUFGCTRL_X0Y0        BUFG (Prop_bufg_I_O)         0.096     3.521 r  clkwiz/inst/clkout1_buf/O
                         net (fo=85, routed)          1.618     5.139    clk_out1
    SLICE_X0Y25          FDRE                                         r  delay_count_reg[0]/C
  -------------------------------------------------------------------    -------------------
    SLICE_X0Y25          FDRE (Prop_fdre_C_Q)         0.456     5.595 r  delay_count_reg[0]/Q
                         net (fo=6, routed)           1.026     6.622    delay_count_reg_n_0_[0]
    SLICE_X0Y24          LUT5 (Prop_lut5_I1_O)        0.124     6.746 f  FSM_onehot_adc_state[8]_i_5/O
                         net (fo=2, routed)           0.291     7.036    FSM_onehot_adc_state[8]_i_5_n_0
    SLICE_X0Y24          LUT5 (Prop_lut5_I0_O)        0.124     7.160 f  FSM_onehot_adc_state[8]_i_3/O
                         net (fo=1, routed)           0.810     7.970    FSM_onehot_adc_state[8]_i_3_n_0
    SLICE_X2Y24          LUT6 (Prop_lut6_I0_O)        0.124     8.094 r  FSM_onehot_adc_state[8]_i_2/O
                         net (fo=9, routed)           0.638     8.732    FSM_onehot_adc_state[8]_i_2_n_0
    SLICE_X3Y24          FDRE                                         r  FSM_onehot_adc_state_reg[7]/CE
  -------------------------------------------------------------------    -------------------

                         (clock clk_out1_clk_wiz_0 rise edge)
                                                     27.778    27.778 r  
    W5                                                0.000    27.778 r  clock_in (IN)
                         net (fo=0)                   0.000    27.778    clock_in
    W5                   IBUF (Prop_ibuf_I_O)         1.388    29.166 r  clock_in_IBUF_inst/O
                         net (fo=1, routed)           1.862    31.028    clock_in_IBUF
    BUFGCTRL_X0Y1        BUFG (Prop_bufg_I_O)         0.091    31.119 r  clock_in_IBUF_BUFG_inst/O
                         net (fo=39, routed)          1.457    32.576    clkwiz/inst/clk_in1
    MMCME2_ADV_X1Y0      MMCME2_ADV (Prop_mmcme2_adv_CLKIN1_CLKOUT0)
                                                     -3.129    29.447 r  clkwiz/inst/mmcm_adv_inst/CLKOUT0
                         net (fo=1, routed)           1.581    31.028    clkwiz/inst/clk_out1_clk_wiz_0
    BUFGCTRL_X0Y0        BUFG (Prop_bufg_I_O)         0.091    31.119 r  clkwiz/inst/clkout1_buf/O
                         net (fo=85, routed)          1.502    32.621    clk_out1
    SLICE_X3Y24          FDRE                                         r  FSM_onehot_adc_state_reg[7]/C
                         clock pessimism              0.260    32.881    
                         clock uncertainty           -0.144    32.737    
    SLICE_X3Y24          FDRE (Setup_fdre_C_CE)      -0.205    32.532    FSM_onehot_adc_state_reg[7]
  -------------------------------------------------------------------
                         required time                         32.532    
                         arrival time                          -8.732    
  -------------------------------------------------------------------
                         slack                                 23.801    

Slack (MET) :             23.801ns  (required time - arrival time)
  Source:                 delay_count_reg[0]/C
                            (rising edge-triggered cell FDRE clocked by clk_out1_clk_wiz_0  {rise@0.000ns fall@13.889ns period=27.778ns})
  Destination:            FSM_onehot_adc_state_reg[8]/CE
                            (rising edge-triggered cell FDRE clocked by clk_out1_clk_wiz_0  {rise@0.000ns fall@13.889ns period=27.778ns})
  Path Group:             clk_out1_clk_wiz_0
  Path Type:              Setup (Max at Slow Process Corner)
  Requirement:            27.778ns  (clk_out1_clk_wiz_0 rise@27.778ns - clk_out1_clk_wiz_0 rise@0.000ns)
  Data Path Delay:        3.593ns  (logic 0.828ns (23.048%)  route 2.765ns (76.952%))
  Logic Levels:           3  (LUT5=2 LUT6=1)
  Clock Path Skew:        -0.036ns (DCD - SCD + CPR)
    Destination Clock Delay (DCD):    4.843ns = ( 32.621 - 27.778 ) 
    Source Clock Delay      (SCD):    5.139ns
    Clock Pessimism Removal (CPR):    0.260ns
  Clock Uncertainty:      0.144ns  ((TSJ^2 + DJ^2)^1/2) / 2 + PE
    Total System Jitter     (TSJ):    0.071ns
    Discrete Jitter          (DJ):    0.278ns
    Phase Error              (PE):    0.000ns

    Location             Delay type                Incr(ns)  Path(ns)    Netlist Resource(s)
  -------------------------------------------------------------------    -------------------
                         (clock clk_out1_clk_wiz_0 rise edge)
                                                      0.000     0.000 r  
    W5                                                0.000     0.000 r  clock_in (IN)
                         net (fo=0)                   0.000     0.000    clock_in
    W5                   IBUF (Prop_ibuf_I_O)         1.458     1.458 r  clock_in_IBUF_inst/O
                         net (fo=1, routed)           1.967     3.425    clock_in_IBUF
    BUFGCTRL_X0Y1        BUFG (Prop_bufg_I_O)         0.096     3.521 r  clock_in_IBUF_BUFG_inst/O
                         net (fo=39, routed)          1.575     5.096    clkwiz/inst/clk_in1
    MMCME2_ADV_X1Y0      MMCME2_ADV (Prop_mmcme2_adv_CLKIN1_CLKOUT0)
                                                     -3.333     1.763 r  clkwiz/inst/mmcm_adv_inst/CLKOUT0
                         net (fo=1, routed)           1.661     3.425    clkwiz/inst/clk_out1_clk_wiz_0
    BUFGCTRL_X0Y0        BUFG (Prop_bufg_I_O)         0.096     3.521 r  clkwiz/inst/clkout1_buf/O
                         net (fo=85, routed)          1.618     5.139    clk_out1
    SLICE_X0Y25          FDRE                                         r  delay_count_reg[0]/C
  -------------------------------------------------------------------    -------------------
    SLICE_X0Y25          FDRE (Prop_fdre_C_Q)         0.456     5.595 r  delay_count_reg[0]/Q
                         net (fo=6, routed)           1.026     6.622    delay_count_reg_n_0_[0]
    SLICE_X0Y24          LUT5 (Prop_lut5_I1_O)        0.124     6.746 f  FSM_onehot_adc_state[8]_i_5/O
                         net (fo=2, routed)           0.291     7.036    FSM_onehot_adc_state[8]_i_5_n_0
    SLICE_X0Y24          LUT5 (Prop_lut5_I0_O)        0.124     7.160 f  FSM_onehot_adc_state[8]_i_3/O
                         net (fo=1, routed)           0.810     7.970    FSM_onehot_adc_state[8]_i_3_n_0
    SLICE_X2Y24          LUT6 (Prop_lut6_I0_O)        0.124     8.094 r  FSM_onehot_adc_state[8]_i_2/O
                         net (fo=9, routed)           0.638     8.732    FSM_onehot_adc_state[8]_i_2_n_0
    SLICE_X3Y24          FDRE                                         r  FSM_onehot_adc_state_reg[8]/CE
  -------------------------------------------------------------------    -------------------

                         (clock clk_out1_clk_wiz_0 rise edge)
                                                     27.778    27.778 r  
    W5                                                0.000    27.778 r  clock_in (IN)
                         net (fo=0)                   0.000    27.778    clock_in
    W5                   IBUF (Prop_ibuf_I_O)         1.388    29.166 r  clock_in_IBUF_inst/O
                         net (fo=1, routed)           1.862    31.028    clock_in_IBUF
    BUFGCTRL_X0Y1        BUFG (Prop_bufg_I_O)         0.091    31.119 r  clock_in_IBUF_BUFG_inst/O
                         net (fo=39, routed)          1.457    32.576    clkwiz/inst/clk_in1
    MMCME2_ADV_X1Y0      MMCME2_ADV (Prop_mmcme2_adv_CLKIN1_CLKOUT0)
                                                     -3.129    29.447 r  clkwiz/inst/mmcm_adv_inst/CLKOUT0
                         net (fo=1, routed)           1.581    31.028    clkwiz/inst/clk_out1_clk_wiz_0
    BUFGCTRL_X0Y0        BUFG (Prop_bufg_I_O)         0.091    31.119 r  clkwiz/inst/clkout1_buf/O
                         net (fo=85, routed)          1.502    32.621    clk_out1
    SLICE_X3Y24          FDRE                                         r  FSM_onehot_adc_state_reg[8]/C
                         clock pessimism              0.260    32.881    
                         clock uncertainty           -0.144    32.737    
    SLICE_X3Y24          FDRE (Setup_fdre_C_CE)      -0.205    32.532    FSM_onehot_adc_state_reg[8]
  -------------------------------------------------------------------
                         required time                         32.532    
                         arrival time                          -8.732    
  -------------------------------------------------------------------
                         slack                                 23.801    

Slack (MET) :             23.956ns  (required time - arrival time)
  Source:                 accum_sum_reg[1]/C
                            (rising edge-triggered cell FDRE clocked by clk_out1_clk_wiz_0  {rise@0.000ns fall@13.889ns period=27.778ns})
  Destination:            accum_sum_reg[13]/D
                            (rising edge-triggered cell FDRE clocked by clk_out1_clk_wiz_0  {rise@0.000ns fall@13.889ns period=27.778ns})
  Path Group:             clk_out1_clk_wiz_0
  Path Type:              Setup (Max at Slow Process Corner)
  Requirement:            27.778ns  (clk_out1_clk_wiz_0 rise@27.778ns - clk_out1_clk_wiz_0 rise@0.000ns)
  Data Path Delay:        3.731ns  (logic 2.188ns (58.640%)  route 1.543ns (41.360%))
  Logic Levels:           6  (CARRY4=4 LUT2=2)
  Clock Path Skew:        -0.028ns (DCD - SCD + CPR)
    Destination Clock Delay (DCD):    4.843ns = ( 32.621 - 27.778 ) 
    Source Clock Delay      (SCD):    5.145ns
    Clock Pessimism Removal (CPR):    0.274ns
  Clock Uncertainty:      0.144ns  ((TSJ^2 + DJ^2)^1/2) / 2 + PE
    Total System Jitter     (TSJ):    0.071ns
    Discrete Jitter          (DJ):    0.278ns
    Phase Error              (PE):    0.000ns

    Location             Delay type                Incr(ns)  Path(ns)    Netlist Resource(s)
  -------------------------------------------------------------------    -------------------
                         (clock clk_out1_clk_wiz_0 rise edge)
                                                      0.000     0.000 r  
    W5                                                0.000     0.000 r  clock_in (IN)
                         net (fo=0)                   0.000     0.000    clock_in
    W5                   IBUF (Prop_ibuf_I_O)         1.458     1.458 r  clock_in_IBUF_inst/O
                         net (fo=1, routed)           1.967     3.425    clock_in_IBUF
    BUFGCTRL_X0Y1        BUFG (Prop_bufg_I_O)         0.096     3.521 r  clock_in_IBUF_BUFG_inst/O
                         net (fo=39, routed)          1.575     5.096    clkwiz/inst/clk_in1
    MMCME2_ADV_X1Y0      MMCME2_ADV (Prop_mmcme2_adv_CLKIN1_CLKOUT0)
                                                     -3.333     1.763 r  clkwiz/inst/mmcm_adv_inst/CLKOUT0
                         net (fo=1, routed)           1.661     3.425    clkwiz/inst/clk_out1_clk_wiz_0
    BUFGCTRL_X0Y0        BUFG (Prop_bufg_I_O)         0.096     3.521 r  clkwiz/inst/clkout1_buf/O
                         net (fo=85, routed)          1.624     5.145    clk_out1
    SLICE_X2Y21          FDRE                                         r  accum_sum_reg[1]/C
  -------------------------------------------------------------------    -------------------
    SLICE_X2Y21          FDRE (Prop_fdre_C_Q)         0.478     5.623 r  accum_sum_reg[1]/Q
                         net (fo=2, routed)           0.739     6.362    accum_sum_reg_n_0_[1]
    SLICE_X3Y21          LUT2 (Prop_lut2_I0_O)        0.295     6.657 r  accum_sum[3]_i_5/O
                         net (fo=1, routed)           0.000     6.657    accum_sum[3]_i_5_n_0
    SLICE_X3Y21          CARRY4 (Prop_carry4_S[1]_CO[3])
                                                      0.550     7.207 r  accum_sum_reg[3]_i_2/CO[3]
                         net (fo=1, routed)           0.000     7.207    accum_sum_reg[3]_i_2_n_0
    SLICE_X3Y22          CARRY4 (Prop_carry4_CI_CO[3])
                                                      0.114     7.321 r  accum_sum_reg[7]_i_2/CO[3]
                         net (fo=1, routed)           0.000     7.321    accum_sum_reg[7]_i_2_n_0
    SLICE_X3Y23          CARRY4 (Prop_carry4_CI_CO[3])
                                                      0.114     7.435 r  accum_sum_reg[11]_i_2/CO[3]
                         net (fo=1, routed)           0.000     7.435    accum_sum_reg[11]_i_2_n_0
    SLICE_X3Y24          CARRY4 (Prop_carry4_CI_O[1])
                                                      0.334     7.769 r  accum_sum_reg[15]_i_2/O[1]
                         net (fo=1, routed)           0.804     8.574    accum_sum_reg[15]_i_2_n_6
    SLICE_X2Y24          LUT2 (Prop_lut2_I1_O)        0.303     8.877 r  accum_sum[13]_i_1/O
                         net (fo=1, routed)           0.000     8.877    accum_sum[13]_i_1_n_0
    SLICE_X2Y24          FDRE                                         r  accum_sum_reg[13]/D
  -------------------------------------------------------------------    -------------------

                         (clock clk_out1_clk_wiz_0 rise edge)
                                                     27.778    27.778 r  
    W5                                                0.000    27.778 r  clock_in (IN)
                         net (fo=0)                   0.000    27.778    clock_in
    W5                   IBUF (Prop_ibuf_I_O)         1.388    29.166 r  clock_in_IBUF_inst/O
                         net (fo=1, routed)           1.862    31.028    clock_in_IBUF
    BUFGCTRL_X0Y1        BUFG (Prop_bufg_I_O)         0.091    31.119 r  clock_in_IBUF_BUFG_inst/O
                         net (fo=39, routed)          1.457    32.576    clkwiz/inst/clk_in1
    MMCME2_ADV_X1Y0      MMCME2_ADV (Prop_mmcme2_adv_CLKIN1_CLKOUT0)
                                                     -3.129    29.447 r  clkwiz/inst/mmcm_adv_inst/CLKOUT0
                         net (fo=1, routed)           1.581    31.028    clkwiz/inst/clk_out1_clk_wiz_0
    BUFGCTRL_X0Y0        BUFG (Prop_bufg_I_O)         0.091    31.119 r  clkwiz/inst/clkout1_buf/O
                         net (fo=85, routed)          1.502    32.621    clk_out1
    SLICE_X2Y24          FDRE                                         r  accum_sum_reg[13]/C
                         clock pessimism              0.274    32.895    
                         clock uncertainty           -0.144    32.751    
    SLICE_X2Y24          FDRE (Setup_fdre_C_D)        0.081    32.832    accum_sum_reg[13]
  -------------------------------------------------------------------
                         required time                         32.832    
                         arrival time                          -8.877    
  -------------------------------------------------------------------
                         slack                                 23.956    





Min Delay Paths
--------------------------------------------------------------------------------------
Slack (MET) :             0.131ns  (arrival time - required time)
  Source:                 sample_ack_meta_a_reg/C
                            (rising edge-triggered cell FDRE clocked by clk_out1_clk_wiz_0  {rise@0.000ns fall@13.889ns period=27.778ns})
  Destination:            sample_ack_sync_a_reg/D
                            (rising edge-triggered cell FDRE clocked by clk_out1_clk_wiz_0  {rise@0.000ns fall@13.889ns period=27.778ns})
  Path Group:             clk_out1_clk_wiz_0
  Path Type:              Hold (Min at Fast Process Corner)
  Requirement:            0.000ns  (clk_out1_clk_wiz_0 rise@0.000ns - clk_out1_clk_wiz_0 rise@0.000ns)
  Data Path Delay:        0.206ns  (logic 0.141ns (68.336%)  route 0.065ns (31.664%))
  Logic Levels:           0  
  Clock Path Skew:        0.000ns (DCD - SCD - CPR)
    Destination Clock Delay (DCD):    1.976ns
    Source Clock Delay      (SCD):    1.464ns
    Clock Pessimism Removal (CPR):    0.512ns

    Location             Delay type                Incr(ns)  Path(ns)    Netlist Resource(s)
  -------------------------------------------------------------------    -------------------
                         (clock clk_out1_clk_wiz_0 rise edge)
                                                      0.000     0.000 r  
    W5                                                0.000     0.000 r  clock_in (IN)
                         net (fo=0)                   0.000     0.000    clock_in
    W5                   IBUF (Prop_ibuf_I_O)         0.226     0.226 r  clock_in_IBUF_inst/O
                         net (fo=1, routed)           0.631     0.858    clock_in_IBUF
    BUFGCTRL_X0Y1        BUFG (Prop_bufg_I_O)         0.026     0.884 r  clock_in_IBUF_BUFG_inst/O
                         net (fo=39, routed)          0.549     1.432    clkwiz/inst/clk_in1
    MMCME2_ADV_X1Y0      MMCME2_ADV (Prop_mmcme2_adv_CLKIN1_CLKOUT0)
                                                     -1.061     0.372 r  clkwiz/inst/mmcm_adv_inst/CLKOUT0
                         net (fo=1, routed)           0.486     0.858    clkwiz/inst/clk_out1_clk_wiz_0
    BUFGCTRL_X0Y0        BUFG (Prop_bufg_I_O)         0.026     0.884 r  clkwiz/inst/clkout1_buf/O
                         net (fo=85, routed)          0.581     1.464    clk_out1
    SLICE_X4Y26          FDRE                                         r  sample_ack_meta_a_reg/C
  -------------------------------------------------------------------    -------------------
    SLICE_X4Y26          FDRE (Prop_fdre_C_Q)         0.141     1.605 r  sample_ack_meta_a_reg/Q
                         net (fo=1, routed)           0.065     1.670    sample_ack_meta_a
    SLICE_X4Y26          FDRE                                         r  sample_ack_sync_a_reg/D
  -------------------------------------------------------------------    -------------------

                         (clock clk_out1_clk_wiz_0 rise edge)
                                                      0.000     0.000 r  
    W5                                                0.000     0.000 r  clock_in (IN)
                         net (fo=0)                   0.000     0.000    clock_in
    W5                   IBUF (Prop_ibuf_I_O)         0.414     0.414 r  clock_in_IBUF_inst/O
                         net (fo=1, routed)           0.685     1.099    clock_in_IBUF
    BUFGCTRL_X0Y1        BUFG (Prop_bufg_I_O)         0.029     1.128 r  clock_in_IBUF_BUFG_inst/O
                         net (fo=39, routed)          0.817     1.944    clkwiz/inst/clk_in1
    MMCME2_ADV_X1Y0      MMCME2_ADV (Prop_mmcme2_adv_CLKIN1_CLKOUT0)
                                                     -1.375     0.569 r  clkwiz/inst/mmcm_adv_inst/CLKOUT0
                         net (fo=1, routed)           0.530     1.099    clkwiz/inst/clk_out1_clk_wiz_0
    BUFGCTRL_X0Y0        BUFG (Prop_bufg_I_O)         0.029     1.128 r  clkwiz/inst/clkout1_buf/O
                         net (fo=85, routed)          0.849     1.976    clk_out1
    SLICE_X4Y26          FDRE                                         r  sample_ack_sync_a_reg/C
                         clock pessimism             -0.512     1.464    
    SLICE_X4Y26          FDRE (Hold_fdre_C_D)         0.075     1.539    sample_ack_sync_a_reg
  -------------------------------------------------------------------
                         required time                         -1.539    
                         arrival time                           1.670    
  -------------------------------------------------------------------
                         slack                                  0.131    

Slack (MET) :             0.184ns  (arrival time - required time)
  Source:                 accum_sum_reg[13]/C
                            (rising edge-triggered cell FDRE clocked by clk_out1_clk_wiz_0  {rise@0.000ns fall@13.889ns period=27.778ns})
  Destination:            centered_reg[8]/D
                            (rising edge-triggered cell FDRE clocked by clk_out1_clk_wiz_0  {rise@0.000ns fall@13.889ns period=27.778ns})
  Path Group:             clk_out1_clk_wiz_0
  Path Type:              Hold (Min at Fast Process Corner)
  Requirement:            0.000ns  (clk_out1_clk_wiz_0 rise@0.000ns - clk_out1_clk_wiz_0 rise@0.000ns)
  Data Path Delay:        0.292ns  (logic 0.164ns (56.194%)  route 0.128ns (43.806%))
  Logic Levels:           0  
  Clock Path Skew:        0.032ns (DCD - SCD - CPR)
    Destination Clock Delay (DCD):    1.975ns
    Source Clock Delay      (SCD):    1.465ns
    Clock Pessimism Removal (CPR):    0.478ns

    Location             Delay type                Incr(ns)  Path(ns)    Netlist Resource(s)
  -------------------------------------------------------------------    -------------------
                         (clock clk_out1_clk_wiz_0 rise edge)
                                                      0.000     0.000 r  
    W5                                                0.000     0.000 r  clock_in (IN)
                         net (fo=0)                   0.000     0.000    clock_in
    W5                   IBUF (Prop_ibuf_I_O)         0.226     0.226 r  clock_in_IBUF_inst/O
                         net (fo=1, routed)           0.631     0.858    clock_in_IBUF
    BUFGCTRL_X0Y1        BUFG (Prop_bufg_I_O)         0.026     0.884 r  clock_in_IBUF_BUFG_inst/O
                         net (fo=39, routed)          0.549     1.432    clkwiz/inst/clk_in1
    MMCME2_ADV_X1Y0      MMCME2_ADV (Prop_mmcme2_adv_CLKIN1_CLKOUT0)
                                                     -1.061     0.372 r  clkwiz/inst/mmcm_adv_inst/CLKOUT0
                         net (fo=1, routed)           0.486     0.858    clkwiz/inst/clk_out1_clk_wiz_0
    BUFGCTRL_X0Y0        BUFG (Prop_bufg_I_O)         0.026     0.884 r  clkwiz/inst/clkout1_buf/O
                         net (fo=85, routed)          0.582     1.465    clk_out1
    SLICE_X2Y24          FDRE                                         r  accum_sum_reg[13]/C
  -------------------------------------------------------------------    -------------------
    SLICE_X2Y24          FDRE (Prop_fdre_C_Q)         0.164     1.629 r  accum_sum_reg[13]/Q
                         net (fo=2, routed)           0.128     1.757    centered1[8]
    SLICE_X4Y24          FDRE                                         r  centered_reg[8]/D
  -------------------------------------------------------------------    -------------------

                         (clock clk_out1_clk_wiz_0 rise edge)
                                                      0.000     0.000 r  
    W5                                                0.000     0.000 r  clock_in (IN)
                         net (fo=0)                   0.000     0.000    clock_in
    W5                   IBUF (Prop_ibuf_I_O)         0.414     0.414 r  clock_in_IBUF_inst/O
                         net (fo=1, routed)           0.685     1.099    clock_in_IBUF
    BUFGCTRL_X0Y1        BUFG (Prop_bufg_I_O)         0.029     1.128 r  clock_in_IBUF_BUFG_inst/O
                         net (fo=39, routed)          0.817     1.944    clkwiz/inst/clk_in1
    MMCME2_ADV_X1Y0      MMCME2_ADV (Prop_mmcme2_adv_CLKIN1_CLKOUT0)
                                                     -1.375     0.569 r  clkwiz/inst/mmcm_adv_inst/CLKOUT0
                         net (fo=1, routed)           0.530     1.099    clkwiz/inst/clk_out1_clk_wiz_0
    BUFGCTRL_X0Y0        BUFG (Prop_bufg_I_O)         0.029     1.128 r  clkwiz/inst/clkout1_buf/O
                         net (fo=85, routed)          0.848     1.975    clk_out1
    SLICE_X4Y24          FDRE                                         r  centered_reg[8]/C
                         clock pessimism             -0.478     1.497    
    SLICE_X4Y24          FDRE (Hold_fdre_C_D)         0.076     1.573    centered_reg[8]
  -------------------------------------------------------------------
                         required time                         -1.573    
                         arrival time                           1.757    
  -------------------------------------------------------------------
                         slack                                  0.184    

Slack (MET) :             0.184ns  (arrival time - required time)
  Source:                 accum_sum_reg[11]/C
                            (rising edge-triggered cell FDRE clocked by clk_out1_clk_wiz_0  {rise@0.000ns fall@13.889ns period=27.778ns})
  Destination:            centered_reg[6]/D
                            (rising edge-triggered cell FDRE clocked by clk_out1_clk_wiz_0  {rise@0.000ns fall@13.889ns period=27.778ns})
  Path Group:             clk_out1_clk_wiz_0
  Path Type:              Hold (Min at Fast Process Corner)
  Requirement:            0.000ns  (clk_out1_clk_wiz_0 rise@0.000ns - clk_out1_clk_wiz_0 rise@0.000ns)
  Data Path Delay:        0.267ns  (logic 0.141ns (52.816%)  route 0.126ns (47.184%))
  Logic Levels:           0  
  Clock Path Skew:        0.012ns (DCD - SCD - CPR)
    Destination Clock Delay (DCD):    1.975ns
    Source Clock Delay      (SCD):    1.464ns
    Clock Pessimism Removal (CPR):    0.499ns

    Location             Delay type                Incr(ns)  Path(ns)    Netlist Resource(s)
  -------------------------------------------------------------------    -------------------
                         (clock clk_out1_clk_wiz_0 rise edge)
                                                      0.000     0.000 r  
    W5                                                0.000     0.000 r  clock_in (IN)
                         net (fo=0)                   0.000     0.000    clock_in
    W5                   IBUF (Prop_ibuf_I_O)         0.226     0.226 r  clock_in_IBUF_inst/O
                         net (fo=1, routed)           0.631     0.858    clock_in_IBUF
    BUFGCTRL_X0Y1        BUFG (Prop_bufg_I_O)         0.026     0.884 r  clock_in_IBUF_BUFG_inst/O
                         net (fo=39, routed)          0.549     1.432    clkwiz/inst/clk_in1
    MMCME2_ADV_X1Y0      MMCME2_ADV (Prop_mmcme2_adv_CLKIN1_CLKOUT0)
                                                     -1.061     0.372 r  clkwiz/inst/mmcm_adv_inst/CLKOUT0
                         net (fo=1, routed)           0.486     0.858    clkwiz/inst/clk_out1_clk_wiz_0
    BUFGCTRL_X0Y0        BUFG (Prop_bufg_I_O)         0.026     0.884 r  clkwiz/inst/clkout1_buf/O
                         net (fo=85, routed)          0.581     1.464    clk_out1
    SLICE_X4Y23          FDRE                                         r  accum_sum_reg[11]/C
  -------------------------------------------------------------------    -------------------
    SLICE_X4Y23          FDRE (Prop_fdre_C_Q)         0.141     1.605 r  accum_sum_reg[11]/Q
                         net (fo=3, routed)           0.126     1.731    centered1[6]
    SLICE_X4Y24          FDRE                                         r  centered_reg[6]/D
  -------------------------------------------------------------------    -------------------

                         (clock clk_out1_clk_wiz_0 rise edge)
                                                      0.000     0.000 r  
    W5                                                0.000     0.000 r  clock_in (IN)
                         net (fo=0)                   0.000     0.000    clock_in
    W5                   IBUF (Prop_ibuf_I_O)         0.414     0.414 r  clock_in_IBUF_inst/O
                         net (fo=1, routed)           0.685     1.099    clock_in_IBUF
    BUFGCTRL_X0Y1        BUFG (Prop_bufg_I_O)         0.029     1.128 r  clock_in_IBUF_BUFG_inst/O
                         net (fo=39, routed)          0.817     1.944    clkwiz/inst/clk_in1
    MMCME2_ADV_X1Y0      MMCME2_ADV (Prop_mmcme2_adv_CLKIN1_CLKOUT0)
                                                     -1.375     0.569 r  clkwiz/inst/mmcm_adv_inst/CLKOUT0
                         net (fo=1, routed)           0.530     1.099    clkwiz/inst/clk_out1_clk_wiz_0
    BUFGCTRL_X0Y0        BUFG (Prop_bufg_I_O)         0.029     1.128 r  clkwiz/inst/clkout1_buf/O
                         net (fo=85, routed)          0.848     1.975    clk_out1
    SLICE_X4Y24          FDRE                                         r  centered_reg[6]/C
                         clock pessimism             -0.499     1.476    
    SLICE_X4Y24          FDRE (Hold_fdre_C_D)         0.071     1.547    centered_reg[6]
  -------------------------------------------------------------------
                         required time                         -1.547    
                         arrival time                           1.731    
  -------------------------------------------------------------------
                         slack                                  0.184    

Slack (MET) :             0.191ns  (arrival time - required time)
  Source:                 accum_sum_reg[5]/C
                            (rising edge-triggered cell FDRE clocked by clk_out1_clk_wiz_0  {rise@0.000ns fall@13.889ns period=27.778ns})
  Destination:            centered_reg[0]/D
                            (rising edge-triggered cell FDRE clocked by clk_out1_clk_wiz_0  {rise@0.000ns fall@13.889ns period=27.778ns})
  Path Group:             clk_out1_clk_wiz_0
  Path Type:              Hold (Min at Fast Process Corner)
  Requirement:            0.000ns  (clk_out1_clk_wiz_0 rise@0.000ns - clk_out1_clk_wiz_0 rise@0.000ns)
  Data Path Delay:        0.293ns  (logic 0.164ns (55.996%)  route 0.129ns (44.004%))
  Logic Levels:           0  
  Clock Path Skew:        0.032ns (DCD - SCD - CPR)
    Destination Clock Delay (DCD):    1.978ns
    Source Clock Delay      (SCD):    1.468ns
    Clock Pessimism Removal (CPR):    0.478ns

    Location             Delay type                Incr(ns)  Path(ns)    Netlist Resource(s)
  -------------------------------------------------------------------    -------------------
                         (clock clk_out1_clk_wiz_0 rise edge)
                                                      0.000     0.000 r  
    W5                                                0.000     0.000 r  clock_in (IN)
                         net (fo=0)                   0.000     0.000    clock_in
    W5                   IBUF (Prop_ibuf_I_O)         0.226     0.226 r  clock_in_IBUF_inst/O
                         net (fo=1, routed)           0.631     0.858    clock_in_IBUF
    BUFGCTRL_X0Y1        BUFG (Prop_bufg_I_O)         0.026     0.884 r  clock_in_IBUF_BUFG_inst/O
                         net (fo=39, routed)          0.549     1.432    clkwiz/inst/clk_in1
    MMCME2_ADV_X1Y0      MMCME2_ADV (Prop_mmcme2_adv_CLKIN1_CLKOUT0)
                                                     -1.061     0.372 r  clkwiz/inst/mmcm_adv_inst/CLKOUT0
                         net (fo=1, routed)           0.486     0.858    clkwiz/inst/clk_out1_clk_wiz_0
    BUFGCTRL_X0Y0        BUFG (Prop_bufg_I_O)         0.026     0.884 r  clkwiz/inst/clkout1_buf/O
                         net (fo=85, routed)          0.585     1.468    clk_out1
    SLICE_X2Y21          FDRE                                         r  accum_sum_reg[5]/C
  -------------------------------------------------------------------    -------------------
    SLICE_X2Y21          FDRE (Prop_fdre_C_Q)         0.164     1.632 r  accum_sum_reg[5]/Q
                         net (fo=3, routed)           0.129     1.761    centered1[0]
    SLICE_X5Y22          FDRE                                         r  centered_reg[0]/D
  -------------------------------------------------------------------    -------------------

                         (clock clk_out1_clk_wiz_0 rise edge)
                                                      0.000     0.000 r  
    W5                                                0.000     0.000 r  clock_in (IN)
                         net (fo=0)                   0.000     0.000    clock_in
    W5                   IBUF (Prop_ibuf_I_O)         0.414     0.414 r  clock_in_IBUF_inst/O
                         net (fo=1, routed)           0.685     1.099    clock_in_IBUF
    BUFGCTRL_X0Y1        BUFG (Prop_bufg_I_O)         0.029     1.128 r  clock_in_IBUF_BUFG_inst/O
                         net (fo=39, routed)          0.817     1.944    clkwiz/inst/clk_in1
    MMCME2_ADV_X1Y0      MMCME2_ADV (Prop_mmcme2_adv_CLKIN1_CLKOUT0)
                                                     -1.375     0.569 r  clkwiz/inst/mmcm_adv_inst/CLKOUT0
                         net (fo=1, routed)           0.530     1.099    clkwiz/inst/clk_out1_clk_wiz_0
    BUFGCTRL_X0Y0        BUFG (Prop_bufg_I_O)         0.029     1.128 r  clkwiz/inst/clkout1_buf/O
                         net (fo=85, routed)          0.851     1.978    clk_out1
    SLICE_X5Y22          FDRE                                         r  centered_reg[0]/C
                         clock pessimism             -0.478     1.500    
    SLICE_X5Y22          FDRE (Hold_fdre_C_D)         0.070     1.570    centered_reg[0]
  -------------------------------------------------------------------
                         required time                         -1.570    
                         arrival time                           1.761    
  -------------------------------------------------------------------
                         slack                                  0.191    

Slack (MET) :             0.197ns  (arrival time - required time)
  Source:                 decim_count_reg[0]/C
                            (rising edge-triggered cell FDRE clocked by clk_out1_clk_wiz_0  {rise@0.000ns fall@13.889ns period=27.778ns})
  Destination:            FSM_onehot_adc_state_reg[5]/D
                            (rising edge-triggered cell FDRE clocked by clk_out1_clk_wiz_0  {rise@0.000ns fall@13.889ns period=27.778ns})
  Path Group:             clk_out1_clk_wiz_0
  Path Type:              Hold (Min at Fast Process Corner)
  Requirement:            0.000ns  (clk_out1_clk_wiz_0 rise@0.000ns - clk_out1_clk_wiz_0 rise@0.000ns)
  Data Path Delay:        0.329ns  (logic 0.186ns (56.613%)  route 0.143ns (43.387%))
  Logic Levels:           1  (LUT6=1)
  Clock Path Skew:        0.012ns (DCD - SCD - CPR)
    Destination Clock Delay (DCD):    1.977ns
    Source Clock Delay      (SCD):    1.466ns
    Clock Pessimism Removal (CPR):    0.499ns

    Location             Delay type                Incr(ns)  Path(ns)    Netlist Resource(s)
  -------------------------------------------------------------------    -------------------
                         (clock clk_out1_clk_wiz_0 rise edge)
                                                      0.000     0.000 r  
    W5                                                0.000     0.000 r  clock_in (IN)
                         net (fo=0)                   0.000     0.000    clock_in
    W5                   IBUF (Prop_ibuf_I_O)         0.226     0.226 r  clock_in_IBUF_inst/O
                         net (fo=1, routed)           0.631     0.858    clock_in_IBUF
    BUFGCTRL_X0Y1        BUFG (Prop_bufg_I_O)         0.026     0.884 r  clock_in_IBUF_BUFG_inst/O
                         net (fo=39, routed)          0.549     1.432    clkwiz/inst/clk_in1
    MMCME2_ADV_X1Y0      MMCME2_ADV (Prop_mmcme2_adv_CLKIN1_CLKOUT0)
                                                     -1.061     0.372 r  clkwiz/inst/mmcm_adv_inst/CLKOUT0
                         net (fo=1, routed)           0.486     0.858    clkwiz/inst/clk_out1_clk_wiz_0
    BUFGCTRL_X0Y0        BUFG (Prop_bufg_I_O)         0.026     0.884 r  clkwiz/inst/clkout1_buf/O
                         net (fo=85, routed)          0.583     1.466    clk_out1
    SLICE_X1Y26          FDRE                                         r  decim_count_reg[0]/C
  -------------------------------------------------------------------    -------------------
    SLICE_X1Y26          FDRE (Prop_fdre_C_Q)         0.141     1.607 r  decim_count_reg[0]/Q
                         net (fo=7, routed)           0.143     1.750    decim_count_reg_n_0_[0]
    SLICE_X2Y25          LUT6 (Prop_lut6_I4_O)        0.045     1.795 r  FSM_onehot_adc_state[5]_i_1/O
                         net (fo=1, routed)           0.000     1.795    FSM_onehot_adc_state[5]_i_1_n_0
    SLICE_X2Y25          FDRE                                         r  FSM_onehot_adc_state_reg[5]/D
  -------------------------------------------------------------------    -------------------

                         (clock clk_out1_clk_wiz_0 rise edge)
                                                      0.000     0.000 r  
    W5                                                0.000     0.000 r  clock_in (IN)
                         net (fo=0)                   0.000     0.000    clock_in
    W5                   IBUF (Prop_ibuf_I_O)         0.414     0.414 r  clock_in_IBUF_inst/O
                         net (fo=1, routed)           0.685     1.099    clock_in_IBUF
    BUFGCTRL_X0Y1        BUFG (Prop_bufg_I_O)         0.029     1.128 r  clock_in_IBUF_BUFG_inst/O
                         net (fo=39, routed)          0.817     1.944    clkwiz/inst/clk_in1
    MMCME2_ADV_X1Y0      MMCME2_ADV (Prop_mmcme2_adv_CLKIN1_CLKOUT0)
                                                     -1.375     0.569 r  clkwiz/inst/mmcm_adv_inst/CLKOUT0
                         net (fo=1, routed)           0.530     1.099    clkwiz/inst/clk_out1_clk_wiz_0
    BUFGCTRL_X0Y0        BUFG (Prop_bufg_I_O)         0.029     1.128 r  clkwiz/inst/clkout1_buf/O
                         net (fo=85, routed)          0.850     1.977    clk_out1
    SLICE_X2Y25          FDRE                                         r  FSM_onehot_adc_state_reg[5]/C
                         clock pessimism             -0.499     1.478    
    SLICE_X2Y25          FDRE (Hold_fdre_C_D)         0.120     1.598    FSM_onehot_adc_state_reg[5]
  -------------------------------------------------------------------
                         required time                         -1.598    
                         arrival time                           1.795    
  -------------------------------------------------------------------
                         slack                                  0.197    

Slack (MET) :             0.198ns  (arrival time - required time)
  Source:                 FSM_onehot_adc_state_reg[1]/C
                            (rising edge-triggered cell FDRE clocked by clk_out1_clk_wiz_0  {rise@0.000ns fall@13.889ns period=27.778ns})
  Destination:            FSM_onehot_adc_state_reg[2]/D
                            (rising edge-triggered cell FDRE clocked by clk_out1_clk_wiz_0  {rise@0.000ns fall@13.889ns period=27.778ns})
  Path Group:             clk_out1_clk_wiz_0
  Path Type:              Hold (Min at Fast Process Corner)
  Requirement:            0.000ns  (clk_out1_clk_wiz_0 rise@0.000ns - clk_out1_clk_wiz_0 rise@0.000ns)
  Data Path Delay:        0.319ns  (logic 0.246ns (77.156%)  route 0.073ns (22.844%))
  Logic Levels:           1  (LUT6=1)
  Clock Path Skew:        0.000ns (DCD - SCD - CPR)
    Destination Clock Delay (DCD):    1.977ns
    Source Clock Delay      (SCD):    1.465ns
    Clock Pessimism Removal (CPR):    0.512ns

    Location             Delay type                Incr(ns)  Path(ns)    Netlist Resource(s)
  -------------------------------------------------------------------    -------------------
                         (clock clk_out1_clk_wiz_0 rise edge)
                                                      0.000     0.000 r  
    W5                                                0.000     0.000 r  clock_in (IN)
                         net (fo=0)                   0.000     0.000    clock_in
    W5                   IBUF (Prop_ibuf_I_O)         0.226     0.226 r  clock_in_IBUF_inst/O
                         net (fo=1, routed)           0.631     0.858    clock_in_IBUF
    BUFGCTRL_X0Y1        BUFG (Prop_bufg_I_O)         0.026     0.884 r  clock_in_IBUF_BUFG_inst/O
                         net (fo=39, routed)          0.549     1.432    clkwiz/inst/clk_in1
    MMCME2_ADV_X1Y0      MMCME2_ADV (Prop_mmcme2_adv_CLKIN1_CLKOUT0)
                                                     -1.061     0.372 r  clkwiz/inst/mmcm_adv_inst/CLKOUT0
                         net (fo=1, routed)           0.486     0.858    clkwiz/inst/clk_out1_clk_wiz_0
    BUFGCTRL_X0Y0        BUFG (Prop_bufg_I_O)         0.026     0.884 r  clkwiz/inst/clkout1_buf/O
                         net (fo=85, routed)          0.582     1.465    clk_out1
    SLICE_X2Y25          FDRE                                         r  FSM_onehot_adc_state_reg[1]/C
  -------------------------------------------------------------------    -------------------
    SLICE_X2Y25          FDRE (Prop_fdre_C_Q)         0.148     1.613 r  FSM_onehot_adc_state_reg[1]/Q
                         net (fo=7, routed)           0.073     1.686    FSM_onehot_adc_state_reg_n_0_[1]
    SLICE_X2Y25          LUT6 (Prop_lut6_I0_O)        0.098     1.784 r  FSM_onehot_adc_state[2]_i_1/O
                         net (fo=1, routed)           0.000     1.784    FSM_onehot_adc_state[2]_i_1_n_0
    SLICE_X2Y25          FDRE                                         r  FSM_onehot_adc_state_reg[2]/D
  -------------------------------------------------------------------    -------------------

                         (clock clk_out1_clk_wiz_0 rise edge)
                                                      0.000     0.000 r  
    W5                                                0.000     0.000 r  clock_in (IN)
                         net (fo=0)                   0.000     0.000    clock_in
    W5                   IBUF (Prop_ibuf_I_O)         0.414     0.414 r  clock_in_IBUF_inst/O
                         net (fo=1, routed)           0.685     1.099    clock_in_IBUF
    BUFGCTRL_X0Y1        BUFG (Prop_bufg_I_O)         0.029     1.128 r  clock_in_IBUF_BUFG_inst/O
                         net (fo=39, routed)          0.817     1.944    clkwiz/inst/clk_in1
    MMCME2_ADV_X1Y0      MMCME2_ADV (Prop_mmcme2_adv_CLKIN1_CLKOUT0)
                                                     -1.375     0.569 r  clkwiz/inst/mmcm_adv_inst/CLKOUT0
                         net (fo=1, routed)           0.530     1.099    clkwiz/inst/clk_out1_clk_wiz_0
    BUFGCTRL_X0Y0        BUFG (Prop_bufg_I_O)         0.029     1.128 r  clkwiz/inst/clkout1_buf/O
                         net (fo=85, routed)          0.850     1.977    clk_out1
    SLICE_X2Y25          FDRE                                         r  FSM_onehot_adc_state_reg[2]/C
                         clock pessimism             -0.512     1.465    
    SLICE_X2Y25          FDRE (Hold_fdre_C_D)         0.121     1.586    FSM_onehot_adc_state_reg[2]
  -------------------------------------------------------------------
                         required time                         -1.586    
                         arrival time                           1.784    
  -------------------------------------------------------------------
                         slack                                  0.198    

Slack (MET) :             0.204ns  (arrival time - required time)
  Source:                 centered_reg[4]/C
                            (rising edge-triggered cell FDRE clocked by clk_out1_clk_wiz_0  {rise@0.000ns fall@13.889ns period=27.778ns})
  Destination:            sample_word_adc_reg[4]/D
                            (rising edge-triggered cell FDRE clocked by clk_out1_clk_wiz_0  {rise@0.000ns fall@13.889ns period=27.778ns})
  Path Group:             clk_out1_clk_wiz_0
  Path Type:              Hold (Min at Fast Process Corner)
  Requirement:            0.000ns  (clk_out1_clk_wiz_0 rise@0.000ns - clk_out1_clk_wiz_0 rise@0.000ns)
  Data Path Delay:        0.285ns  (logic 0.141ns (49.509%)  route 0.144ns (50.491%))
  Logic Levels:           0  
  Clock Path Skew:        0.034ns (DCD - SCD - CPR)
    Destination Clock Delay (DCD):    1.975ns
    Source Clock Delay      (SCD):    1.463ns
    Clock Pessimism Removal (CPR):    0.478ns

    Location             Delay type                Incr(ns)  Path(ns)    Netlist Resource(s)
  -------------------------------------------------------------------    -------------------
                         (clock clk_out1_clk_wiz_0 rise edge)
                                                      0.000     0.000 r  
    W5                                                0.000     0.000 r  clock_in (IN)
                         net (fo=0)                   0.000     0.000    clock_in
    W5                   IBUF (Prop_ibuf_I_O)         0.226     0.226 r  clock_in_IBUF_inst/O
                         net (fo=1, routed)           0.631     0.858    clock_in_IBUF
    BUFGCTRL_X0Y1        BUFG (Prop_bufg_I_O)         0.026     0.884 r  clock_in_IBUF_BUFG_inst/O
                         net (fo=39, routed)          0.549     1.432    clkwiz/inst/clk_in1
    MMCME2_ADV_X1Y0      MMCME2_ADV (Prop_mmcme2_adv_CLKIN1_CLKOUT0)
                                                     -1.061     0.372 r  clkwiz/inst/mmcm_adv_inst/CLKOUT0
                         net (fo=1, routed)           0.486     0.858    clkwiz/inst/clk_out1_clk_wiz_0
    BUFGCTRL_X0Y0        BUFG (Prop_bufg_I_O)         0.026     0.884 r  clkwiz/inst/clkout1_buf/O
                         net (fo=85, routed)          0.580     1.463    clk_out1
    SLICE_X4Y24          FDRE                                         r  centered_reg[4]/C
  -------------------------------------------------------------------    -------------------
    SLICE_X4Y24          FDRE (Prop_fdre_C_Q)         0.141     1.604 r  centered_reg[4]/Q
                         net (fo=1, routed)           0.144     1.748    centered__0[4]
    SLICE_X4Y25          FDRE                                         r  sample_word_adc_reg[4]/D
  -------------------------------------------------------------------    -------------------

                         (clock clk_out1_clk_wiz_0 rise edge)
                                                      0.000     0.000 r  
    W5                                                0.000     0.000 r  clock_in (IN)
                         net (fo=0)                   0.000     0.000    clock_in
    W5                   IBUF (Prop_ibuf_I_O)         0.414     0.414 r  clock_in_IBUF_inst/O
                         net (fo=1, routed)           0.685     1.099    clock_in_IBUF
    BUFGCTRL_X0Y1        BUFG (Prop_bufg_I_O)         0.029     1.128 r  clock_in_IBUF_BUFG_inst/O
                         net (fo=39, routed)          0.817     1.944    clkwiz/inst/clk_in1
    MMCME2_ADV_X1Y0      MMCME2_ADV (Prop_mmcme2_adv_CLKIN1_CLKOUT0)
                                                     -1.375     0.569 r  clkwiz/inst/mmcm_adv_inst/CLKOUT0
                         net (fo=1, routed)           0.530     1.099    clkwiz/inst/clk_out1_clk_wiz_0
    BUFGCTRL_X0Y0        BUFG (Prop_bufg_I_O)         0.029     1.128 r  clkwiz/inst/clkout1_buf/O
                         net (fo=85, routed)          0.848     1.975    clk_out1
    SLICE_X4Y25          FDRE                                         r  sample_word_adc_reg[4]/C
                         clock pessimism             -0.478     1.497    
    SLICE_X4Y25          FDRE (Hold_fdre_C_D)         0.047     1.544    sample_word_adc_reg[4]
  -------------------------------------------------------------------
                         required time                         -1.544    
                         arrival time                           1.748    
  -------------------------------------------------------------------
                         slack                                  0.204    

Slack (MET) :             0.206ns  (arrival time - required time)
  Source:                 centered_reg[8]/C
                            (rising edge-triggered cell FDRE clocked by clk_out1_clk_wiz_0  {rise@0.000ns fall@13.889ns period=27.778ns})
  Destination:            sample_word_adc_reg[8]/D
                            (rising edge-triggered cell FDRE clocked by clk_out1_clk_wiz_0  {rise@0.000ns fall@13.889ns period=27.778ns})
  Path Group:             clk_out1_clk_wiz_0
  Path Type:              Hold (Min at Fast Process Corner)
  Requirement:            0.000ns  (clk_out1_clk_wiz_0 rise@0.000ns - clk_out1_clk_wiz_0 rise@0.000ns)
  Data Path Delay:        0.243ns  (logic 0.128ns (52.590%)  route 0.115ns (47.410%))
  Logic Levels:           0  
  Clock Path Skew:        0.014ns (DCD - SCD - CPR)
    Destination Clock Delay (DCD):    1.976ns
    Source Clock Delay      (SCD):    1.463ns
    Clock Pessimism Removal (CPR):    0.499ns

    Location             Delay type                Incr(ns)  Path(ns)    Netlist Resource(s)
  -------------------------------------------------------------------    -------------------
                         (clock clk_out1_clk_wiz_0 rise edge)
                                                      0.000     0.000 r  
    W5                                                0.000     0.000 r  clock_in (IN)
                         net (fo=0)                   0.000     0.000    clock_in
    W5                   IBUF (Prop_ibuf_I_O)         0.226     0.226 r  clock_in_IBUF_inst/O
                         net (fo=1, routed)           0.631     0.858    clock_in_IBUF
    BUFGCTRL_X0Y1        BUFG (Prop_bufg_I_O)         0.026     0.884 r  clock_in_IBUF_BUFG_inst/O
                         net (fo=39, routed)          0.549     1.432    clkwiz/inst/clk_in1
    MMCME2_ADV_X1Y0      MMCME2_ADV (Prop_mmcme2_adv_CLKIN1_CLKOUT0)
                                                     -1.061     0.372 r  clkwiz/inst/mmcm_adv_inst/CLKOUT0
                         net (fo=1, routed)           0.486     0.858    clkwiz/inst/clk_out1_clk_wiz_0
    BUFGCTRL_X0Y0        BUFG (Prop_bufg_I_O)         0.026     0.884 r  clkwiz/inst/clkout1_buf/O
                         net (fo=85, routed)          0.580     1.463    clk_out1
    SLICE_X4Y24          FDRE                                         r  centered_reg[8]/C
  -------------------------------------------------------------------    -------------------
    SLICE_X4Y24          FDRE (Prop_fdre_C_Q)         0.128     1.591 r  centered_reg[8]/Q
                         net (fo=1, routed)           0.115     1.707    centered__0[8]
    SLICE_X5Y23          FDRE                                         r  sample_word_adc_reg[8]/D
  -------------------------------------------------------------------    -------------------

                         (clock clk_out1_clk_wiz_0 rise edge)
                                                      0.000     0.000 r  
    W5                                                0.000     0.000 r  clock_in (IN)
                         net (fo=0)                   0.000     0.000    clock_in
    W5                   IBUF (Prop_ibuf_I_O)         0.414     0.414 r  clock_in_IBUF_inst/O
                         net (fo=1, routed)           0.685     1.099    clock_in_IBUF
    BUFGCTRL_X0Y1        BUFG (Prop_bufg_I_O)         0.029     1.128 r  clock_in_IBUF_BUFG_inst/O
                         net (fo=39, routed)          0.817     1.944    clkwiz/inst/clk_in1
    MMCME2_ADV_X1Y0      MMCME2_ADV (Prop_mmcme2_adv_CLKIN1_CLKOUT0)
                                                     -1.375     0.569 r  clkwiz/inst/mmcm_adv_inst/CLKOUT0
                         net (fo=1, routed)           0.530     1.099    clkwiz/inst/clk_out1_clk_wiz_0
    BUFGCTRL_X0Y0        BUFG (Prop_bufg_I_O)         0.029     1.128 r  clkwiz/inst/clkout1_buf/O
                         net (fo=85, routed)          0.849     1.976    clk_out1
    SLICE_X5Y23          FDRE                                         r  sample_word_adc_reg[8]/C
                         clock pessimism             -0.499     1.477    
    SLICE_X5Y23          FDRE (Hold_fdre_C_D)         0.023     1.500    sample_word_adc_reg[8]
  -------------------------------------------------------------------
                         required time                         -1.500    
                         arrival time                           1.707    
  -------------------------------------------------------------------
                         slack                                  0.206    

Slack (MET) :             0.221ns  (arrival time - required time)
  Source:                 centered_reg[9]/C
                            (rising edge-triggered cell FDRE clocked by clk_out1_clk_wiz_0  {rise@0.000ns fall@13.889ns period=27.778ns})
  Destination:            sample_word_adc_reg[9]/D
                            (rising edge-triggered cell FDRE clocked by clk_out1_clk_wiz_0  {rise@0.000ns fall@13.889ns period=27.778ns})
  Path Group:             clk_out1_clk_wiz_0
  Path Type:              Hold (Min at Fast Process Corner)
  Requirement:            0.000ns  (clk_out1_clk_wiz_0 rise@0.000ns - clk_out1_clk_wiz_0 rise@0.000ns)
  Data Path Delay:        0.273ns  (logic 0.128ns (46.827%)  route 0.145ns (53.173%))
  Logic Levels:           0  
  Clock Path Skew:        0.034ns (DCD - SCD - CPR)
    Destination Clock Delay (DCD):    1.975ns
    Source Clock Delay      (SCD):    1.463ns
    Clock Pessimism Removal (CPR):    0.478ns

    Location             Delay type                Incr(ns)  Path(ns)    Netlist Resource(s)
  -------------------------------------------------------------------    -------------------
                         (clock clk_out1_clk_wiz_0 rise edge)
                                                      0.000     0.000 r  
    W5                                                0.000     0.000 r  clock_in (IN)
                         net (fo=0)                   0.000     0.000    clock_in
    W5                   IBUF (Prop_ibuf_I_O)         0.226     0.226 r  clock_in_IBUF_inst/O
                         net (fo=1, routed)           0.631     0.858    clock_in_IBUF
    BUFGCTRL_X0Y1        BUFG (Prop_bufg_I_O)         0.026     0.884 r  clock_in_IBUF_BUFG_inst/O
                         net (fo=39, routed)          0.549     1.432    clkwiz/inst/clk_in1
    MMCME2_ADV_X1Y0      MMCME2_ADV (Prop_mmcme2_adv_CLKIN1_CLKOUT0)
                                                     -1.061     0.372 r  clkwiz/inst/mmcm_adv_inst/CLKOUT0
                         net (fo=1, routed)           0.486     0.858    clkwiz/inst/clk_out1_clk_wiz_0
    BUFGCTRL_X0Y0        BUFG (Prop_bufg_I_O)         0.026     0.884 r  clkwiz/inst/clkout1_buf/O
                         net (fo=85, routed)          0.580     1.463    clk_out1
    SLICE_X4Y24          FDRE                                         r  centered_reg[9]/C
  -------------------------------------------------------------------    -------------------
    SLICE_X4Y24          FDRE (Prop_fdre_C_Q)         0.128     1.591 r  centered_reg[9]/Q
                         net (fo=1, routed)           0.145     1.736    centered__0[9]
    SLICE_X4Y25          FDRE                                         r  sample_word_adc_reg[9]/D
  -------------------------------------------------------------------    -------------------

                         (clock clk_out1_clk_wiz_0 rise edge)
                                                      0.000     0.000 r  
    W5                                                0.000     0.000 r  clock_in (IN)
                         net (fo=0)                   0.000     0.000    clock_in
    W5                   IBUF (Prop_ibuf_I_O)         0.414     0.414 r  clock_in_IBUF_inst/O
                         net (fo=1, routed)           0.685     1.099    clock_in_IBUF
    BUFGCTRL_X0Y1        BUFG (Prop_bufg_I_O)         0.029     1.128 r  clock_in_IBUF_BUFG_inst/O
                         net (fo=39, routed)          0.817     1.944    clkwiz/inst/clk_in1
    MMCME2_ADV_X1Y0      MMCME2_ADV (Prop_mmcme2_adv_CLKIN1_CLKOUT0)
                                                     -1.375     0.569 r  clkwiz/inst/mmcm_adv_inst/CLKOUT0
                         net (fo=1, routed)           0.530     1.099    clkwiz/inst/clk_out1_clk_wiz_0
    BUFGCTRL_X0Y0        BUFG (Prop_bufg_I_O)         0.029     1.128 r  clkwiz/inst/clkout1_buf/O
                         net (fo=85, routed)          0.848     1.975    clk_out1
    SLICE_X4Y25          FDRE                                         r  sample_word_adc_reg[9]/C
                         clock pessimism             -0.478     1.497    
    SLICE_X4Y25          FDRE (Hold_fdre_C_D)         0.018     1.515    sample_word_adc_reg[9]
  -------------------------------------------------------------------
                         required time                         -1.515    
                         arrival time                           1.736    
  -------------------------------------------------------------------
                         slack                                  0.221    

Slack (MET) :             0.225ns  (arrival time - required time)
  Source:                 centered_reg[2]/C
                            (rising edge-triggered cell FDRE clocked by clk_out1_clk_wiz_0  {rise@0.000ns fall@13.889ns period=27.778ns})
  Destination:            sample_word_adc_reg[2]/D
                            (rising edge-triggered cell FDRE clocked by clk_out1_clk_wiz_0  {rise@0.000ns fall@13.889ns period=27.778ns})
  Path Group:             clk_out1_clk_wiz_0
  Path Type:              Hold (Min at Fast Process Corner)
  Requirement:            0.000ns  (clk_out1_clk_wiz_0 rise@0.000ns - clk_out1_clk_wiz_0 rise@0.000ns)
  Data Path Delay:        0.311ns  (logic 0.141ns (45.298%)  route 0.170ns (54.702%))
  Logic Levels:           0  
  Clock Path Skew:        0.011ns (DCD - SCD - CPR)
    Destination Clock Delay (DCD):    1.976ns
    Source Clock Delay      (SCD):    1.466ns
    Clock Pessimism Removal (CPR):    0.499ns

    Location             Delay type                Incr(ns)  Path(ns)    Netlist Resource(s)
  -------------------------------------------------------------------    -------------------
                         (clock clk_out1_clk_wiz_0 rise edge)
                                                      0.000     0.000 r  
    W5                                                0.000     0.000 r  clock_in (IN)
                         net (fo=0)                   0.000     0.000    clock_in
    W5                   IBUF (Prop_ibuf_I_O)         0.226     0.226 r  clock_in_IBUF_inst/O
                         net (fo=1, routed)           0.631     0.858    clock_in_IBUF
    BUFGCTRL_X0Y1        BUFG (Prop_bufg_I_O)         0.026     0.884 r  clock_in_IBUF_BUFG_inst/O
                         net (fo=39, routed)          0.549     1.432    clkwiz/inst/clk_in1
    MMCME2_ADV_X1Y0      MMCME2_ADV (Prop_mmcme2_adv_CLKIN1_CLKOUT0)
                                                     -1.061     0.372 r  clkwiz/inst/mmcm_adv_inst/CLKOUT0
                         net (fo=1, routed)           0.486     0.858    clkwiz/inst/clk_out1_clk_wiz_0
    BUFGCTRL_X0Y0        BUFG (Prop_bufg_I_O)         0.026     0.884 r  clkwiz/inst/clkout1_buf/O
                         net (fo=85, routed)          0.583     1.466    clk_out1
    SLICE_X5Y22          FDRE                                         r  centered_reg[2]/C
  -------------------------------------------------------------------    -------------------
    SLICE_X5Y22          FDRE (Prop_fdre_C_Q)         0.141     1.607 r  centered_reg[2]/Q
                         net (fo=1, routed)           0.170     1.777    centered__0[2]
    SLICE_X5Y23          FDRE                                         r  sample_word_adc_reg[2]/D
  -------------------------------------------------------------------    -------------------

                         (clock clk_out1_clk_wiz_0 rise edge)
                                                      0.000     0.000 r  
    W5                                                0.000     0.000 r  clock_in (IN)
                         net (fo=0)                   0.000     0.000    clock_in
    W5                   IBUF (Prop_ibuf_I_O)         0.414     0.414 r  clock_in_IBUF_inst/O
                         net (fo=1, routed)           0.685     1.099    clock_in_IBUF
    BUFGCTRL_X0Y1        BUFG (Prop_bufg_I_O)         0.029     1.128 r  clock_in_IBUF_BUFG_inst/O
                         net (fo=39, routed)          0.817     1.944    clkwiz/inst/clk_in1
    MMCME2_ADV_X1Y0      MMCME2_ADV (Prop_mmcme2_adv_CLKIN1_CLKOUT0)
                                                     -1.375     0.569 r  clkwiz/inst/mmcm_adv_inst/CLKOUT0
                         net (fo=1, routed)           0.530     1.099    clkwiz/inst/clk_out1_clk_wiz_0
    BUFGCTRL_X0Y0        BUFG (Prop_bufg_I_O)         0.029     1.128 r  clkwiz/inst/clkout1_buf/O
                         net (fo=85, routed)          0.849     1.976    clk_out1
    SLICE_X5Y23          FDRE                                         r  sample_word_adc_reg[2]/C
                         clock pessimism             -0.499     1.477    
    SLICE_X5Y23          FDRE (Hold_fdre_C_D)         0.075     1.552    sample_word_adc_reg[2]
  -------------------------------------------------------------------
                         required time                         -1.552    
                         arrival time                           1.777    
  -------------------------------------------------------------------
                         slack                                  0.225    





Pulse Width Checks
--------------------------------------------------------------------------------------
Clock Name:         clk_out1_clk_wiz_0
Waveform(ns):       { 0.000 13.889 }
Period(ns):         27.778
Sources:            { clkwiz/inst/mmcm_adv_inst/CLKOUT0 }

Check Type        Corner  Lib Pin             Reference Pin  Required(ns)  Actual(ns)  Slack(ns)  Location         Pin
Min Period        n/a     BUFG/I              n/a            2.155         27.778      25.623     BUFGCTRL_X0Y0    clkwiz/inst/clkout1_buf/I
Min Period        n/a     MMCME2_ADV/CLKOUT0  n/a            1.249         27.778      26.529     MMCME2_ADV_X1Y0  clkwiz/inst/mmcm_adv_inst/CLKOUT0
Min Period        n/a     FDSE/C              n/a            1.000         27.778      26.778     SLICE_X3Y22      FSM_onehot_adc_state_reg[0]/C
Min Period        n/a     FDRE/C              n/a            1.000         27.778      26.778     SLICE_X2Y25      FSM_onehot_adc_state_reg[1]/C
Min Period        n/a     FDRE/C              n/a            1.000         27.778      26.778     SLICE_X2Y25      FSM_onehot_adc_state_reg[2]/C
Min Period        n/a     FDRE/C              n/a            1.000         27.778      26.778     SLICE_X3Y22      FSM_onehot_adc_state_reg[3]/C
Min Period        n/a     FDRE/C              n/a            1.000         27.778      26.778     SLICE_X3Y22      FSM_onehot_adc_state_reg[4]/C
Min Period        n/a     FDRE/C              n/a            1.000         27.778      26.778     SLICE_X2Y25      FSM_onehot_adc_state_reg[5]/C
Min Period        n/a     FDRE/C              n/a            1.000         27.778      26.778     SLICE_X3Y24      FSM_onehot_adc_state_reg[6]/C
Min Period        n/a     FDRE/C              n/a            1.000         27.778      26.778     SLICE_X3Y24      FSM_onehot_adc_state_reg[7]/C
Max Period        n/a     MMCME2_ADV/CLKOUT0  n/a            213.360       27.778      185.582    MMCME2_ADV_X1Y0  clkwiz/inst/mmcm_adv_inst/CLKOUT0
Low Pulse Width   Slow    FDSE/C              n/a            0.500         13.889      13.389     SLICE_X3Y22      FSM_onehot_adc_state_reg[0]/C
Low Pulse Width   Fast    FDSE/C              n/a            0.500         13.889      13.389     SLICE_X3Y22      FSM_onehot_adc_state_reg[0]/C
Low Pulse Width   Slow    FDRE/C              n/a            0.500         13.889      13.389     SLICE_X2Y25      FSM_onehot_adc_state_reg[1]/C
Low Pulse Width   Fast    FDRE/C              n/a            0.500         13.889      13.389     SLICE_X2Y25      FSM_onehot_adc_state_reg[1]/C
Low Pulse Width   Slow    FDRE/C              n/a            0.500         13.889      13.389     SLICE_X2Y25      FSM_onehot_adc_state_reg[2]/C
Low Pulse Width   Fast    FDRE/C              n/a            0.500         13.889      13.389     SLICE_X2Y25      FSM_onehot_adc_state_reg[2]/C
Low Pulse Width   Slow    FDRE/C              n/a            0.500         13.889      13.389     SLICE_X3Y22      FSM_onehot_adc_state_reg[3]/C
Low Pulse Width   Fast    FDRE/C              n/a            0.500         13.889      13.389     SLICE_X3Y22      FSM_onehot_adc_state_reg[3]/C
Low Pulse Width   Slow    FDRE/C              n/a            0.500         13.889      13.389     SLICE_X3Y22      FSM_onehot_adc_state_reg[4]/C
Low Pulse Width   Fast    FDRE/C              n/a            0.500         13.889      13.389     SLICE_X3Y22      FSM_onehot_adc_state_reg[4]/C
High Pulse Width  Slow    FDSE/C              n/a            0.500         13.889      13.389     SLICE_X3Y22      FSM_onehot_adc_state_reg[0]/C
High Pulse Width  Fast    FDSE/C              n/a            0.500         13.889      13.389     SLICE_X3Y22      FSM_onehot_adc_state_reg[0]/C
High Pulse Width  Slow    FDRE/C              n/a            0.500         13.889      13.389     SLICE_X2Y25      FSM_onehot_adc_state_reg[1]/C
High Pulse Width  Fast    FDRE/C              n/a            0.500         13.889      13.389     SLICE_X2Y25      FSM_onehot_adc_state_reg[1]/C
High Pulse Width  Slow    FDRE/C              n/a            0.500         13.889      13.389     SLICE_X2Y25      FSM_onehot_adc_state_reg[2]/C
High Pulse Width  Fast    FDRE/C              n/a            0.500         13.889      13.389     SLICE_X2Y25      FSM_onehot_adc_state_reg[2]/C
High Pulse Width  Slow    FDRE/C              n/a            0.500         13.889      13.389     SLICE_X3Y22      FSM_onehot_adc_state_reg[3]/C
High Pulse Width  Fast    FDRE/C              n/a            0.500         13.889      13.389     SLICE_X3Y22      FSM_onehot_adc_state_reg[3]/C
High Pulse Width  Slow    FDRE/C              n/a            0.500         13.889      13.389     SLICE_X3Y22      FSM_onehot_adc_state_reg[4]/C
High Pulse Width  Fast    FDRE/C              n/a            0.500         13.889      13.389     SLICE_X3Y22      FSM_onehot_adc_state_reg[4]/C



---------------------------------------------------------------------------------------------------
From Clock:  clkfbout_clk_wiz_0
  To Clock:  clkfbout_clk_wiz_0

Setup :           NA  Failing Endpoints,  Worst Slack           NA  ,  Total Violation           NA
Hold  :           NA  Failing Endpoints,  Worst Slack           NA  ,  Total Violation           NA
PW    :            0  Failing Endpoints,  Worst Slack       47.845ns,  Total Violation        0.000ns
---------------------------------------------------------------------------------------------------


Pulse Width Checks
--------------------------------------------------------------------------------------
Clock Name:         clkfbout_clk_wiz_0
Waveform(ns):       { 0.000 25.000 }
Period(ns):         50.000
Sources:            { clkwiz/inst/mmcm_adv_inst/CLKFBOUT }

Check Type  Corner  Lib Pin              Reference Pin  Required(ns)  Actual(ns)  Slack(ns)  Location         Pin
Min Period  n/a     BUFG/I               n/a            2.155         50.000      47.845     BUFGCTRL_X0Y2    clkwiz/inst/clkf_buf/I
Min Period  n/a     MMCME2_ADV/CLKFBOUT  n/a            1.249         50.000      48.751     MMCME2_ADV_X1Y0  clkwiz/inst/mmcm_adv_inst/CLKFBOUT
Min Period  n/a     MMCME2_ADV/CLKFBIN   n/a            1.249         50.000      48.751     MMCME2_ADV_X1Y0  clkwiz/inst/mmcm_adv_inst/CLKFBIN
Max Period  n/a     MMCME2_ADV/CLKFBIN   n/a            100.000       50.000      50.000     MMCME2_ADV_X1Y0  clkwiz/inst/mmcm_adv_inst/CLKFBIN
Max Period  n/a     MMCME2_ADV/CLKFBOUT  n/a            213.360       50.000      163.360    MMCME2_ADV_X1Y0  clkwiz/inst/mmcm_adv_inst/CLKFBOUT



--------------------------------------------------------------------------------------
Path Group:  (none)
From Clock:  
  To Clock:  

Max Delay             1 Endpoint
Min Delay             1 Endpoint
--------------------------------------------------------------------------------------


Max Delay Paths
--------------------------------------------------------------------------------------
Slack:                    inf
  Source:                 start_in
                            (input port)
  Destination:            ready_out
                            (output port)
  Path Group:             (none)
  Path Type:              Max at Slow Process Corner
  Data Path Delay:        9.545ns  (logic 5.083ns (53.246%)  route 4.463ns (46.754%))
  Logic Levels:           3  (IBUF=1 LUT6=1 OBUF=1)
  Timing Exception:       False Path

    Location             Delay type                Incr(ns)  Path(ns)    Netlist Resource(s)
  -------------------------------------------------------------------    -------------------
    T18                                               0.000     0.000 f  start_in (IN)
                         net (fo=0)                   0.000     0.000    start_in
    T18                  IBUF (Prop_ibuf_I_O)         1.454     1.454 f  start_in_IBUF_inst/O
                         net (fo=7, routed)           1.999     3.453    start_in_IBUF
    SLICE_X5Y24          LUT6 (Prop_lut6_I1_O)        0.124     3.577 r  ready_out_OBUF_inst_i_1/O
                         net (fo=1, routed)           2.464     6.041    ready_out_OBUF
    U16                  OBUF (Prop_obuf_I_O)         3.505     9.545 r  ready_out_OBUF_inst/O
                         net (fo=0)                   0.000     9.545    ready_out
    U16                                                               r  ready_out (OUT)
  -------------------------------------------------------------------    -------------------





Min Delay Paths
--------------------------------------------------------------------------------------
Slack:                    inf
  Source:                 start_in
                            (input port)
  Destination:            ready_out
                            (output port)
  Path Group:             (none)
  Path Type:              Min at Fast Process Corner
  Data Path Delay:        3.017ns  (logic 1.473ns (48.821%)  route 1.544ns (51.179%))
  Logic Levels:           3  (IBUF=1 LUT6=1 OBUF=1)
  Timing Exception:       False Path

    Location             Delay type                Incr(ns)  Path(ns)    Netlist Resource(s)
  -------------------------------------------------------------------    -------------------
    T18                                               0.000     0.000 f  start_in (IN)
                         net (fo=0)                   0.000     0.000    start_in
    T18                  IBUF (Prop_ibuf_I_O)         0.222     0.222 f  start_in_IBUF_inst/O
                         net (fo=7, routed)           0.875     1.097    start_in_IBUF
    SLICE_X5Y24          LUT6 (Prop_lut6_I1_O)        0.045     1.142 r  ready_out_OBUF_inst_i_1/O
                         net (fo=1, routed)           0.669     1.811    ready_out_OBUF
    U16                  OBUF (Prop_obuf_I_O)         1.206     3.017 r  ready_out_OBUF_inst/O
                         net (fo=0)                   0.000     3.017    ready_out
    U16                                                               r  ready_out (OUT)
  -------------------------------------------------------------------    -------------------





--------------------------------------------------------------------------------------
Path Group:  (none)
From Clock:  sys_clk_pin
  To Clock:  

Max Delay             2 Endpoints
Min Delay             2 Endpoints
--------------------------------------------------------------------------------------


Max Delay Paths
--------------------------------------------------------------------------------------
Slack:                    inf
  Source:                 txd_r_reg/C
                            (rising edge-triggered cell FDSE clocked by sys_clk_pin  {rise@0.000ns fall@5.000ns period=10.000ns})
  Destination:            txd_out
                            (output port)
  Path Group:             (none)
  Path Type:              Max at Slow Process Corner
  Data Path Delay:        8.629ns  (logic 4.109ns (47.616%)  route 4.520ns (52.384%))
  Logic Levels:           1  (OBUF=1)
  Clock Uncertainty:      0.025ns  ((TSJ^2 + TIJ^2)^1/2 + DJ) / 2 + PE
    Total System Jitter     (TSJ):    0.050ns
    Total Input Jitter      (TIJ):    0.000ns
    Discrete Jitter          (DJ):    0.000ns
    Phase Error              (PE):    0.000ns
  Timing Exception:       False Path

    Location             Delay type                Incr(ns)  Path(ns)    Netlist Resource(s)
  -------------------------------------------------------------------    -------------------
                         (clock sys_clk_pin rise edge)
                                                      0.000     0.000 r  
    W5                                                0.000     0.000 r  clock_in (IN)
                         net (fo=0)                   0.000     0.000    clock_in
    W5                   IBUF (Prop_ibuf_I_O)         1.458     1.458 r  clock_in_IBUF_inst/O
                         net (fo=1, routed)           1.967     3.425    clock_in_IBUF
    BUFGCTRL_X0Y1        BUFG (Prop_bufg_I_O)         0.096     3.521 r  clock_in_IBUF_BUFG_inst/O
                         net (fo=39, routed)          1.615     5.136    clock_in_IBUF_BUFG
    SLICE_X5Y25          FDSE                                         r  txd_r_reg/C
  -------------------------------------------------------------------    -------------------
    SLICE_X5Y25          FDSE (Prop_fdse_C_Q)         0.419     5.555 r  txd_r_reg/Q
                         net (fo=1, routed)           4.520    10.075    txd_out_OBUF
    A18                  OBUF (Prop_obuf_I_O)         3.690    13.765 r  txd_out_OBUF_inst/O
                         net (fo=0)                   0.000    13.765    txd_out
    A18                                                               r  txd_out (OUT)
  -------------------------------------------------------------------    -------------------

Slack:                    inf
  Source:                 FSM_sequential_uart_state_reg[1]/C
                            (rising edge-triggered cell FDRE clocked by sys_clk_pin  {rise@0.000ns fall@5.000ns period=10.000ns})
  Destination:            ready_out
                            (output port)
  Path Group:             (none)
  Path Type:              Max at Slow Process Corner
  Data Path Delay:        7.737ns  (logic 4.085ns (52.797%)  route 3.652ns (47.203%))
  Logic Levels:           2  (LUT6=1 OBUF=1)
  Clock Uncertainty:      0.025ns  ((TSJ^2 + TIJ^2)^1/2 + DJ) / 2 + PE
    Total System Jitter     (TSJ):    0.050ns
    Total Input Jitter      (TIJ):    0.000ns
    Discrete Jitter          (DJ):    0.000ns
    Phase Error              (PE):    0.000ns
  Timing Exception:       False Path

    Location             Delay type                Incr(ns)  Path(ns)    Netlist Resource(s)
  -------------------------------------------------------------------    -------------------
                         (clock sys_clk_pin rise edge)
                                                      0.000     0.000 r  
    W5                                                0.000     0.000 r  clock_in (IN)
                         net (fo=0)                   0.000     0.000    clock_in
    W5                   IBUF (Prop_ibuf_I_O)         1.458     1.458 r  clock_in_IBUF_inst/O
                         net (fo=1, routed)           1.967     3.425    clock_in_IBUF
    BUFGCTRL_X0Y1        BUFG (Prop_bufg_I_O)         0.096     3.521 r  clock_in_IBUF_BUFG_inst/O
                         net (fo=39, routed)          1.615     5.136    clock_in_IBUF_BUFG
    SLICE_X5Y25          FDRE                                         r  FSM_sequential_uart_state_reg[1]/C
  -------------------------------------------------------------------    -------------------
    SLICE_X5Y25          FDRE (Prop_fdre_C_Q)         0.456     5.592 f  FSM_sequential_uart_state_reg[1]/Q
                         net (fo=16, routed)          1.188     6.780    uart_state[1]
    SLICE_X5Y24          LUT6 (Prop_lut6_I2_O)        0.124     6.904 r  ready_out_OBUF_inst_i_1/O
                         net (fo=1, routed)           2.464     9.368    ready_out_OBUF
    U16                  OBUF (Prop_obuf_I_O)         3.505    12.873 r  ready_out_OBUF_inst/O
                         net (fo=0)                   0.000    12.873    ready_out
    U16                                                               r  ready_out (OUT)
  -------------------------------------------------------------------    -------------------





Min Delay Paths
--------------------------------------------------------------------------------------
Slack:                    inf
  Source:                 sample_req_seen_u_reg/C
                            (rising edge-triggered cell FDRE clocked by sys_clk_pin  {rise@0.000ns fall@5.000ns period=10.000ns})
  Destination:            ready_out
                            (output port)
  Path Group:             (none)
  Path Type:              Min at Fast Process Corner
  Data Path Delay:        2.193ns  (logic 1.415ns (64.509%)  route 0.778ns (35.491%))
  Logic Levels:           2  (LUT6=1 OBUF=1)
  Clock Uncertainty:      0.025ns  ((TSJ^2 + TIJ^2)^1/2 + DJ) / 2 + PE
    Total System Jitter     (TSJ):    0.050ns
    Total Input Jitter      (TIJ):    0.000ns
    Discrete Jitter          (DJ):    0.000ns
    Phase Error              (PE):    0.000ns
  Timing Exception:       False Path

    Location             Delay type                Incr(ns)  Path(ns)    Netlist Resource(s)
  -------------------------------------------------------------------    -------------------
                         (clock sys_clk_pin rise edge)
                                                      0.000     0.000 r  
    W5                                                0.000     0.000 r  clock_in (IN)
                         net (fo=0)                   0.000     0.000    clock_in
    W5                   IBUF (Prop_ibuf_I_O)         0.226     0.226 r  clock_in_IBUF_inst/O
                         net (fo=1, routed)           0.631     0.858    clock_in_IBUF
    BUFGCTRL_X0Y1        BUFG (Prop_bufg_I_O)         0.026     0.884 r  clock_in_IBUF_BUFG_inst/O
                         net (fo=39, routed)          0.580     1.463    clock_in_IBUF_BUFG
    SLICE_X6Y24          FDRE                                         r  sample_req_seen_u_reg/C
  -------------------------------------------------------------------    -------------------
    SLICE_X6Y24          FDRE (Prop_fdre_C_Q)         0.164     1.627 r  sample_req_seen_u_reg/Q
                         net (fo=5, routed)           0.109     1.736    sample_ack_uart
    SLICE_X5Y24          LUT6 (Prop_lut6_I4_O)        0.045     1.781 r  ready_out_OBUF_inst_i_1/O
                         net (fo=1, routed)           0.669     2.451    ready_out_OBUF
    U16                  OBUF (Prop_obuf_I_O)         1.206     3.656 r  ready_out_OBUF_inst/O
                         net (fo=0)                   0.000     3.656    ready_out
    U16                                                               r  ready_out (OUT)
  -------------------------------------------------------------------    -------------------

Slack:                    inf
  Source:                 txd_r_reg/C
                            (rising edge-triggered cell FDSE clocked by sys_clk_pin  {rise@0.000ns fall@5.000ns period=10.000ns})
  Destination:            txd_out
                            (output port)
  Path Group:             (none)
  Path Type:              Min at Fast Process Corner
  Data Path Delay:        2.902ns  (logic 1.400ns (48.235%)  route 1.502ns (51.765%))
  Logic Levels:           1  (OBUF=1)
  Clock Uncertainty:      0.025ns  ((TSJ^2 + TIJ^2)^1/2 + DJ) / 2 + PE
    Total System Jitter     (TSJ):    0.050ns
    Total Input Jitter      (TIJ):    0.000ns
    Discrete Jitter          (DJ):    0.000ns
    Phase Error              (PE):    0.000ns
  Timing Exception:       False Path

    Location             Delay type                Incr(ns)  Path(ns)    Netlist Resource(s)
  -------------------------------------------------------------------    -------------------
                         (clock sys_clk_pin rise edge)
                                                      0.000     0.000 r  
    W5                                                0.000     0.000 r  clock_in (IN)
                         net (fo=0)                   0.000     0.000    clock_in
    W5                   IBUF (Prop_ibuf_I_O)         0.226     0.226 r  clock_in_IBUF_inst/O
                         net (fo=1, routed)           0.631     0.858    clock_in_IBUF
    BUFGCTRL_X0Y1        BUFG (Prop_bufg_I_O)         0.026     0.884 r  clock_in_IBUF_BUFG_inst/O
                         net (fo=39, routed)          0.580     1.463    clock_in_IBUF_BUFG
    SLICE_X5Y25          FDSE                                         r  txd_r_reg/C
  -------------------------------------------------------------------    -------------------
    SLICE_X5Y25          FDSE (Prop_fdse_C_Q)         0.128     1.591 r  txd_r_reg/Q
                         net (fo=1, routed)           1.502     3.093    txd_out_OBUF
    A18                  OBUF (Prop_obuf_I_O)         1.272     4.365 r  txd_out_OBUF_inst/O
                         net (fo=0)                   0.000     4.365    txd_out
    A18                                                               r  txd_out (OUT)
  -------------------------------------------------------------------    -------------------





--------------------------------------------------------------------------------------
Path Group:  (none)
From Clock:  
  To Clock:  clk_out1_clk_wiz_0

Max Delay            97 Endpoints
Min Delay            97 Endpoints
--------------------------------------------------------------------------------------


Max Delay Paths
--------------------------------------------------------------------------------------
Slack:                    inf
  Source:                 start_in
                            (input port)
  Destination:            data_buf_reg[1]/R
                            (rising edge-triggered cell FDRE clocked by clk_out1_clk_wiz_0  {rise@0.000ns fall@13.889ns period=27.778ns})
  Path Group:             (none)
  Path Type:              Setup (Max at Slow Process Corner)
  Data Path Delay:        5.638ns  (logic 1.606ns (28.479%)  route 4.033ns (71.521%))
  Logic Levels:           2  (IBUF=1 LUT2=1)
  Clock Path Skew:        4.847ns (DCD - SCD + CPR)
    Destination Clock Delay (DCD):    4.847ns
    Source Clock Delay      (SCD):    0.000ns
    Clock Pessimism Removal (CPR):    0.000ns
  Clock Uncertainty:      0.438ns  ((TSJ^2 + DJ^2)^1/2) / 2 + PE
    Total System Jitter     (TSJ):    0.050ns
    Discrete Jitter          (DJ):    0.278ns
    Phase Error              (PE):    0.297ns
  Timing Exception:       False Path

    Location             Delay type                Incr(ns)  Path(ns)    Netlist Resource(s)
  -------------------------------------------------------------------    -------------------
    T18                                               0.000     0.000 f  start_in (IN)
                         net (fo=0)                   0.000     0.000    start_in
    T18                  IBUF (Prop_ibuf_I_O)         1.454     1.454 f  start_in_IBUF_inst/O
                         net (fo=7, routed)           2.174     3.628    start_in_IBUF
    SLICE_X4Y25          LUT2 (Prop_lut2_I1_O)        0.152     3.780 r  FSM_onehot_adc_state[8]_i_1/O
                         net (fo=67, routed)          1.858     5.638    FSM_onehot_adc_state[8]_i_1_n_0
    SLICE_X4Y20          FDRE                                         r  data_buf_reg[1]/R
  -------------------------------------------------------------------    -------------------

                         (clock clk_out1_clk_wiz_0 rise edge)
                                                      0.000     0.000 r  
    W5                                                0.000     0.000 r  clock_in (IN)
                         net (fo=0)                   0.000     0.000    clock_in
    W5                   IBUF (Prop_ibuf_I_O)         1.388     1.388 r  clock_in_IBUF_inst/O
                         net (fo=1, routed)           1.862     3.250    clock_in_IBUF
    BUFGCTRL_X0Y1        BUFG (Prop_bufg_I_O)         0.091     3.341 r  clock_in_IBUF_BUFG_inst/O
                         net (fo=39, routed)          1.457     4.798    clkwiz/inst/clk_in1
    MMCME2_ADV_X1Y0      MMCME2_ADV (Prop_mmcme2_adv_CLKIN1_CLKOUT0)
                                                     -3.129     1.669 r  clkwiz/inst/mmcm_adv_inst/CLKOUT0
                         net (fo=1, routed)           1.581     3.250    clkwiz/inst/clk_out1_clk_wiz_0
    BUFGCTRL_X0Y0        BUFG (Prop_bufg_I_O)         0.091     3.341 r  clkwiz/inst/clkout1_buf/O
                         net (fo=85, routed)          1.506     4.847    clk_out1
    SLICE_X4Y20          FDRE                                         r  data_buf_reg[1]/C

Slack:                    inf
  Source:                 start_in
                            (input port)
  Destination:            FSM_onehot_adc_state_reg[6]/R
                            (rising edge-triggered cell FDRE clocked by clk_out1_clk_wiz_0  {rise@0.000ns fall@13.889ns period=27.778ns})
  Path Group:             (none)
  Path Type:              Setup (Max at Slow Process Corner)
  Data Path Delay:        5.607ns  (logic 1.606ns (28.637%)  route 4.002ns (71.363%))
  Logic Levels:           2  (IBUF=1 LUT2=1)
  Clock Path Skew:        4.843ns (DCD - SCD + CPR)
    Destination Clock Delay (DCD):    4.843ns
    Source Clock Delay      (SCD):    0.000ns
    Clock Pessimism Removal (CPR):    0.000ns
  Clock Uncertainty:      0.438ns  ((TSJ^2 + DJ^2)^1/2) / 2 + PE
    Total System Jitter     (TSJ):    0.050ns
    Discrete Jitter          (DJ):    0.278ns
    Phase Error              (PE):    0.297ns
  Timing Exception:       False Path

    Location             Delay type                Incr(ns)  Path(ns)    Netlist Resource(s)
  -------------------------------------------------------------------    -------------------
    T18                                               0.000     0.000 f  start_in (IN)
                         net (fo=0)                   0.000     0.000    start_in
    T18                  IBUF (Prop_ibuf_I_O)         1.454     1.454 f  start_in_IBUF_inst/O
                         net (fo=7, routed)           2.174     3.628    start_in_IBUF
    SLICE_X4Y25          LUT2 (Prop_lut2_I1_O)        0.152     3.780 r  FSM_onehot_adc_state[8]_i_1/O
                         net (fo=67, routed)          1.827     5.607    FSM_onehot_adc_state[8]_i_1_n_0
    SLICE_X3Y24          FDRE                                         r  FSM_onehot_adc_state_reg[6]/R
  -------------------------------------------------------------------    -------------------

                         (clock clk_out1_clk_wiz_0 rise edge)
                                                      0.000     0.000 r  
    W5                                                0.000     0.000 r  clock_in (IN)
                         net (fo=0)                   0.000     0.000    clock_in
    W5                   IBUF (Prop_ibuf_I_O)         1.388     1.388 r  clock_in_IBUF_inst/O
                         net (fo=1, routed)           1.862     3.250    clock_in_IBUF
    BUFGCTRL_X0Y1        BUFG (Prop_bufg_I_O)         0.091     3.341 r  clock_in_IBUF_BUFG_inst/O
                         net (fo=39, routed)          1.457     4.798    clkwiz/inst/clk_in1
    MMCME2_ADV_X1Y0      MMCME2_ADV (Prop_mmcme2_adv_CLKIN1_CLKOUT0)
                                                     -3.129     1.669 r  clkwiz/inst/mmcm_adv_inst/CLKOUT0
                         net (fo=1, routed)           1.581     3.250    clkwiz/inst/clk_out1_clk_wiz_0
    BUFGCTRL_X0Y0        BUFG (Prop_bufg_I_O)         0.091     3.341 r  clkwiz/inst/clkout1_buf/O
                         net (fo=85, routed)          1.502     4.843    clk_out1
    SLICE_X3Y24          FDRE                                         r  FSM_onehot_adc_state_reg[6]/C

Slack:                    inf
  Source:                 start_in
                            (input port)
  Destination:            FSM_onehot_adc_state_reg[7]/R
                            (rising edge-triggered cell FDRE clocked by clk_out1_clk_wiz_0  {rise@0.000ns fall@13.889ns period=27.778ns})
  Path Group:             (none)
  Path Type:              Setup (Max at Slow Process Corner)
  Data Path Delay:        5.607ns  (logic 1.606ns (28.637%)  route 4.002ns (71.363%))
  Logic Levels:           2  (IBUF=1 LUT2=1)
  Clock Path Skew:        4.843ns (DCD - SCD + CPR)
    Destination Clock Delay (DCD):    4.843ns
    Source Clock Delay      (SCD):    0.000ns
    Clock Pessimism Removal (CPR):    0.000ns
  Clock Uncertainty:      0.438ns  ((TSJ^2 + DJ^2)^1/2) / 2 + PE
    Total System Jitter     (TSJ):    0.050ns
    Discrete Jitter          (DJ):    0.278ns
    Phase Error              (PE):    0.297ns
  Timing Exception:       False Path

    Location             Delay type                Incr(ns)  Path(ns)    Netlist Resource(s)
  -------------------------------------------------------------------    -------------------
    T18                                               0.000     0.000 f  start_in (IN)
                         net (fo=0)                   0.000     0.000    start_in
    T18                  IBUF (Prop_ibuf_I_O)         1.454     1.454 f  start_in_IBUF_inst/O
                         net (fo=7, routed)           2.174     3.628    start_in_IBUF
    SLICE_X4Y25          LUT2 (Prop_lut2_I1_O)        0.152     3.780 r  FSM_onehot_adc_state[8]_i_1/O
                         net (fo=67, routed)          1.827     5.607    FSM_onehot_adc_state[8]_i_1_n_0
    SLICE_X3Y24          FDRE                                         r  FSM_onehot_adc_state_reg[7]/R
  -------------------------------------------------------------------    -------------------

                         (clock clk_out1_clk_wiz_0 rise edge)
                                                      0.000     0.000 r  
    W5                                                0.000     0.000 r  clock_in (IN)
                         net (fo=0)                   0.000     0.000    clock_in
    W5                   IBUF (Prop_ibuf_I_O)         1.388     1.388 r  clock_in_IBUF_inst/O
                         net (fo=1, routed)           1.862     3.250    clock_in_IBUF
    BUFGCTRL_X0Y1        BUFG (Prop_bufg_I_O)         0.091     3.341 r  clock_in_IBUF_BUFG_inst/O
                         net (fo=39, routed)          1.457     4.798    clkwiz/inst/clk_in1
    MMCME2_ADV_X1Y0      MMCME2_ADV (Prop_mmcme2_adv_CLKIN1_CLKOUT0)
                                                     -3.129     1.669 r  clkwiz/inst/mmcm_adv_inst/CLKOUT0
                         net (fo=1, routed)           1.581     3.250    clkwiz/inst/clk_out1_clk_wiz_0
    BUFGCTRL_X0Y0        BUFG (Prop_bufg_I_O)         0.091     3.341 r  clkwiz/inst/clkout1_buf/O
                         net (fo=85, routed)          1.502     4.843    clk_out1
    SLICE_X3Y24          FDRE                                         r  FSM_onehot_adc_state_reg[7]/C

Slack:                    inf
  Source:                 start_in
                            (input port)
  Destination:            FSM_onehot_adc_state_reg[8]/R
                            (rising edge-triggered cell FDRE clocked by clk_out1_clk_wiz_0  {rise@0.000ns fall@13.889ns period=27.778ns})
  Path Group:             (none)
  Path Type:              Setup (Max at Slow Process Corner)
  Data Path Delay:        5.607ns  (logic 1.606ns (28.637%)  route 4.002ns (71.363%))
  Logic Levels:           2  (IBUF=1 LUT2=1)
  Clock Path Skew:        4.843ns (DCD - SCD + CPR)
    Destination Clock Delay (DCD):    4.843ns
    Source Clock Delay      (SCD):    0.000ns
    Clock Pessimism Removal (CPR):    0.000ns
  Clock Uncertainty:      0.438ns  ((TSJ^2 + DJ^2)^1/2) / 2 + PE
    Total System Jitter     (TSJ):    0.050ns
    Discrete Jitter          (DJ):    0.278ns
    Phase Error              (PE):    0.297ns
  Timing Exception:       False Path

    Location             Delay type                Incr(ns)  Path(ns)    Netlist Resource(s)
  -------------------------------------------------------------------    -------------------
    T18                                               0.000     0.000 f  start_in (IN)
                         net (fo=0)                   0.000     0.000    start_in
    T18                  IBUF (Prop_ibuf_I_O)         1.454     1.454 f  start_in_IBUF_inst/O
                         net (fo=7, routed)           2.174     3.628    start_in_IBUF
    SLICE_X4Y25          LUT2 (Prop_lut2_I1_O)        0.152     3.780 r  FSM_onehot_adc_state[8]_i_1/O
                         net (fo=67, routed)          1.827     5.607    FSM_onehot_adc_state[8]_i_1_n_0
    SLICE_X3Y24          FDRE                                         r  FSM_onehot_adc_state_reg[8]/R
  -------------------------------------------------------------------    -------------------

                         (clock clk_out1_clk_wiz_0 rise edge)
                                                      0.000     0.000 r  
    W5                                                0.000     0.000 r  clock_in (IN)
                         net (fo=0)                   0.000     0.000    clock_in
    W5                   IBUF (Prop_ibuf_I_O)         1.388     1.388 r  clock_in_IBUF_inst/O
                         net (fo=1, routed)           1.862     3.250    clock_in_IBUF
    BUFGCTRL_X0Y1        BUFG (Prop_bufg_I_O)         0.091     3.341 r  clock_in_IBUF_BUFG_inst/O
                         net (fo=39, routed)          1.457     4.798    clkwiz/inst/clk_in1
    MMCME2_ADV_X1Y0      MMCME2_ADV (Prop_mmcme2_adv_CLKIN1_CLKOUT0)
                                                     -3.129     1.669 r  clkwiz/inst/mmcm_adv_inst/CLKOUT0
                         net (fo=1, routed)           1.581     3.250    clkwiz/inst/clk_out1_clk_wiz_0
    BUFGCTRL_X0Y0        BUFG (Prop_bufg_I_O)         0.091     3.341 r  clkwiz/inst/clkout1_buf/O
                         net (fo=85, routed)          1.502     4.843    clk_out1
    SLICE_X3Y24          FDRE                                         r  FSM_onehot_adc_state_reg[8]/C

Slack:                    inf
  Source:                 start_in
                            (input port)
  Destination:            accum_sum_reg[12]/R
                            (rising edge-triggered cell FDRE clocked by clk_out1_clk_wiz_0  {rise@0.000ns fall@13.889ns period=27.778ns})
  Path Group:             (none)
  Path Type:              Setup (Max at Slow Process Corner)
  Data Path Delay:        5.607ns  (logic 1.606ns (28.637%)  route 4.002ns (71.363%))
  Logic Levels:           2  (IBUF=1 LUT2=1)
  Clock Path Skew:        4.843ns (DCD - SCD + CPR)
    Destination Clock Delay (DCD):    4.843ns
    Source Clock Delay      (SCD):    0.000ns
    Clock Pessimism Removal (CPR):    0.000ns
  Clock Uncertainty:      0.438ns  ((TSJ^2 + DJ^2)^1/2) / 2 + PE
    Total System Jitter     (TSJ):    0.050ns
    Discrete Jitter          (DJ):    0.278ns
    Phase Error              (PE):    0.297ns
  Timing Exception:       False Path

    Location             Delay type                Incr(ns)  Path(ns)    Netlist Resource(s)
  -------------------------------------------------------------------    -------------------
    T18                                               0.000     0.000 f  start_in (IN)
                         net (fo=0)                   0.000     0.000    start_in
    T18                  IBUF (Prop_ibuf_I_O)         1.454     1.454 f  start_in_IBUF_inst/O
                         net (fo=7, routed)           2.174     3.628    start_in_IBUF
    SLICE_X4Y25          LUT2 (Prop_lut2_I1_O)        0.152     3.780 r  FSM_onehot_adc_state[8]_i_1/O
                         net (fo=67, routed)          1.827     5.607    FSM_onehot_adc_state[8]_i_1_n_0
    SLICE_X2Y24          FDRE                                         r  accum_sum_reg[12]/R
  -------------------------------------------------------------------    -------------------

                         (clock clk_out1_clk_wiz_0 rise edge)
                                                      0.000     0.000 r  
    W5                                                0.000     0.000 r  clock_in (IN)
                         net (fo=0)                   0.000     0.000    clock_in
    W5                   IBUF (Prop_ibuf_I_O)         1.388     1.388 r  clock_in_IBUF_inst/O
                         net (fo=1, routed)           1.862     3.250    clock_in_IBUF
    BUFGCTRL_X0Y1        BUFG (Prop_bufg_I_O)         0.091     3.341 r  clock_in_IBUF_BUFG_inst/O
                         net (fo=39, routed)          1.457     4.798    clkwiz/inst/clk_in1
    MMCME2_ADV_X1Y0      MMCME2_ADV (Prop_mmcme2_adv_CLKIN1_CLKOUT0)
                                                     -3.129     1.669 r  clkwiz/inst/mmcm_adv_inst/CLKOUT0
                         net (fo=1, routed)           1.581     3.250    clkwiz/inst/clk_out1_clk_wiz_0
    BUFGCTRL_X0Y0        BUFG (Prop_bufg_I_O)         0.091     3.341 r  clkwiz/inst/clkout1_buf/O
                         net (fo=85, routed)          1.502     4.843    clk_out1
    SLICE_X2Y24          FDRE                                         r  accum_sum_reg[12]/C

Slack:                    inf
  Source:                 start_in
                            (input port)
  Destination:            accum_sum_reg[13]/R
                            (rising edge-triggered cell FDRE clocked by clk_out1_clk_wiz_0  {rise@0.000ns fall@13.889ns period=27.778ns})
  Path Group:             (none)
  Path Type:              Setup (Max at Slow Process Corner)
  Data Path Delay:        5.607ns  (logic 1.606ns (28.637%)  route 4.002ns (71.363%))
  Logic Levels:           2  (IBUF=1 LUT2=1)
  Clock Path Skew:        4.843ns (DCD - SCD + CPR)
    Destination Clock Delay (DCD):    4.843ns
    Source Clock Delay      (SCD):    0.000ns
    Clock Pessimism Removal (CPR):    0.000ns
  Clock Uncertainty:      0.438ns  ((TSJ^2 + DJ^2)^1/2) / 2 + PE
    Total System Jitter     (TSJ):    0.050ns
    Discrete Jitter          (DJ):    0.278ns
    Phase Error              (PE):    0.297ns
  Timing Exception:       False Path

    Location             Delay type                Incr(ns)  Path(ns)    Netlist Resource(s)
  -------------------------------------------------------------------    -------------------
    T18                                               0.000     0.000 f  start_in (IN)
                         net (fo=0)                   0.000     0.000    start_in
    T18                  IBUF (Prop_ibuf_I_O)         1.454     1.454 f  start_in_IBUF_inst/O
                         net (fo=7, routed)           2.174     3.628    start_in_IBUF
    SLICE_X4Y25          LUT2 (Prop_lut2_I1_O)        0.152     3.780 r  FSM_onehot_adc_state[8]_i_1/O
                         net (fo=67, routed)          1.827     5.607    FSM_onehot_adc_state[8]_i_1_n_0
    SLICE_X2Y24          FDRE                                         r  accum_sum_reg[13]/R
  -------------------------------------------------------------------    -------------------

                         (clock clk_out1_clk_wiz_0 rise edge)
                                                      0.000     0.000 r  
    W5                                                0.000     0.000 r  clock_in (IN)
                         net (fo=0)                   0.000     0.000    clock_in
    W5                   IBUF (Prop_ibuf_I_O)         1.388     1.388 r  clock_in_IBUF_inst/O
                         net (fo=1, routed)           1.862     3.250    clock_in_IBUF
    BUFGCTRL_X0Y1        BUFG (Prop_bufg_I_O)         0.091     3.341 r  clock_in_IBUF_BUFG_inst/O
                         net (fo=39, routed)          1.457     4.798    clkwiz/inst/clk_in1
    MMCME2_ADV_X1Y0      MMCME2_ADV (Prop_mmcme2_adv_CLKIN1_CLKOUT0)
                                                     -3.129     1.669 r  clkwiz/inst/mmcm_adv_inst/CLKOUT0
                         net (fo=1, routed)           1.581     3.250    clkwiz/inst/clk_out1_clk_wiz_0
    BUFGCTRL_X0Y0        BUFG (Prop_bufg_I_O)         0.091     3.341 r  clkwiz/inst/clkout1_buf/O
                         net (fo=85, routed)          1.502     4.843    clk_out1
    SLICE_X2Y24          FDRE                                         r  accum_sum_reg[13]/C

Slack:                    inf
  Source:                 start_in
                            (input port)
  Destination:            accum_sum_reg[14]/R
                            (rising edge-triggered cell FDRE clocked by clk_out1_clk_wiz_0  {rise@0.000ns fall@13.889ns period=27.778ns})
  Path Group:             (none)
  Path Type:              Setup (Max at Slow Process Corner)
  Data Path Delay:        5.607ns  (logic 1.606ns (28.637%)  route 4.002ns (71.363%))
  Logic Levels:           2  (IBUF=1 LUT2=1)
  Clock Path Skew:        4.843ns (DCD - SCD + CPR)
    Destination Clock Delay (DCD):    4.843ns
    Source Clock Delay      (SCD):    0.000ns
    Clock Pessimism Removal (CPR):    0.000ns
  Clock Uncertainty:      0.438ns  ((TSJ^2 + DJ^2)^1/2) / 2 + PE
    Total System Jitter     (TSJ):    0.050ns
    Discrete Jitter          (DJ):    0.278ns
    Phase Error              (PE):    0.297ns
  Timing Exception:       False Path

    Location             Delay type                Incr(ns)  Path(ns)    Netlist Resource(s)
  -------------------------------------------------------------------    -------------------
    T18                                               0.000     0.000 f  start_in (IN)
                         net (fo=0)                   0.000     0.000    start_in
    T18                  IBUF (Prop_ibuf_I_O)         1.454     1.454 f  start_in_IBUF_inst/O
                         net (fo=7, routed)           2.174     3.628    start_in_IBUF
    SLICE_X4Y25          LUT2 (Prop_lut2_I1_O)        0.152     3.780 r  FSM_onehot_adc_state[8]_i_1/O
                         net (fo=67, routed)          1.827     5.607    FSM_onehot_adc_state[8]_i_1_n_0
    SLICE_X2Y24          FDRE                                         r  accum_sum_reg[14]/R
  -------------------------------------------------------------------    -------------------

                         (clock clk_out1_clk_wiz_0 rise edge)
                                                      0.000     0.000 r  
    W5                                                0.000     0.000 r  clock_in (IN)
                         net (fo=0)                   0.000     0.000    clock_in
    W5                   IBUF (Prop_ibuf_I_O)         1.388     1.388 r  clock_in_IBUF_inst/O
                         net (fo=1, routed)           1.862     3.250    clock_in_IBUF
    BUFGCTRL_X0Y1        BUFG (Prop_bufg_I_O)         0.091     3.341 r  clock_in_IBUF_BUFG_inst/O
                         net (fo=39, routed)          1.457     4.798    clkwiz/inst/clk_in1
    MMCME2_ADV_X1Y0      MMCME2_ADV (Prop_mmcme2_adv_CLKIN1_CLKOUT0)
                                                     -3.129     1.669 r  clkwiz/inst/mmcm_adv_inst/CLKOUT0
                         net (fo=1, routed)           1.581     3.250    clkwiz/inst/clk_out1_clk_wiz_0
    BUFGCTRL_X0Y0        BUFG (Prop_bufg_I_O)         0.091     3.341 r  clkwiz/inst/clkout1_buf/O
                         net (fo=85, routed)          1.502     4.843    clk_out1
    SLICE_X2Y24          FDRE                                         r  accum_sum_reg[14]/C

Slack:                    inf
  Source:                 start_in
                            (input port)
  Destination:            accum_sum_reg[15]/R
                            (rising edge-triggered cell FDRE clocked by clk_out1_clk_wiz_0  {rise@0.000ns fall@13.889ns period=27.778ns})
  Path Group:             (none)
  Path Type:              Setup (Max at Slow Process Corner)
  Data Path Delay:        5.607ns  (logic 1.606ns (28.637%)  route 4.002ns (71.363%))
  Logic Levels:           2  (IBUF=1 LUT2=1)
  Clock Path Skew:        4.843ns (DCD - SCD + CPR)
    Destination Clock Delay (DCD):    4.843ns
    Source Clock Delay      (SCD):    0.000ns
    Clock Pessimism Removal (CPR):    0.000ns
  Clock Uncertainty:      0.438ns  ((TSJ^2 + DJ^2)^1/2) / 2 + PE
    Total System Jitter     (TSJ):    0.050ns
    Discrete Jitter          (DJ):    0.278ns
    Phase Error              (PE):    0.297ns
  Timing Exception:       False Path

    Location             Delay type                Incr(ns)  Path(ns)    Netlist Resource(s)
  -------------------------------------------------------------------    -------------------
    T18                                               0.000     0.000 f  start_in (IN)
                         net (fo=0)                   0.000     0.000    start_in
    T18                  IBUF (Prop_ibuf_I_O)         1.454     1.454 f  start_in_IBUF_inst/O
                         net (fo=7, routed)           2.174     3.628    start_in_IBUF
    SLICE_X4Y25          LUT2 (Prop_lut2_I1_O)        0.152     3.780 r  FSM_onehot_adc_state[8]_i_1/O
                         net (fo=67, routed)          1.827     5.607    FSM_onehot_adc_state[8]_i_1_n_0
    SLICE_X2Y24          FDRE                                         r  accum_sum_reg[15]/R
  -------------------------------------------------------------------    -------------------

                         (clock clk_out1_clk_wiz_0 rise edge)
                                                      0.000     0.000 r  
    W5                                                0.000     0.000 r  clock_in (IN)
                         net (fo=0)                   0.000     0.000    clock_in
    W5                   IBUF (Prop_ibuf_I_O)         1.388     1.388 r  clock_in_IBUF_inst/O
                         net (fo=1, routed)           1.862     3.250    clock_in_IBUF
    BUFGCTRL_X0Y1        BUFG (Prop_bufg_I_O)         0.091     3.341 r  clock_in_IBUF_BUFG_inst/O
                         net (fo=39, routed)          1.457     4.798    clkwiz/inst/clk_in1
    MMCME2_ADV_X1Y0      MMCME2_ADV (Prop_mmcme2_adv_CLKIN1_CLKOUT0)
                                                     -3.129     1.669 r  clkwiz/inst/mmcm_adv_inst/CLKOUT0
                         net (fo=1, routed)           1.581     3.250    clkwiz/inst/clk_out1_clk_wiz_0
    BUFGCTRL_X0Y0        BUFG (Prop_bufg_I_O)         0.091     3.341 r  clkwiz/inst/clkout1_buf/O
                         net (fo=85, routed)          1.502     4.843    clk_out1
    SLICE_X2Y24          FDRE                                         r  accum_sum_reg[15]/C

Slack:                    inf
  Source:                 start_in
                            (input port)
  Destination:            accum_sum_reg[16]/R
                            (rising edge-triggered cell FDRE clocked by clk_out1_clk_wiz_0  {rise@0.000ns fall@13.889ns period=27.778ns})
  Path Group:             (none)
  Path Type:              Setup (Max at Slow Process Corner)
  Data Path Delay:        5.607ns  (logic 1.606ns (28.637%)  route 4.002ns (71.363%))
  Logic Levels:           2  (IBUF=1 LUT2=1)
  Clock Path Skew:        4.843ns (DCD - SCD + CPR)
    Destination Clock Delay (DCD):    4.843ns
    Source Clock Delay      (SCD):    0.000ns
    Clock Pessimism Removal (CPR):    0.000ns
  Clock Uncertainty:      0.438ns  ((TSJ^2 + DJ^2)^1/2) / 2 + PE
    Total System Jitter     (TSJ):    0.050ns
    Discrete Jitter          (DJ):    0.278ns
    Phase Error              (PE):    0.297ns
  Timing Exception:       False Path

    Location             Delay type                Incr(ns)  Path(ns)    Netlist Resource(s)
  -------------------------------------------------------------------    -------------------
    T18                                               0.000     0.000 f  start_in (IN)
                         net (fo=0)                   0.000     0.000    start_in
    T18                  IBUF (Prop_ibuf_I_O)         1.454     1.454 f  start_in_IBUF_inst/O
                         net (fo=7, routed)           2.174     3.628    start_in_IBUF
    SLICE_X4Y25          LUT2 (Prop_lut2_I1_O)        0.152     3.780 r  FSM_onehot_adc_state[8]_i_1/O
                         net (fo=67, routed)          1.827     5.607    FSM_onehot_adc_state[8]_i_1_n_0
    SLICE_X2Y24          FDRE                                         r  accum_sum_reg[16]/R
  -------------------------------------------------------------------    -------------------

                         (clock clk_out1_clk_wiz_0 rise edge)
                                                      0.000     0.000 r  
    W5                                                0.000     0.000 r  clock_in (IN)
                         net (fo=0)                   0.000     0.000    clock_in
    W5                   IBUF (Prop_ibuf_I_O)         1.388     1.388 r  clock_in_IBUF_inst/O
                         net (fo=1, routed)           1.862     3.250    clock_in_IBUF
    BUFGCTRL_X0Y1        BUFG (Prop_bufg_I_O)         0.091     3.341 r  clock_in_IBUF_BUFG_inst/O
                         net (fo=39, routed)          1.457     4.798    clkwiz/inst/clk_in1
    MMCME2_ADV_X1Y0      MMCME2_ADV (Prop_mmcme2_adv_CLKIN1_CLKOUT0)
                                                     -3.129     1.669 r  clkwiz/inst/mmcm_adv_inst/CLKOUT0
                         net (fo=1, routed)           1.581     3.250    clkwiz/inst/clk_out1_clk_wiz_0
    BUFGCTRL_X0Y0        BUFG (Prop_bufg_I_O)         0.091     3.341 r  clkwiz/inst/clkout1_buf/O
                         net (fo=85, routed)          1.502     4.843    clk_out1
    SLICE_X2Y24          FDRE                                         r  accum_sum_reg[16]/C

Slack:                    inf
  Source:                 start_in
                            (input port)
  Destination:            data_buf_reg[6]/R
                            (rising edge-triggered cell FDRE clocked by clk_out1_clk_wiz_0  {rise@0.000ns fall@13.889ns period=27.778ns})
  Path Group:             (none)
  Path Type:              Setup (Max at Slow Process Corner)
  Data Path Delay:        5.597ns  (logic 1.606ns (28.690%)  route 3.991ns (71.310%))
  Logic Levels:           2  (IBUF=1 LUT2=1)
  Clock Path Skew:        4.846ns (DCD - SCD + CPR)
    Destination Clock Delay (DCD):    4.846ns
    Source Clock Delay      (SCD):    0.000ns
    Clock Pessimism Removal (CPR):    0.000ns
  Clock Uncertainty:      0.438ns  ((TSJ^2 + DJ^2)^1/2) / 2 + PE
    Total System Jitter     (TSJ):    0.050ns
    Discrete Jitter          (DJ):    0.278ns
    Phase Error              (PE):    0.297ns
  Timing Exception:       False Path

    Location             Delay type                Incr(ns)  Path(ns)    Netlist Resource(s)
  -------------------------------------------------------------------    -------------------
    T18                                               0.000     0.000 f  start_in (IN)
                         net (fo=0)                   0.000     0.000    start_in
    T18                  IBUF (Prop_ibuf_I_O)         1.454     1.454 f  start_in_IBUF_inst/O
                         net (fo=7, routed)           2.174     3.628    start_in_IBUF
    SLICE_X4Y25          LUT2 (Prop_lut2_I1_O)        0.152     3.780 r  FSM_onehot_adc_state[8]_i_1/O
                         net (fo=67, routed)          1.817     5.597    FSM_onehot_adc_state[8]_i_1_n_0
    SLICE_X4Y21          FDRE                                         r  data_buf_reg[6]/R
  -------------------------------------------------------------------    -------------------

                         (clock clk_out1_clk_wiz_0 rise edge)
                                                      0.000     0.000 r  
    W5                                                0.000     0.000 r  clock_in (IN)
                         net (fo=0)                   0.000     0.000    clock_in
    W5                   IBUF (Prop_ibuf_I_O)         1.388     1.388 r  clock_in_IBUF_inst/O
                         net (fo=1, routed)           1.862     3.250    clock_in_IBUF
    BUFGCTRL_X0Y1        BUFG (Prop_bufg_I_O)         0.091     3.341 r  clock_in_IBUF_BUFG_inst/O
                         net (fo=39, routed)          1.457     4.798    clkwiz/inst/clk_in1
    MMCME2_ADV_X1Y0      MMCME2_ADV (Prop_mmcme2_adv_CLKIN1_CLKOUT0)
                                                     -3.129     1.669 r  clkwiz/inst/mmcm_adv_inst/CLKOUT0
                         net (fo=1, routed)           1.581     3.250    clkwiz/inst/clk_out1_clk_wiz_0
    BUFGCTRL_X0Y0        BUFG (Prop_bufg_I_O)         0.091     3.341 r  clkwiz/inst/clkout1_buf/O
                         net (fo=85, routed)          1.505     4.846    clk_out1
    SLICE_X4Y21          FDRE                                         r  data_buf_reg[6]/C





Min Delay Paths
--------------------------------------------------------------------------------------
Slack:                    inf
  Source:                 reset_in
                            (input port)
  Destination:            delay_count_reg[1]/D
                            (rising edge-triggered cell FDRE clocked by clk_out1_clk_wiz_0  {rise@0.000ns fall@13.889ns period=27.778ns})
  Path Group:             (none)
  Path Type:              Hold (Min at Fast Process Corner)
  Data Path Delay:        0.864ns  (logic 0.255ns (29.476%)  route 0.609ns (70.524%))
  Logic Levels:           2  (IBUF=1 LUT5=1)
  Clock Path Skew:        1.977ns (DCD - SCD - CPR)
    Destination Clock Delay (DCD):    1.977ns
    Source Clock Delay      (SCD):    0.000ns
    Clock Pessimism Removal (CPR):    -0.000ns
  Timing Exception:       False Path

    Location             Delay type                Incr(ns)  Path(ns)    Netlist Resource(s)
  -------------------------------------------------------------------    -------------------
    U18                                               0.000     0.000 f  reset_in (IN)
                         net (fo=0)                   0.000     0.000    reset_in
    U18                  IBUF (Prop_ibuf_I_O)         0.210     0.210 f  reset_in_IBUF_inst/O
                         net (fo=57, routed)          0.609     0.819    reset_in_IBUF
    SLICE_X0Y25          LUT5 (Prop_lut5_I4_O)        0.045     0.864 r  delay_count[1]_i_1/O
                         net (fo=1, routed)           0.000     0.864    delay_count[1]_i_1_n_0
    SLICE_X0Y25          FDRE                                         r  delay_count_reg[1]/D
  -------------------------------------------------------------------    -------------------

                         (clock clk_out1_clk_wiz_0 rise edge)
                                                      0.000     0.000 r  
    W5                                                0.000     0.000 r  clock_in (IN)
                         net (fo=0)                   0.000     0.000    clock_in
    W5                   IBUF (Prop_ibuf_I_O)         0.414     0.414 r  clock_in_IBUF_inst/O
                         net (fo=1, routed)           0.685     1.099    clock_in_IBUF
    BUFGCTRL_X0Y1        BUFG (Prop_bufg_I_O)         0.029     1.128 r  clock_in_IBUF_BUFG_inst/O
                         net (fo=39, routed)          0.817     1.944    clkwiz/inst/clk_in1
    MMCME2_ADV_X1Y0      MMCME2_ADV (Prop_mmcme2_adv_CLKIN1_CLKOUT0)
                                                     -1.375     0.569 r  clkwiz/inst/mmcm_adv_inst/CLKOUT0
                         net (fo=1, routed)           0.530     1.099    clkwiz/inst/clk_out1_clk_wiz_0
    BUFGCTRL_X0Y0        BUFG (Prop_bufg_I_O)         0.029     1.128 r  clkwiz/inst/clkout1_buf/O
                         net (fo=85, routed)          0.850     1.977    clk_out1
    SLICE_X0Y25          FDRE                                         r  delay_count_reg[1]/C

Slack:                    inf
  Source:                 reset_in
                            (input port)
  Destination:            delay_count_reg[0]/D
                            (rising edge-triggered cell FDRE clocked by clk_out1_clk_wiz_0  {rise@0.000ns fall@13.889ns period=27.778ns})
  Path Group:             (none)
  Path Type:              Hold (Min at Fast Process Corner)
  Data Path Delay:        0.865ns  (logic 0.255ns (29.442%)  route 0.610ns (70.558%))
  Logic Levels:           2  (IBUF=1 LUT5=1)
  Clock Path Skew:        1.977ns (DCD - SCD - CPR)
    Destination Clock Delay (DCD):    1.977ns
    Source Clock Delay      (SCD):    0.000ns
    Clock Pessimism Removal (CPR):    -0.000ns
  Timing Exception:       False Path

    Location             Delay type                Incr(ns)  Path(ns)    Netlist Resource(s)
  -------------------------------------------------------------------    -------------------
    U18                                               0.000     0.000 f  reset_in (IN)
                         net (fo=0)                   0.000     0.000    reset_in
    U18                  IBUF (Prop_ibuf_I_O)         0.210     0.210 f  reset_in_IBUF_inst/O
                         net (fo=57, routed)          0.610     0.820    reset_in_IBUF
    SLICE_X0Y25          LUT5 (Prop_lut5_I4_O)        0.045     0.865 r  delay_count[0]_i_1/O
                         net (fo=1, routed)           0.000     0.865    delay_count[0]_i_1_n_0
    SLICE_X0Y25          FDRE                                         r  delay_count_reg[0]/D
  -------------------------------------------------------------------    -------------------

                         (clock clk_out1_clk_wiz_0 rise edge)
                                                      0.000     0.000 r  
    W5                                                0.000     0.000 r  clock_in (IN)
                         net (fo=0)                   0.000     0.000    clock_in
    W5                   IBUF (Prop_ibuf_I_O)         0.414     0.414 r  clock_in_IBUF_inst/O
                         net (fo=1, routed)           0.685     1.099    clock_in_IBUF
    BUFGCTRL_X0Y1        BUFG (Prop_bufg_I_O)         0.029     1.128 r  clock_in_IBUF_BUFG_inst/O
                         net (fo=39, routed)          0.817     1.944    clkwiz/inst/clk_in1
    MMCME2_ADV_X1Y0      MMCME2_ADV (Prop_mmcme2_adv_CLKIN1_CLKOUT0)
                                                     -1.375     0.569 r  clkwiz/inst/mmcm_adv_inst/CLKOUT0
                         net (fo=1, routed)           0.530     1.099    clkwiz/inst/clk_out1_clk_wiz_0
    BUFGCTRL_X0Y0        BUFG (Prop_bufg_I_O)         0.029     1.128 r  clkwiz/inst/clkout1_buf/O
                         net (fo=85, routed)          0.850     1.977    clk_out1
    SLICE_X0Y25          FDRE                                         r  delay_count_reg[0]/C

Slack:                    inf
  Source:                 reset_in
                            (input port)
  Destination:            sample_req_adc_reg/D
                            (rising edge-triggered cell FDRE clocked by clk_out1_clk_wiz_0  {rise@0.000ns fall@13.889ns period=27.778ns})
  Path Group:             (none)
  Path Type:              Hold (Min at Fast Process Corner)
  Data Path Delay:        0.990ns  (logic 0.255ns (25.716%)  route 0.735ns (74.284%))
  Logic Levels:           2  (IBUF=1 LUT5=1)
  Clock Path Skew:        1.977ns (DCD - SCD - CPR)
    Destination Clock Delay (DCD):    1.977ns
    Source Clock Delay      (SCD):    0.000ns
    Clock Pessimism Removal (CPR):    -0.000ns
  Timing Exception:       False Path

    Location             Delay type                Incr(ns)  Path(ns)    Netlist Resource(s)
  -------------------------------------------------------------------    -------------------
    U18                                               0.000     0.000 f  reset_in (IN)
                         net (fo=0)                   0.000     0.000    reset_in
    U18                  IBUF (Prop_ibuf_I_O)         0.210     0.210 f  reset_in_IBUF_inst/O
                         net (fo=57, routed)          0.735     0.945    reset_in_IBUF
    SLICE_X0Y25          LUT5 (Prop_lut5_I4_O)        0.045     0.990 r  sample_req_adc_i_1/O
                         net (fo=1, routed)           0.000     0.990    sample_req_adc_i_1_n_0
    SLICE_X0Y25          FDRE                                         r  sample_req_adc_reg/D
  -------------------------------------------------------------------    -------------------

                         (clock clk_out1_clk_wiz_0 rise edge)
                                                      0.000     0.000 r  
    W5                                                0.000     0.000 r  clock_in (IN)
                         net (fo=0)                   0.000     0.000    clock_in
    W5                   IBUF (Prop_ibuf_I_O)         0.414     0.414 r  clock_in_IBUF_inst/O
                         net (fo=1, routed)           0.685     1.099    clock_in_IBUF
    BUFGCTRL_X0Y1        BUFG (Prop_bufg_I_O)         0.029     1.128 r  clock_in_IBUF_BUFG_inst/O
                         net (fo=39, routed)          0.817     1.944    clkwiz/inst/clk_in1
    MMCME2_ADV_X1Y0      MMCME2_ADV (Prop_mmcme2_adv_CLKIN1_CLKOUT0)
                                                     -1.375     0.569 r  clkwiz/inst/mmcm_adv_inst/CLKOUT0
                         net (fo=1, routed)           0.530     1.099    clkwiz/inst/clk_out1_clk_wiz_0
    BUFGCTRL_X0Y0        BUFG (Prop_bufg_I_O)         0.029     1.128 r  clkwiz/inst/clkout1_buf/O
                         net (fo=85, routed)          0.850     1.977    clk_out1
    SLICE_X0Y25          FDRE                                         r  sample_req_adc_reg/C

Slack:                    inf
  Source:                 reset_in
                            (input port)
  Destination:            delay_count_reg[5]/D
                            (rising edge-triggered cell FDRE clocked by clk_out1_clk_wiz_0  {rise@0.000ns fall@13.889ns period=27.778ns})
  Path Group:             (none)
  Path Type:              Hold (Min at Fast Process Corner)
  Data Path Delay:        0.992ns  (logic 0.255ns (25.646%)  route 0.738ns (74.354%))
  Logic Levels:           2  (IBUF=1 LUT6=1)
  Clock Path Skew:        1.977ns (DCD - SCD - CPR)
    Destination Clock Delay (DCD):    1.977ns
    Source Clock Delay      (SCD):    0.000ns
    Clock Pessimism Removal (CPR):    -0.000ns
  Timing Exception:       False Path

    Location             Delay type                Incr(ns)  Path(ns)    Netlist Resource(s)
  -------------------------------------------------------------------    -------------------
    U18                                               0.000     0.000 f  reset_in (IN)
                         net (fo=0)                   0.000     0.000    reset_in
    U18                  IBUF (Prop_ibuf_I_O)         0.210     0.210 f  reset_in_IBUF_inst/O
                         net (fo=57, routed)          0.738     0.947    reset_in_IBUF
    SLICE_X0Y25          LUT6 (Prop_lut6_I5_O)        0.045     0.992 r  delay_count[5]_i_1/O
                         net (fo=1, routed)           0.000     0.992    delay_count[5]_i_1_n_0
    SLICE_X0Y25          FDRE                                         r  delay_count_reg[5]/D
  -------------------------------------------------------------------    -------------------

                         (clock clk_out1_clk_wiz_0 rise edge)
                                                      0.000     0.000 r  
    W5                                                0.000     0.000 r  clock_in (IN)
                         net (fo=0)                   0.000     0.000    clock_in
    W5                   IBUF (Prop_ibuf_I_O)         0.414     0.414 r  clock_in_IBUF_inst/O
                         net (fo=1, routed)           0.685     1.099    clock_in_IBUF
    BUFGCTRL_X0Y1        BUFG (Prop_bufg_I_O)         0.029     1.128 r  clock_in_IBUF_BUFG_inst/O
                         net (fo=39, routed)          0.817     1.944    clkwiz/inst/clk_in1
    MMCME2_ADV_X1Y0      MMCME2_ADV (Prop_mmcme2_adv_CLKIN1_CLKOUT0)
                                                     -1.375     0.569 r  clkwiz/inst/mmcm_adv_inst/CLKOUT0
                         net (fo=1, routed)           0.530     1.099    clkwiz/inst/clk_out1_clk_wiz_0
    BUFGCTRL_X0Y0        BUFG (Prop_bufg_I_O)         0.029     1.128 r  clkwiz/inst/clkout1_buf/O
                         net (fo=85, routed)          0.850     1.977    clk_out1
    SLICE_X0Y25          FDRE                                         r  delay_count_reg[5]/C

Slack:                    inf
  Source:                 reset_in
                            (input port)
  Destination:            sample_word_adc_reg[3]/R
                            (rising edge-triggered cell FDRE clocked by clk_out1_clk_wiz_0  {rise@0.000ns fall@13.889ns period=27.778ns})
  Path Group:             (none)
  Path Type:              Hold (Min at Fast Process Corner)
  Data Path Delay:        1.213ns  (logic 0.210ns (17.274%)  route 1.003ns (82.726%))
  Logic Levels:           1  (IBUF=1)
  Clock Path Skew:        1.975ns (DCD - SCD - CPR)
    Destination Clock Delay (DCD):    1.975ns
    Source Clock Delay      (SCD):    0.000ns
    Clock Pessimism Removal (CPR):    -0.000ns
  Timing Exception:       False Path

    Location             Delay type                Incr(ns)  Path(ns)    Netlist Resource(s)
  -------------------------------------------------------------------    -------------------
    U18                                               0.000     0.000 r  reset_in (IN)
                         net (fo=0)                   0.000     0.000    reset_in
    U18                  IBUF (Prop_ibuf_I_O)         0.210     0.210 r  reset_in_IBUF_inst/O
                         net (fo=57, routed)          1.003     1.213    reset_in_IBUF
    SLICE_X4Y25          FDRE                                         r  sample_word_adc_reg[3]/R
  -------------------------------------------------------------------    -------------------

                         (clock clk_out1_clk_wiz_0 rise edge)
                                                      0.000     0.000 r  
    W5                                                0.000     0.000 r  clock_in (IN)
                         net (fo=0)                   0.000     0.000    clock_in
    W5                   IBUF (Prop_ibuf_I_O)         0.414     0.414 r  clock_in_IBUF_inst/O
                         net (fo=1, routed)           0.685     1.099    clock_in_IBUF
    BUFGCTRL_X0Y1        BUFG (Prop_bufg_I_O)         0.029     1.128 r  clock_in_IBUF_BUFG_inst/O
                         net (fo=39, routed)          0.817     1.944    clkwiz/inst/clk_in1
    MMCME2_ADV_X1Y0      MMCME2_ADV (Prop_mmcme2_adv_CLKIN1_CLKOUT0)
                                                     -1.375     0.569 r  clkwiz/inst/mmcm_adv_inst/CLKOUT0
                         net (fo=1, routed)           0.530     1.099    clkwiz/inst/clk_out1_clk_wiz_0
    BUFGCTRL_X0Y0        BUFG (Prop_bufg_I_O)         0.029     1.128 r  clkwiz/inst/clkout1_buf/O
                         net (fo=85, routed)          0.848     1.975    clk_out1
    SLICE_X4Y25          FDRE                                         r  sample_word_adc_reg[3]/C

Slack:                    inf
  Source:                 reset_in
                            (input port)
  Destination:            sample_word_adc_reg[4]/R
                            (rising edge-triggered cell FDRE clocked by clk_out1_clk_wiz_0  {rise@0.000ns fall@13.889ns period=27.778ns})
  Path Group:             (none)
  Path Type:              Hold (Min at Fast Process Corner)
  Data Path Delay:        1.213ns  (logic 0.210ns (17.274%)  route 1.003ns (82.726%))
  Logic Levels:           1  (IBUF=1)
  Clock Path Skew:        1.975ns (DCD - SCD - CPR)
    Destination Clock Delay (DCD):    1.975ns
    Source Clock Delay      (SCD):    0.000ns
    Clock Pessimism Removal (CPR):    -0.000ns
  Timing Exception:       False Path

    Location             Delay type                Incr(ns)  Path(ns)    Netlist Resource(s)
  -------------------------------------------------------------------    -------------------
    U18                                               0.000     0.000 r  reset_in (IN)
                         net (fo=0)                   0.000     0.000    reset_in
    U18                  IBUF (Prop_ibuf_I_O)         0.210     0.210 r  reset_in_IBUF_inst/O
                         net (fo=57, routed)          1.003     1.213    reset_in_IBUF
    SLICE_X4Y25          FDRE                                         r  sample_word_adc_reg[4]/R
  -------------------------------------------------------------------    -------------------

                         (clock clk_out1_clk_wiz_0 rise edge)
                                                      0.000     0.000 r  
    W5                                                0.000     0.000 r  clock_in (IN)
                         net (fo=0)                   0.000     0.000    clock_in
    W5                   IBUF (Prop_ibuf_I_O)         0.414     0.414 r  clock_in_IBUF_inst/O
                         net (fo=1, routed)           0.685     1.099    clock_in_IBUF
    BUFGCTRL_X0Y1        BUFG (Prop_bufg_I_O)         0.029     1.128 r  clock_in_IBUF_BUFG_inst/O
                         net (fo=39, routed)          0.817     1.944    clkwiz/inst/clk_in1
    MMCME2_ADV_X1Y0      MMCME2_ADV (Prop_mmcme2_adv_CLKIN1_CLKOUT0)
                                                     -1.375     0.569 r  clkwiz/inst/mmcm_adv_inst/CLKOUT0
                         net (fo=1, routed)           0.530     1.099    clkwiz/inst/clk_out1_clk_wiz_0
    BUFGCTRL_X0Y0        BUFG (Prop_bufg_I_O)         0.029     1.128 r  clkwiz/inst/clkout1_buf/O
                         net (fo=85, routed)          0.848     1.975    clk_out1
    SLICE_X4Y25          FDRE                                         r  sample_word_adc_reg[4]/C

Slack:                    inf
  Source:                 reset_in
                            (input port)
  Destination:            sample_word_adc_reg[5]/R
                            (rising edge-triggered cell FDRE clocked by clk_out1_clk_wiz_0  {rise@0.000ns fall@13.889ns period=27.778ns})
  Path Group:             (none)
  Path Type:              Hold (Min at Fast Process Corner)
  Data Path Delay:        1.213ns  (logic 0.210ns (17.274%)  route 1.003ns (82.726%))
  Logic Levels:           1  (IBUF=1)
  Clock Path Skew:        1.975ns (DCD - SCD - CPR)
    Destination Clock Delay (DCD):    1.975ns
    Source Clock Delay      (SCD):    0.000ns
    Clock Pessimism Removal (CPR):    -0.000ns
  Timing Exception:       False Path

    Location             Delay type                Incr(ns)  Path(ns)    Netlist Resource(s)
  -------------------------------------------------------------------    -------------------
    U18                                               0.000     0.000 r  reset_in (IN)
                         net (fo=0)                   0.000     0.000    reset_in
    U18                  IBUF (Prop_ibuf_I_O)         0.210     0.210 r  reset_in_IBUF_inst/O
                         net (fo=57, routed)          1.003     1.213    reset_in_IBUF
    SLICE_X4Y25          FDRE                                         r  sample_word_adc_reg[5]/R
  -------------------------------------------------------------------    -------------------

                         (clock clk_out1_clk_wiz_0 rise edge)
                                                      0.000     0.000 r  
    W5                                                0.000     0.000 r  clock_in (IN)
                         net (fo=0)                   0.000     0.000    clock_in
    W5                   IBUF (Prop_ibuf_I_O)         0.414     0.414 r  clock_in_IBUF_inst/O
                         net (fo=1, routed)           0.685     1.099    clock_in_IBUF
    BUFGCTRL_X0Y1        BUFG (Prop_bufg_I_O)         0.029     1.128 r  clock_in_IBUF_BUFG_inst/O
                         net (fo=39, routed)          0.817     1.944    clkwiz/inst/clk_in1
    MMCME2_ADV_X1Y0      MMCME2_ADV (Prop_mmcme2_adv_CLKIN1_CLKOUT0)
                                                     -1.375     0.569 r  clkwiz/inst/mmcm_adv_inst/CLKOUT0
                         net (fo=1, routed)           0.530     1.099    clkwiz/inst/clk_out1_clk_wiz_0
    BUFGCTRL_X0Y0        BUFG (Prop_bufg_I_O)         0.029     1.128 r  clkwiz/inst/clkout1_buf/O
                         net (fo=85, routed)          0.848     1.975    clk_out1
    SLICE_X4Y25          FDRE                                         r  sample_word_adc_reg[5]/C

Slack:                    inf
  Source:                 reset_in
                            (input port)
  Destination:            sample_word_adc_reg[7]/R
                            (rising edge-triggered cell FDRE clocked by clk_out1_clk_wiz_0  {rise@0.000ns fall@13.889ns period=27.778ns})
  Path Group:             (none)
  Path Type:              Hold (Min at Fast Process Corner)
  Data Path Delay:        1.213ns  (logic 0.210ns (17.274%)  route 1.003ns (82.726%))
  Logic Levels:           1  (IBUF=1)
  Clock Path Skew:        1.975ns (DCD - SCD - CPR)
    Destination Clock Delay (DCD):    1.975ns
    Source Clock Delay      (SCD):    0.000ns
    Clock Pessimism Removal (CPR):    -0.000ns
  Timing Exception:       False Path

    Location             Delay type                Incr(ns)  Path(ns)    Netlist Resource(s)
  -------------------------------------------------------------------    -------------------
    U18                                               0.000     0.000 r  reset_in (IN)
                         net (fo=0)                   0.000     0.000    reset_in
    U18                  IBUF (Prop_ibuf_I_O)         0.210     0.210 r  reset_in_IBUF_inst/O
                         net (fo=57, routed)          1.003     1.213    reset_in_IBUF
    SLICE_X4Y25          FDRE                                         r  sample_word_adc_reg[7]/R
  -------------------------------------------------------------------    -------------------

                         (clock clk_out1_clk_wiz_0 rise edge)
                                                      0.000     0.000 r  
    W5                                                0.000     0.000 r  clock_in (IN)
                         net (fo=0)                   0.000     0.000    clock_in
    W5                   IBUF (Prop_ibuf_I_O)         0.414     0.414 r  clock_in_IBUF_inst/O
                         net (fo=1, routed)           0.685     1.099    clock_in_IBUF
    BUFGCTRL_X0Y1        BUFG (Prop_bufg_I_O)         0.029     1.128 r  clock_in_IBUF_BUFG_inst/O
                         net (fo=39, routed)          0.817     1.944    clkwiz/inst/clk_in1
    MMCME2_ADV_X1Y0      MMCME2_ADV (Prop_mmcme2_adv_CLKIN1_CLKOUT0)
                                                     -1.375     0.569 r  clkwiz/inst/mmcm_adv_inst/CLKOUT0
                         net (fo=1, routed)           0.530     1.099    clkwiz/inst/clk_out1_clk_wiz_0
    BUFGCTRL_X0Y0        BUFG (Prop_bufg_I_O)         0.029     1.128 r  clkwiz/inst/clkout1_buf/O
                         net (fo=85, routed)          0.848     1.975    clk_out1
    SLICE_X4Y25          FDRE                                         r  sample_word_adc_reg[7]/C

Slack:                    inf
  Source:                 reset_in
                            (input port)
  Destination:            sample_word_adc_reg[9]/R
                            (rising edge-triggered cell FDRE clocked by clk_out1_clk_wiz_0  {rise@0.000ns fall@13.889ns period=27.778ns})
  Path Group:             (none)
  Path Type:              Hold (Min at Fast Process Corner)
  Data Path Delay:        1.213ns  (logic 0.210ns (17.274%)  route 1.003ns (82.726%))
  Logic Levels:           1  (IBUF=1)
  Clock Path Skew:        1.975ns (DCD - SCD - CPR)
    Destination Clock Delay (DCD):    1.975ns
    Source Clock Delay      (SCD):    0.000ns
    Clock Pessimism Removal (CPR):    -0.000ns
  Timing Exception:       False Path

    Location             Delay type                Incr(ns)  Path(ns)    Netlist Resource(s)
  -------------------------------------------------------------------    -------------------
    U18                                               0.000     0.000 r  reset_in (IN)
                         net (fo=0)                   0.000     0.000    reset_in
    U18                  IBUF (Prop_ibuf_I_O)         0.210     0.210 r  reset_in_IBUF_inst/O
                         net (fo=57, routed)          1.003     1.213    reset_in_IBUF
    SLICE_X4Y25          FDRE                                         r  sample_word_adc_reg[9]/R
  -------------------------------------------------------------------    -------------------

                         (clock clk_out1_clk_wiz_0 rise edge)
                                                      0.000     0.000 r  
    W5                                                0.000     0.000 r  clock_in (IN)
                         net (fo=0)                   0.000     0.000    clock_in
    W5                   IBUF (Prop_ibuf_I_O)         0.414     0.414 r  clock_in_IBUF_inst/O
                         net (fo=1, routed)           0.685     1.099    clock_in_IBUF
    BUFGCTRL_X0Y1        BUFG (Prop_bufg_I_O)         0.029     1.128 r  clock_in_IBUF_BUFG_inst/O
                         net (fo=39, routed)          0.817     1.944    clkwiz/inst/clk_in1
    MMCME2_ADV_X1Y0      MMCME2_ADV (Prop_mmcme2_adv_CLKIN1_CLKOUT0)
                                                     -1.375     0.569 r  clkwiz/inst/mmcm_adv_inst/CLKOUT0
                         net (fo=1, routed)           0.530     1.099    clkwiz/inst/clk_out1_clk_wiz_0
    BUFGCTRL_X0Y0        BUFG (Prop_bufg_I_O)         0.029     1.128 r  clkwiz/inst/clkout1_buf/O
                         net (fo=85, routed)          0.848     1.975    clk_out1
    SLICE_X4Y25          FDRE                                         r  sample_word_adc_reg[9]/C

Slack:                    inf
  Source:                 reset_in
                            (input port)
  Destination:            FSM_onehot_adc_state_reg[1]/R
                            (rising edge-triggered cell FDRE clocked by clk_out1_clk_wiz_0  {rise@0.000ns fall@13.889ns period=27.778ns})
  Path Group:             (none)
  Path Type:              Hold (Min at Fast Process Corner)
  Data Path Delay:        1.232ns  (logic 0.252ns (20.415%)  route 0.981ns (79.585%))
  Logic Levels:           2  (IBUF=1 LUT2=1)
  Clock Path Skew:        1.977ns (DCD - SCD - CPR)
    Destination Clock Delay (DCD):    1.977ns
    Source Clock Delay      (SCD):    0.000ns
    Clock Pessimism Removal (CPR):    -0.000ns
  Timing Exception:       False Path

    Location             Delay type                Incr(ns)  Path(ns)    Netlist Resource(s)
  -------------------------------------------------------------------    -------------------
    U18                                               0.000     0.000 r  reset_in (IN)
                         net (fo=0)                   0.000     0.000    reset_in
    U18                  IBUF (Prop_ibuf_I_O)         0.210     0.210 r  reset_in_IBUF_inst/O
                         net (fo=57, routed)          0.750     0.960    reset_in_IBUF
    SLICE_X4Y25          LUT2 (Prop_lut2_I0_O)        0.042     1.002 r  FSM_onehot_adc_state[8]_i_1/O
                         net (fo=67, routed)          0.230     1.232    FSM_onehot_adc_state[8]_i_1_n_0
    SLICE_X2Y25          FDRE                                         r  FSM_onehot_adc_state_reg[1]/R
  -------------------------------------------------------------------    -------------------

                         (clock clk_out1_clk_wiz_0 rise edge)
                                                      0.000     0.000 r  
    W5                                                0.000     0.000 r  clock_in (IN)
                         net (fo=0)                   0.000     0.000    clock_in
    W5                   IBUF (Prop_ibuf_I_O)         0.414     0.414 r  clock_in_IBUF_inst/O
                         net (fo=1, routed)           0.685     1.099    clock_in_IBUF
    BUFGCTRL_X0Y1        BUFG (Prop_bufg_I_O)         0.029     1.128 r  clock_in_IBUF_BUFG_inst/O
                         net (fo=39, routed)          0.817     1.944    clkwiz/inst/clk_in1
    MMCME2_ADV_X1Y0      MMCME2_ADV (Prop_mmcme2_adv_CLKIN1_CLKOUT0)
                                                     -1.375     0.569 r  clkwiz/inst/mmcm_adv_inst/CLKOUT0
                         net (fo=1, routed)           0.530     1.099    clkwiz/inst/clk_out1_clk_wiz_0
    BUFGCTRL_X0Y0        BUFG (Prop_bufg_I_O)         0.029     1.128 r  clkwiz/inst/clkout1_buf/O
                         net (fo=85, routed)          0.850     1.977    clk_out1
    SLICE_X2Y25          FDRE                                         r  FSM_onehot_adc_state_reg[1]/C





--------------------------------------------------------------------------------------
Path Group:  (none)
From Clock:  sys_clk_pin
  To Clock:  clk_out1_clk_wiz_0

Max Delay             1 Endpoint
Min Delay             1 Endpoint
--------------------------------------------------------------------------------------


Max Delay Paths
--------------------------------------------------------------------------------------
Slack:                    inf
  Source:                 sample_req_seen_u_reg/C
                            (rising edge-triggered cell FDRE clocked by sys_clk_pin  {rise@0.000ns fall@5.000ns period=10.000ns})
  Destination:            sample_ack_meta_a_reg/D
                            (rising edge-triggered cell FDRE clocked by clk_out1_clk_wiz_0  {rise@0.000ns fall@13.889ns period=27.778ns})
  Path Group:             (none)
  Path Type:              Setup (Max at Slow Process Corner)
  Data Path Delay:        1.209ns  (logic 0.518ns (42.853%)  route 0.691ns (57.147%))
  Logic Levels:           0  
  Clock Path Skew:        -0.293ns (DCD - SCD + CPR)
    Destination Clock Delay (DCD):    4.843ns
    Source Clock Delay      (SCD):    5.136ns
    Clock Pessimism Removal (CPR):    0.000ns
  Clock Uncertainty:      0.441ns  ((TSJ^2 + DJ^2)^1/2) / 2 + PE
    Total System Jitter     (TSJ):    0.071ns
    Discrete Jitter          (DJ):    0.278ns
    Phase Error              (PE):    0.297ns
  Timing Exception:       False Path

    Location             Delay type                Incr(ns)  Path(ns)    Netlist Resource(s)
  -------------------------------------------------------------------    -------------------
                         (clock sys_clk_pin rise edge)
                                                      0.000     0.000 r  
    W5                                                0.000     0.000 r  clock_in (IN)
                         net (fo=0)                   0.000     0.000    clock_in
    W5                   IBUF (Prop_ibuf_I_O)         1.458     1.458 r  clock_in_IBUF_inst/O
                         net (fo=1, routed)           1.967     3.425    clock_in_IBUF
    BUFGCTRL_X0Y1        BUFG (Prop_bufg_I_O)         0.096     3.521 r  clock_in_IBUF_BUFG_inst/O
                         net (fo=39, routed)          1.615     5.136    clock_in_IBUF_BUFG
    SLICE_X6Y24          FDRE                                         r  sample_req_seen_u_reg/C
  -------------------------------------------------------------------    -------------------
    SLICE_X6Y24          FDRE (Prop_fdre_C_Q)         0.518     5.654 r  sample_req_seen_u_reg/Q
                         net (fo=5, routed)           0.691     6.345    sample_ack_uart
    SLICE_X4Y26          FDRE                                         r  sample_ack_meta_a_reg/D
  -------------------------------------------------------------------    -------------------

                         (clock clk_out1_clk_wiz_0 rise edge)
                                                      0.000     0.000 r  
    W5                                                0.000     0.000 r  clock_in (IN)
                         net (fo=0)                   0.000     0.000    clock_in
    W5                   IBUF (Prop_ibuf_I_O)         1.388     1.388 r  clock_in_IBUF_inst/O
                         net (fo=1, routed)           1.862     3.250    clock_in_IBUF
    BUFGCTRL_X0Y1        BUFG (Prop_bufg_I_O)         0.091     3.341 r  clock_in_IBUF_BUFG_inst/O
                         net (fo=39, routed)          1.457     4.798    clkwiz/inst/clk_in1
    MMCME2_ADV_X1Y0      MMCME2_ADV (Prop_mmcme2_adv_CLKIN1_CLKOUT0)
                                                     -3.129     1.669 r  clkwiz/inst/mmcm_adv_inst/CLKOUT0
                         net (fo=1, routed)           1.581     3.250    clkwiz/inst/clk_out1_clk_wiz_0
    BUFGCTRL_X0Y0        BUFG (Prop_bufg_I_O)         0.091     3.341 r  clkwiz/inst/clkout1_buf/O
                         net (fo=85, routed)          1.502     4.843    clk_out1
    SLICE_X4Y26          FDRE                                         r  sample_ack_meta_a_reg/C





Min Delay Paths
--------------------------------------------------------------------------------------
Slack:                    inf
  Source:                 sample_req_seen_u_reg/C
                            (rising edge-triggered cell FDRE clocked by sys_clk_pin  {rise@0.000ns fall@5.000ns period=10.000ns})
  Destination:            sample_ack_meta_a_reg/D
                            (rising edge-triggered cell FDRE clocked by clk_out1_clk_wiz_0  {rise@0.000ns fall@13.889ns period=27.778ns})
  Path Group:             (none)
  Path Type:              Hold (Min at Fast Process Corner)
  Data Path Delay:        0.451ns  (logic 0.164ns (36.381%)  route 0.287ns (63.619%))
  Logic Levels:           0  
  Clock Path Skew:        0.513ns (DCD - SCD - CPR)
    Destination Clock Delay (DCD):    1.976ns
    Source Clock Delay      (SCD):    1.463ns
    Clock Pessimism Removal (CPR):    -0.000ns
  Clock Uncertainty:      0.441ns  ((TSJ^2 + DJ^2)^1/2) / 2 + PE
    Total System Jitter     (TSJ):    0.071ns
    Discrete Jitter          (DJ):    0.278ns
    Phase Error              (PE):    0.297ns
  Timing Exception:       False Path

    Location             Delay type                Incr(ns)  Path(ns)    Netlist Resource(s)
  -------------------------------------------------------------------    -------------------
                         (clock sys_clk_pin rise edge)
                                                      0.000     0.000 r  
    W5                                                0.000     0.000 r  clock_in (IN)
                         net (fo=0)                   0.000     0.000    clock_in
    W5                   IBUF (Prop_ibuf_I_O)         0.226     0.226 r  clock_in_IBUF_inst/O
                         net (fo=1, routed)           0.631     0.858    clock_in_IBUF
    BUFGCTRL_X0Y1        BUFG (Prop_bufg_I_O)         0.026     0.884 r  clock_in_IBUF_BUFG_inst/O
                         net (fo=39, routed)          0.580     1.463    clock_in_IBUF_BUFG
    SLICE_X6Y24          FDRE                                         r  sample_req_seen_u_reg/C
  -------------------------------------------------------------------    -------------------
    SLICE_X6Y24          FDRE (Prop_fdre_C_Q)         0.164     1.627 r  sample_req_seen_u_reg/Q
                         net (fo=5, routed)           0.287     1.914    sample_ack_uart
    SLICE_X4Y26          FDRE                                         r  sample_ack_meta_a_reg/D
  -------------------------------------------------------------------    -------------------

                         (clock clk_out1_clk_wiz_0 rise edge)
                                                      0.000     0.000 r  
    W5                                                0.000     0.000 r  clock_in (IN)
                         net (fo=0)                   0.000     0.000    clock_in
    W5                   IBUF (Prop_ibuf_I_O)         0.414     0.414 r  clock_in_IBUF_inst/O
                         net (fo=1, routed)           0.685     1.099    clock_in_IBUF
    BUFGCTRL_X0Y1        BUFG (Prop_bufg_I_O)         0.029     1.128 r  clock_in_IBUF_BUFG_inst/O
                         net (fo=39, routed)          0.817     1.944    clkwiz/inst/clk_in1
    MMCME2_ADV_X1Y0      MMCME2_ADV (Prop_mmcme2_adv_CLKIN1_CLKOUT0)
                                                     -1.375     0.569 r  clkwiz/inst/mmcm_adv_inst/CLKOUT0
                         net (fo=1, routed)           0.530     1.099    clkwiz/inst/clk_out1_clk_wiz_0
    BUFGCTRL_X0Y0        BUFG (Prop_bufg_I_O)         0.029     1.128 r  clkwiz/inst/clkout1_buf/O
                         net (fo=85, routed)          0.849     1.976    clk_out1
    SLICE_X4Y26          FDRE                                         r  sample_ack_meta_a_reg/C





--------------------------------------------------------------------------------------
Path Group:  (none)
From Clock:  
  To Clock:  sys_clk_pin

Max Delay            38 Endpoints
Min Delay            38 Endpoints
--------------------------------------------------------------------------------------


Max Delay Paths
--------------------------------------------------------------------------------------
Slack:                    inf
  Source:                 reset_in
                            (input port)
  Destination:            tx_word_reg[10]/R
                            (rising edge-triggered cell FDRE clocked by sys_clk_pin  {rise@0.000ns fall@5.000ns period=10.000ns})
  Path Group:             (none)
  Path Type:              Setup (Max at Slow Process Corner)
  Data Path Delay:        4.675ns  (logic 1.441ns (30.830%)  route 3.234ns (69.170%))
  Logic Levels:           1  (IBUF=1)
  Clock Path Skew:        4.841ns (DCD - SCD + CPR)
    Destination Clock Delay (DCD):    4.841ns
    Source Clock Delay      (SCD):    0.000ns
    Clock Pessimism Removal (CPR):    0.000ns
  Clock Uncertainty:      0.025ns  ((TSJ^2 + TIJ^2)^1/2 + DJ) / 2 + PE
    Total System Jitter     (TSJ):    0.050ns
    Total Input Jitter      (TIJ):    0.000ns
    Discrete Jitter          (DJ):    0.000ns
    Phase Error              (PE):    0.000ns
  Timing Exception:       False Path

    Location             Delay type                Incr(ns)  Path(ns)    Netlist Resource(s)
  -------------------------------------------------------------------    -------------------
    U18                                               0.000     0.000 r  reset_in (IN)
                         net (fo=0)                   0.000     0.000    reset_in
    U18                  IBUF (Prop_ibuf_I_O)         1.441     1.441 r  reset_in_IBUF_inst/O
                         net (fo=57, routed)          3.234     4.675    reset_in_IBUF
    SLICE_X5Y24          FDRE                                         r  tx_word_reg[10]/R
  -------------------------------------------------------------------    -------------------

                         (clock sys_clk_pin rise edge)
                                                      0.000     0.000 r  
    W5                                                0.000     0.000 r  clock_in (IN)
                         net (fo=0)                   0.000     0.000    clock_in
    W5                   IBUF (Prop_ibuf_I_O)         1.388     1.388 r  clock_in_IBUF_inst/O
                         net (fo=1, routed)           1.862     3.250    clock_in_IBUF
    BUFGCTRL_X0Y1        BUFG (Prop_bufg_I_O)         0.091     3.341 r  clock_in_IBUF_BUFG_inst/O
                         net (fo=39, routed)          1.500     4.841    clock_in_IBUF_BUFG
    SLICE_X5Y24          FDRE                                         r  tx_word_reg[10]/C

Slack:                    inf
  Source:                 reset_in
                            (input port)
  Destination:            tx_word_reg[11]/R
                            (rising edge-triggered cell FDRE clocked by sys_clk_pin  {rise@0.000ns fall@5.000ns period=10.000ns})
  Path Group:             (none)
  Path Type:              Setup (Max at Slow Process Corner)
  Data Path Delay:        4.675ns  (logic 1.441ns (30.830%)  route 3.234ns (69.170%))
  Logic Levels:           1  (IBUF=1)
  Clock Path Skew:        4.841ns (DCD - SCD + CPR)
    Destination Clock Delay (DCD):    4.841ns
    Source Clock Delay      (SCD):    0.000ns
    Clock Pessimism Removal (CPR):    0.000ns
  Clock Uncertainty:      0.025ns  ((TSJ^2 + TIJ^2)^1/2 + DJ) / 2 + PE
    Total System Jitter     (TSJ):    0.050ns
    Total Input Jitter      (TIJ):    0.000ns
    Discrete Jitter          (DJ):    0.000ns
    Phase Error              (PE):    0.000ns
  Timing Exception:       False Path

    Location             Delay type                Incr(ns)  Path(ns)    Netlist Resource(s)
  -------------------------------------------------------------------    -------------------
    U18                                               0.000     0.000 r  reset_in (IN)
                         net (fo=0)                   0.000     0.000    reset_in
    U18                  IBUF (Prop_ibuf_I_O)         1.441     1.441 r  reset_in_IBUF_inst/O
                         net (fo=57, routed)          3.234     4.675    reset_in_IBUF
    SLICE_X5Y24          FDRE                                         r  tx_word_reg[11]/R
  -------------------------------------------------------------------    -------------------

                         (clock sys_clk_pin rise edge)
                                                      0.000     0.000 r  
    W5                                                0.000     0.000 r  clock_in (IN)
                         net (fo=0)                   0.000     0.000    clock_in
    W5                   IBUF (Prop_ibuf_I_O)         1.388     1.388 r  clock_in_IBUF_inst/O
                         net (fo=1, routed)           1.862     3.250    clock_in_IBUF
    BUFGCTRL_X0Y1        BUFG (Prop_bufg_I_O)         0.091     3.341 r  clock_in_IBUF_BUFG_inst/O
                         net (fo=39, routed)          1.500     4.841    clock_in_IBUF_BUFG
    SLICE_X5Y24          FDRE                                         r  tx_word_reg[11]/C

Slack:                    inf
  Source:                 reset_in
                            (input port)
  Destination:            tx_word_reg[1]/R
                            (rising edge-triggered cell FDRE clocked by sys_clk_pin  {rise@0.000ns fall@5.000ns period=10.000ns})
  Path Group:             (none)
  Path Type:              Setup (Max at Slow Process Corner)
  Data Path Delay:        4.675ns  (logic 1.441ns (30.830%)  route 3.234ns (69.170%))
  Logic Levels:           1  (IBUF=1)
  Clock Path Skew:        4.841ns (DCD - SCD + CPR)
    Destination Clock Delay (DCD):    4.841ns
    Source Clock Delay      (SCD):    0.000ns
    Clock Pessimism Removal (CPR):    0.000ns
  Clock Uncertainty:      0.025ns  ((TSJ^2 + TIJ^2)^1/2 + DJ) / 2 + PE
    Total System Jitter     (TSJ):    0.050ns
    Total Input Jitter      (TIJ):    0.000ns
    Discrete Jitter          (DJ):    0.000ns
    Phase Error              (PE):    0.000ns
  Timing Exception:       False Path

    Location             Delay type                Incr(ns)  Path(ns)    Netlist Resource(s)
  -------------------------------------------------------------------    -------------------
    U18                                               0.000     0.000 r  reset_in (IN)
                         net (fo=0)                   0.000     0.000    reset_in
    U18                  IBUF (Prop_ibuf_I_O)         1.441     1.441 r  reset_in_IBUF_inst/O
                         net (fo=57, routed)          3.234     4.675    reset_in_IBUF
    SLICE_X5Y24          FDRE                                         r  tx_word_reg[1]/R
  -------------------------------------------------------------------    -------------------

                         (clock sys_clk_pin rise edge)
                                                      0.000     0.000 r  
    W5                                                0.000     0.000 r  clock_in (IN)
                         net (fo=0)                   0.000     0.000    clock_in
    W5                   IBUF (Prop_ibuf_I_O)         1.388     1.388 r  clock_in_IBUF_inst/O
                         net (fo=1, routed)           1.862     3.250    clock_in_IBUF
    BUFGCTRL_X0Y1        BUFG (Prop_bufg_I_O)         0.091     3.341 r  clock_in_IBUF_BUFG_inst/O
                         net (fo=39, routed)          1.500     4.841    clock_in_IBUF_BUFG
    SLICE_X5Y24          FDRE                                         r  tx_word_reg[1]/C

Slack:                    inf
  Source:                 reset_in
                            (input port)
  Destination:            tx_word_reg[2]/R
                            (rising edge-triggered cell FDRE clocked by sys_clk_pin  {rise@0.000ns fall@5.000ns period=10.000ns})
  Path Group:             (none)
  Path Type:              Setup (Max at Slow Process Corner)
  Data Path Delay:        4.675ns  (logic 1.441ns (30.830%)  route 3.234ns (69.170%))
  Logic Levels:           1  (IBUF=1)
  Clock Path Skew:        4.841ns (DCD - SCD + CPR)
    Destination Clock Delay (DCD):    4.841ns
    Source Clock Delay      (SCD):    0.000ns
    Clock Pessimism Removal (CPR):    0.000ns
  Clock Uncertainty:      0.025ns  ((TSJ^2 + TIJ^2)^1/2 + DJ) / 2 + PE
    Total System Jitter     (TSJ):    0.050ns
    Total Input Jitter      (TIJ):    0.000ns
    Discrete Jitter          (DJ):    0.000ns
    Phase Error              (PE):    0.000ns
  Timing Exception:       False Path

    Location             Delay type                Incr(ns)  Path(ns)    Netlist Resource(s)
  -------------------------------------------------------------------    -------------------
    U18                                               0.000     0.000 r  reset_in (IN)
                         net (fo=0)                   0.000     0.000    reset_in
    U18                  IBUF (Prop_ibuf_I_O)         1.441     1.441 r  reset_in_IBUF_inst/O
                         net (fo=57, routed)          3.234     4.675    reset_in_IBUF
    SLICE_X5Y24          FDRE                                         r  tx_word_reg[2]/R
  -------------------------------------------------------------------    -------------------

                         (clock sys_clk_pin rise edge)
                                                      0.000     0.000 r  
    W5                                                0.000     0.000 r  clock_in (IN)
                         net (fo=0)                   0.000     0.000    clock_in
    W5                   IBUF (Prop_ibuf_I_O)         1.388     1.388 r  clock_in_IBUF_inst/O
                         net (fo=1, routed)           1.862     3.250    clock_in_IBUF
    BUFGCTRL_X0Y1        BUFG (Prop_bufg_I_O)         0.091     3.341 r  clock_in_IBUF_BUFG_inst/O
                         net (fo=39, routed)          1.500     4.841    clock_in_IBUF_BUFG
    SLICE_X5Y24          FDRE                                         r  tx_word_reg[2]/C

Slack:                    inf
  Source:                 reset_in
                            (input port)
  Destination:            tx_word_reg[4]/R
                            (rising edge-triggered cell FDRE clocked by sys_clk_pin  {rise@0.000ns fall@5.000ns period=10.000ns})
  Path Group:             (none)
  Path Type:              Setup (Max at Slow Process Corner)
  Data Path Delay:        4.675ns  (logic 1.441ns (30.830%)  route 3.234ns (69.170%))
  Logic Levels:           1  (IBUF=1)
  Clock Path Skew:        4.841ns (DCD - SCD + CPR)
    Destination Clock Delay (DCD):    4.841ns
    Source Clock Delay      (SCD):    0.000ns
    Clock Pessimism Removal (CPR):    0.000ns
  Clock Uncertainty:      0.025ns  ((TSJ^2 + TIJ^2)^1/2 + DJ) / 2 + PE
    Total System Jitter     (TSJ):    0.050ns
    Total Input Jitter      (TIJ):    0.000ns
    Discrete Jitter          (DJ):    0.000ns
    Phase Error              (PE):    0.000ns
  Timing Exception:       False Path

    Location             Delay type                Incr(ns)  Path(ns)    Netlist Resource(s)
  -------------------------------------------------------------------    -------------------
    U18                                               0.000     0.000 r  reset_in (IN)
                         net (fo=0)                   0.000     0.000    reset_in
    U18                  IBUF (Prop_ibuf_I_O)         1.441     1.441 r  reset_in_IBUF_inst/O
                         net (fo=57, routed)          3.234     4.675    reset_in_IBUF
    SLICE_X5Y24          FDRE                                         r  tx_word_reg[4]/R
  -------------------------------------------------------------------    -------------------

                         (clock sys_clk_pin rise edge)
                                                      0.000     0.000 r  
    W5                                                0.000     0.000 r  clock_in (IN)
                         net (fo=0)                   0.000     0.000    clock_in
    W5                   IBUF (Prop_ibuf_I_O)         1.388     1.388 r  clock_in_IBUF_inst/O
                         net (fo=1, routed)           1.862     3.250    clock_in_IBUF
    BUFGCTRL_X0Y1        BUFG (Prop_bufg_I_O)         0.091     3.341 r  clock_in_IBUF_BUFG_inst/O
                         net (fo=39, routed)          1.500     4.841    clock_in_IBUF_BUFG
    SLICE_X5Y24          FDRE                                         r  tx_word_reg[4]/C

Slack:                    inf
  Source:                 reset_in
                            (input port)
  Destination:            tx_word_reg[7]/R
                            (rising edge-triggered cell FDRE clocked by sys_clk_pin  {rise@0.000ns fall@5.000ns period=10.000ns})
  Path Group:             (none)
  Path Type:              Setup (Max at Slow Process Corner)
  Data Path Delay:        4.675ns  (logic 1.441ns (30.830%)  route 3.234ns (69.170%))
  Logic Levels:           1  (IBUF=1)
  Clock Path Skew:        4.841ns (DCD - SCD + CPR)
    Destination Clock Delay (DCD):    4.841ns
    Source Clock Delay      (SCD):    0.000ns
    Clock Pessimism Removal (CPR):    0.000ns
  Clock Uncertainty:      0.025ns  ((TSJ^2 + TIJ^2)^1/2 + DJ) / 2 + PE
    Total System Jitter     (TSJ):    0.050ns
    Total Input Jitter      (TIJ):    0.000ns
    Discrete Jitter          (DJ):    0.000ns
    Phase Error              (PE):    0.000ns
  Timing Exception:       False Path

    Location             Delay type                Incr(ns)  Path(ns)    Netlist Resource(s)
  -------------------------------------------------------------------    -------------------
    U18                                               0.000     0.000 r  reset_in (IN)
                         net (fo=0)                   0.000     0.000    reset_in
    U18                  IBUF (Prop_ibuf_I_O)         1.441     1.441 r  reset_in_IBUF_inst/O
                         net (fo=57, routed)          3.234     4.675    reset_in_IBUF
    SLICE_X5Y24          FDRE                                         r  tx_word_reg[7]/R
  -------------------------------------------------------------------    -------------------

                         (clock sys_clk_pin rise edge)
                                                      0.000     0.000 r  
    W5                                                0.000     0.000 r  clock_in (IN)
                         net (fo=0)                   0.000     0.000    clock_in
    W5                   IBUF (Prop_ibuf_I_O)         1.388     1.388 r  clock_in_IBUF_inst/O
                         net (fo=1, routed)           1.862     3.250    clock_in_IBUF
    BUFGCTRL_X0Y1        BUFG (Prop_bufg_I_O)         0.091     3.341 r  clock_in_IBUF_BUFG_inst/O
                         net (fo=39, routed)          1.500     4.841    clock_in_IBUF_BUFG
    SLICE_X5Y24          FDRE                                         r  tx_word_reg[7]/C

Slack:                    inf
  Source:                 reset_in
                            (input port)
  Destination:            tx_word_reg[9]/R
                            (rising edge-triggered cell FDRE clocked by sys_clk_pin  {rise@0.000ns fall@5.000ns period=10.000ns})
  Path Group:             (none)
  Path Type:              Setup (Max at Slow Process Corner)
  Data Path Delay:        4.675ns  (logic 1.441ns (30.830%)  route 3.234ns (69.170%))
  Logic Levels:           1  (IBUF=1)
  Clock Path Skew:        4.841ns (DCD - SCD + CPR)
    Destination Clock Delay (DCD):    4.841ns
    Source Clock Delay      (SCD):    0.000ns
    Clock Pessimism Removal (CPR):    0.000ns
  Clock Uncertainty:      0.025ns  ((TSJ^2 + TIJ^2)^1/2 + DJ) / 2 + PE
    Total System Jitter     (TSJ):    0.050ns
    Total Input Jitter      (TIJ):    0.000ns
    Discrete Jitter          (DJ):    0.000ns
    Phase Error              (PE):    0.000ns
  Timing Exception:       False Path

    Location             Delay type                Incr(ns)  Path(ns)    Netlist Resource(s)
  -------------------------------------------------------------------    -------------------
    U18                                               0.000     0.000 r  reset_in (IN)
                         net (fo=0)                   0.000     0.000    reset_in
    U18                  IBUF (Prop_ibuf_I_O)         1.441     1.441 r  reset_in_IBUF_inst/O
                         net (fo=57, routed)          3.234     4.675    reset_in_IBUF
    SLICE_X5Y24          FDRE                                         r  tx_word_reg[9]/R
  -------------------------------------------------------------------    -------------------

                         (clock sys_clk_pin rise edge)
                                                      0.000     0.000 r  
    W5                                                0.000     0.000 r  clock_in (IN)
                         net (fo=0)                   0.000     0.000    clock_in
    W5                   IBUF (Prop_ibuf_I_O)         1.388     1.388 r  clock_in_IBUF_inst/O
                         net (fo=1, routed)           1.862     3.250    clock_in_IBUF
    BUFGCTRL_X0Y1        BUFG (Prop_bufg_I_O)         0.091     3.341 r  clock_in_IBUF_BUFG_inst/O
                         net (fo=39, routed)          1.500     4.841    clock_in_IBUF_BUFG
    SLICE_X5Y24          FDRE                                         r  tx_word_reg[9]/C

Slack:                    inf
  Source:                 reset_in
                            (input port)
  Destination:            uart_div_cnt_reg[5]/R
                            (rising edge-triggered cell FDRE clocked by sys_clk_pin  {rise@0.000ns fall@5.000ns period=10.000ns})
  Path Group:             (none)
  Path Type:              Setup (Max at Slow Process Corner)
  Data Path Delay:        4.254ns  (logic 1.441ns (33.882%)  route 2.813ns (66.118%))
  Logic Levels:           1  (IBUF=1)
  Clock Path Skew:        4.844ns (DCD - SCD + CPR)
    Destination Clock Delay (DCD):    4.844ns
    Source Clock Delay      (SCD):    0.000ns
    Clock Pessimism Removal (CPR):    0.000ns
  Clock Uncertainty:      0.025ns  ((TSJ^2 + TIJ^2)^1/2 + DJ) / 2 + PE
    Total System Jitter     (TSJ):    0.050ns
    Total Input Jitter      (TIJ):    0.000ns
    Discrete Jitter          (DJ):    0.000ns
    Phase Error              (PE):    0.000ns
  Timing Exception:       False Path

    Location             Delay type                Incr(ns)  Path(ns)    Netlist Resource(s)
  -------------------------------------------------------------------    -------------------
    U18                                               0.000     0.000 r  reset_in (IN)
                         net (fo=0)                   0.000     0.000    reset_in
    U18                  IBUF (Prop_ibuf_I_O)         1.441     1.441 r  reset_in_IBUF_inst/O
                         net (fo=57, routed)          2.813     4.254    reset_in_IBUF
    SLICE_X7Y22          FDRE                                         r  uart_div_cnt_reg[5]/R
  -------------------------------------------------------------------    -------------------

                         (clock sys_clk_pin rise edge)
                                                      0.000     0.000 r  
    W5                                                0.000     0.000 r  clock_in (IN)
                         net (fo=0)                   0.000     0.000    clock_in
    W5                   IBUF (Prop_ibuf_I_O)         1.388     1.388 r  clock_in_IBUF_inst/O
                         net (fo=1, routed)           1.862     3.250    clock_in_IBUF
    BUFGCTRL_X0Y1        BUFG (Prop_bufg_I_O)         0.091     3.341 r  clock_in_IBUF_BUFG_inst/O
                         net (fo=39, routed)          1.503     4.844    clock_in_IBUF_BUFG
    SLICE_X7Y22          FDRE                                         r  uart_div_cnt_reg[5]/C

Slack:                    inf
  Source:                 reset_in
                            (input port)
  Destination:            uart_div_cnt_reg[0]/R
                            (rising edge-triggered cell FDRE clocked by sys_clk_pin  {rise@0.000ns fall@5.000ns period=10.000ns})
  Path Group:             (none)
  Path Type:              Setup (Max at Slow Process Corner)
  Data Path Delay:        3.955ns  (logic 1.441ns (36.446%)  route 2.513ns (63.554%))
  Logic Levels:           1  (IBUF=1)
  Clock Path Skew:        4.843ns (DCD - SCD + CPR)
    Destination Clock Delay (DCD):    4.843ns
    Source Clock Delay      (SCD):    0.000ns
    Clock Pessimism Removal (CPR):    0.000ns
  Clock Uncertainty:      0.025ns  ((TSJ^2 + TIJ^2)^1/2 + DJ) / 2 + PE
    Total System Jitter     (TSJ):    0.050ns
    Total Input Jitter      (TIJ):    0.000ns
    Discrete Jitter          (DJ):    0.000ns
    Phase Error              (PE):    0.000ns
  Timing Exception:       False Path

    Location             Delay type                Incr(ns)  Path(ns)    Netlist Resource(s)
  -------------------------------------------------------------------    -------------------
    U18                                               0.000     0.000 r  reset_in (IN)
                         net (fo=0)                   0.000     0.000    reset_in
    U18                  IBUF (Prop_ibuf_I_O)         1.441     1.441 r  reset_in_IBUF_inst/O
                         net (fo=57, routed)          2.513     3.955    reset_in_IBUF
    SLICE_X6Y23          FDRE                                         r  uart_div_cnt_reg[0]/R
  -------------------------------------------------------------------    -------------------

                         (clock sys_clk_pin rise edge)
                                                      0.000     0.000 r  
    W5                                                0.000     0.000 r  clock_in (IN)
                         net (fo=0)                   0.000     0.000    clock_in
    W5                   IBUF (Prop_ibuf_I_O)         1.388     1.388 r  clock_in_IBUF_inst/O
                         net (fo=1, routed)           1.862     3.250    clock_in_IBUF
    BUFGCTRL_X0Y1        BUFG (Prop_bufg_I_O)         0.091     3.341 r  clock_in_IBUF_BUFG_inst/O
                         net (fo=39, routed)          1.502     4.843    clock_in_IBUF_BUFG
    SLICE_X6Y23          FDRE                                         r  uart_div_cnt_reg[0]/C

Slack:                    inf
  Source:                 reset_in
                            (input port)
  Destination:            uart_div_cnt_reg[1]/R
                            (rising edge-triggered cell FDRE clocked by sys_clk_pin  {rise@0.000ns fall@5.000ns period=10.000ns})
  Path Group:             (none)
  Path Type:              Setup (Max at Slow Process Corner)
  Data Path Delay:        3.955ns  (logic 1.441ns (36.446%)  route 2.513ns (63.554%))
  Logic Levels:           1  (IBUF=1)
  Clock Path Skew:        4.843ns (DCD - SCD + CPR)
    Destination Clock Delay (DCD):    4.843ns
    Source Clock Delay      (SCD):    0.000ns
    Clock Pessimism Removal (CPR):    0.000ns
  Clock Uncertainty:      0.025ns  ((TSJ^2 + TIJ^2)^1/2 + DJ) / 2 + PE
    Total System Jitter     (TSJ):    0.050ns
    Total Input Jitter      (TIJ):    0.000ns
    Discrete Jitter          (DJ):    0.000ns
    Phase Error              (PE):    0.000ns
  Timing Exception:       False Path

    Location             Delay type                Incr(ns)  Path(ns)    Netlist Resource(s)
  -------------------------------------------------------------------    -------------------
    U18                                               0.000     0.000 r  reset_in (IN)
                         net (fo=0)                   0.000     0.000    reset_in
    U18                  IBUF (Prop_ibuf_I_O)         1.441     1.441 r  reset_in_IBUF_inst/O
                         net (fo=57, routed)          2.513     3.955    reset_in_IBUF
    SLICE_X6Y23          FDRE                                         r  uart_div_cnt_reg[1]/R
  -------------------------------------------------------------------    -------------------

                         (clock sys_clk_pin rise edge)
                                                      0.000     0.000 r  
    W5                                                0.000     0.000 r  clock_in (IN)
                         net (fo=0)                   0.000     0.000    clock_in
    W5                   IBUF (Prop_ibuf_I_O)         1.388     1.388 r  clock_in_IBUF_inst/O
                         net (fo=1, routed)           1.862     3.250    clock_in_IBUF
    BUFGCTRL_X0Y1        BUFG (Prop_bufg_I_O)         0.091     3.341 r  clock_in_IBUF_BUFG_inst/O
                         net (fo=39, routed)          1.502     4.843    clock_in_IBUF_BUFG
    SLICE_X6Y23          FDRE                                         r  uart_div_cnt_reg[1]/C





Min Delay Paths
--------------------------------------------------------------------------------------
Slack:                    inf
  Source:                 reset_in
                            (input port)
  Destination:            FSM_sequential_uart_state_reg[1]/R
                            (rising edge-triggered cell FDRE clocked by sys_clk_pin  {rise@0.000ns fall@5.000ns period=10.000ns})
  Path Group:             (none)
  Path Type:              Hold (Min at Fast Process Corner)
  Data Path Delay:        1.209ns  (logic 0.210ns (17.337%)  route 0.999ns (82.663%))
  Logic Levels:           1  (IBUF=1)
  Clock Path Skew:        1.975ns (DCD - SCD - CPR)
    Destination Clock Delay (DCD):    1.975ns
    Source Clock Delay      (SCD):    0.000ns
    Clock Pessimism Removal (CPR):    -0.000ns
  Timing Exception:       False Path

    Location             Delay type                Incr(ns)  Path(ns)    Netlist Resource(s)
  -------------------------------------------------------------------    -------------------
    U18                                               0.000     0.000 r  reset_in (IN)
                         net (fo=0)                   0.000     0.000    reset_in
    U18                  IBUF (Prop_ibuf_I_O)         0.210     0.210 r  reset_in_IBUF_inst/O
                         net (fo=57, routed)          0.999     1.209    reset_in_IBUF
    SLICE_X5Y25          FDRE                                         r  FSM_sequential_uart_state_reg[1]/R
  -------------------------------------------------------------------    -------------------

                         (clock sys_clk_pin rise edge)
                                                      0.000     0.000 r  
    W5                                                0.000     0.000 r  clock_in (IN)
                         net (fo=0)                   0.000     0.000    clock_in
    W5                   IBUF (Prop_ibuf_I_O)         0.414     0.414 r  clock_in_IBUF_inst/O
                         net (fo=1, routed)           0.685     1.099    clock_in_IBUF
    BUFGCTRL_X0Y1        BUFG (Prop_bufg_I_O)         0.029     1.128 r  clock_in_IBUF_BUFG_inst/O
                         net (fo=39, routed)          0.848     1.975    clock_in_IBUF_BUFG
    SLICE_X5Y25          FDRE                                         r  FSM_sequential_uart_state_reg[1]/C

Slack:                    inf
  Source:                 reset_in
                            (input port)
  Destination:            sample_req_meta_u_reg/R
                            (rising edge-triggered cell FDRE clocked by sys_clk_pin  {rise@0.000ns fall@5.000ns period=10.000ns})
  Path Group:             (none)
  Path Type:              Hold (Min at Fast Process Corner)
  Data Path Delay:        1.209ns  (logic 0.210ns (17.337%)  route 0.999ns (82.663%))
  Logic Levels:           1  (IBUF=1)
  Clock Path Skew:        1.975ns (DCD - SCD - CPR)
    Destination Clock Delay (DCD):    1.975ns
    Source Clock Delay      (SCD):    0.000ns
    Clock Pessimism Removal (CPR):    -0.000ns
  Timing Exception:       False Path

    Location             Delay type                Incr(ns)  Path(ns)    Netlist Resource(s)
  -------------------------------------------------------------------    -------------------
    U18                                               0.000     0.000 r  reset_in (IN)
                         net (fo=0)                   0.000     0.000    reset_in
    U18                  IBUF (Prop_ibuf_I_O)         0.210     0.210 r  reset_in_IBUF_inst/O
                         net (fo=57, routed)          0.999     1.209    reset_in_IBUF
    SLICE_X5Y25          FDRE                                         r  sample_req_meta_u_reg/R
  -------------------------------------------------------------------    -------------------

                         (clock sys_clk_pin rise edge)
                                                      0.000     0.000 r  
    W5                                                0.000     0.000 r  clock_in (IN)
                         net (fo=0)                   0.000     0.000    clock_in
    W5                   IBUF (Prop_ibuf_I_O)         0.414     0.414 r  clock_in_IBUF_inst/O
                         net (fo=1, routed)           0.685     1.099    clock_in_IBUF
    BUFGCTRL_X0Y1        BUFG (Prop_bufg_I_O)         0.029     1.128 r  clock_in_IBUF_BUFG_inst/O
                         net (fo=39, routed)          0.848     1.975    clock_in_IBUF_BUFG
    SLICE_X5Y25          FDRE                                         r  sample_req_meta_u_reg/C

Slack:                    inf
  Source:                 reset_in
                            (input port)
  Destination:            sample_req_sync_u_reg/R
                            (rising edge-triggered cell FDRE clocked by sys_clk_pin  {rise@0.000ns fall@5.000ns period=10.000ns})
  Path Group:             (none)
  Path Type:              Hold (Min at Fast Process Corner)
  Data Path Delay:        1.209ns  (logic 0.210ns (17.337%)  route 0.999ns (82.663%))
  Logic Levels:           1  (IBUF=1)
  Clock Path Skew:        1.975ns (DCD - SCD - CPR)
    Destination Clock Delay (DCD):    1.975ns
    Source Clock Delay      (SCD):    0.000ns
    Clock Pessimism Removal (CPR):    -0.000ns
  Timing Exception:       False Path

    Location             Delay type                Incr(ns)  Path(ns)    Netlist Resource(s)
  -------------------------------------------------------------------    -------------------
    U18                                               0.000     0.000 r  reset_in (IN)
                         net (fo=0)                   0.000     0.000    reset_in
    U18                  IBUF (Prop_ibuf_I_O)         0.210     0.210 r  reset_in_IBUF_inst/O
                         net (fo=57, routed)          0.999     1.209    reset_in_IBUF
    SLICE_X5Y25          FDRE                                         r  sample_req_sync_u_reg/R
  -------------------------------------------------------------------    -------------------

                         (clock sys_clk_pin rise edge)
                                                      0.000     0.000 r  
    W5                                                0.000     0.000 r  clock_in (IN)
                         net (fo=0)                   0.000     0.000    clock_in
    W5                   IBUF (Prop_ibuf_I_O)         0.414     0.414 r  clock_in_IBUF_inst/O
                         net (fo=1, routed)           0.685     1.099    clock_in_IBUF
    BUFGCTRL_X0Y1        BUFG (Prop_bufg_I_O)         0.029     1.128 r  clock_in_IBUF_BUFG_inst/O
                         net (fo=39, routed)          0.848     1.975    clock_in_IBUF_BUFG
    SLICE_X5Y25          FDRE                                         r  sample_req_sync_u_reg/C

Slack:                    inf
  Source:                 reset_in
                            (input port)
  Destination:            tx_byte_sel_reg/R
                            (rising edge-triggered cell FDRE clocked by sys_clk_pin  {rise@0.000ns fall@5.000ns period=10.000ns})
  Path Group:             (none)
  Path Type:              Hold (Min at Fast Process Corner)
  Data Path Delay:        1.209ns  (logic 0.210ns (17.337%)  route 0.999ns (82.663%))
  Logic Levels:           1  (IBUF=1)
  Clock Path Skew:        1.975ns (DCD - SCD - CPR)
    Destination Clock Delay (DCD):    1.975ns
    Source Clock Delay      (SCD):    0.000ns
    Clock Pessimism Removal (CPR):    -0.000ns
  Timing Exception:       False Path

    Location             Delay type                Incr(ns)  Path(ns)    Netlist Resource(s)
  -------------------------------------------------------------------    -------------------
    U18                                               0.000     0.000 r  reset_in (IN)
                         net (fo=0)                   0.000     0.000    reset_in
    U18                  IBUF (Prop_ibuf_I_O)         0.210     0.210 r  reset_in_IBUF_inst/O
                         net (fo=57, routed)          0.999     1.209    reset_in_IBUF
    SLICE_X5Y25          FDRE                                         r  tx_byte_sel_reg/R
  -------------------------------------------------------------------    -------------------

                         (clock sys_clk_pin rise edge)
                                                      0.000     0.000 r  
    W5                                                0.000     0.000 r  clock_in (IN)
                         net (fo=0)                   0.000     0.000    clock_in
    W5                   IBUF (Prop_ibuf_I_O)         0.414     0.414 r  clock_in_IBUF_inst/O
                         net (fo=1, routed)           0.685     1.099    clock_in_IBUF
    BUFGCTRL_X0Y1        BUFG (Prop_bufg_I_O)         0.029     1.128 r  clock_in_IBUF_BUFG_inst/O
                         net (fo=39, routed)          0.848     1.975    clock_in_IBUF_BUFG
    SLICE_X5Y25          FDRE                                         r  tx_byte_sel_reg/C

Slack:                    inf
  Source:                 reset_in
                            (input port)
  Destination:            tx_pending_reg/R
                            (rising edge-triggered cell FDRE clocked by sys_clk_pin  {rise@0.000ns fall@5.000ns period=10.000ns})
  Path Group:             (none)
  Path Type:              Hold (Min at Fast Process Corner)
  Data Path Delay:        1.209ns  (logic 0.210ns (17.337%)  route 0.999ns (82.663%))
  Logic Levels:           1  (IBUF=1)
  Clock Path Skew:        1.975ns (DCD - SCD - CPR)
    Destination Clock Delay (DCD):    1.975ns
    Source Clock Delay      (SCD):    0.000ns
    Clock Pessimism Removal (CPR):    -0.000ns
  Timing Exception:       False Path

    Location             Delay type                Incr(ns)  Path(ns)    Netlist Resource(s)
  -------------------------------------------------------------------    -------------------
    U18                                               0.000     0.000 r  reset_in (IN)
                         net (fo=0)                   0.000     0.000    reset_in
    U18                  IBUF (Prop_ibuf_I_O)         0.210     0.210 r  reset_in_IBUF_inst/O
                         net (fo=57, routed)          0.999     1.209    reset_in_IBUF
    SLICE_X5Y25          FDRE                                         r  tx_pending_reg/R
  -------------------------------------------------------------------    -------------------

                         (clock sys_clk_pin rise edge)
                                                      0.000     0.000 r  
    W5                                                0.000     0.000 r  clock_in (IN)
                         net (fo=0)                   0.000     0.000    clock_in
    W5                   IBUF (Prop_ibuf_I_O)         0.414     0.414 r  clock_in_IBUF_inst/O
                         net (fo=1, routed)           0.685     1.099    clock_in_IBUF
    BUFGCTRL_X0Y1        BUFG (Prop_bufg_I_O)         0.029     1.128 r  clock_in_IBUF_BUFG_inst/O
                         net (fo=39, routed)          0.848     1.975    clock_in_IBUF_BUFG
    SLICE_X5Y25          FDRE                                         r  tx_pending_reg/C

Slack:                    inf
  Source:                 reset_in
                            (input port)
  Destination:            txd_r_reg/S
                            (rising edge-triggered cell FDSE clocked by sys_clk_pin  {rise@0.000ns fall@5.000ns period=10.000ns})
  Path Group:             (none)
  Path Type:              Hold (Min at Fast Process Corner)
  Data Path Delay:        1.209ns  (logic 0.210ns (17.337%)  route 0.999ns (82.663%))
  Logic Levels:           1  (IBUF=1)
  Clock Path Skew:        1.975ns (DCD - SCD - CPR)
    Destination Clock Delay (DCD):    1.975ns
    Source Clock Delay      (SCD):    0.000ns
    Clock Pessimism Removal (CPR):    -0.000ns
  Timing Exception:       False Path

    Location             Delay type                Incr(ns)  Path(ns)    Netlist Resource(s)
  -------------------------------------------------------------------    -------------------
    U18                                               0.000     0.000 r  reset_in (IN)
                         net (fo=0)                   0.000     0.000    reset_in
    U18                  IBUF (Prop_ibuf_I_O)         0.210     0.210 r  reset_in_IBUF_inst/O
                         net (fo=57, routed)          0.999     1.209    reset_in_IBUF
    SLICE_X5Y25          FDSE                                         r  txd_r_reg/S
  -------------------------------------------------------------------    -------------------

                         (clock sys_clk_pin rise edge)
                                                      0.000     0.000 r  
    W5                                                0.000     0.000 r  clock_in (IN)
                         net (fo=0)                   0.000     0.000    clock_in
    W5                   IBUF (Prop_ibuf_I_O)         0.414     0.414 r  clock_in_IBUF_inst/O
                         net (fo=1, routed)           0.685     1.099    clock_in_IBUF
    BUFGCTRL_X0Y1        BUFG (Prop_bufg_I_O)         0.029     1.128 r  clock_in_IBUF_BUFG_inst/O
                         net (fo=39, routed)          0.848     1.975    clock_in_IBUF_BUFG
    SLICE_X5Y25          FDSE                                         r  txd_r_reg/C

Slack:                    inf
  Source:                 reset_in
                            (input port)
  Destination:            FSM_sequential_uart_state_reg[0]/R
                            (rising edge-triggered cell FDRE clocked by sys_clk_pin  {rise@0.000ns fall@5.000ns period=10.000ns})
  Path Group:             (none)
  Path Type:              Hold (Min at Fast Process Corner)
  Data Path Delay:        1.227ns  (logic 0.210ns (17.082%)  route 1.017ns (82.918%))
  Logic Levels:           1  (IBUF=1)
  Clock Path Skew:        1.975ns (DCD - SCD - CPR)
    Destination Clock Delay (DCD):    1.975ns
    Source Clock Delay      (SCD):    0.000ns
    Clock Pessimism Removal (CPR):    -0.000ns
  Timing Exception:       False Path

    Location             Delay type                Incr(ns)  Path(ns)    Netlist Resource(s)
  -------------------------------------------------------------------    -------------------
    U18                                               0.000     0.000 r  reset_in (IN)
                         net (fo=0)                   0.000     0.000    reset_in
    U18                  IBUF (Prop_ibuf_I_O)         0.210     0.210 r  reset_in_IBUF_inst/O
                         net (fo=57, routed)          1.017     1.227    reset_in_IBUF
    SLICE_X7Y25          FDRE                                         r  FSM_sequential_uart_state_reg[0]/R
  -------------------------------------------------------------------    -------------------

                         (clock sys_clk_pin rise edge)
                                                      0.000     0.000 r  
    W5                                                0.000     0.000 r  clock_in (IN)
                         net (fo=0)                   0.000     0.000    clock_in
    W5                   IBUF (Prop_ibuf_I_O)         0.414     0.414 r  clock_in_IBUF_inst/O
                         net (fo=1, routed)           0.685     1.099    clock_in_IBUF
    BUFGCTRL_X0Y1        BUFG (Prop_bufg_I_O)         0.029     1.128 r  clock_in_IBUF_BUFG_inst/O
                         net (fo=39, routed)          0.848     1.975    clock_in_IBUF_BUFG
    SLICE_X7Y25          FDRE                                         r  FSM_sequential_uart_state_reg[0]/C

Slack:                    inf
  Source:                 reset_in
                            (input port)
  Destination:            uart_bit_idx_reg[0]/R
                            (rising edge-triggered cell FDRE clocked by sys_clk_pin  {rise@0.000ns fall@5.000ns period=10.000ns})
  Path Group:             (none)
  Path Type:              Hold (Min at Fast Process Corner)
  Data Path Delay:        1.227ns  (logic 0.210ns (17.082%)  route 1.017ns (82.918%))
  Logic Levels:           1  (IBUF=1)
  Clock Path Skew:        1.975ns (DCD - SCD - CPR)
    Destination Clock Delay (DCD):    1.975ns
    Source Clock Delay      (SCD):    0.000ns
    Clock Pessimism Removal (CPR):    -0.000ns
  Timing Exception:       False Path

    Location             Delay type                Incr(ns)  Path(ns)    Netlist Resource(s)
  -------------------------------------------------------------------    -------------------
    U18                                               0.000     0.000 r  reset_in (IN)
                         net (fo=0)                   0.000     0.000    reset_in
    U18                  IBUF (Prop_ibuf_I_O)         0.210     0.210 r  reset_in_IBUF_inst/O
                         net (fo=57, routed)          1.017     1.227    reset_in_IBUF
    SLICE_X7Y25          FDRE                                         r  uart_bit_idx_reg[0]/R
  -------------------------------------------------------------------    -------------------

                         (clock sys_clk_pin rise edge)
                                                      0.000     0.000 r  
    W5                                                0.000     0.000 r  clock_in (IN)
                         net (fo=0)                   0.000     0.000    clock_in
    W5                   IBUF (Prop_ibuf_I_O)         0.414     0.414 r  clock_in_IBUF_inst/O
                         net (fo=1, routed)           0.685     1.099    clock_in_IBUF
    BUFGCTRL_X0Y1        BUFG (Prop_bufg_I_O)         0.029     1.128 r  clock_in_IBUF_BUFG_inst/O
                         net (fo=39, routed)          0.848     1.975    clock_in_IBUF_BUFG
    SLICE_X7Y25          FDRE                                         r  uart_bit_idx_reg[0]/C

Slack:                    inf
  Source:                 reset_in
                            (input port)
  Destination:            uart_bit_idx_reg[1]/R
                            (rising edge-triggered cell FDRE clocked by sys_clk_pin  {rise@0.000ns fall@5.000ns period=10.000ns})
  Path Group:             (none)
  Path Type:              Hold (Min at Fast Process Corner)
  Data Path Delay:        1.227ns  (logic 0.210ns (17.082%)  route 1.017ns (82.918%))
  Logic Levels:           1  (IBUF=1)
  Clock Path Skew:        1.975ns (DCD - SCD - CPR)
    Destination Clock Delay (DCD):    1.975ns
    Source Clock Delay      (SCD):    0.000ns
    Clock Pessimism Removal (CPR):    -0.000ns
  Timing Exception:       False Path

    Location             Delay type                Incr(ns)  Path(ns)    Netlist Resource(s)
  -------------------------------------------------------------------    -------------------
    U18                                               0.000     0.000 r  reset_in (IN)
                         net (fo=0)                   0.000     0.000    reset_in
    U18                  IBUF (Prop_ibuf_I_O)         0.210     0.210 r  reset_in_IBUF_inst/O
                         net (fo=57, routed)          1.017     1.227    reset_in_IBUF
    SLICE_X7Y25          FDRE                                         r  uart_bit_idx_reg[1]/R
  -------------------------------------------------------------------    -------------------

                         (clock sys_clk_pin rise edge)
                                                      0.000     0.000 r  
    W5                                                0.000     0.000 r  clock_in (IN)
                         net (fo=0)                   0.000     0.000    clock_in
    W5                   IBUF (Prop_ibuf_I_O)         0.414     0.414 r  clock_in_IBUF_inst/O
                         net (fo=1, routed)           0.685     1.099    clock_in_IBUF
    BUFGCTRL_X0Y1        BUFG (Prop_bufg_I_O)         0.029     1.128 r  clock_in_IBUF_BUFG_inst/O
                         net (fo=39, routed)          0.848     1.975    clock_in_IBUF_BUFG
    SLICE_X7Y25          FDRE                                         r  uart_bit_idx_reg[1]/C

Slack:                    inf
  Source:                 reset_in
                            (input port)
  Destination:            uart_bit_idx_reg[2]/R
                            (rising edge-triggered cell FDRE clocked by sys_clk_pin  {rise@0.000ns fall@5.000ns period=10.000ns})
  Path Group:             (none)
  Path Type:              Hold (Min at Fast Process Corner)
  Data Path Delay:        1.227ns  (logic 0.210ns (17.082%)  route 1.017ns (82.918%))
  Logic Levels:           1  (IBUF=1)
  Clock Path Skew:        1.975ns (DCD - SCD - CPR)
    Destination Clock Delay (DCD):    1.975ns
    Source Clock Delay      (SCD):    0.000ns
    Clock Pessimism Removal (CPR):    -0.000ns
  Timing Exception:       False Path

    Location             Delay type                Incr(ns)  Path(ns)    Netlist Resource(s)
  -------------------------------------------------------------------    -------------------
    U18                                               0.000     0.000 r  reset_in (IN)
                         net (fo=0)                   0.000     0.000    reset_in
    U18                  IBUF (Prop_ibuf_I_O)         0.210     0.210 r  reset_in_IBUF_inst/O
                         net (fo=57, routed)          1.017     1.227    reset_in_IBUF
    SLICE_X7Y25          FDRE                                         r  uart_bit_idx_reg[2]/R
  -------------------------------------------------------------------    -------------------

                         (clock sys_clk_pin rise edge)
                                                      0.000     0.000 r  
    W5                                                0.000     0.000 r  clock_in (IN)
                         net (fo=0)                   0.000     0.000    clock_in
    W5                   IBUF (Prop_ibuf_I_O)         0.414     0.414 r  clock_in_IBUF_inst/O
                         net (fo=1, routed)           0.685     1.099    clock_in_IBUF
    BUFGCTRL_X0Y1        BUFG (Prop_bufg_I_O)         0.029     1.128 r  clock_in_IBUF_BUFG_inst/O
                         net (fo=39, routed)          0.848     1.975    clock_in_IBUF_BUFG
    SLICE_X7Y25          FDRE                                         r  uart_bit_idx_reg[2]/C





--------------------------------------------------------------------------------------
Path Group:  (none)
From Clock:  clk_out1_clk_wiz_0
  To Clock:  sys_clk_pin

Max Delay            13 Endpoints
Min Delay            13 Endpoints
--------------------------------------------------------------------------------------


Max Delay Paths
--------------------------------------------------------------------------------------
Slack:                    inf
  Source:                 sample_word_adc_reg[7]/C
                            (rising edge-triggered cell FDRE clocked by clk_out1_clk_wiz_0  {rise@0.000ns fall@13.889ns period=27.778ns})
  Destination:            tx_word_reg[7]/D
                            (rising edge-triggered cell FDRE clocked by sys_clk_pin  {rise@0.000ns fall@5.000ns period=10.000ns})
  Path Group:             (none)
  Path Type:              Setup (Max at Slow Process Corner)
  Data Path Delay:        1.287ns  (logic 0.456ns (35.419%)  route 0.831ns (64.581%))
  Logic Levels:           0  
  Clock Path Skew:        -0.295ns (DCD - SCD + CPR)
    Destination Clock Delay (DCD):    4.841ns
    Source Clock Delay      (SCD):    5.136ns
    Clock Pessimism Removal (CPR):    0.000ns
  Clock Uncertainty:      0.441ns  ((TSJ^2 + DJ^2)^1/2) / 2 + PE
    Total System Jitter     (TSJ):    0.071ns
    Discrete Jitter          (DJ):    0.278ns
    Phase Error              (PE):    0.297ns
  Timing Exception:       False Path

    Location             Delay type                Incr(ns)  Path(ns)    Netlist Resource(s)
  -------------------------------------------------------------------    -------------------
                         (clock clk_out1_clk_wiz_0 rise edge)
                                                      0.000     0.000 r  
    W5                                                0.000     0.000 r  clock_in (IN)
                         net (fo=0)                   0.000     0.000    clock_in
    W5                   IBUF (Prop_ibuf_I_O)         1.458     1.458 r  clock_in_IBUF_inst/O
                         net (fo=1, routed)           1.967     3.425    clock_in_IBUF
    BUFGCTRL_X0Y1        BUFG (Prop_bufg_I_O)         0.096     3.521 r  clock_in_IBUF_BUFG_inst/O
                         net (fo=39, routed)          1.575     5.096    clkwiz/inst/clk_in1
    MMCME2_ADV_X1Y0      MMCME2_ADV (Prop_mmcme2_adv_CLKIN1_CLKOUT0)
                                                     -3.333     1.763 r  clkwiz/inst/mmcm_adv_inst/CLKOUT0
                         net (fo=1, routed)           1.661     3.425    clkwiz/inst/clk_out1_clk_wiz_0
    BUFGCTRL_X0Y0        BUFG (Prop_bufg_I_O)         0.096     3.521 r  clkwiz/inst/clkout1_buf/O
                         net (fo=85, routed)          1.615     5.136    clk_out1
    SLICE_X4Y25          FDRE                                         r  sample_word_adc_reg[7]/C
  -------------------------------------------------------------------    -------------------
    SLICE_X4Y25          FDRE (Prop_fdre_C_Q)         0.456     5.592 r  sample_word_adc_reg[7]/Q
                         net (fo=1, routed)           0.831     6.424    sample_word_adc__0[7]
    SLICE_X5Y24          FDRE                                         r  tx_word_reg[7]/D
  -------------------------------------------------------------------    -------------------

                         (clock sys_clk_pin rise edge)
                                                      0.000     0.000 r  
    W5                                                0.000     0.000 r  clock_in (IN)
                         net (fo=0)                   0.000     0.000    clock_in
    W5                   IBUF (Prop_ibuf_I_O)         1.388     1.388 r  clock_in_IBUF_inst/O
                         net (fo=1, routed)           1.862     3.250    clock_in_IBUF
    BUFGCTRL_X0Y1        BUFG (Prop_bufg_I_O)         0.091     3.341 r  clock_in_IBUF_BUFG_inst/O
                         net (fo=39, routed)          1.500     4.841    clock_in_IBUF_BUFG
    SLICE_X5Y24          FDRE                                         r  tx_word_reg[7]/C

Slack:                    inf
  Source:                 sample_word_adc_reg[8]/C
                            (rising edge-triggered cell FDRE clocked by clk_out1_clk_wiz_0  {rise@0.000ns fall@13.889ns period=27.778ns})
  Destination:            tx_word_reg[8]/D
                            (rising edge-triggered cell FDRE clocked by sys_clk_pin  {rise@0.000ns fall@5.000ns period=10.000ns})
  Path Group:             (none)
  Path Type:              Setup (Max at Slow Process Corner)
  Data Path Delay:        1.232ns  (logic 0.419ns (34.008%)  route 0.813ns (65.992%))
  Logic Levels:           0  
  Clock Path Skew:        -0.297ns (DCD - SCD + CPR)
    Destination Clock Delay (DCD):    4.841ns
    Source Clock Delay      (SCD):    5.138ns
    Clock Pessimism Removal (CPR):    0.000ns
  Clock Uncertainty:      0.441ns  ((TSJ^2 + DJ^2)^1/2) / 2 + PE
    Total System Jitter     (TSJ):    0.071ns
    Discrete Jitter          (DJ):    0.278ns
    Phase Error              (PE):    0.297ns
  Timing Exception:       False Path

    Location             Delay type                Incr(ns)  Path(ns)    Netlist Resource(s)
  -------------------------------------------------------------------    -------------------
                         (clock clk_out1_clk_wiz_0 rise edge)
                                                      0.000     0.000 r  
    W5                                                0.000     0.000 r  clock_in (IN)
                         net (fo=0)                   0.000     0.000    clock_in
    W5                   IBUF (Prop_ibuf_I_O)         1.458     1.458 r  clock_in_IBUF_inst/O
                         net (fo=1, routed)           1.967     3.425    clock_in_IBUF
    BUFGCTRL_X0Y1        BUFG (Prop_bufg_I_O)         0.096     3.521 r  clock_in_IBUF_BUFG_inst/O
                         net (fo=39, routed)          1.575     5.096    clkwiz/inst/clk_in1
    MMCME2_ADV_X1Y0      MMCME2_ADV (Prop_mmcme2_adv_CLKIN1_CLKOUT0)
                                                     -3.333     1.763 r  clkwiz/inst/mmcm_adv_inst/CLKOUT0
                         net (fo=1, routed)           1.661     3.425    clkwiz/inst/clk_out1_clk_wiz_0
    BUFGCTRL_X0Y0        BUFG (Prop_bufg_I_O)         0.096     3.521 r  clkwiz/inst/clkout1_buf/O
                         net (fo=85, routed)          1.617     5.138    clk_out1
    SLICE_X5Y23          FDRE                                         r  sample_word_adc_reg[8]/C
  -------------------------------------------------------------------    -------------------
    SLICE_X5Y23          FDRE (Prop_fdre_C_Q)         0.419     5.557 r  sample_word_adc_reg[8]/Q
                         net (fo=1, routed)           0.813     6.370    sample_word_adc__0[8]
    SLICE_X6Y24          FDRE                                         r  tx_word_reg[8]/D
  -------------------------------------------------------------------    -------------------

                         (clock sys_clk_pin rise edge)
                                                      0.000     0.000 r  
    W5                                                0.000     0.000 r  clock_in (IN)
                         net (fo=0)                   0.000     0.000    clock_in
    W5                   IBUF (Prop_ibuf_I_O)         1.388     1.388 r  clock_in_IBUF_inst/O
                         net (fo=1, routed)           1.862     3.250    clock_in_IBUF
    BUFGCTRL_X0Y1        BUFG (Prop_bufg_I_O)         0.091     3.341 r  clock_in_IBUF_BUFG_inst/O
                         net (fo=39, routed)          1.500     4.841    clock_in_IBUF_BUFG
    SLICE_X6Y24          FDRE                                         r  tx_word_reg[8]/C

Slack:                    inf
  Source:                 sample_word_adc_reg[0]/C
                            (rising edge-triggered cell FDRE clocked by clk_out1_clk_wiz_0  {rise@0.000ns fall@13.889ns period=27.778ns})
  Destination:            tx_word_reg[0]/D
                            (rising edge-triggered cell FDRE clocked by sys_clk_pin  {rise@0.000ns fall@5.000ns period=10.000ns})
  Path Group:             (none)
  Path Type:              Setup (Max at Slow Process Corner)
  Data Path Delay:        1.200ns  (logic 0.456ns (38.003%)  route 0.744ns (61.997%))
  Logic Levels:           0  
  Clock Path Skew:        -0.297ns (DCD - SCD + CPR)
    Destination Clock Delay (DCD):    4.841ns
    Source Clock Delay      (SCD):    5.138ns
    Clock Pessimism Removal (CPR):    0.000ns
  Clock Uncertainty:      0.441ns  ((TSJ^2 + DJ^2)^1/2) / 2 + PE
    Total System Jitter     (TSJ):    0.071ns
    Discrete Jitter          (DJ):    0.278ns
    Phase Error              (PE):    0.297ns
  Timing Exception:       False Path

    Location             Delay type                Incr(ns)  Path(ns)    Netlist Resource(s)
  -------------------------------------------------------------------    -------------------
                         (clock clk_out1_clk_wiz_0 rise edge)
                                                      0.000     0.000 r  
    W5                                                0.000     0.000 r  clock_in (IN)
                         net (fo=0)                   0.000     0.000    clock_in
    W5                   IBUF (Prop_ibuf_I_O)         1.458     1.458 r  clock_in_IBUF_inst/O
                         net (fo=1, routed)           1.967     3.425    clock_in_IBUF
    BUFGCTRL_X0Y1        BUFG (Prop_bufg_I_O)         0.096     3.521 r  clock_in_IBUF_BUFG_inst/O
                         net (fo=39, routed)          1.575     5.096    clkwiz/inst/clk_in1
    MMCME2_ADV_X1Y0      MMCME2_ADV (Prop_mmcme2_adv_CLKIN1_CLKOUT0)
                                                     -3.333     1.763 r  clkwiz/inst/mmcm_adv_inst/CLKOUT0
                         net (fo=1, routed)           1.661     3.425    clkwiz/inst/clk_out1_clk_wiz_0
    BUFGCTRL_X0Y0        BUFG (Prop_bufg_I_O)         0.096     3.521 r  clkwiz/inst/clkout1_buf/O
                         net (fo=85, routed)          1.617     5.138    clk_out1
    SLICE_X5Y23          FDRE                                         r  sample_word_adc_reg[0]/C
  -------------------------------------------------------------------    -------------------
    SLICE_X5Y23          FDRE (Prop_fdre_C_Q)         0.456     5.594 r  sample_word_adc_reg[0]/Q
                         net (fo=1, routed)           0.744     6.338    sample_word_adc__0[0]
    SLICE_X6Y24          FDRE                                         r  tx_word_reg[0]/D
  -------------------------------------------------------------------    -------------------

                         (clock sys_clk_pin rise edge)
                                                      0.000     0.000 r  
    W5                                                0.000     0.000 r  clock_in (IN)
                         net (fo=0)                   0.000     0.000    clock_in
    W5                   IBUF (Prop_ibuf_I_O)         1.388     1.388 r  clock_in_IBUF_inst/O
                         net (fo=1, routed)           1.862     3.250    clock_in_IBUF
    BUFGCTRL_X0Y1        BUFG (Prop_bufg_I_O)         0.091     3.341 r  clock_in_IBUF_BUFG_inst/O
                         net (fo=39, routed)          1.500     4.841    clock_in_IBUF_BUFG
    SLICE_X6Y24          FDRE                                         r  tx_word_reg[0]/C

Slack:                    inf
  Source:                 sample_word_adc_reg[6]/C
                            (rising edge-triggered cell FDRE clocked by clk_out1_clk_wiz_0  {rise@0.000ns fall@13.889ns period=27.778ns})
  Destination:            tx_word_reg[6]/D
                            (rising edge-triggered cell FDRE clocked by sys_clk_pin  {rise@0.000ns fall@5.000ns period=10.000ns})
  Path Group:             (none)
  Path Type:              Setup (Max at Slow Process Corner)
  Data Path Delay:        1.031ns  (logic 0.419ns (40.660%)  route 0.612ns (59.340%))
  Logic Levels:           0  
  Clock Path Skew:        -0.297ns (DCD - SCD + CPR)
    Destination Clock Delay (DCD):    4.841ns
    Source Clock Delay      (SCD):    5.138ns
    Clock Pessimism Removal (CPR):    0.000ns
  Clock Uncertainty:      0.441ns  ((TSJ^2 + DJ^2)^1/2) / 2 + PE
    Total System Jitter     (TSJ):    0.071ns
    Discrete Jitter          (DJ):    0.278ns
    Phase Error              (PE):    0.297ns
  Timing Exception:       False Path

    Location             Delay type                Incr(ns)  Path(ns)    Netlist Resource(s)
  -------------------------------------------------------------------    -------------------
                         (clock clk_out1_clk_wiz_0 rise edge)
                                                      0.000     0.000 r  
    W5                                                0.000     0.000 r  clock_in (IN)
                         net (fo=0)                   0.000     0.000    clock_in
    W5                   IBUF (Prop_ibuf_I_O)         1.458     1.458 r  clock_in_IBUF_inst/O
                         net (fo=1, routed)           1.967     3.425    clock_in_IBUF
    BUFGCTRL_X0Y1        BUFG (Prop_bufg_I_O)         0.096     3.521 r  clock_in_IBUF_BUFG_inst/O
                         net (fo=39, routed)          1.575     5.096    clkwiz/inst/clk_in1
    MMCME2_ADV_X1Y0      MMCME2_ADV (Prop_mmcme2_adv_CLKIN1_CLKOUT0)
                                                     -3.333     1.763 r  clkwiz/inst/mmcm_adv_inst/CLKOUT0
                         net (fo=1, routed)           1.661     3.425    clkwiz/inst/clk_out1_clk_wiz_0
    BUFGCTRL_X0Y0        BUFG (Prop_bufg_I_O)         0.096     3.521 r  clkwiz/inst/clkout1_buf/O
                         net (fo=85, routed)          1.617     5.138    clk_out1
    SLICE_X5Y23          FDRE                                         r  sample_word_adc_reg[6]/C
  -------------------------------------------------------------------    -------------------
    SLICE_X5Y23          FDRE (Prop_fdre_C_Q)         0.419     5.557 r  sample_word_adc_reg[6]/Q
                         net (fo=1, routed)           0.612     6.169    sample_word_adc__0[6]
    SLICE_X6Y24          FDRE                                         r  tx_word_reg[6]/D
  -------------------------------------------------------------------    -------------------

                         (clock sys_clk_pin rise edge)
                                                      0.000     0.000 r  
    W5                                                0.000     0.000 r  clock_in (IN)
                         net (fo=0)                   0.000     0.000    clock_in
    W5                   IBUF (Prop_ibuf_I_O)         1.388     1.388 r  clock_in_IBUF_inst/O
                         net (fo=1, routed)           1.862     3.250    clock_in_IBUF
    BUFGCTRL_X0Y1        BUFG (Prop_bufg_I_O)         0.091     3.341 r  clock_in_IBUF_BUFG_inst/O
                         net (fo=39, routed)          1.500     4.841    clock_in_IBUF_BUFG
    SLICE_X6Y24          FDRE                                         r  tx_word_reg[6]/C

Slack:                    inf
  Source:                 sample_word_adc_reg[4]/C
                            (rising edge-triggered cell FDRE clocked by clk_out1_clk_wiz_0  {rise@0.000ns fall@13.889ns period=27.778ns})
  Destination:            tx_word_reg[4]/D
                            (rising edge-triggered cell FDRE clocked by sys_clk_pin  {rise@0.000ns fall@5.000ns period=10.000ns})
  Path Group:             (none)
  Path Type:              Setup (Max at Slow Process Corner)
  Data Path Delay:        1.005ns  (logic 0.456ns (45.352%)  route 0.549ns (54.648%))
  Logic Levels:           0  
  Clock Path Skew:        -0.295ns (DCD - SCD + CPR)
    Destination Clock Delay (DCD):    4.841ns
    Source Clock Delay      (SCD):    5.136ns
    Clock Pessimism Removal (CPR):    0.000ns
  Clock Uncertainty:      0.441ns  ((TSJ^2 + DJ^2)^1/2) / 2 + PE
    Total System Jitter     (TSJ):    0.071ns
    Discrete Jitter          (DJ):    0.278ns
    Phase Error              (PE):    0.297ns
  Timing Exception:       False Path

    Location             Delay type                Incr(ns)  Path(ns)    Netlist Resource(s)
  -------------------------------------------------------------------    -------------------
                         (clock clk_out1_clk_wiz_0 rise edge)
                                                      0.000     0.000 r  
    W5                                                0.000     0.000 r  clock_in (IN)
                         net (fo=0)                   0.000     0.000    clock_in
    W5                   IBUF (Prop_ibuf_I_O)         1.458     1.458 r  clock_in_IBUF_inst/O
                         net (fo=1, routed)           1.967     3.425    clock_in_IBUF
    BUFGCTRL_X0Y1        BUFG (Prop_bufg_I_O)         0.096     3.521 r  clock_in_IBUF_BUFG_inst/O
                         net (fo=39, routed)          1.575     5.096    clkwiz/inst/clk_in1
    MMCME2_ADV_X1Y0      MMCME2_ADV (Prop_mmcme2_adv_CLKIN1_CLKOUT0)
                                                     -3.333     1.763 r  clkwiz/inst/mmcm_adv_inst/CLKOUT0
                         net (fo=1, routed)           1.661     3.425    clkwiz/inst/clk_out1_clk_wiz_0
    BUFGCTRL_X0Y0        BUFG (Prop_bufg_I_O)         0.096     3.521 r  clkwiz/inst/clkout1_buf/O
                         net (fo=85, routed)          1.615     5.136    clk_out1
    SLICE_X4Y25          FDRE                                         r  sample_word_adc_reg[4]/C
  -------------------------------------------------------------------    -------------------
    SLICE_X4Y25          FDRE (Prop_fdre_C_Q)         0.456     5.592 r  sample_word_adc_reg[4]/Q
                         net (fo=1, routed)           0.549     6.142    sample_word_adc__0[4]
    SLICE_X5Y24          FDRE                                         r  tx_word_reg[4]/D
  -------------------------------------------------------------------    -------------------

                         (clock sys_clk_pin rise edge)
                                                      0.000     0.000 r  
    W5                                                0.000     0.000 r  clock_in (IN)
                         net (fo=0)                   0.000     0.000    clock_in
    W5                   IBUF (Prop_ibuf_I_O)         1.388     1.388 r  clock_in_IBUF_inst/O
                         net (fo=1, routed)           1.862     3.250    clock_in_IBUF
    BUFGCTRL_X0Y1        BUFG (Prop_bufg_I_O)         0.091     3.341 r  clock_in_IBUF_BUFG_inst/O
                         net (fo=39, routed)          1.500     4.841    clock_in_IBUF_BUFG
    SLICE_X5Y24          FDRE                                         r  tx_word_reg[4]/C

Slack:                    inf
  Source:                 sample_word_adc_reg[5]/C
                            (rising edge-triggered cell FDRE clocked by clk_out1_clk_wiz_0  {rise@0.000ns fall@13.889ns period=27.778ns})
  Destination:            tx_word_reg[5]/D
                            (rising edge-triggered cell FDRE clocked by sys_clk_pin  {rise@0.000ns fall@5.000ns period=10.000ns})
  Path Group:             (none)
  Path Type:              Setup (Max at Slow Process Corner)
  Data Path Delay:        0.974ns  (logic 0.456ns (46.812%)  route 0.518ns (53.188%))
  Logic Levels:           0  
  Clock Path Skew:        -0.295ns (DCD - SCD + CPR)
    Destination Clock Delay (DCD):    4.841ns
    Source Clock Delay      (SCD):    5.136ns
    Clock Pessimism Removal (CPR):    0.000ns
  Clock Uncertainty:      0.441ns  ((TSJ^2 + DJ^2)^1/2) / 2 + PE
    Total System Jitter     (TSJ):    0.071ns
    Discrete Jitter          (DJ):    0.278ns
    Phase Error              (PE):    0.297ns
  Timing Exception:       False Path

    Location             Delay type                Incr(ns)  Path(ns)    Netlist Resource(s)
  -------------------------------------------------------------------    -------------------
                         (clock clk_out1_clk_wiz_0 rise edge)
                                                      0.000     0.000 r  
    W5                                                0.000     0.000 r  clock_in (IN)
                         net (fo=0)                   0.000     0.000    clock_in
    W5                   IBUF (Prop_ibuf_I_O)         1.458     1.458 r  clock_in_IBUF_inst/O
                         net (fo=1, routed)           1.967     3.425    clock_in_IBUF
    BUFGCTRL_X0Y1        BUFG (Prop_bufg_I_O)         0.096     3.521 r  clock_in_IBUF_BUFG_inst/O
                         net (fo=39, routed)          1.575     5.096    clkwiz/inst/clk_in1
    MMCME2_ADV_X1Y0      MMCME2_ADV (Prop_mmcme2_adv_CLKIN1_CLKOUT0)
                                                     -3.333     1.763 r  clkwiz/inst/mmcm_adv_inst/CLKOUT0
                         net (fo=1, routed)           1.661     3.425    clkwiz/inst/clk_out1_clk_wiz_0
    BUFGCTRL_X0Y0        BUFG (Prop_bufg_I_O)         0.096     3.521 r  clkwiz/inst/clkout1_buf/O
                         net (fo=85, routed)          1.615     5.136    clk_out1
    SLICE_X4Y25          FDRE                                         r  sample_word_adc_reg[5]/C
  -------------------------------------------------------------------    -------------------
    SLICE_X4Y25          FDRE (Prop_fdre_C_Q)         0.456     5.592 r  sample_word_adc_reg[5]/Q
                         net (fo=1, routed)           0.518     6.110    sample_word_adc__0[5]
    SLICE_X6Y24          FDRE                                         r  tx_word_reg[5]/D
  -------------------------------------------------------------------    -------------------

                         (clock sys_clk_pin rise edge)
                                                      0.000     0.000 r  
    W5                                                0.000     0.000 r  clock_in (IN)
                         net (fo=0)                   0.000     0.000    clock_in
    W5                   IBUF (Prop_ibuf_I_O)         1.388     1.388 r  clock_in_IBUF_inst/O
                         net (fo=1, routed)           1.862     3.250    clock_in_IBUF
    BUFGCTRL_X0Y1        BUFG (Prop_bufg_I_O)         0.091     3.341 r  clock_in_IBUF_BUFG_inst/O
                         net (fo=39, routed)          1.500     4.841    clock_in_IBUF_BUFG
    SLICE_X6Y24          FDRE                                         r  tx_word_reg[5]/C

Slack:                    inf
  Source:                 sample_word_adc_reg[3]/C
                            (rising edge-triggered cell FDRE clocked by clk_out1_clk_wiz_0  {rise@0.000ns fall@13.889ns period=27.778ns})
  Destination:            tx_word_reg[3]/D
                            (rising edge-triggered cell FDRE clocked by sys_clk_pin  {rise@0.000ns fall@5.000ns period=10.000ns})
  Path Group:             (none)
  Path Type:              Setup (Max at Slow Process Corner)
  Data Path Delay:        0.970ns  (logic 0.456ns (46.989%)  route 0.514ns (53.011%))
  Logic Levels:           0  
  Clock Path Skew:        -0.295ns (DCD - SCD + CPR)
    Destination Clock Delay (DCD):    4.841ns
    Source Clock Delay      (SCD):    5.136ns
    Clock Pessimism Removal (CPR):    0.000ns
  Clock Uncertainty:      0.441ns  ((TSJ^2 + DJ^2)^1/2) / 2 + PE
    Total System Jitter     (TSJ):    0.071ns
    Discrete Jitter          (DJ):    0.278ns
    Phase Error              (PE):    0.297ns
  Timing Exception:       False Path

    Location             Delay type                Incr(ns)  Path(ns)    Netlist Resource(s)
  -------------------------------------------------------------------    -------------------
                         (clock clk_out1_clk_wiz_0 rise edge)
                                                      0.000     0.000 r  
    W5                                                0.000     0.000 r  clock_in (IN)
                         net (fo=0)                   0.000     0.000    clock_in
    W5                   IBUF (Prop_ibuf_I_O)         1.458     1.458 r  clock_in_IBUF_inst/O
                         net (fo=1, routed)           1.967     3.425    clock_in_IBUF
    BUFGCTRL_X0Y1        BUFG (Prop_bufg_I_O)         0.096     3.521 r  clock_in_IBUF_BUFG_inst/O
                         net (fo=39, routed)          1.575     5.096    clkwiz/inst/clk_in1
    MMCME2_ADV_X1Y0      MMCME2_ADV (Prop_mmcme2_adv_CLKIN1_CLKOUT0)
                                                     -3.333     1.763 r  clkwiz/inst/mmcm_adv_inst/CLKOUT0
                         net (fo=1, routed)           1.661     3.425    clkwiz/inst/clk_out1_clk_wiz_0
    BUFGCTRL_X0Y0        BUFG (Prop_bufg_I_O)         0.096     3.521 r  clkwiz/inst/clkout1_buf/O
                         net (fo=85, routed)          1.615     5.136    clk_out1
    SLICE_X4Y25          FDRE                                         r  sample_word_adc_reg[3]/C
  -------------------------------------------------------------------    -------------------
    SLICE_X4Y25          FDRE (Prop_fdre_C_Q)         0.456     5.592 r  sample_word_adc_reg[3]/Q
                         net (fo=1, routed)           0.514     6.107    sample_word_adc__0[3]
    SLICE_X6Y24          FDRE                                         r  tx_word_reg[3]/D
  -------------------------------------------------------------------    -------------------

                         (clock sys_clk_pin rise edge)
                                                      0.000     0.000 r  
    W5                                                0.000     0.000 r  clock_in (IN)
                         net (fo=0)                   0.000     0.000    clock_in
    W5                   IBUF (Prop_ibuf_I_O)         1.388     1.388 r  clock_in_IBUF_inst/O
                         net (fo=1, routed)           1.862     3.250    clock_in_IBUF
    BUFGCTRL_X0Y1        BUFG (Prop_bufg_I_O)         0.091     3.341 r  clock_in_IBUF_BUFG_inst/O
                         net (fo=39, routed)          1.500     4.841    clock_in_IBUF_BUFG
    SLICE_X6Y24          FDRE                                         r  tx_word_reg[3]/C

Slack:                    inf
  Source:                 sample_req_adc_reg/C
                            (rising edge-triggered cell FDRE clocked by clk_out1_clk_wiz_0  {rise@0.000ns fall@13.889ns period=27.778ns})
  Destination:            sample_req_meta_u_reg/D
                            (rising edge-triggered cell FDRE clocked by sys_clk_pin  {rise@0.000ns fall@5.000ns period=10.000ns})
  Path Group:             (none)
  Path Type:              Setup (Max at Slow Process Corner)
  Data Path Delay:        0.966ns  (logic 0.456ns (47.198%)  route 0.510ns (52.802%))
  Logic Levels:           0  
  Clock Path Skew:        -0.298ns (DCD - SCD + CPR)
    Destination Clock Delay (DCD):    4.841ns
    Source Clock Delay      (SCD):    5.139ns
    Clock Pessimism Removal (CPR):    0.000ns
  Clock Uncertainty:      0.441ns  ((TSJ^2 + DJ^2)^1/2) / 2 + PE
    Total System Jitter     (TSJ):    0.071ns
    Discrete Jitter          (DJ):    0.278ns
    Phase Error              (PE):    0.297ns
  Timing Exception:       False Path

    Location             Delay type                Incr(ns)  Path(ns)    Netlist Resource(s)
  -------------------------------------------------------------------    -------------------
                         (clock clk_out1_clk_wiz_0 rise edge)
                                                      0.000     0.000 r  
    W5                                                0.000     0.000 r  clock_in (IN)
                         net (fo=0)                   0.000     0.000    clock_in
    W5                   IBUF (Prop_ibuf_I_O)         1.458     1.458 r  clock_in_IBUF_inst/O
                         net (fo=1, routed)           1.967     3.425    clock_in_IBUF
    BUFGCTRL_X0Y1        BUFG (Prop_bufg_I_O)         0.096     3.521 r  clock_in_IBUF_BUFG_inst/O
                         net (fo=39, routed)          1.575     5.096    clkwiz/inst/clk_in1
    MMCME2_ADV_X1Y0      MMCME2_ADV (Prop_mmcme2_adv_CLKIN1_CLKOUT0)
                                                     -3.333     1.763 r  clkwiz/inst/mmcm_adv_inst/CLKOUT0
                         net (fo=1, routed)           1.661     3.425    clkwiz/inst/clk_out1_clk_wiz_0
    BUFGCTRL_X0Y0        BUFG (Prop_bufg_I_O)         0.096     3.521 r  clkwiz/inst/clkout1_buf/O
                         net (fo=85, routed)          1.618     5.139    clk_out1
    SLICE_X0Y25          FDRE                                         r  sample_req_adc_reg/C
  -------------------------------------------------------------------    -------------------
    SLICE_X0Y25          FDRE (Prop_fdre_C_Q)         0.456     5.595 r  sample_req_adc_reg/Q
                         net (fo=3, routed)           0.510     6.105    sample_req_adc__0
    SLICE_X5Y25          FDRE                                         r  sample_req_meta_u_reg/D
  -------------------------------------------------------------------    -------------------

                         (clock sys_clk_pin rise edge)
                                                      0.000     0.000 r  
    W5                                                0.000     0.000 r  clock_in (IN)
                         net (fo=0)                   0.000     0.000    clock_in
    W5                   IBUF (Prop_ibuf_I_O)         1.388     1.388 r  clock_in_IBUF_inst/O
                         net (fo=1, routed)           1.862     3.250    clock_in_IBUF
    BUFGCTRL_X0Y1        BUFG (Prop_bufg_I_O)         0.091     3.341 r  clock_in_IBUF_BUFG_inst/O
                         net (fo=39, routed)          1.500     4.841    clock_in_IBUF_BUFG
    SLICE_X5Y25          FDRE                                         r  sample_req_meta_u_reg/C

Slack:                    inf
  Source:                 sample_word_adc_reg[11]/C
                            (rising edge-triggered cell FDRE clocked by clk_out1_clk_wiz_0  {rise@0.000ns fall@13.889ns period=27.778ns})
  Destination:            tx_word_reg[11]/D
                            (rising edge-triggered cell FDRE clocked by sys_clk_pin  {rise@0.000ns fall@5.000ns period=10.000ns})
  Path Group:             (none)
  Path Type:              Setup (Max at Slow Process Corner)
  Data Path Delay:        0.958ns  (logic 0.456ns (47.623%)  route 0.502ns (52.377%))
  Logic Levels:           0  
  Clock Path Skew:        -0.297ns (DCD - SCD + CPR)
    Destination Clock Delay (DCD):    4.841ns
    Source Clock Delay      (SCD):    5.138ns
    Clock Pessimism Removal (CPR):    0.000ns
  Clock Uncertainty:      0.441ns  ((TSJ^2 + DJ^2)^1/2) / 2 + PE
    Total System Jitter     (TSJ):    0.071ns
    Discrete Jitter          (DJ):    0.278ns
    Phase Error              (PE):    0.297ns
  Timing Exception:       False Path

    Location             Delay type                Incr(ns)  Path(ns)    Netlist Resource(s)
  -------------------------------------------------------------------    -------------------
                         (clock clk_out1_clk_wiz_0 rise edge)
                                                      0.000     0.000 r  
    W5                                                0.000     0.000 r  clock_in (IN)
                         net (fo=0)                   0.000     0.000    clock_in
    W5                   IBUF (Prop_ibuf_I_O)         1.458     1.458 r  clock_in_IBUF_inst/O
                         net (fo=1, routed)           1.967     3.425    clock_in_IBUF
    BUFGCTRL_X0Y1        BUFG (Prop_bufg_I_O)         0.096     3.521 r  clock_in_IBUF_BUFG_inst/O
                         net (fo=39, routed)          1.575     5.096    clkwiz/inst/clk_in1
    MMCME2_ADV_X1Y0      MMCME2_ADV (Prop_mmcme2_adv_CLKIN1_CLKOUT0)
                                                     -3.333     1.763 r  clkwiz/inst/mmcm_adv_inst/CLKOUT0
                         net (fo=1, routed)           1.661     3.425    clkwiz/inst/clk_out1_clk_wiz_0
    BUFGCTRL_X0Y0        BUFG (Prop_bufg_I_O)         0.096     3.521 r  clkwiz/inst/clkout1_buf/O
                         net (fo=85, routed)          1.617     5.138    clk_out1
    SLICE_X5Y23          FDRE                                         r  sample_word_adc_reg[11]/C
  -------------------------------------------------------------------    -------------------
    SLICE_X5Y23          FDRE (Prop_fdre_C_Q)         0.456     5.594 r  sample_word_adc_reg[11]/Q
                         net (fo=1, routed)           0.502     6.096    sample_word_adc__0[11]
    SLICE_X5Y24          FDRE                                         r  tx_word_reg[11]/D
  -------------------------------------------------------------------    -------------------

                         (clock sys_clk_pin rise edge)
                                                      0.000     0.000 r  
    W5                                                0.000     0.000 r  clock_in (IN)
                         net (fo=0)                   0.000     0.000    clock_in
    W5                   IBUF (Prop_ibuf_I_O)         1.388     1.388 r  clock_in_IBUF_inst/O
                         net (fo=1, routed)           1.862     3.250    clock_in_IBUF
    BUFGCTRL_X0Y1        BUFG (Prop_bufg_I_O)         0.091     3.341 r  clock_in_IBUF_BUFG_inst/O
                         net (fo=39, routed)          1.500     4.841    clock_in_IBUF_BUFG
    SLICE_X5Y24          FDRE                                         r  tx_word_reg[11]/C

Slack:                    inf
  Source:                 sample_word_adc_reg[2]/C
                            (rising edge-triggered cell FDRE clocked by clk_out1_clk_wiz_0  {rise@0.000ns fall@13.889ns period=27.778ns})
  Destination:            tx_word_reg[2]/D
                            (rising edge-triggered cell FDRE clocked by sys_clk_pin  {rise@0.000ns fall@5.000ns period=10.000ns})
  Path Group:             (none)
  Path Type:              Setup (Max at Slow Process Corner)
  Data Path Delay:        0.950ns  (logic 0.419ns (44.106%)  route 0.531ns (55.894%))
  Logic Levels:           0  
  Clock Path Skew:        -0.297ns (DCD - SCD + CPR)
    Destination Clock Delay (DCD):    4.841ns
    Source Clock Delay      (SCD):    5.138ns
    Clock Pessimism Removal (CPR):    0.000ns
  Clock Uncertainty:      0.441ns  ((TSJ^2 + DJ^2)^1/2) / 2 + PE
    Total System Jitter     (TSJ):    0.071ns
    Discrete Jitter          (DJ):    0.278ns
    Phase Error              (PE):    0.297ns
  Timing Exception:       False Path

    Location             Delay type                Incr(ns)  Path(ns)    Netlist Resource(s)
  -------------------------------------------------------------------    -------------------
                         (clock clk_out1_clk_wiz_0 rise edge)
                                                      0.000     0.000 r  
    W5                                                0.000     0.000 r  clock_in (IN)
                         net (fo=0)                   0.000     0.000    clock_in
    W5                   IBUF (Prop_ibuf_I_O)         1.458     1.458 r  clock_in_IBUF_inst/O
                         net (fo=1, routed)           1.967     3.425    clock_in_IBUF
    BUFGCTRL_X0Y1        BUFG (Prop_bufg_I_O)         0.096     3.521 r  clock_in_IBUF_BUFG_inst/O
                         net (fo=39, routed)          1.575     5.096    clkwiz/inst/clk_in1
    MMCME2_ADV_X1Y0      MMCME2_ADV (Prop_mmcme2_adv_CLKIN1_CLKOUT0)
                                                     -3.333     1.763 r  clkwiz/inst/mmcm_adv_inst/CLKOUT0
                         net (fo=1, routed)           1.661     3.425    clkwiz/inst/clk_out1_clk_wiz_0
    BUFGCTRL_X0Y0        BUFG (Prop_bufg_I_O)         0.096     3.521 r  clkwiz/inst/clkout1_buf/O
                         net (fo=85, routed)          1.617     5.138    clk_out1
    SLICE_X5Y23          FDRE                                         r  sample_word_adc_reg[2]/C
  -------------------------------------------------------------------    -------------------
    SLICE_X5Y23          FDRE (Prop_fdre_C_Q)         0.419     5.557 r  sample_word_adc_reg[2]/Q
                         net (fo=1, routed)           0.531     6.088    sample_word_adc__0[2]
    SLICE_X5Y24          FDRE                                         r  tx_word_reg[2]/D
  -------------------------------------------------------------------    -------------------

                         (clock sys_clk_pin rise edge)
                                                      0.000     0.000 r  
    W5                                                0.000     0.000 r  clock_in (IN)
                         net (fo=0)                   0.000     0.000    clock_in
    W5                   IBUF (Prop_ibuf_I_O)         1.388     1.388 r  clock_in_IBUF_inst/O
                         net (fo=1, routed)           1.862     3.250    clock_in_IBUF
    BUFGCTRL_X0Y1        BUFG (Prop_bufg_I_O)         0.091     3.341 r  clock_in_IBUF_BUFG_inst/O
                         net (fo=39, routed)          1.500     4.841    clock_in_IBUF_BUFG
    SLICE_X5Y24          FDRE                                         r  tx_word_reg[2]/C





Min Delay Paths
--------------------------------------------------------------------------------------
Slack:                    inf
  Source:                 sample_word_adc_reg[10]/C
                            (rising edge-triggered cell FDRE clocked by clk_out1_clk_wiz_0  {rise@0.000ns fall@13.889ns period=27.778ns})
  Destination:            tx_word_reg[10]/D
                            (rising edge-triggered cell FDRE clocked by sys_clk_pin  {rise@0.000ns fall@5.000ns period=10.000ns})
  Path Group:             (none)
  Path Type:              Hold (Min at Fast Process Corner)
  Data Path Delay:        0.300ns  (logic 0.141ns (46.992%)  route 0.159ns (53.008%))
  Logic Levels:           0  
  Clock Path Skew:        0.511ns (DCD - SCD - CPR)
    Destination Clock Delay (DCD):    1.975ns
    Source Clock Delay      (SCD):    1.464ns
    Clock Pessimism Removal (CPR):    -0.000ns
  Clock Uncertainty:      0.441ns  ((TSJ^2 + DJ^2)^1/2) / 2 + PE
    Total System Jitter     (TSJ):    0.071ns
    Discrete Jitter          (DJ):    0.278ns
    Phase Error              (PE):    0.297ns
  Timing Exception:       False Path

    Location             Delay type                Incr(ns)  Path(ns)    Netlist Resource(s)
  -------------------------------------------------------------------    -------------------
                         (clock clk_out1_clk_wiz_0 rise edge)
                                                      0.000     0.000 r  
    W5                                                0.000     0.000 r  clock_in (IN)
                         net (fo=0)                   0.000     0.000    clock_in
    W5                   IBUF (Prop_ibuf_I_O)         0.226     0.226 r  clock_in_IBUF_inst/O
                         net (fo=1, routed)           0.631     0.858    clock_in_IBUF
    BUFGCTRL_X0Y1        BUFG (Prop_bufg_I_O)         0.026     0.884 r  clock_in_IBUF_BUFG_inst/O
                         net (fo=39, routed)          0.549     1.432    clkwiz/inst/clk_in1
    MMCME2_ADV_X1Y0      MMCME2_ADV (Prop_mmcme2_adv_CLKIN1_CLKOUT0)
                                                     -1.061     0.372 r  clkwiz/inst/mmcm_adv_inst/CLKOUT0
                         net (fo=1, routed)           0.486     0.858    clkwiz/inst/clk_out1_clk_wiz_0
    BUFGCTRL_X0Y0        BUFG (Prop_bufg_I_O)         0.026     0.884 r  clkwiz/inst/clkout1_buf/O
                         net (fo=85, routed)          0.581     1.464    clk_out1
    SLICE_X5Y23          FDRE                                         r  sample_word_adc_reg[10]/C
  -------------------------------------------------------------------    -------------------
    SLICE_X5Y23          FDRE (Prop_fdre_C_Q)         0.141     1.605 r  sample_word_adc_reg[10]/Q
                         net (fo=1, routed)           0.159     1.764    sample_word_adc__0[10]
    SLICE_X5Y24          FDRE                                         r  tx_word_reg[10]/D
  -------------------------------------------------------------------    -------------------

                         (clock sys_clk_pin rise edge)
                                                      0.000     0.000 r  
    W5                                                0.000     0.000 r  clock_in (IN)
                         net (fo=0)                   0.000     0.000    clock_in
    W5                   IBUF (Prop_ibuf_I_O)         0.414     0.414 r  clock_in_IBUF_inst/O
                         net (fo=1, routed)           0.685     1.099    clock_in_IBUF
    BUFGCTRL_X0Y1        BUFG (Prop_bufg_I_O)         0.029     1.128 r  clock_in_IBUF_BUFG_inst/O
                         net (fo=39, routed)          0.848     1.975    clock_in_IBUF_BUFG
    SLICE_X5Y24          FDRE                                         r  tx_word_reg[10]/C

Slack:                    inf
  Source:                 sample_word_adc_reg[1]/C
                            (rising edge-triggered cell FDRE clocked by clk_out1_clk_wiz_0  {rise@0.000ns fall@13.889ns period=27.778ns})
  Destination:            tx_word_reg[1]/D
                            (rising edge-triggered cell FDRE clocked by sys_clk_pin  {rise@0.000ns fall@5.000ns period=10.000ns})
  Path Group:             (none)
  Path Type:              Hold (Min at Fast Process Corner)
  Data Path Delay:        0.306ns  (logic 0.141ns (46.005%)  route 0.165ns (53.995%))
  Logic Levels:           0  
  Clock Path Skew:        0.511ns (DCD - SCD - CPR)
    Destination Clock Delay (DCD):    1.975ns
    Source Clock Delay      (SCD):    1.464ns
    Clock Pessimism Removal (CPR):    -0.000ns
  Clock Uncertainty:      0.441ns  ((TSJ^2 + DJ^2)^1/2) / 2 + PE
    Total System Jitter     (TSJ):    0.071ns
    Discrete Jitter          (DJ):    0.278ns
    Phase Error              (PE):    0.297ns
  Timing Exception:       False Path

    Location             Delay type                Incr(ns)  Path(ns)    Netlist Resource(s)
  -------------------------------------------------------------------    -------------------
                         (clock clk_out1_clk_wiz_0 rise edge)
                                                      0.000     0.000 r  
    W5                                                0.000     0.000 r  clock_in (IN)
                         net (fo=0)                   0.000     0.000    clock_in
    W5                   IBUF (Prop_ibuf_I_O)         0.226     0.226 r  clock_in_IBUF_inst/O
                         net (fo=1, routed)           0.631     0.858    clock_in_IBUF
    BUFGCTRL_X0Y1        BUFG (Prop_bufg_I_O)         0.026     0.884 r  clock_in_IBUF_BUFG_inst/O
                         net (fo=39, routed)          0.549     1.432    clkwiz/inst/clk_in1
    MMCME2_ADV_X1Y0      MMCME2_ADV (Prop_mmcme2_adv_CLKIN1_CLKOUT0)
                                                     -1.061     0.372 r  clkwiz/inst/mmcm_adv_inst/CLKOUT0
                         net (fo=1, routed)           0.486     0.858    clkwiz/inst/clk_out1_clk_wiz_0
    BUFGCTRL_X0Y0        BUFG (Prop_bufg_I_O)         0.026     0.884 r  clkwiz/inst/clkout1_buf/O
                         net (fo=85, routed)          0.581     1.464    clk_out1
    SLICE_X5Y23          FDRE                                         r  sample_word_adc_reg[1]/C
  -------------------------------------------------------------------    -------------------
    SLICE_X5Y23          FDRE (Prop_fdre_C_Q)         0.141     1.605 r  sample_word_adc_reg[1]/Q
                         net (fo=1, routed)           0.165     1.771    sample_word_adc__0[1]
    SLICE_X5Y24          FDRE                                         r  tx_word_reg[1]/D
  -------------------------------------------------------------------    -------------------

                         (clock sys_clk_pin rise edge)
                                                      0.000     0.000 r  
    W5                                                0.000     0.000 r  clock_in (IN)
                         net (fo=0)                   0.000     0.000    clock_in
    W5                   IBUF (Prop_ibuf_I_O)         0.414     0.414 r  clock_in_IBUF_inst/O
                         net (fo=1, routed)           0.685     1.099    clock_in_IBUF
    BUFGCTRL_X0Y1        BUFG (Prop_bufg_I_O)         0.029     1.128 r  clock_in_IBUF_BUFG_inst/O
                         net (fo=39, routed)          0.848     1.975    clock_in_IBUF_BUFG
    SLICE_X5Y24          FDRE                                         r  tx_word_reg[1]/C

Slack:                    inf
  Source:                 sample_word_adc_reg[9]/C
                            (rising edge-triggered cell FDRE clocked by clk_out1_clk_wiz_0  {rise@0.000ns fall@13.889ns period=27.778ns})
  Destination:            tx_word_reg[9]/D
                            (rising edge-triggered cell FDRE clocked by sys_clk_pin  {rise@0.000ns fall@5.000ns period=10.000ns})
  Path Group:             (none)
  Path Type:              Hold (Min at Fast Process Corner)
  Data Path Delay:        0.310ns  (logic 0.128ns (41.253%)  route 0.182ns (58.747%))
  Logic Levels:           0  
  Clock Path Skew:        0.512ns (DCD - SCD - CPR)
    Destination Clock Delay (DCD):    1.975ns
    Source Clock Delay      (SCD):    1.463ns
    Clock Pessimism Removal (CPR):    -0.000ns
  Clock Uncertainty:      0.441ns  ((TSJ^2 + DJ^2)^1/2) / 2 + PE
    Total System Jitter     (TSJ):    0.071ns
    Discrete Jitter          (DJ):    0.278ns
    Phase Error              (PE):    0.297ns
  Timing Exception:       False Path

    Location             Delay type                Incr(ns)  Path(ns)    Netlist Resource(s)
  -------------------------------------------------------------------    -------------------
                         (clock clk_out1_clk_wiz_0 rise edge)
                                                      0.000     0.000 r  
    W5                                                0.000     0.000 r  clock_in (IN)
                         net (fo=0)                   0.000     0.000    clock_in
    W5                   IBUF (Prop_ibuf_I_O)         0.226     0.226 r  clock_in_IBUF_inst/O
                         net (fo=1, routed)           0.631     0.858    clock_in_IBUF
    BUFGCTRL_X0Y1        BUFG (Prop_bufg_I_O)         0.026     0.884 r  clock_in_IBUF_BUFG_inst/O
                         net (fo=39, routed)          0.549     1.432    clkwiz/inst/clk_in1
    MMCME2_ADV_X1Y0      MMCME2_ADV (Prop_mmcme2_adv_CLKIN1_CLKOUT0)
                                                     -1.061     0.372 r  clkwiz/inst/mmcm_adv_inst/CLKOUT0
                         net (fo=1, routed)           0.486     0.858    clkwiz/inst/clk_out1_clk_wiz_0
    BUFGCTRL_X0Y0        BUFG (Prop_bufg_I_O)         0.026     0.884 r  clkwiz/inst/clkout1_buf/O
                         net (fo=85, routed)          0.580     1.463    clk_out1
    SLICE_X4Y25          FDRE                                         r  sample_word_adc_reg[9]/C
  -------------------------------------------------------------------    -------------------
    SLICE_X4Y25          FDRE (Prop_fdre_C_Q)         0.128     1.591 r  sample_word_adc_reg[9]/Q
                         net (fo=1, routed)           0.182     1.773    sample_word_adc__0[9]
    SLICE_X5Y24          FDRE                                         r  tx_word_reg[9]/D
  -------------------------------------------------------------------    -------------------

                         (clock sys_clk_pin rise edge)
                                                      0.000     0.000 r  
    W5                                                0.000     0.000 r  clock_in (IN)
                         net (fo=0)                   0.000     0.000    clock_in
    W5                   IBUF (Prop_ibuf_I_O)         0.414     0.414 r  clock_in_IBUF_inst/O
                         net (fo=1, routed)           0.685     1.099    clock_in_IBUF
    BUFGCTRL_X0Y1        BUFG (Prop_bufg_I_O)         0.029     1.128 r  clock_in_IBUF_BUFG_inst/O
                         net (fo=39, routed)          0.848     1.975    clock_in_IBUF_BUFG
    SLICE_X5Y24          FDRE                                         r  tx_word_reg[9]/C

Slack:                    inf
  Source:                 sample_word_adc_reg[3]/C
                            (rising edge-triggered cell FDRE clocked by clk_out1_clk_wiz_0  {rise@0.000ns fall@13.889ns period=27.778ns})
  Destination:            tx_word_reg[3]/D
                            (rising edge-triggered cell FDRE clocked by sys_clk_pin  {rise@0.000ns fall@5.000ns period=10.000ns})
  Path Group:             (none)
  Path Type:              Hold (Min at Fast Process Corner)
  Data Path Delay:        0.331ns  (logic 0.141ns (42.542%)  route 0.190ns (57.458%))
  Logic Levels:           0  
  Clock Path Skew:        0.512ns (DCD - SCD - CPR)
    Destination Clock Delay (DCD):    1.975ns
    Source Clock Delay      (SCD):    1.463ns
    Clock Pessimism Removal (CPR):    -0.000ns
  Clock Uncertainty:      0.441ns  ((TSJ^2 + DJ^2)^1/2) / 2 + PE
    Total System Jitter     (TSJ):    0.071ns
    Discrete Jitter          (DJ):    0.278ns
    Phase Error              (PE):    0.297ns
  Timing Exception:       False Path

    Location             Delay type                Incr(ns)  Path(ns)    Netlist Resource(s)
  -------------------------------------------------------------------    -------------------
                         (clock clk_out1_clk_wiz_0 rise edge)
                                                      0.000     0.000 r  
    W5                                                0.000     0.000 r  clock_in (IN)
                         net (fo=0)                   0.000     0.000    clock_in
    W5                   IBUF (Prop_ibuf_I_O)         0.226     0.226 r  clock_in_IBUF_inst/O
                         net (fo=1, routed)           0.631     0.858    clock_in_IBUF
    BUFGCTRL_X0Y1        BUFG (Prop_bufg_I_O)         0.026     0.884 r  clock_in_IBUF_BUFG_inst/O
                         net (fo=39, routed)          0.549     1.432    clkwiz/inst/clk_in1
    MMCME2_ADV_X1Y0      MMCME2_ADV (Prop_mmcme2_adv_CLKIN1_CLKOUT0)
                                                     -1.061     0.372 r  clkwiz/inst/mmcm_adv_inst/CLKOUT0
                         net (fo=1, routed)           0.486     0.858    clkwiz/inst/clk_out1_clk_wiz_0
    BUFGCTRL_X0Y0        BUFG (Prop_bufg_I_O)         0.026     0.884 r  clkwiz/inst/clkout1_buf/O
                         net (fo=85, routed)          0.580     1.463    clk_out1
    SLICE_X4Y25          FDRE                                         r  sample_word_adc_reg[3]/C
  -------------------------------------------------------------------    -------------------
    SLICE_X4Y25          FDRE (Prop_fdre_C_Q)         0.141     1.604 r  sample_word_adc_reg[3]/Q
                         net (fo=1, routed)           0.190     1.795    sample_word_adc__0[3]
    SLICE_X6Y24          FDRE                                         r  tx_word_reg[3]/D
  -------------------------------------------------------------------    -------------------

                         (clock sys_clk_pin rise edge)
                                                      0.000     0.000 r  
    W5                                                0.000     0.000 r  clock_in (IN)
                         net (fo=0)                   0.000     0.000    clock_in
    W5                   IBUF (Prop_ibuf_I_O)         0.414     0.414 r  clock_in_IBUF_inst/O
                         net (fo=1, routed)           0.685     1.099    clock_in_IBUF
    BUFGCTRL_X0Y1        BUFG (Prop_bufg_I_O)         0.029     1.128 r  clock_in_IBUF_BUFG_inst/O
                         net (fo=39, routed)          0.848     1.975    clock_in_IBUF_BUFG
    SLICE_X6Y24          FDRE                                         r  tx_word_reg[3]/C

Slack:                    inf
  Source:                 sample_req_adc_reg/C
                            (rising edge-triggered cell FDRE clocked by clk_out1_clk_wiz_0  {rise@0.000ns fall@13.889ns period=27.778ns})
  Destination:            sample_req_meta_u_reg/D
                            (rising edge-triggered cell FDRE clocked by sys_clk_pin  {rise@0.000ns fall@5.000ns period=10.000ns})
  Path Group:             (none)
  Path Type:              Hold (Min at Fast Process Corner)
  Data Path Delay:        0.337ns  (logic 0.141ns (41.823%)  route 0.196ns (58.177%))
  Logic Levels:           0  
  Clock Path Skew:        0.510ns (DCD - SCD - CPR)
    Destination Clock Delay (DCD):    1.975ns
    Source Clock Delay      (SCD):    1.465ns
    Clock Pessimism Removal (CPR):    -0.000ns
  Clock Uncertainty:      0.441ns  ((TSJ^2 + DJ^2)^1/2) / 2 + PE
    Total System Jitter     (TSJ):    0.071ns
    Discrete Jitter          (DJ):    0.278ns
    Phase Error              (PE):    0.297ns
  Timing Exception:       False Path

    Location             Delay type                Incr(ns)  Path(ns)    Netlist Resource(s)
  -------------------------------------------------------------------    -------------------
                         (clock clk_out1_clk_wiz_0 rise edge)
                                                      0.000     0.000 r  
    W5                                                0.000     0.000 r  clock_in (IN)
                         net (fo=0)                   0.000     0.000    clock_in
    W5                   IBUF (Prop_ibuf_I_O)         0.226     0.226 r  clock_in_IBUF_inst/O
                         net (fo=1, routed)           0.631     0.858    clock_in_IBUF
    BUFGCTRL_X0Y1        BUFG (Prop_bufg_I_O)         0.026     0.884 r  clock_in_IBUF_BUFG_inst/O
                         net (fo=39, routed)          0.549     1.432    clkwiz/inst/clk_in1
    MMCME2_ADV_X1Y0      MMCME2_ADV (Prop_mmcme2_adv_CLKIN1_CLKOUT0)
                                                     -1.061     0.372 r  clkwiz/inst/mmcm_adv_inst/CLKOUT0
                         net (fo=1, routed)           0.486     0.858    clkwiz/inst/clk_out1_clk_wiz_0
    BUFGCTRL_X0Y0        BUFG (Prop_bufg_I_O)         0.026     0.884 r  clkwiz/inst/clkout1_buf/O
                         net (fo=85, routed)          0.582     1.465    clk_out1
    SLICE_X0Y25          FDRE                                         r  sample_req_adc_reg/C
  -------------------------------------------------------------------    -------------------
    SLICE_X0Y25          FDRE (Prop_fdre_C_Q)         0.141     1.606 r  sample_req_adc_reg/Q
                         net (fo=3, routed)           0.196     1.802    sample_req_adc__0
    SLICE_X5Y25          FDRE                                         r  sample_req_meta_u_reg/D
  -------------------------------------------------------------------    -------------------

                         (clock sys_clk_pin rise edge)
                                                      0.000     0.000 r  
    W5                                                0.000     0.000 r  clock_in (IN)
                         net (fo=0)                   0.000     0.000    clock_in
    W5                   IBUF (Prop_ibuf_I_O)         0.414     0.414 r  clock_in_IBUF_inst/O
                         net (fo=1, routed)           0.685     1.099    clock_in_IBUF
    BUFGCTRL_X0Y1        BUFG (Prop_bufg_I_O)         0.029     1.128 r  clock_in_IBUF_BUFG_inst/O
                         net (fo=39, routed)          0.848     1.975    clock_in_IBUF_BUFG
    SLICE_X5Y25          FDRE                                         r  sample_req_meta_u_reg/C

Slack:                    inf
  Source:                 sample_word_adc_reg[4]/C
                            (rising edge-triggered cell FDRE clocked by clk_out1_clk_wiz_0  {rise@0.000ns fall@13.889ns period=27.778ns})
  Destination:            tx_word_reg[4]/D
                            (rising edge-triggered cell FDRE clocked by sys_clk_pin  {rise@0.000ns fall@5.000ns period=10.000ns})
  Path Group:             (none)
  Path Type:              Hold (Min at Fast Process Corner)
  Data Path Delay:        0.340ns  (logic 0.141ns (41.413%)  route 0.199ns (58.587%))
  Logic Levels:           0  
  Clock Path Skew:        0.512ns (DCD - SCD - CPR)
    Destination Clock Delay (DCD):    1.975ns
    Source Clock Delay      (SCD):    1.463ns
    Clock Pessimism Removal (CPR):    -0.000ns
  Clock Uncertainty:      0.441ns  ((TSJ^2 + DJ^2)^1/2) / 2 + PE
    Total System Jitter     (TSJ):    0.071ns
    Discrete Jitter          (DJ):    0.278ns
    Phase Error              (PE):    0.297ns
  Timing Exception:       False Path

    Location             Delay type                Incr(ns)  Path(ns)    Netlist Resource(s)
  -------------------------------------------------------------------    -------------------
                         (clock clk_out1_clk_wiz_0 rise edge)
                                                      0.000     0.000 r  
    W5                                                0.000     0.000 r  clock_in (IN)
                         net (fo=0)                   0.000     0.000    clock_in
    W5                   IBUF (Prop_ibuf_I_O)         0.226     0.226 r  clock_in_IBUF_inst/O
                         net (fo=1, routed)           0.631     0.858    clock_in_IBUF
    BUFGCTRL_X0Y1        BUFG (Prop_bufg_I_O)         0.026     0.884 r  clock_in_IBUF_BUFG_inst/O
                         net (fo=39, routed)          0.549     1.432    clkwiz/inst/clk_in1
    MMCME2_ADV_X1Y0      MMCME2_ADV (Prop_mmcme2_adv_CLKIN1_CLKOUT0)
                                                     -1.061     0.372 r  clkwiz/inst/mmcm_adv_inst/CLKOUT0
                         net (fo=1, routed)           0.486     0.858    clkwiz/inst/clk_out1_clk_wiz_0
    BUFGCTRL_X0Y0        BUFG (Prop_bufg_I_O)         0.026     0.884 r  clkwiz/inst/clkout1_buf/O
                         net (fo=85, routed)          0.580     1.463    clk_out1
    SLICE_X4Y25          FDRE                                         r  sample_word_adc_reg[4]/C
  -------------------------------------------------------------------    -------------------
    SLICE_X4Y25          FDRE (Prop_fdre_C_Q)         0.141     1.604 r  sample_word_adc_reg[4]/Q
                         net (fo=1, routed)           0.199     1.804    sample_word_adc__0[4]
    SLICE_X5Y24          FDRE                                         r  tx_word_reg[4]/D
  -------------------------------------------------------------------    -------------------

                         (clock sys_clk_pin rise edge)
                                                      0.000     0.000 r  
    W5                                                0.000     0.000 r  clock_in (IN)
                         net (fo=0)                   0.000     0.000    clock_in
    W5                   IBUF (Prop_ibuf_I_O)         0.414     0.414 r  clock_in_IBUF_inst/O
                         net (fo=1, routed)           0.685     1.099    clock_in_IBUF
    BUFGCTRL_X0Y1        BUFG (Prop_bufg_I_O)         0.029     1.128 r  clock_in_IBUF_BUFG_inst/O
                         net (fo=39, routed)          0.848     1.975    clock_in_IBUF_BUFG
    SLICE_X5Y24          FDRE                                         r  tx_word_reg[4]/C

Slack:                    inf
  Source:                 sample_word_adc_reg[6]/C
                            (rising edge-triggered cell FDRE clocked by clk_out1_clk_wiz_0  {rise@0.000ns fall@13.889ns period=27.778ns})
  Destination:            tx_word_reg[6]/D
                            (rising edge-triggered cell FDRE clocked by sys_clk_pin  {rise@0.000ns fall@5.000ns period=10.000ns})
  Path Group:             (none)
  Path Type:              Hold (Min at Fast Process Corner)
  Data Path Delay:        0.346ns  (logic 0.128ns (37.047%)  route 0.218ns (62.953%))
  Logic Levels:           0  
  Clock Path Skew:        0.511ns (DCD - SCD - CPR)
    Destination Clock Delay (DCD):    1.975ns
    Source Clock Delay      (SCD):    1.464ns
    Clock Pessimism Removal (CPR):    -0.000ns
  Clock Uncertainty:      0.441ns  ((TSJ^2 + DJ^2)^1/2) / 2 + PE
    Total System Jitter     (TSJ):    0.071ns
    Discrete Jitter          (DJ):    0.278ns
    Phase Error              (PE):    0.297ns
  Timing Exception:       False Path

    Location             Delay type                Incr(ns)  Path(ns)    Netlist Resource(s)
  -------------------------------------------------------------------    -------------------
                         (clock clk_out1_clk_wiz_0 rise edge)
                                                      0.000     0.000 r  
    W5                                                0.000     0.000 r  clock_in (IN)
                         net (fo=0)                   0.000     0.000    clock_in
    W5                   IBUF (Prop_ibuf_I_O)         0.226     0.226 r  clock_in_IBUF_inst/O
                         net (fo=1, routed)           0.631     0.858    clock_in_IBUF
    BUFGCTRL_X0Y1        BUFG (Prop_bufg_I_O)         0.026     0.884 r  clock_in_IBUF_BUFG_inst/O
                         net (fo=39, routed)          0.549     1.432    clkwiz/inst/clk_in1
    MMCME2_ADV_X1Y0      MMCME2_ADV (Prop_mmcme2_adv_CLKIN1_CLKOUT0)
                                                     -1.061     0.372 r  clkwiz/inst/mmcm_adv_inst/CLKOUT0
                         net (fo=1, routed)           0.486     0.858    clkwiz/inst/clk_out1_clk_wiz_0
    BUFGCTRL_X0Y0        BUFG (Prop_bufg_I_O)         0.026     0.884 r  clkwiz/inst/clkout1_buf/O
                         net (fo=85, routed)          0.581     1.464    clk_out1
    SLICE_X5Y23          FDRE                                         r  sample_word_adc_reg[6]/C
  -------------------------------------------------------------------    -------------------
    SLICE_X5Y23          FDRE (Prop_fdre_C_Q)         0.128     1.592 r  sample_word_adc_reg[6]/Q
                         net (fo=1, routed)           0.218     1.810    sample_word_adc__0[6]
    SLICE_X6Y24          FDRE                                         r  tx_word_reg[6]/D
  -------------------------------------------------------------------    -------------------

                         (clock sys_clk_pin rise edge)
                                                      0.000     0.000 r  
    W5                                                0.000     0.000 r  clock_in (IN)
                         net (fo=0)                   0.000     0.000    clock_in
    W5                   IBUF (Prop_ibuf_I_O)         0.414     0.414 r  clock_in_IBUF_inst/O
                         net (fo=1, routed)           0.685     1.099    clock_in_IBUF
    BUFGCTRL_X0Y1        BUFG (Prop_bufg_I_O)         0.029     1.128 r  clock_in_IBUF_BUFG_inst/O
                         net (fo=39, routed)          0.848     1.975    clock_in_IBUF_BUFG
    SLICE_X6Y24          FDRE                                         r  tx_word_reg[6]/C

Slack:                    inf
  Source:                 sample_word_adc_reg[5]/C
                            (rising edge-triggered cell FDRE clocked by clk_out1_clk_wiz_0  {rise@0.000ns fall@13.889ns period=27.778ns})
  Destination:            tx_word_reg[5]/D
                            (rising edge-triggered cell FDRE clocked by sys_clk_pin  {rise@0.000ns fall@5.000ns period=10.000ns})
  Path Group:             (none)
  Path Type:              Hold (Min at Fast Process Corner)
  Data Path Delay:        0.352ns  (logic 0.141ns (40.044%)  route 0.211ns (59.956%))
  Logic Levels:           0  
  Clock Path Skew:        0.512ns (DCD - SCD - CPR)
    Destination Clock Delay (DCD):    1.975ns
    Source Clock Delay      (SCD):    1.463ns
    Clock Pessimism Removal (CPR):    -0.000ns
  Clock Uncertainty:      0.441ns  ((TSJ^2 + DJ^2)^1/2) / 2 + PE
    Total System Jitter     (TSJ):    0.071ns
    Discrete Jitter          (DJ):    0.278ns
    Phase Error              (PE):    0.297ns
  Timing Exception:       False Path

    Location             Delay type                Incr(ns)  Path(ns)    Netlist Resource(s)
  -------------------------------------------------------------------    -------------------
                         (clock clk_out1_clk_wiz_0 rise edge)
                                                      0.000     0.000 r  
    W5                                                0.000     0.000 r  clock_in (IN)
                         net (fo=0)                   0.000     0.000    clock_in
    W5                   IBUF (Prop_ibuf_I_O)         0.226     0.226 r  clock_in_IBUF_inst/O
                         net (fo=1, routed)           0.631     0.858    clock_in_IBUF
    BUFGCTRL_X0Y1        BUFG (Prop_bufg_I_O)         0.026     0.884 r  clock_in_IBUF_BUFG_inst/O
                         net (fo=39, routed)          0.549     1.432    clkwiz/inst/clk_in1
    MMCME2_ADV_X1Y0      MMCME2_ADV (Prop_mmcme2_adv_CLKIN1_CLKOUT0)
                                                     -1.061     0.372 r  clkwiz/inst/mmcm_adv_inst/CLKOUT0
                         net (fo=1, routed)           0.486     0.858    clkwiz/inst/clk_out1_clk_wiz_0
    BUFGCTRL_X0Y0        BUFG (Prop_bufg_I_O)         0.026     0.884 r  clkwiz/inst/clkout1_buf/O
                         net (fo=85, routed)          0.580     1.463    clk_out1
    SLICE_X4Y25          FDRE                                         r  sample_word_adc_reg[5]/C
  -------------------------------------------------------------------    -------------------
    SLICE_X4Y25          FDRE (Prop_fdre_C_Q)         0.141     1.604 r  sample_word_adc_reg[5]/Q
                         net (fo=1, routed)           0.211     1.815    sample_word_adc__0[5]
    SLICE_X6Y24          FDRE                                         r  tx_word_reg[5]/D
  -------------------------------------------------------------------    -------------------

                         (clock sys_clk_pin rise edge)
                                                      0.000     0.000 r  
    W5                                                0.000     0.000 r  clock_in (IN)
                         net (fo=0)                   0.000     0.000    clock_in
    W5                   IBUF (Prop_ibuf_I_O)         0.414     0.414 r  clock_in_IBUF_inst/O
                         net (fo=1, routed)           0.685     1.099    clock_in_IBUF
    BUFGCTRL_X0Y1        BUFG (Prop_bufg_I_O)         0.029     1.128 r  clock_in_IBUF_BUFG_inst/O
                         net (fo=39, routed)          0.848     1.975    clock_in_IBUF_BUFG
    SLICE_X6Y24          FDRE                                         r  tx_word_reg[5]/C

Slack:                    inf
  Source:                 sample_word_adc_reg[2]/C
                            (rising edge-triggered cell FDRE clocked by clk_out1_clk_wiz_0  {rise@0.000ns fall@13.889ns period=27.778ns})
  Destination:            tx_word_reg[2]/D
                            (rising edge-triggered cell FDRE clocked by sys_clk_pin  {rise@0.000ns fall@5.000ns period=10.000ns})
  Path Group:             (none)
  Path Type:              Hold (Min at Fast Process Corner)
  Data Path Delay:        0.353ns  (logic 0.128ns (36.262%)  route 0.225ns (63.738%))
  Logic Levels:           0  
  Clock Path Skew:        0.511ns (DCD - SCD - CPR)
    Destination Clock Delay (DCD):    1.975ns
    Source Clock Delay      (SCD):    1.464ns
    Clock Pessimism Removal (CPR):    -0.000ns
  Clock Uncertainty:      0.441ns  ((TSJ^2 + DJ^2)^1/2) / 2 + PE
    Total System Jitter     (TSJ):    0.071ns
    Discrete Jitter          (DJ):    0.278ns
    Phase Error              (PE):    0.297ns
  Timing Exception:       False Path

    Location             Delay type                Incr(ns)  Path(ns)    Netlist Resource(s)
  -------------------------------------------------------------------    -------------------
                         (clock clk_out1_clk_wiz_0 rise edge)
                                                      0.000     0.000 r  
    W5                                                0.000     0.000 r  clock_in (IN)
                         net (fo=0)                   0.000     0.000    clock_in
    W5                   IBUF (Prop_ibuf_I_O)         0.226     0.226 r  clock_in_IBUF_inst/O
                         net (fo=1, routed)           0.631     0.858    clock_in_IBUF
    BUFGCTRL_X0Y1        BUFG (Prop_bufg_I_O)         0.026     0.884 r  clock_in_IBUF_BUFG_inst/O
                         net (fo=39, routed)          0.549     1.432    clkwiz/inst/clk_in1
    MMCME2_ADV_X1Y0      MMCME2_ADV (Prop_mmcme2_adv_CLKIN1_CLKOUT0)
                                                     -1.061     0.372 r  clkwiz/inst/mmcm_adv_inst/CLKOUT0
                         net (fo=1, routed)           0.486     0.858    clkwiz/inst/clk_out1_clk_wiz_0
    BUFGCTRL_X0Y0        BUFG (Prop_bufg_I_O)         0.026     0.884 r  clkwiz/inst/clkout1_buf/O
                         net (fo=85, routed)          0.581     1.464    clk_out1
    SLICE_X5Y23          FDRE                                         r  sample_word_adc_reg[2]/C
  -------------------------------------------------------------------    -------------------
    SLICE_X5Y23          FDRE (Prop_fdre_C_Q)         0.128     1.592 r  sample_word_adc_reg[2]/Q
                         net (fo=1, routed)           0.225     1.817    sample_word_adc__0[2]
    SLICE_X5Y24          FDRE                                         r  tx_word_reg[2]/D
  -------------------------------------------------------------------    -------------------

                         (clock sys_clk_pin rise edge)
                                                      0.000     0.000 r  
    W5                                                0.000     0.000 r  clock_in (IN)
                         net (fo=0)                   0.000     0.000    clock_in
    W5                   IBUF (Prop_ibuf_I_O)         0.414     0.414 r  clock_in_IBUF_inst/O
                         net (fo=1, routed)           0.685     1.099    clock_in_IBUF
    BUFGCTRL_X0Y1        BUFG (Prop_bufg_I_O)         0.029     1.128 r  clock_in_IBUF_BUFG_inst/O
                         net (fo=39, routed)          0.848     1.975    clock_in_IBUF_BUFG
    SLICE_X5Y24          FDRE                                         r  tx_word_reg[2]/C

Slack:                    inf
  Source:                 sample_word_adc_reg[11]/C
                            (rising edge-triggered cell FDRE clocked by clk_out1_clk_wiz_0  {rise@0.000ns fall@13.889ns period=27.778ns})
  Destination:            tx_word_reg[11]/D
                            (rising edge-triggered cell FDRE clocked by sys_clk_pin  {rise@0.000ns fall@5.000ns period=10.000ns})
  Path Group:             (none)
  Path Type:              Hold (Min at Fast Process Corner)
  Data Path Delay:        0.366ns  (logic 0.141ns (38.576%)  route 0.225ns (61.424%))
  Logic Levels:           0  
  Clock Path Skew:        0.511ns (DCD - SCD - CPR)
    Destination Clock Delay (DCD):    1.975ns
    Source Clock Delay      (SCD):    1.464ns
    Clock Pessimism Removal (CPR):    -0.000ns
  Clock Uncertainty:      0.441ns  ((TSJ^2 + DJ^2)^1/2) / 2 + PE
    Total System Jitter     (TSJ):    0.071ns
    Discrete Jitter          (DJ):    0.278ns
    Phase Error              (PE):    0.297ns
  Timing Exception:       False Path

    Location             Delay type                Incr(ns)  Path(ns)    Netlist Resource(s)
  -------------------------------------------------------------------    -------------------
                         (clock clk_out1_clk_wiz_0 rise edge)
                                                      0.000     0.000 r  
    W5                                                0.000     0.000 r  clock_in (IN)
                         net (fo=0)                   0.000     0.000    clock_in
    W5                   IBUF (Prop_ibuf_I_O)         0.226     0.226 r  clock_in_IBUF_inst/O
                         net (fo=1, routed)           0.631     0.858    clock_in_IBUF
    BUFGCTRL_X0Y1        BUFG (Prop_bufg_I_O)         0.026     0.884 r  clock_in_IBUF_BUFG_inst/O
                         net (fo=39, routed)          0.549     1.432    clkwiz/inst/clk_in1
    MMCME2_ADV_X1Y0      MMCME2_ADV (Prop_mmcme2_adv_CLKIN1_CLKOUT0)
                                                     -1.061     0.372 r  clkwiz/inst/mmcm_adv_inst/CLKOUT0
                         net (fo=1, routed)           0.486     0.858    clkwiz/inst/clk_out1_clk_wiz_0
    BUFGCTRL_X0Y0        BUFG (Prop_bufg_I_O)         0.026     0.884 r  clkwiz/inst/clkout1_buf/O
                         net (fo=85, routed)          0.581     1.464    clk_out1
    SLICE_X5Y23          FDRE                                         r  sample_word_adc_reg[11]/C
  -------------------------------------------------------------------    -------------------
    SLICE_X5Y23          FDRE (Prop_fdre_C_Q)         0.141     1.605 r  sample_word_adc_reg[11]/Q
                         net (fo=1, routed)           0.225     1.830    sample_word_adc__0[11]
    SLICE_X5Y24          FDRE                                         r  tx_word_reg[11]/D
  -------------------------------------------------------------------    -------------------

                         (clock sys_clk_pin rise edge)
                                                      0.000     0.000 r  
    W5                                                0.000     0.000 r  clock_in (IN)
                         net (fo=0)                   0.000     0.000    clock_in
    W5                   IBUF (Prop_ibuf_I_O)         0.414     0.414 r  clock_in_IBUF_inst/O
                         net (fo=1, routed)           0.685     1.099    clock_in_IBUF
    BUFGCTRL_X0Y1        BUFG (Prop_bufg_I_O)         0.029     1.128 r  clock_in_IBUF_BUFG_inst/O
                         net (fo=39, routed)          0.848     1.975    clock_in_IBUF_BUFG
    SLICE_X5Y24          FDRE                                         r  tx_word_reg[11]/C





--------------------------------------------------------------------------------------
Path Group:  (none)
From Clock:  clk_out1_clk_wiz_0
  To Clock:  

Max Delay             2 Endpoints
Min Delay             2 Endpoints
--------------------------------------------------------------------------------------


Max Delay Paths
--------------------------------------------------------------------------------------
Slack:                    inf
  Source:                 spi_clk_r_reg/C
                            (rising edge-triggered cell FDRE clocked by clk_out1_clk_wiz_0  {rise@0.000ns fall@13.889ns period=27.778ns})
  Destination:            spi_clk
                            (output port)
  Path Group:             (none)
  Path Type:              Max at Slow Process Corner
  Data Path Delay:        5.632ns  (logic 3.948ns (70.101%)  route 1.684ns (29.899%))
  Logic Levels:           1  (OBUF=1)
  Clock Uncertainty:      0.438ns  ((TSJ^2 + DJ^2)^1/2) / 2 + PE
    Total System Jitter     (TSJ):    0.050ns
    Discrete Jitter          (DJ):    0.278ns
    Phase Error              (PE):    0.297ns

    Location             Delay type                Incr(ns)  Path(ns)    Netlist Resource(s)
  -------------------------------------------------------------------    -------------------
                         (clock clk_out1_clk_wiz_0 rise edge)
                                                      0.000     0.000 r  
    W5                                                0.000     0.000 r  clock_in (IN)
                         net (fo=0)                   0.000     0.000    clock_in
    W5                   IBUF (Prop_ibuf_I_O)         1.458     1.458 r  clock_in_IBUF_inst/O
                         net (fo=1, routed)           1.967     3.425    clock_in_IBUF
    BUFGCTRL_X0Y1        BUFG (Prop_bufg_I_O)         0.096     3.521 r  clock_in_IBUF_BUFG_inst/O
                         net (fo=39, routed)          1.575     5.096    clkwiz/inst/clk_in1
    MMCME2_ADV_X1Y0      MMCME2_ADV (Prop_mmcme2_adv_CLKIN1_CLKOUT0)
                                                     -3.333     1.763 r  clkwiz/inst/mmcm_adv_inst/CLKOUT0
                         net (fo=1, routed)           1.661     3.425    clkwiz/inst/clk_out1_clk_wiz_0
    BUFGCTRL_X0Y0        BUFG (Prop_bufg_I_O)         0.096     3.521 r  clkwiz/inst/clkout1_buf/O
                         net (fo=85, routed)          1.620     5.141    clk_out1
    SLICE_X1Y23          FDRE                                         r  spi_clk_r_reg/C
  -------------------------------------------------------------------    -------------------
    SLICE_X1Y23          FDRE (Prop_fdre_C_Q)         0.456     5.597 r  spi_clk_r_reg/Q
                         net (fo=2, routed)           1.684     7.281    spi_clk_OBUF
    N17                  OBUF (Prop_obuf_I_O)         3.492    10.774 r  spi_clk_OBUF_inst/O
                         net (fo=0)                   0.000    10.774    spi_clk
    N17                                                               r  spi_clk (OUT)
  -------------------------------------------------------------------    -------------------

Slack:                    inf
  Source:                 cs_r_reg/C
                            (rising edge-triggered cell FDSE clocked by clk_out1_clk_wiz_0  {rise@0.000ns fall@13.889ns period=27.778ns})
  Destination:            cs_out
                            (output port)
  Path Group:             (none)
  Path Type:              Max at Slow Process Corner
  Data Path Delay:        5.625ns  (logic 3.953ns (70.274%)  route 1.672ns (29.726%))
  Logic Levels:           1  (OBUF=1)
  Clock Uncertainty:      0.438ns  ((TSJ^2 + DJ^2)^1/2) / 2 + PE
    Total System Jitter     (TSJ):    0.050ns
    Discrete Jitter          (DJ):    0.278ns
    Phase Error              (PE):    0.297ns

    Location             Delay type                Incr(ns)  Path(ns)    Netlist Resource(s)
  -------------------------------------------------------------------    -------------------
                         (clock clk_out1_clk_wiz_0 rise edge)
                                                      0.000     0.000 r  
    W5                                                0.000     0.000 r  clock_in (IN)
                         net (fo=0)                   0.000     0.000    clock_in
    W5                   IBUF (Prop_ibuf_I_O)         1.458     1.458 r  clock_in_IBUF_inst/O
                         net (fo=1, routed)           1.967     3.425    clock_in_IBUF
    BUFGCTRL_X0Y1        BUFG (Prop_bufg_I_O)         0.096     3.521 r  clock_in_IBUF_BUFG_inst/O
                         net (fo=39, routed)          1.575     5.096    clkwiz/inst/clk_in1
    MMCME2_ADV_X1Y0      MMCME2_ADV (Prop_mmcme2_adv_CLKIN1_CLKOUT0)
                                                     -3.333     1.763 r  clkwiz/inst/mmcm_adv_inst/CLKOUT0
                         net (fo=1, routed)           1.661     3.425    clkwiz/inst/clk_out1_clk_wiz_0
    BUFGCTRL_X0Y0        BUFG (Prop_bufg_I_O)         0.096     3.521 r  clkwiz/inst/clkout1_buf/O
                         net (fo=85, routed)          1.621     5.142    clk_out1
    SLICE_X0Y22          FDSE                                         r  cs_r_reg/C
  -------------------------------------------------------------------    -------------------
    SLICE_X0Y22          FDSE (Prop_fdse_C_Q)         0.456     5.598 r  cs_r_reg/Q
                         net (fo=1, routed)           1.672     7.270    cs_out_OBUF
    P17                  OBUF (Prop_obuf_I_O)         3.497    10.767 r  cs_out_OBUF_inst/O
                         net (fo=0)                   0.000    10.767    cs_out
    P17                                                               r  cs_out (OUT)
  -------------------------------------------------------------------    -------------------





Min Delay Paths
--------------------------------------------------------------------------------------
Slack:                    inf
  Source:                 cs_r_reg/C
                            (rising edge-triggered cell FDSE clocked by clk_out1_clk_wiz_0  {rise@0.000ns fall@13.889ns period=27.778ns})
  Destination:            cs_out
                            (output port)
  Path Group:             (none)
  Path Type:              Min at Fast Process Corner
  Data Path Delay:        1.662ns  (logic 1.339ns (80.565%)  route 0.323ns (19.435%))
  Logic Levels:           1  (OBUF=1)
  Clock Uncertainty:      0.438ns  ((TSJ^2 + DJ^2)^1/2) / 2 + PE
    Total System Jitter     (TSJ):    0.050ns
    Discrete Jitter          (DJ):    0.278ns
    Phase Error              (PE):    0.297ns

    Location             Delay type                Incr(ns)  Path(ns)    Netlist Resource(s)
  -------------------------------------------------------------------    -------------------
                         (clock clk_out1_clk_wiz_0 rise edge)
                                                      0.000     0.000 r  
    W5                                                0.000     0.000 r  clock_in (IN)
                         net (fo=0)                   0.000     0.000    clock_in
    W5                   IBUF (Prop_ibuf_I_O)         0.226     0.226 r  clock_in_IBUF_inst/O
                         net (fo=1, routed)           0.631     0.858    clock_in_IBUF
    BUFGCTRL_X0Y1        BUFG (Prop_bufg_I_O)         0.026     0.884 r  clock_in_IBUF_BUFG_inst/O
                         net (fo=39, routed)          0.549     1.432    clkwiz/inst/clk_in1
    MMCME2_ADV_X1Y0      MMCME2_ADV (Prop_mmcme2_adv_CLKIN1_CLKOUT0)
                                                     -1.061     0.372 r  clkwiz/inst/mmcm_adv_inst/CLKOUT0
                         net (fo=1, routed)           0.486     0.858    clkwiz/inst/clk_out1_clk_wiz_0
    BUFGCTRL_X0Y0        BUFG (Prop_bufg_I_O)         0.026     0.884 r  clkwiz/inst/clkout1_buf/O
                         net (fo=85, routed)          0.585     1.468    clk_out1
    SLICE_X0Y22          FDSE                                         r  cs_r_reg/C
  -------------------------------------------------------------------    -------------------
    SLICE_X0Y22          FDSE (Prop_fdse_C_Q)         0.141     1.609 r  cs_r_reg/Q
                         net (fo=1, routed)           0.323     1.932    cs_out_OBUF
    P17                  OBUF (Prop_obuf_I_O)         1.198     3.130 r  cs_out_OBUF_inst/O
                         net (fo=0)                   0.000     3.130    cs_out
    P17                                                               r  cs_out (OUT)
  -------------------------------------------------------------------    -------------------

Slack:                    inf
  Source:                 spi_clk_r_reg/C
                            (rising edge-triggered cell FDRE clocked by clk_out1_clk_wiz_0  {rise@0.000ns fall@13.889ns period=27.778ns})
  Destination:            spi_clk
                            (output port)
  Path Group:             (none)
  Path Type:              Min at Fast Process Corner
  Data Path Delay:        1.670ns  (logic 1.335ns (79.933%)  route 0.335ns (20.067%))
  Logic Levels:           1  (OBUF=1)
  Clock Uncertainty:      0.438ns  ((TSJ^2 + DJ^2)^1/2) / 2 + PE
    Total System Jitter     (TSJ):    0.050ns
    Discrete Jitter          (DJ):    0.278ns
    Phase Error              (PE):    0.297ns

    Location             Delay type                Incr(ns)  Path(ns)    Netlist Resource(s)
  -------------------------------------------------------------------    -------------------
                         (clock clk_out1_clk_wiz_0 rise edge)
                                                      0.000     0.000 r  
    W5                                                0.000     0.000 r  clock_in (IN)
                         net (fo=0)                   0.000     0.000    clock_in
    W5                   IBUF (Prop_ibuf_I_O)         0.226     0.226 r  clock_in_IBUF_inst/O
                         net (fo=1, routed)           0.631     0.858    clock_in_IBUF
    BUFGCTRL_X0Y1        BUFG (Prop_bufg_I_O)         0.026     0.884 r  clock_in_IBUF_BUFG_inst/O
                         net (fo=39, routed)          0.549     1.432    clkwiz/inst/clk_in1
    MMCME2_ADV_X1Y0      MMCME2_ADV (Prop_mmcme2_adv_CLKIN1_CLKOUT0)
                                                     -1.061     0.372 r  clkwiz/inst/mmcm_adv_inst/CLKOUT0
                         net (fo=1, routed)           0.486     0.858    clkwiz/inst/clk_out1_clk_wiz_0
    BUFGCTRL_X0Y0        BUFG (Prop_bufg_I_O)         0.026     0.884 r  clkwiz/inst/clkout1_buf/O
                         net (fo=85, routed)          0.583     1.466    clk_out1
    SLICE_X1Y23          FDRE                                         r  spi_clk_r_reg/C
  -------------------------------------------------------------------    -------------------
    SLICE_X1Y23          FDRE (Prop_fdre_C_Q)         0.141     1.607 r  spi_clk_r_reg/Q
                         net (fo=2, routed)           0.335     1.942    spi_clk_OBUF
    N17                  OBUF (Prop_obuf_I_O)         1.194     3.136 r  spi_clk_OBUF_inst/O
                         net (fo=0)                   0.000     3.136    spi_clk
    N17                                                               r  spi_clk (OUT)
  -------------------------------------------------------------------    -------------------





--------------------------------------------------------------------------------------
Path Group:  (none)
From Clock:  
  To Clock:  clk_out1_clk_wiz_0

Max Delay            12 Endpoints
Min Delay            12 Endpoints
--------------------------------------------------------------------------------------


Max Delay Paths
--------------------------------------------------------------------------------------
Slack:                    inf
  Source:                 spi_miso
                            (input port)
  Destination:            data_buf_reg[5]/D
                            (rising edge-triggered cell FDRE clocked by clk_out1_clk_wiz_0  {rise@0.000ns fall@13.889ns period=27.778ns})
  Path Group:             (none)
  Path Type:              Setup (Max at Slow Process Corner)
  Data Path Delay:        3.166ns  (logic 1.459ns (46.090%)  route 1.707ns (53.910%))
  Logic Levels:           1  (IBUF=1)
  Clock Path Skew:        4.844ns (DCD - SCD + CPR)
    Destination Clock Delay (DCD):    4.844ns
    Source Clock Delay      (SCD):    0.000ns
    Clock Pessimism Removal (CPR):    0.000ns
  Clock Uncertainty:      0.438ns  ((TSJ^2 + DJ^2)^1/2) / 2 + PE
    Total System Jitter     (TSJ):    0.050ns
    Discrete Jitter          (DJ):    0.278ns
    Phase Error              (PE):    0.297ns

    Location             Delay type                Incr(ns)  Path(ns)    Netlist Resource(s)
  -------------------------------------------------------------------    -------------------
    P18                                               0.000     0.000 r  spi_miso (IN)
                         net (fo=0)                   0.000     0.000    spi_miso
    P18                  IBUF (Prop_ibuf_I_O)         1.459     1.459 r  spi_miso_IBUF_inst/O
                         net (fo=12, routed)          1.707     3.166    spi_miso_IBUF
    SLICE_X6Y22          FDRE                                         r  data_buf_reg[5]/D
  -------------------------------------------------------------------    -------------------

                         (clock clk_out1_clk_wiz_0 rise edge)
                                                      0.000     0.000 r  
    W5                                                0.000     0.000 r  clock_in (IN)
                         net (fo=0)                   0.000     0.000    clock_in
    W5                   IBUF (Prop_ibuf_I_O)         1.388     1.388 r  clock_in_IBUF_inst/O
                         net (fo=1, routed)           1.862     3.250    clock_in_IBUF
    BUFGCTRL_X0Y1        BUFG (Prop_bufg_I_O)         0.091     3.341 r  clock_in_IBUF_BUFG_inst/O
                         net (fo=39, routed)          1.457     4.798    clkwiz/inst/clk_in1
    MMCME2_ADV_X1Y0      MMCME2_ADV (Prop_mmcme2_adv_CLKIN1_CLKOUT0)
                                                     -3.129     1.669 r  clkwiz/inst/mmcm_adv_inst/CLKOUT0
                         net (fo=1, routed)           1.581     3.250    clkwiz/inst/clk_out1_clk_wiz_0
    BUFGCTRL_X0Y0        BUFG (Prop_bufg_I_O)         0.091     3.341 r  clkwiz/inst/clkout1_buf/O
                         net (fo=85, routed)          1.503     4.844    clk_out1
    SLICE_X6Y22          FDRE                                         r  data_buf_reg[5]/C

Slack:                    inf
  Source:                 spi_miso
                            (input port)
  Destination:            data_buf_reg[0]/D
                            (rising edge-triggered cell FDRE clocked by clk_out1_clk_wiz_0  {rise@0.000ns fall@13.889ns period=27.778ns})
  Path Group:             (none)
  Path Type:              Setup (Max at Slow Process Corner)
  Data Path Delay:        3.019ns  (logic 1.459ns (48.331%)  route 1.560ns (51.669%))
  Logic Levels:           1  (IBUF=1)
  Clock Path Skew:        4.848ns (DCD - SCD + CPR)
    Destination Clock Delay (DCD):    4.848ns
    Source Clock Delay      (SCD):    0.000ns
    Clock Pessimism Removal (CPR):    0.000ns
  Clock Uncertainty:      0.438ns  ((TSJ^2 + DJ^2)^1/2) / 2 + PE
    Total System Jitter     (TSJ):    0.050ns
    Discrete Jitter          (DJ):    0.278ns
    Phase Error              (PE):    0.297ns

    Location             Delay type                Incr(ns)  Path(ns)    Netlist Resource(s)
  -------------------------------------------------------------------    -------------------
    P18                                               0.000     0.000 r  spi_miso (IN)
                         net (fo=0)                   0.000     0.000    spi_miso
    P18                  IBUF (Prop_ibuf_I_O)         1.459     1.459 r  spi_miso_IBUF_inst/O
                         net (fo=12, routed)          1.560     3.019    spi_miso_IBUF
    SLICE_X3Y21          FDRE                                         r  data_buf_reg[0]/D
  -------------------------------------------------------------------    -------------------

                         (clock clk_out1_clk_wiz_0 rise edge)
                                                      0.000     0.000 r  
    W5                                                0.000     0.000 r  clock_in (IN)
                         net (fo=0)                   0.000     0.000    clock_in
    W5                   IBUF (Prop_ibuf_I_O)         1.388     1.388 r  clock_in_IBUF_inst/O
                         net (fo=1, routed)           1.862     3.250    clock_in_IBUF
    BUFGCTRL_X0Y1        BUFG (Prop_bufg_I_O)         0.091     3.341 r  clock_in_IBUF_BUFG_inst/O
                         net (fo=39, routed)          1.457     4.798    clkwiz/inst/clk_in1
    MMCME2_ADV_X1Y0      MMCME2_ADV (Prop_mmcme2_adv_CLKIN1_CLKOUT0)
                                                     -3.129     1.669 r  clkwiz/inst/mmcm_adv_inst/CLKOUT0
                         net (fo=1, routed)           1.581     3.250    clkwiz/inst/clk_out1_clk_wiz_0
    BUFGCTRL_X0Y0        BUFG (Prop_bufg_I_O)         0.091     3.341 r  clkwiz/inst/clkout1_buf/O
                         net (fo=85, routed)          1.507     4.848    clk_out1
    SLICE_X3Y21          FDRE                                         r  data_buf_reg[0]/C

Slack:                    inf
  Source:                 spi_miso
                            (input port)
  Destination:            data_buf_reg[6]/D
                            (rising edge-triggered cell FDRE clocked by clk_out1_clk_wiz_0  {rise@0.000ns fall@13.889ns period=27.778ns})
  Path Group:             (none)
  Path Type:              Setup (Max at Slow Process Corner)
  Data Path Delay:        2.903ns  (logic 1.459ns (50.256%)  route 1.444ns (49.744%))
  Logic Levels:           1  (IBUF=1)
  Clock Path Skew:        4.846ns (DCD - SCD + CPR)
    Destination Clock Delay (DCD):    4.846ns
    Source Clock Delay      (SCD):    0.000ns
    Clock Pessimism Removal (CPR):    0.000ns
  Clock Uncertainty:      0.438ns  ((TSJ^2 + DJ^2)^1/2) / 2 + PE
    Total System Jitter     (TSJ):    0.050ns
    Discrete Jitter          (DJ):    0.278ns
    Phase Error              (PE):    0.297ns

    Location             Delay type                Incr(ns)  Path(ns)    Netlist Resource(s)
  -------------------------------------------------------------------    -------------------
    P18                                               0.000     0.000 r  spi_miso (IN)
                         net (fo=0)                   0.000     0.000    spi_miso
    P18                  IBUF (Prop_ibuf_I_O)         1.459     1.459 r  spi_miso_IBUF_inst/O
                         net (fo=12, routed)          1.444     2.903    spi_miso_IBUF
    SLICE_X4Y21          FDRE                                         r  data_buf_reg[6]/D
  -------------------------------------------------------------------    -------------------

                         (clock clk_out1_clk_wiz_0 rise edge)
                                                      0.000     0.000 r  
    W5                                                0.000     0.000 r  clock_in (IN)
                         net (fo=0)                   0.000     0.000    clock_in
    W5                   IBUF (Prop_ibuf_I_O)         1.388     1.388 r  clock_in_IBUF_inst/O
                         net (fo=1, routed)           1.862     3.250    clock_in_IBUF
    BUFGCTRL_X0Y1        BUFG (Prop_bufg_I_O)         0.091     3.341 r  clock_in_IBUF_BUFG_inst/O
                         net (fo=39, routed)          1.457     4.798    clkwiz/inst/clk_in1
    MMCME2_ADV_X1Y0      MMCME2_ADV (Prop_mmcme2_adv_CLKIN1_CLKOUT0)
                                                     -3.129     1.669 r  clkwiz/inst/mmcm_adv_inst/CLKOUT0
                         net (fo=1, routed)           1.581     3.250    clkwiz/inst/clk_out1_clk_wiz_0
    BUFGCTRL_X0Y0        BUFG (Prop_bufg_I_O)         0.091     3.341 r  clkwiz/inst/clkout1_buf/O
                         net (fo=85, routed)          1.505     4.846    clk_out1
    SLICE_X4Y21          FDRE                                         r  data_buf_reg[6]/C

Slack:                    inf
  Source:                 spi_miso
                            (input port)
  Destination:            data_buf_reg[1]/D
                            (rising edge-triggered cell FDRE clocked by clk_out1_clk_wiz_0  {rise@0.000ns fall@13.889ns period=27.778ns})
  Path Group:             (none)
  Path Type:              Setup (Max at Slow Process Corner)
  Data Path Delay:        2.854ns  (logic 1.459ns (51.126%)  route 1.395ns (48.874%))
  Logic Levels:           1  (IBUF=1)
  Clock Path Skew:        4.847ns (DCD - SCD + CPR)
    Destination Clock Delay (DCD):    4.847ns
    Source Clock Delay      (SCD):    0.000ns
    Clock Pessimism Removal (CPR):    0.000ns
  Clock Uncertainty:      0.438ns  ((TSJ^2 + DJ^2)^1/2) / 2 + PE
    Total System Jitter     (TSJ):    0.050ns
    Discrete Jitter          (DJ):    0.278ns
    Phase Error              (PE):    0.297ns

    Location             Delay type                Incr(ns)  Path(ns)    Netlist Resource(s)
  -------------------------------------------------------------------    -------------------
    P18                                               0.000     0.000 r  spi_miso (IN)
                         net (fo=0)                   0.000     0.000    spi_miso
    P18                  IBUF (Prop_ibuf_I_O)         1.459     1.459 r  spi_miso_IBUF_inst/O
                         net (fo=12, routed)          1.395     2.854    spi_miso_IBUF
    SLICE_X4Y20          FDRE                                         r  data_buf_reg[1]/D
  -------------------------------------------------------------------    -------------------

                         (clock clk_out1_clk_wiz_0 rise edge)
                                                      0.000     0.000 r  
    W5                                                0.000     0.000 r  clock_in (IN)
                         net (fo=0)                   0.000     0.000    clock_in
    W5                   IBUF (Prop_ibuf_I_O)         1.388     1.388 r  clock_in_IBUF_inst/O
                         net (fo=1, routed)           1.862     3.250    clock_in_IBUF
    BUFGCTRL_X0Y1        BUFG (Prop_bufg_I_O)         0.091     3.341 r  clock_in_IBUF_BUFG_inst/O
                         net (fo=39, routed)          1.457     4.798    clkwiz/inst/clk_in1
    MMCME2_ADV_X1Y0      MMCME2_ADV (Prop_mmcme2_adv_CLKIN1_CLKOUT0)
                                                     -3.129     1.669 r  clkwiz/inst/mmcm_adv_inst/CLKOUT0
                         net (fo=1, routed)           1.581     3.250    clkwiz/inst/clk_out1_clk_wiz_0
    BUFGCTRL_X0Y0        BUFG (Prop_bufg_I_O)         0.091     3.341 r  clkwiz/inst/clkout1_buf/O
                         net (fo=85, routed)          1.506     4.847    clk_out1
    SLICE_X4Y20          FDRE                                         r  data_buf_reg[1]/C

Slack:                    inf
  Source:                 spi_miso
                            (input port)
  Destination:            data_buf_reg[7]/D
                            (rising edge-triggered cell FDRE clocked by clk_out1_clk_wiz_0  {rise@0.000ns fall@13.889ns period=27.778ns})
  Path Group:             (none)
  Path Type:              Setup (Max at Slow Process Corner)
  Data Path Delay:        2.843ns  (logic 1.459ns (51.333%)  route 1.383ns (48.667%))
  Logic Levels:           1  (IBUF=1)
  Clock Path Skew:        4.846ns (DCD - SCD + CPR)
    Destination Clock Delay (DCD):    4.846ns
    Source Clock Delay      (SCD):    0.000ns
    Clock Pessimism Removal (CPR):    0.000ns
  Clock Uncertainty:      0.438ns  ((TSJ^2 + DJ^2)^1/2) / 2 + PE
    Total System Jitter     (TSJ):    0.050ns
    Discrete Jitter          (DJ):    0.278ns
    Phase Error              (PE):    0.297ns

    Location             Delay type                Incr(ns)  Path(ns)    Netlist Resource(s)
  -------------------------------------------------------------------    -------------------
    P18                                               0.000     0.000 r  spi_miso (IN)
                         net (fo=0)                   0.000     0.000    spi_miso
    P18                  IBUF (Prop_ibuf_I_O)         1.459     1.459 r  spi_miso_IBUF_inst/O
                         net (fo=12, routed)          1.383     2.843    spi_miso_IBUF
    SLICE_X6Y21          FDRE                                         r  data_buf_reg[7]/D
  -------------------------------------------------------------------    -------------------

                         (clock clk_out1_clk_wiz_0 rise edge)
                                                      0.000     0.000 r  
    W5                                                0.000     0.000 r  clock_in (IN)
                         net (fo=0)                   0.000     0.000    clock_in
    W5                   IBUF (Prop_ibuf_I_O)         1.388     1.388 r  clock_in_IBUF_inst/O
                         net (fo=1, routed)           1.862     3.250    clock_in_IBUF
    BUFGCTRL_X0Y1        BUFG (Prop_bufg_I_O)         0.091     3.341 r  clock_in_IBUF_BUFG_inst/O
                         net (fo=39, routed)          1.457     4.798    clkwiz/inst/clk_in1
    MMCME2_ADV_X1Y0      MMCME2_ADV (Prop_mmcme2_adv_CLKIN1_CLKOUT0)
                                                     -3.129     1.669 r  clkwiz/inst/mmcm_adv_inst/CLKOUT0
                         net (fo=1, routed)           1.581     3.250    clkwiz/inst/clk_out1_clk_wiz_0
    BUFGCTRL_X0Y0        BUFG (Prop_bufg_I_O)         0.091     3.341 r  clkwiz/inst/clkout1_buf/O
                         net (fo=85, routed)          1.505     4.846    clk_out1
    SLICE_X6Y21          FDRE                                         r  data_buf_reg[7]/C

Slack:                    inf
  Source:                 spi_miso
                            (input port)
  Destination:            data_buf_reg[3]/D
                            (rising edge-triggered cell FDRE clocked by clk_out1_clk_wiz_0  {rise@0.000ns fall@13.889ns period=27.778ns})
  Path Group:             (none)
  Path Type:              Setup (Max at Slow Process Corner)
  Data Path Delay:        2.708ns  (logic 1.459ns (53.877%)  route 1.249ns (46.123%))
  Logic Levels:           1  (IBUF=1)
  Clock Path Skew:        4.846ns (DCD - SCD + CPR)
    Destination Clock Delay (DCD):    4.846ns
    Source Clock Delay      (SCD):    0.000ns
    Clock Pessimism Removal (CPR):    0.000ns
  Clock Uncertainty:      0.438ns  ((TSJ^2 + DJ^2)^1/2) / 2 + PE
    Total System Jitter     (TSJ):    0.050ns
    Discrete Jitter          (DJ):    0.278ns
    Phase Error              (PE):    0.297ns

    Location             Delay type                Incr(ns)  Path(ns)    Netlist Resource(s)
  -------------------------------------------------------------------    -------------------
    P18                                               0.000     0.000 r  spi_miso (IN)
                         net (fo=0)                   0.000     0.000    spi_miso
    P18                  IBUF (Prop_ibuf_I_O)         1.459     1.459 r  spi_miso_IBUF_inst/O
                         net (fo=12, routed)          1.249     2.708    spi_miso_IBUF
    SLICE_X5Y21          FDRE                                         r  data_buf_reg[3]/D
  -------------------------------------------------------------------    -------------------

                         (clock clk_out1_clk_wiz_0 rise edge)
                                                      0.000     0.000 r  
    W5                                                0.000     0.000 r  clock_in (IN)
                         net (fo=0)                   0.000     0.000    clock_in
    W5                   IBUF (Prop_ibuf_I_O)         1.388     1.388 r  clock_in_IBUF_inst/O
                         net (fo=1, routed)           1.862     3.250    clock_in_IBUF
    BUFGCTRL_X0Y1        BUFG (Prop_bufg_I_O)         0.091     3.341 r  clock_in_IBUF_BUFG_inst/O
                         net (fo=39, routed)          1.457     4.798    clkwiz/inst/clk_in1
    MMCME2_ADV_X1Y0      MMCME2_ADV (Prop_mmcme2_adv_CLKIN1_CLKOUT0)
                                                     -3.129     1.669 r  clkwiz/inst/mmcm_adv_inst/CLKOUT0
                         net (fo=1, routed)           1.581     3.250    clkwiz/inst/clk_out1_clk_wiz_0
    BUFGCTRL_X0Y0        BUFG (Prop_bufg_I_O)         0.091     3.341 r  clkwiz/inst/clkout1_buf/O
                         net (fo=85, routed)          1.505     4.846    clk_out1
    SLICE_X5Y21          FDRE                                         r  data_buf_reg[3]/C

Slack:                    inf
  Source:                 spi_miso
                            (input port)
  Destination:            data_buf_reg[11]/D
                            (rising edge-triggered cell FDRE clocked by clk_out1_clk_wiz_0  {rise@0.000ns fall@13.889ns period=27.778ns})
  Path Group:             (none)
  Path Type:              Setup (Max at Slow Process Corner)
  Data Path Delay:        2.556ns  (logic 1.459ns (57.079%)  route 1.097ns (42.921%))
  Logic Levels:           1  (IBUF=1)
  Clock Path Skew:        4.849ns (DCD - SCD + CPR)
    Destination Clock Delay (DCD):    4.849ns
    Source Clock Delay      (SCD):    0.000ns
    Clock Pessimism Removal (CPR):    0.000ns
  Clock Uncertainty:      0.438ns  ((TSJ^2 + DJ^2)^1/2) / 2 + PE
    Total System Jitter     (TSJ):    0.050ns
    Discrete Jitter          (DJ):    0.278ns
    Phase Error              (PE):    0.297ns

    Location             Delay type                Incr(ns)  Path(ns)    Netlist Resource(s)
  -------------------------------------------------------------------    -------------------
    P18                                               0.000     0.000 r  spi_miso (IN)
                         net (fo=0)                   0.000     0.000    spi_miso
    P18                  IBUF (Prop_ibuf_I_O)         1.459     1.459 r  spi_miso_IBUF_inst/O
                         net (fo=12, routed)          1.097     2.556    spi_miso_IBUF
    SLICE_X2Y20          FDRE                                         r  data_buf_reg[11]/D
  -------------------------------------------------------------------    -------------------

                         (clock clk_out1_clk_wiz_0 rise edge)
                                                      0.000     0.000 r  
    W5                                                0.000     0.000 r  clock_in (IN)
                         net (fo=0)                   0.000     0.000    clock_in
    W5                   IBUF (Prop_ibuf_I_O)         1.388     1.388 r  clock_in_IBUF_inst/O
                         net (fo=1, routed)           1.862     3.250    clock_in_IBUF
    BUFGCTRL_X0Y1        BUFG (Prop_bufg_I_O)         0.091     3.341 r  clock_in_IBUF_BUFG_inst/O
                         net (fo=39, routed)          1.457     4.798    clkwiz/inst/clk_in1
    MMCME2_ADV_X1Y0      MMCME2_ADV (Prop_mmcme2_adv_CLKIN1_CLKOUT0)
                                                     -3.129     1.669 r  clkwiz/inst/mmcm_adv_inst/CLKOUT0
                         net (fo=1, routed)           1.581     3.250    clkwiz/inst/clk_out1_clk_wiz_0
    BUFGCTRL_X0Y0        BUFG (Prop_bufg_I_O)         0.091     3.341 r  clkwiz/inst/clkout1_buf/O
                         net (fo=85, routed)          1.508     4.849    clk_out1
    SLICE_X2Y20          FDRE                                         r  data_buf_reg[11]/C

Slack:                    inf
  Source:                 spi_miso
                            (input port)
  Destination:            data_buf_reg[2]/D
                            (rising edge-triggered cell FDRE clocked by clk_out1_clk_wiz_0  {rise@0.000ns fall@13.889ns period=27.778ns})
  Path Group:             (none)
  Path Type:              Setup (Max at Slow Process Corner)
  Data Path Delay:        2.556ns  (logic 1.459ns (57.079%)  route 1.097ns (42.921%))
  Logic Levels:           1  (IBUF=1)
  Clock Path Skew:        4.849ns (DCD - SCD + CPR)
    Destination Clock Delay (DCD):    4.849ns
    Source Clock Delay      (SCD):    0.000ns
    Clock Pessimism Removal (CPR):    0.000ns
  Clock Uncertainty:      0.438ns  ((TSJ^2 + DJ^2)^1/2) / 2 + PE
    Total System Jitter     (TSJ):    0.050ns
    Discrete Jitter          (DJ):    0.278ns
    Phase Error              (PE):    0.297ns

    Location             Delay type                Incr(ns)  Path(ns)    Netlist Resource(s)
  -------------------------------------------------------------------    -------------------
    P18                                               0.000     0.000 r  spi_miso (IN)
                         net (fo=0)                   0.000     0.000    spi_miso
    P18                  IBUF (Prop_ibuf_I_O)         1.459     1.459 r  spi_miso_IBUF_inst/O
                         net (fo=12, routed)          1.097     2.556    spi_miso_IBUF
    SLICE_X3Y20          FDRE                                         r  data_buf_reg[2]/D
  -------------------------------------------------------------------    -------------------

                         (clock clk_out1_clk_wiz_0 rise edge)
                                                      0.000     0.000 r  
    W5                                                0.000     0.000 r  clock_in (IN)
                         net (fo=0)                   0.000     0.000    clock_in
    W5                   IBUF (Prop_ibuf_I_O)         1.388     1.388 r  clock_in_IBUF_inst/O
                         net (fo=1, routed)           1.862     3.250    clock_in_IBUF
    BUFGCTRL_X0Y1        BUFG (Prop_bufg_I_O)         0.091     3.341 r  clock_in_IBUF_BUFG_inst/O
                         net (fo=39, routed)          1.457     4.798    clkwiz/inst/clk_in1
    MMCME2_ADV_X1Y0      MMCME2_ADV (Prop_mmcme2_adv_CLKIN1_CLKOUT0)
                                                     -3.129     1.669 r  clkwiz/inst/mmcm_adv_inst/CLKOUT0
                         net (fo=1, routed)           1.581     3.250    clkwiz/inst/clk_out1_clk_wiz_0
    BUFGCTRL_X0Y0        BUFG (Prop_bufg_I_O)         0.091     3.341 r  clkwiz/inst/clkout1_buf/O
                         net (fo=85, routed)          1.508     4.849    clk_out1
    SLICE_X3Y20          FDRE                                         r  data_buf_reg[2]/C

Slack:                    inf
  Source:                 spi_miso
                            (input port)
  Destination:            data_buf_reg[10]/D
                            (rising edge-triggered cell FDRE clocked by clk_out1_clk_wiz_0  {rise@0.000ns fall@13.889ns period=27.778ns})
  Path Group:             (none)
  Path Type:              Setup (Max at Slow Process Corner)
  Data Path Delay:        2.547ns  (logic 1.459ns (57.290%)  route 1.088ns (42.710%))
  Logic Levels:           1  (IBUF=1)
  Clock Path Skew:        4.846ns (DCD - SCD + CPR)
    Destination Clock Delay (DCD):    4.846ns
    Source Clock Delay      (SCD):    0.000ns
    Clock Pessimism Removal (CPR):    0.000ns
  Clock Uncertainty:      0.438ns  ((TSJ^2 + DJ^2)^1/2) / 2 + PE
    Total System Jitter     (TSJ):    0.050ns
    Discrete Jitter          (DJ):    0.278ns
    Phase Error              (PE):    0.297ns

    Location             Delay type                Incr(ns)  Path(ns)    Netlist Resource(s)
  -------------------------------------------------------------------    -------------------
    P18                                               0.000     0.000 r  spi_miso (IN)
                         net (fo=0)                   0.000     0.000    spi_miso
    P18                  IBUF (Prop_ibuf_I_O)         1.459     1.459 r  spi_miso_IBUF_inst/O
                         net (fo=12, routed)          1.088     2.547    spi_miso_IBUF
    SLICE_X2Y22          FDRE                                         r  data_buf_reg[10]/D
  -------------------------------------------------------------------    -------------------

                         (clock clk_out1_clk_wiz_0 rise edge)
                                                      0.000     0.000 r  
    W5                                                0.000     0.000 r  clock_in (IN)
                         net (fo=0)                   0.000     0.000    clock_in
    W5                   IBUF (Prop_ibuf_I_O)         1.388     1.388 r  clock_in_IBUF_inst/O
                         net (fo=1, routed)           1.862     3.250    clock_in_IBUF
    BUFGCTRL_X0Y1        BUFG (Prop_bufg_I_O)         0.091     3.341 r  clock_in_IBUF_BUFG_inst/O
                         net (fo=39, routed)          1.457     4.798    clkwiz/inst/clk_in1
    MMCME2_ADV_X1Y0      MMCME2_ADV (Prop_mmcme2_adv_CLKIN1_CLKOUT0)
                                                     -3.129     1.669 r  clkwiz/inst/mmcm_adv_inst/CLKOUT0
                         net (fo=1, routed)           1.581     3.250    clkwiz/inst/clk_out1_clk_wiz_0
    BUFGCTRL_X0Y0        BUFG (Prop_bufg_I_O)         0.091     3.341 r  clkwiz/inst/clkout1_buf/O
                         net (fo=85, routed)          1.505     4.846    clk_out1
    SLICE_X2Y22          FDRE                                         r  data_buf_reg[10]/C

Slack:                    inf
  Source:                 spi_miso
                            (input port)
  Destination:            data_buf_reg[4]/D
                            (rising edge-triggered cell FDRE clocked by clk_out1_clk_wiz_0  {rise@0.000ns fall@13.889ns period=27.778ns})
  Path Group:             (none)
  Path Type:              Setup (Max at Slow Process Corner)
  Data Path Delay:        2.405ns  (logic 1.459ns (60.682%)  route 0.945ns (39.318%))
  Logic Levels:           1  (IBUF=1)
  Clock Path Skew:        4.844ns (DCD - SCD + CPR)
    Destination Clock Delay (DCD):    4.844ns
    Source Clock Delay      (SCD):    0.000ns
    Clock Pessimism Removal (CPR):    0.000ns
  Clock Uncertainty:      0.438ns  ((TSJ^2 + DJ^2)^1/2) / 2 + PE
    Total System Jitter     (TSJ):    0.050ns
    Discrete Jitter          (DJ):    0.278ns
    Phase Error              (PE):    0.297ns

    Location             Delay type                Incr(ns)  Path(ns)    Netlist Resource(s)
  -------------------------------------------------------------------    -------------------
    P18                                               0.000     0.000 r  spi_miso (IN)
                         net (fo=0)                   0.000     0.000    spi_miso
    P18                  IBUF (Prop_ibuf_I_O)         1.459     1.459 r  spi_miso_IBUF_inst/O
                         net (fo=12, routed)          0.945     2.405    spi_miso_IBUF
    SLICE_X4Y22          FDRE                                         r  data_buf_reg[4]/D
  -------------------------------------------------------------------    -------------------

                         (clock clk_out1_clk_wiz_0 rise edge)
                                                      0.000     0.000 r  
    W5                                                0.000     0.000 r  clock_in (IN)
                         net (fo=0)                   0.000     0.000    clock_in
    W5                   IBUF (Prop_ibuf_I_O)         1.388     1.388 r  clock_in_IBUF_inst/O
                         net (fo=1, routed)           1.862     3.250    clock_in_IBUF
    BUFGCTRL_X0Y1        BUFG (Prop_bufg_I_O)         0.091     3.341 r  clock_in_IBUF_BUFG_inst/O
                         net (fo=39, routed)          1.457     4.798    clkwiz/inst/clk_in1
    MMCME2_ADV_X1Y0      MMCME2_ADV (Prop_mmcme2_adv_CLKIN1_CLKOUT0)
                                                     -3.129     1.669 r  clkwiz/inst/mmcm_adv_inst/CLKOUT0
                         net (fo=1, routed)           1.581     3.250    clkwiz/inst/clk_out1_clk_wiz_0
    BUFGCTRL_X0Y0        BUFG (Prop_bufg_I_O)         0.091     3.341 r  clkwiz/inst/clkout1_buf/O
                         net (fo=85, routed)          1.503     4.844    clk_out1
    SLICE_X4Y22          FDRE                                         r  data_buf_reg[4]/C





Min Delay Paths
--------------------------------------------------------------------------------------
Slack:                    inf
  Source:                 spi_miso
                            (input port)
  Destination:            data_buf_reg[9]/D
                            (rising edge-triggered cell FDRE clocked by clk_out1_clk_wiz_0  {rise@0.000ns fall@13.889ns period=27.778ns})
  Path Group:             (none)
  Path Type:              Hold (Min at Fast Process Corner)
  Data Path Delay:        0.549ns  (logic 0.227ns (41.412%)  route 0.321ns (58.588%))
  Logic Levels:           1  (IBUF=1)
  Clock Path Skew:        1.980ns (DCD - SCD - CPR)
    Destination Clock Delay (DCD):    1.980ns
    Source Clock Delay      (SCD):    0.000ns
    Clock Pessimism Removal (CPR):    -0.000ns

    Location             Delay type                Incr(ns)  Path(ns)    Netlist Resource(s)
  -------------------------------------------------------------------    -------------------
    P18                                               0.000     0.000 r  spi_miso (IN)
                         net (fo=0)                   0.000     0.000    spi_miso
    P18                  IBUF (Prop_ibuf_I_O)         0.227     0.227 r  spi_miso_IBUF_inst/O
                         net (fo=12, routed)          0.321     0.549    spi_miso_IBUF
    SLICE_X1Y22          FDRE                                         r  data_buf_reg[9]/D
  -------------------------------------------------------------------    -------------------

                         (clock clk_out1_clk_wiz_0 rise edge)
                                                      0.000     0.000 r  
    W5                                                0.000     0.000 r  clock_in (IN)
                         net (fo=0)                   0.000     0.000    clock_in
    W5                   IBUF (Prop_ibuf_I_O)         0.414     0.414 r  clock_in_IBUF_inst/O
                         net (fo=1, routed)           0.685     1.099    clock_in_IBUF
    BUFGCTRL_X0Y1        BUFG (Prop_bufg_I_O)         0.029     1.128 r  clock_in_IBUF_BUFG_inst/O
                         net (fo=39, routed)          0.817     1.944    clkwiz/inst/clk_in1
    MMCME2_ADV_X1Y0      MMCME2_ADV (Prop_mmcme2_adv_CLKIN1_CLKOUT0)
                                                     -1.375     0.569 r  clkwiz/inst/mmcm_adv_inst/CLKOUT0
                         net (fo=1, routed)           0.530     1.099    clkwiz/inst/clk_out1_clk_wiz_0
    BUFGCTRL_X0Y0        BUFG (Prop_bufg_I_O)         0.029     1.128 r  clkwiz/inst/clkout1_buf/O
                         net (fo=85, routed)          0.853     1.980    clk_out1
    SLICE_X1Y22          FDRE                                         r  data_buf_reg[9]/C

Slack:                    inf
  Source:                 spi_miso
                            (input port)
  Destination:            data_buf_reg[8]/D
                            (rising edge-triggered cell FDRE clocked by clk_out1_clk_wiz_0  {rise@0.000ns fall@13.889ns period=27.778ns})
  Path Group:             (none)
  Path Type:              Hold (Min at Fast Process Corner)
  Data Path Delay:        0.621ns  (logic 0.227ns (36.569%)  route 0.394ns (63.431%))
  Logic Levels:           1  (IBUF=1)
  Clock Path Skew:        1.981ns (DCD - SCD - CPR)
    Destination Clock Delay (DCD):    1.981ns
    Source Clock Delay      (SCD):    0.000ns
    Clock Pessimism Removal (CPR):    -0.000ns

    Location             Delay type                Incr(ns)  Path(ns)    Netlist Resource(s)
  -------------------------------------------------------------------    -------------------
    P18                                               0.000     0.000 r  spi_miso (IN)
                         net (fo=0)                   0.000     0.000    spi_miso
    P18                  IBUF (Prop_ibuf_I_O)         0.227     0.227 r  spi_miso_IBUF_inst/O
                         net (fo=12, routed)          0.394     0.621    spi_miso_IBUF
    SLICE_X1Y21          FDRE                                         r  data_buf_reg[8]/D
  -------------------------------------------------------------------    -------------------

                         (clock clk_out1_clk_wiz_0 rise edge)
                                                      0.000     0.000 r  
    W5                                                0.000     0.000 r  clock_in (IN)
                         net (fo=0)                   0.000     0.000    clock_in
    W5                   IBUF (Prop_ibuf_I_O)         0.414     0.414 r  clock_in_IBUF_inst/O
                         net (fo=1, routed)           0.685     1.099    clock_in_IBUF
    BUFGCTRL_X0Y1        BUFG (Prop_bufg_I_O)         0.029     1.128 r  clock_in_IBUF_BUFG_inst/O
                         net (fo=39, routed)          0.817     1.944    clkwiz/inst/clk_in1
    MMCME2_ADV_X1Y0      MMCME2_ADV (Prop_mmcme2_adv_CLKIN1_CLKOUT0)
                                                     -1.375     0.569 r  clkwiz/inst/mmcm_adv_inst/CLKOUT0
                         net (fo=1, routed)           0.530     1.099    clkwiz/inst/clk_out1_clk_wiz_0
    BUFGCTRL_X0Y0        BUFG (Prop_bufg_I_O)         0.029     1.128 r  clkwiz/inst/clkout1_buf/O
                         net (fo=85, routed)          0.854     1.981    clk_out1
    SLICE_X1Y21          FDRE                                         r  data_buf_reg[8]/C

Slack:                    inf
  Source:                 spi_miso
                            (input port)
  Destination:            data_buf_reg[4]/D
                            (rising edge-triggered cell FDRE clocked by clk_out1_clk_wiz_0  {rise@0.000ns fall@13.889ns period=27.778ns})
  Path Group:             (none)
  Path Type:              Hold (Min at Fast Process Corner)
  Data Path Delay:        0.624ns  (logic 0.227ns (36.434%)  route 0.396ns (63.566%))
  Logic Levels:           1  (IBUF=1)
  Clock Path Skew:        1.978ns (DCD - SCD - CPR)
    Destination Clock Delay (DCD):    1.978ns
    Source Clock Delay      (SCD):    0.000ns
    Clock Pessimism Removal (CPR):    -0.000ns

    Location             Delay type                Incr(ns)  Path(ns)    Netlist Resource(s)
  -------------------------------------------------------------------    -------------------
    P18                                               0.000     0.000 r  spi_miso (IN)
                         net (fo=0)                   0.000     0.000    spi_miso
    P18                  IBUF (Prop_ibuf_I_O)         0.227     0.227 r  spi_miso_IBUF_inst/O
                         net (fo=12, routed)          0.396     0.624    spi_miso_IBUF
    SLICE_X4Y22          FDRE                                         r  data_buf_reg[4]/D
  -------------------------------------------------------------------    -------------------

                         (clock clk_out1_clk_wiz_0 rise edge)
                                                      0.000     0.000 r  
    W5                                                0.000     0.000 r  clock_in (IN)
                         net (fo=0)                   0.000     0.000    clock_in
    W5                   IBUF (Prop_ibuf_I_O)         0.414     0.414 r  clock_in_IBUF_inst/O
                         net (fo=1, routed)           0.685     1.099    clock_in_IBUF
    BUFGCTRL_X0Y1        BUFG (Prop_bufg_I_O)         0.029     1.128 r  clock_in_IBUF_BUFG_inst/O
                         net (fo=39, routed)          0.817     1.944    clkwiz/inst/clk_in1
    MMCME2_ADV_X1Y0      MMCME2_ADV (Prop_mmcme2_adv_CLKIN1_CLKOUT0)
                                                     -1.375     0.569 r  clkwiz/inst/mmcm_adv_inst/CLKOUT0
                         net (fo=1, routed)           0.530     1.099    clkwiz/inst/clk_out1_clk_wiz_0
    BUFGCTRL_X0Y0        BUFG (Prop_bufg_I_O)         0.029     1.128 r  clkwiz/inst/clkout1_buf/O
                         net (fo=85, routed)          0.851     1.978    clk_out1
    SLICE_X4Y22          FDRE                                         r  data_buf_reg[4]/C

Slack:                    inf
  Source:                 spi_miso
                            (input port)
  Destination:            data_buf_reg[11]/D
                            (rising edge-triggered cell FDRE clocked by clk_out1_clk_wiz_0  {rise@0.000ns fall@13.889ns period=27.778ns})
  Path Group:             (none)
  Path Type:              Hold (Min at Fast Process Corner)
  Data Path Delay:        0.673ns  (logic 0.227ns (33.790%)  route 0.445ns (66.210%))
  Logic Levels:           1  (IBUF=1)
  Clock Path Skew:        1.982ns (DCD - SCD - CPR)
    Destination Clock Delay (DCD):    1.982ns
    Source Clock Delay      (SCD):    0.000ns
    Clock Pessimism Removal (CPR):    -0.000ns

    Location             Delay type                Incr(ns)  Path(ns)    Netlist Resource(s)
  -------------------------------------------------------------------    -------------------
    P18                                               0.000     0.000 r  spi_miso (IN)
                         net (fo=0)                   0.000     0.000    spi_miso
    P18                  IBUF (Prop_ibuf_I_O)         0.227     0.227 r  spi_miso_IBUF_inst/O
                         net (fo=12, routed)          0.445     0.673    spi_miso_IBUF
    SLICE_X2Y20          FDRE                                         r  data_buf_reg[11]/D
  -------------------------------------------------------------------    -------------------

                         (clock clk_out1_clk_wiz_0 rise edge)
                                                      0.000     0.000 r  
    W5                                                0.000     0.000 r  clock_in (IN)
                         net (fo=0)                   0.000     0.000    clock_in
    W5                   IBUF (Prop_ibuf_I_O)         0.414     0.414 r  clock_in_IBUF_inst/O
                         net (fo=1, routed)           0.685     1.099    clock_in_IBUF
    BUFGCTRL_X0Y1        BUFG (Prop_bufg_I_O)         0.029     1.128 r  clock_in_IBUF_BUFG_inst/O
                         net (fo=39, routed)          0.817     1.944    clkwiz/inst/clk_in1
    MMCME2_ADV_X1Y0      MMCME2_ADV (Prop_mmcme2_adv_CLKIN1_CLKOUT0)
                                                     -1.375     0.569 r  clkwiz/inst/mmcm_adv_inst/CLKOUT0
                         net (fo=1, routed)           0.530     1.099    clkwiz/inst/clk_out1_clk_wiz_0
    BUFGCTRL_X0Y0        BUFG (Prop_bufg_I_O)         0.029     1.128 r  clkwiz/inst/clkout1_buf/O
                         net (fo=85, routed)          0.855     1.982    clk_out1
    SLICE_X2Y20          FDRE                                         r  data_buf_reg[11]/C

Slack:                    inf
  Source:                 spi_miso
                            (input port)
  Destination:            data_buf_reg[2]/D
                            (rising edge-triggered cell FDRE clocked by clk_out1_clk_wiz_0  {rise@0.000ns fall@13.889ns period=27.778ns})
  Path Group:             (none)
  Path Type:              Hold (Min at Fast Process Corner)
  Data Path Delay:        0.673ns  (logic 0.227ns (33.790%)  route 0.445ns (66.210%))
  Logic Levels:           1  (IBUF=1)
  Clock Path Skew:        1.982ns (DCD - SCD - CPR)
    Destination Clock Delay (DCD):    1.982ns
    Source Clock Delay      (SCD):    0.000ns
    Clock Pessimism Removal (CPR):    -0.000ns

    Location             Delay type                Incr(ns)  Path(ns)    Netlist Resource(s)
  -------------------------------------------------------------------    -------------------
    P18                                               0.000     0.000 r  spi_miso (IN)
                         net (fo=0)                   0.000     0.000    spi_miso
    P18                  IBUF (Prop_ibuf_I_O)         0.227     0.227 r  spi_miso_IBUF_inst/O
                         net (fo=12, routed)          0.445     0.673    spi_miso_IBUF
    SLICE_X3Y20          FDRE                                         r  data_buf_reg[2]/D
  -------------------------------------------------------------------    -------------------

                         (clock clk_out1_clk_wiz_0 rise edge)
                                                      0.000     0.000 r  
    W5                                                0.000     0.000 r  clock_in (IN)
                         net (fo=0)                   0.000     0.000    clock_in
    W5                   IBUF (Prop_ibuf_I_O)         0.414     0.414 r  clock_in_IBUF_inst/O
                         net (fo=1, routed)           0.685     1.099    clock_in_IBUF
    BUFGCTRL_X0Y1        BUFG (Prop_bufg_I_O)         0.029     1.128 r  clock_in_IBUF_BUFG_inst/O
                         net (fo=39, routed)          0.817     1.944    clkwiz/inst/clk_in1
    MMCME2_ADV_X1Y0      MMCME2_ADV (Prop_mmcme2_adv_CLKIN1_CLKOUT0)
                                                     -1.375     0.569 r  clkwiz/inst/mmcm_adv_inst/CLKOUT0
                         net (fo=1, routed)           0.530     1.099    clkwiz/inst/clk_out1_clk_wiz_0
    BUFGCTRL_X0Y0        BUFG (Prop_bufg_I_O)         0.029     1.128 r  clkwiz/inst/clkout1_buf/O
                         net (fo=85, routed)          0.855     1.982    clk_out1
    SLICE_X3Y20          FDRE                                         r  data_buf_reg[2]/C

Slack:                    inf
  Source:                 spi_miso
                            (input port)
  Destination:            data_buf_reg[10]/D
                            (rising edge-triggered cell FDRE clocked by clk_out1_clk_wiz_0  {rise@0.000ns fall@13.889ns period=27.778ns})
  Path Group:             (none)
  Path Type:              Hold (Min at Fast Process Corner)
  Data Path Delay:        0.677ns  (logic 0.227ns (33.561%)  route 0.450ns (66.439%))
  Logic Levels:           1  (IBUF=1)
  Clock Path Skew:        1.980ns (DCD - SCD - CPR)
    Destination Clock Delay (DCD):    1.980ns
    Source Clock Delay      (SCD):    0.000ns
    Clock Pessimism Removal (CPR):    -0.000ns

    Location             Delay type                Incr(ns)  Path(ns)    Netlist Resource(s)
  -------------------------------------------------------------------    -------------------
    P18                                               0.000     0.000 r  spi_miso (IN)
                         net (fo=0)                   0.000     0.000    spi_miso
    P18                  IBUF (Prop_ibuf_I_O)         0.227     0.227 r  spi_miso_IBUF_inst/O
                         net (fo=12, routed)          0.450     0.677    spi_miso_IBUF
    SLICE_X2Y22          FDRE                                         r  data_buf_reg[10]/D
  -------------------------------------------------------------------    -------------------

                         (clock clk_out1_clk_wiz_0 rise edge)
                                                      0.000     0.000 r  
    W5                                                0.000     0.000 r  clock_in (IN)
                         net (fo=0)                   0.000     0.000    clock_in
    W5                   IBUF (Prop_ibuf_I_O)         0.414     0.414 r  clock_in_IBUF_inst/O
                         net (fo=1, routed)           0.685     1.099    clock_in_IBUF
    BUFGCTRL_X0Y1        BUFG (Prop_bufg_I_O)         0.029     1.128 r  clock_in_IBUF_BUFG_inst/O
                         net (fo=39, routed)          0.817     1.944    clkwiz/inst/clk_in1
    MMCME2_ADV_X1Y0      MMCME2_ADV (Prop_mmcme2_adv_CLKIN1_CLKOUT0)
                                                     -1.375     0.569 r  clkwiz/inst/mmcm_adv_inst/CLKOUT0
                         net (fo=1, routed)           0.530     1.099    clkwiz/inst/clk_out1_clk_wiz_0
    BUFGCTRL_X0Y0        BUFG (Prop_bufg_I_O)         0.029     1.128 r  clkwiz/inst/clkout1_buf/O
                         net (fo=85, routed)          0.853     1.980    clk_out1
    SLICE_X2Y22          FDRE                                         r  data_buf_reg[10]/C

Slack:                    inf
  Source:                 spi_miso
                            (input port)
  Destination:            data_buf_reg[3]/D
                            (rising edge-triggered cell FDRE clocked by clk_out1_clk_wiz_0  {rise@0.000ns fall@13.889ns period=27.778ns})
  Path Group:             (none)
  Path Type:              Hold (Min at Fast Process Corner)
  Data Path Delay:        0.752ns  (logic 0.227ns (30.201%)  route 0.525ns (69.799%))
  Logic Levels:           1  (IBUF=1)
  Clock Path Skew:        1.979ns (DCD - SCD - CPR)
    Destination Clock Delay (DCD):    1.979ns
    Source Clock Delay      (SCD):    0.000ns
    Clock Pessimism Removal (CPR):    -0.000ns

    Location             Delay type                Incr(ns)  Path(ns)    Netlist Resource(s)
  -------------------------------------------------------------------    -------------------
    P18                                               0.000     0.000 r  spi_miso (IN)
                         net (fo=0)                   0.000     0.000    spi_miso
    P18                  IBUF (Prop_ibuf_I_O)         0.227     0.227 r  spi_miso_IBUF_inst/O
                         net (fo=12, routed)          0.525     0.752    spi_miso_IBUF
    SLICE_X5Y21          FDRE                                         r  data_buf_reg[3]/D
  -------------------------------------------------------------------    -------------------

                         (clock clk_out1_clk_wiz_0 rise edge)
                                                      0.000     0.000 r  
    W5                                                0.000     0.000 r  clock_in (IN)
                         net (fo=0)                   0.000     0.000    clock_in
    W5                   IBUF (Prop_ibuf_I_O)         0.414     0.414 r  clock_in_IBUF_inst/O
                         net (fo=1, routed)           0.685     1.099    clock_in_IBUF
    BUFGCTRL_X0Y1        BUFG (Prop_bufg_I_O)         0.029     1.128 r  clock_in_IBUF_BUFG_inst/O
                         net (fo=39, routed)          0.817     1.944    clkwiz/inst/clk_in1
    MMCME2_ADV_X1Y0      MMCME2_ADV (Prop_mmcme2_adv_CLKIN1_CLKOUT0)
                                                     -1.375     0.569 r  clkwiz/inst/mmcm_adv_inst/CLKOUT0
                         net (fo=1, routed)           0.530     1.099    clkwiz/inst/clk_out1_clk_wiz_0
    BUFGCTRL_X0Y0        BUFG (Prop_bufg_I_O)         0.029     1.128 r  clkwiz/inst/clkout1_buf/O
                         net (fo=85, routed)          0.852     1.979    clk_out1
    SLICE_X5Y21          FDRE                                         r  data_buf_reg[3]/C

Slack:                    inf
  Source:                 spi_miso
                            (input port)
  Destination:            data_buf_reg[7]/D
                            (rising edge-triggered cell FDRE clocked by clk_out1_clk_wiz_0  {rise@0.000ns fall@13.889ns period=27.778ns})
  Path Group:             (none)
  Path Type:              Hold (Min at Fast Process Corner)
  Data Path Delay:        0.801ns  (logic 0.227ns (28.382%)  route 0.573ns (71.618%))
  Logic Levels:           1  (IBUF=1)
  Clock Path Skew:        1.979ns (DCD - SCD - CPR)
    Destination Clock Delay (DCD):    1.979ns
    Source Clock Delay      (SCD):    0.000ns
    Clock Pessimism Removal (CPR):    -0.000ns

    Location             Delay type                Incr(ns)  Path(ns)    Netlist Resource(s)
  -------------------------------------------------------------------    -------------------
    P18                                               0.000     0.000 r  spi_miso (IN)
                         net (fo=0)                   0.000     0.000    spi_miso
    P18                  IBUF (Prop_ibuf_I_O)         0.227     0.227 r  spi_miso_IBUF_inst/O
                         net (fo=12, routed)          0.573     0.801    spi_miso_IBUF
    SLICE_X6Y21          FDRE                                         r  data_buf_reg[7]/D
  -------------------------------------------------------------------    -------------------

                         (clock clk_out1_clk_wiz_0 rise edge)
                                                      0.000     0.000 r  
    W5                                                0.000     0.000 r  clock_in (IN)
                         net (fo=0)                   0.000     0.000    clock_in
    W5                   IBUF (Prop_ibuf_I_O)         0.414     0.414 r  clock_in_IBUF_inst/O
                         net (fo=1, routed)           0.685     1.099    clock_in_IBUF
    BUFGCTRL_X0Y1        BUFG (Prop_bufg_I_O)         0.029     1.128 r  clock_in_IBUF_BUFG_inst/O
                         net (fo=39, routed)          0.817     1.944    clkwiz/inst/clk_in1
    MMCME2_ADV_X1Y0      MMCME2_ADV (Prop_mmcme2_adv_CLKIN1_CLKOUT0)
                                                     -1.375     0.569 r  clkwiz/inst/mmcm_adv_inst/CLKOUT0
                         net (fo=1, routed)           0.530     1.099    clkwiz/inst/clk_out1_clk_wiz_0
    BUFGCTRL_X0Y0        BUFG (Prop_bufg_I_O)         0.029     1.128 r  clkwiz/inst/clkout1_buf/O
                         net (fo=85, routed)          0.852     1.979    clk_out1
    SLICE_X6Y21          FDRE                                         r  data_buf_reg[7]/C

Slack:                    inf
  Source:                 spi_miso
                            (input port)
  Destination:            data_buf_reg[1]/D
                            (rising edge-triggered cell FDRE clocked by clk_out1_clk_wiz_0  {rise@0.000ns fall@13.889ns period=27.778ns})
  Path Group:             (none)
  Path Type:              Hold (Min at Fast Process Corner)
  Data Path Delay:        0.811ns  (logic 0.227ns (28.015%)  route 0.584ns (71.985%))
  Logic Levels:           1  (IBUF=1)
  Clock Path Skew:        1.980ns (DCD - SCD - CPR)
    Destination Clock Delay (DCD):    1.980ns
    Source Clock Delay      (SCD):    0.000ns
    Clock Pessimism Removal (CPR):    -0.000ns

    Location             Delay type                Incr(ns)  Path(ns)    Netlist Resource(s)
  -------------------------------------------------------------------    -------------------
    P18                                               0.000     0.000 r  spi_miso (IN)
                         net (fo=0)                   0.000     0.000    spi_miso
    P18                  IBUF (Prop_ibuf_I_O)         0.227     0.227 r  spi_miso_IBUF_inst/O
                         net (fo=12, routed)          0.584     0.811    spi_miso_IBUF
    SLICE_X4Y20          FDRE                                         r  data_buf_reg[1]/D
  -------------------------------------------------------------------    -------------------

                         (clock clk_out1_clk_wiz_0 rise edge)
                                                      0.000     0.000 r  
    W5                                                0.000     0.000 r  clock_in (IN)
                         net (fo=0)                   0.000     0.000    clock_in
    W5                   IBUF (Prop_ibuf_I_O)         0.414     0.414 r  clock_in_IBUF_inst/O
                         net (fo=1, routed)           0.685     1.099    clock_in_IBUF
    BUFGCTRL_X0Y1        BUFG (Prop_bufg_I_O)         0.029     1.128 r  clock_in_IBUF_BUFG_inst/O
                         net (fo=39, routed)          0.817     1.944    clkwiz/inst/clk_in1
    MMCME2_ADV_X1Y0      MMCME2_ADV (Prop_mmcme2_adv_CLKIN1_CLKOUT0)
                                                     -1.375     0.569 r  clkwiz/inst/mmcm_adv_inst/CLKOUT0
                         net (fo=1, routed)           0.530     1.099    clkwiz/inst/clk_out1_clk_wiz_0
    BUFGCTRL_X0Y0        BUFG (Prop_bufg_I_O)         0.029     1.128 r  clkwiz/inst/clkout1_buf/O
                         net (fo=85, routed)          0.853     1.980    clk_out1
    SLICE_X4Y20          FDRE                                         r  data_buf_reg[1]/C

Slack:                    inf
  Source:                 spi_miso
                            (input port)
  Destination:            data_buf_reg[6]/D
                            (rising edge-triggered cell FDRE clocked by clk_out1_clk_wiz_0  {rise@0.000ns fall@13.889ns period=27.778ns})
  Path Group:             (none)
  Path Type:              Hold (Min at Fast Process Corner)
  Data Path Delay:        0.819ns  (logic 0.227ns (27.762%)  route 0.591ns (72.238%))
  Logic Levels:           1  (IBUF=1)
  Clock Path Skew:        1.979ns (DCD - SCD - CPR)
    Destination Clock Delay (DCD):    1.979ns
    Source Clock Delay      (SCD):    0.000ns
    Clock Pessimism Removal (CPR):    -0.000ns

    Location             Delay type                Incr(ns)  Path(ns)    Netlist Resource(s)
  -------------------------------------------------------------------    -------------------
    P18                                               0.000     0.000 r  spi_miso (IN)
                         net (fo=0)                   0.000     0.000    spi_miso
    P18                  IBUF (Prop_ibuf_I_O)         0.227     0.227 r  spi_miso_IBUF_inst/O
                         net (fo=12, routed)          0.591     0.819    spi_miso_IBUF
    SLICE_X4Y21          FDRE                                         r  data_buf_reg[6]/D
  -------------------------------------------------------------------    -------------------

                         (clock clk_out1_clk_wiz_0 rise edge)
                                                      0.000     0.000 r  
    W5                                                0.000     0.000 r  clock_in (IN)
                         net (fo=0)                   0.000     0.000    clock_in
    W5                   IBUF (Prop_ibuf_I_O)         0.414     0.414 r  clock_in_IBUF_inst/O
                         net (fo=1, routed)           0.685     1.099    clock_in_IBUF
    BUFGCTRL_X0Y1        BUFG (Prop_bufg_I_O)         0.029     1.128 r  clock_in_IBUF_BUFG_inst/O
                         net (fo=39, routed)          0.817     1.944    clkwiz/inst/clk_in1
    MMCME2_ADV_X1Y0      MMCME2_ADV (Prop_mmcme2_adv_CLKIN1_CLKOUT0)
                                                     -1.375     0.569 r  clkwiz/inst/mmcm_adv_inst/CLKOUT0
                         net (fo=1, routed)           0.530     1.099    clkwiz/inst/clk_out1_clk_wiz_0
    BUFGCTRL_X0Y0        BUFG (Prop_bufg_I_O)         0.029     1.128 r  clkwiz/inst/clkout1_buf/O
                         net (fo=85, routed)          0.852     1.979    clk_out1
    SLICE_X4Y21          FDRE                                         r  data_buf_reg[6]/C





